timestamp,Wind_Onshore_Model_MW,Wind_Onshore_Actual_MW,Wind_Offshore_Model_MW,Wind_Offshore_Actual_MW,Wind_Total_Model_MW,Wind_Total_Actual_MW,Renewable_Total_Actual_MW
2025-11-23 00:00:00+01:00,18309.340628029167,19736.026652,5523.822453905806,4390.715,23833.163081934974,24126.741652,24152.786164
2025-11-23 00:15:00+01:00,18309.340628029167,19595.8372,5523.822453905806,4433.18,23833.163081934974,24029.0172,24047.489292
2025-11-23 00:30:00+01:00,18309.340628029167,19410.064212,5523.822453905806,4437.84,23833.163081934974,23847.904212,23857.810916
2025-11-23 00:45:00+01:00,18309.340628029167,19126.436156,5523.822453905806,4436.266,23833.163081934974,23562.702156,23570.46882
2025-11-23 01:00:00+01:00,18174.273125532312,18851.138888,5330.227999333436,3962.683,23504.501124865747,22813.821888,22825.705672000004
2025-11-23 01:15:00+01:00,18174.273125532312,18815.23434,5330.227999333436,3883.073,23504.501124865747,22698.30734,22708.733072
2025-11-23 01:30:00+01:00,18174.273125532312,18754.094712,5330.227999333436,3870.86,23504.501124865747,22624.954712,22636.171452
2025-11-23 01:45:00+01:00,18174.273125532312,18768.618672,5330.977840333524,3878.342,23505.25096586584,22646.960672,22655.323792000003
2025-11-23 02:00:00+01:00,18106.808040835072,18696.450344,5189.100273033978,4152.943,23295.90831386905,22849.393344,22869.703192
2025-11-23 02:15:00+01:00,18106.808040835072,18651.326524,5189.100273033978,4284.896,23295.90831386905,22936.222524,22945.458748
2025-11-23 02:30:00+01:00,18106.808040835072,18623.398116,5189.100273033978,4352.139,23295.90831386905,22975.537116,22984.455792
2025-11-23 02:45:00+01:00,18106.808040835072,18613.926876,5189.100273033978,4351.218,23295.90831386905,22965.144876,22973.777260000003
2025-11-23 03:00:00+01:00,18374.299279357776,18626.716284,4978.846148777847,4636.921,23353.145428135624,23263.637283999997,23272.008867999997
2025-11-23 03:15:00+01:00,18374.299279357776,18597.14658,4978.846148777847,4704.978,23353.145428135624,23302.12458,23310.611104
2025-11-23 03:30:00+01:00,18374.299279357776,18633.846144,4978.846148777847,4763.419,23353.145428135624,23397.265143999997,23405.571067999997
2025-11-23 03:45:00+01:00,18374.299279357776,18593.447936,4978.846148777847,4821.025,23353.145428135624,23414.472936,23422.822247999997
2025-11-23 04:00:00+01:00,18737.398646961617,18745.165972,4794.979681821967,4861.75,23532.378328783583,23606.915972,23615.440784
2025-11-23 04:15:00+01:00,18737.398646961617,18869.5698,4794.979681821967,4886.239,23532.378328783583,23755.8088,23764.532232
2025-11-23 04:30:00+01:00,18737.398646961617,18991.994336,4795.745143885289,4917.818,23533.143790846905,23909.812336,23918.997423999997
2025-11-23 04:45:00+01:00,18737.398646961617,19208.923804,4795.745143885289,4922.981,23533.143790846905,24131.904804,24141.168704
2025-11-23 05:00:00+01:00,19336.658975710037,19405.476156,4660.447658417482,4452.851,23997.10663412752,23858.327156,23867.28452
2025-11-23 05:15:00+01:00,19336.658975710037,19508.825876,4660.447658417482,4464.849,23997.10663412752,23973.674875999997,23982.853652
2025-11-23 05:30:00+01:00,19336.658975710037,19608.64166,4660.447658417482,4454.847,23997.10663412752,24063.488660000003,24072.932012
2025-11-23 05:45:00+01:00,19336.658975710037,19658.95978,4660.447658417482,4444.859,23997.10663412752,24103.81878,24113.340892
2025-11-23 06:00:00+01:00,20635.023279543482,20650.128872,4602.365386680093,4653.988,25237.388666223575,25304.116872,25313.460140000003
2025-11-23 06:15:00+01:00,20661.31525172519,20689.690272,4604.109769900344,4830.18,25265.425021625535,25519.870272,25529.101192
2025-11-23 06:30:00+01:00,20661.31525172519,20745.649084,4600.105560228161,4962.097,25261.42081195335,25707.746084,25718.221039999997
2025-11-23 06:45:00+01:00,20661.31525172519,20847.378692,4600.105560228161,4931.23,25261.42081195335,25778.608692,25790.152536
2025-11-23 07:00:00+01:00,22084.587519339788,20841.596316,4726.91158908664,4931.493,26811.499108426426,25773.089316,25785.295756
2025-11-23 07:15:00+01:00,22113.47798142052,20844.9391,4726.91158908664,4956.955,26840.389570507163,25801.8941,25815.876183999997
2025-11-23 07:30:00+01:00,22113.47798142052,21072.745308,4726.91158908664,4949.145,26840.389570507163,26021.890308,26060.168888
2025-11-23 07:45:00+01:00,22109.148537156136,21240.312644,4726.91158908664,4878.166,26836.060126242774,26118.478644000003,26336.885852000003
2025-11-23 08:00:00+01:00,22519.524509104293,21319.59612,4778.941070055799,5496.519,27298.465579160093,26816.11512,27839.923324
2025-11-23 08:15:00+01:00,22366.9950990063,21329.55402,4778.941070055799,5678.348,27145.9361690621,27007.90202,29128.549276
2025-11-23 08:30:00+01:00,22366.26344438115,20741.842752,4778.941070055799,5715.026,27145.20451443695,26456.868752,29829.620336000004
2025-11-23 08:45:00+01:00,22359.359394167866,20320.871852,4778.941070055799,5778.387,27138.300464223666,26099.258852,30974.828156
2025-11-23 09:00:00+01:00,22030.423495659754,20015.08564,5008.9525410390825,5796.994,27039.376036698835,25812.07964,32340.976164
2025-11-23 09:15:00+01:00,22028.79501056865,19620.132992,5008.9525410390825,5807.333,27037.747551607732,25427.465992,33700.245528
2025-11-23 09:30:00+01:00,21993.06059623522,19326.329128,5008.9525410390825,5821.387,27002.0131372743,25147.716128,35261.784588
2025-11-23 09:45:00+01:00,21993.06059623522,19055.255496,5008.9525410390825,5873.162,27002.0131372743,24928.417496,36945.836796
2025-11-23 10:00:00+01:00,20799.409556878963,19287.424344,5162.662109865811,5400.757,25962.071666744774,24688.181343999997,38458.703616
2025-11-23 10:15:00+01:00,20799.409556878963,19017.152884,5162.662109865811,5438.217,25962.071666744774,24455.369884,39751.528964
2025-11-23 10:30:00+01:00,20799.409556878963,18344.707784,5161.463743020138,5683.835,25960.873299899104,24028.542783999997,40741.29932
2025-11-23 10:45:00+01:00,20799.409556878963,17922.611928,5161.463743020138,5858.807,25960.873299899104,23781.418928,41749.735444
2025-11-23 11:00:00+01:00,18496.431280108784,17762.668508,5472.393748886513,5877.678,23968.825028995296,23640.346508,42704.91258
2025-11-23 11:15:00+01:00,18496.431280108784,17734.85476,5472.393748886513,5848.084,23968.825028995296,23582.938759999997,43552.88996
2025-11-23 11:30:00+01:00,18496.431280108784,17480.386584,5472.393748886513,5854.267,23968.825028995296,23334.653584,43991.899532
2025-11-23 11:45:00+01:00,18496.431280108784,17411.88006,5472.393748886513,5770.201,23968.825028995296,23182.08106,44299.715732
2025-11-23 12:00:00+01:00,17336.638962372297,17513.505692,5699.2481844929225,5773.377,23035.88714686522,23286.882692,44804.998823999995
2025-11-23 12:15:00+01:00,17336.638962372297,17690.102284,5699.2481844929225,5743.167,23035.88714686522,23433.269284,44778.004144000006
2025-11-23 12:30:00+01:00,17336.638962372297,18158.167792,5699.2481844929225,5746.619,23035.88714686522,23904.786792,44868.018335999994
2025-11-23 12:45:00+01:00,17336.638962372297,18340.892308,5699.2481844929225,5659.175,23035.88714686522,24000.067308,44116.282212
2025-11-23 13:00:00+01:00,16348.44142560608,18902.5511,5435.371481227344,5951.464,21783.812906833424,24854.0151,44065.292976
2025-11-23 13:15:00+01:00,16348.44142560608,19298.183872,5435.371481227344,6060.11,21783.812906833424,25358.293872,43490.06874
2025-11-23 13:30:00+01:00,16348.44142560608,19754.628476,5435.371481227344,6150.116,21783.812906833424,25904.744476,42427.34634
2025-11-23 13:45:00+01:00,16348.44142560608,20274.401872,5435.371481227344,6224.96,21783.812906833424,26499.361872,41176.591088
2025-11-23 14:00:00+01:00,18922.730578803275,20875.888924,5444.2249067873545,6241.109,24366.95548559063,27116.997924,39879.655476
2025-11-23 14:15:00+01:00,18922.730578803275,21494.492444,5444.2249067873545,6446.818,24366.95548559063,27941.310444,38476.258448
2025-11-23 14:30:00+01:00,18922.730578803275,22354.895628,5444.2249067873545,6605.361,24366.95548559063,28960.256628,37181.10362
2025-11-23 14:45:00+01:00,18928.16547186659,23303.518484,5444.2249067873545,6647.146,24372.390378653945,29950.664484,36187.828052
2025-11-23 15:00:00+01:00,21819.3670635918,24119.972196,5434.9924667858095,7070.331,27254.35953037761,31190.303196,35628.881284
2025-11-23 15:15:00+01:00,21819.3670635918,25173.10828,5434.9924667858095,7158.718,27254.35953037761,32331.82628,35156.723196
2025-11-23 15:30:00+01:00,21819.3670635918,26451.736236,5437.174065163234,7209.158,27256.541128755034,33660.894236,35184.362736
2025-11-23 15:45:00+01:00,21819.3670635918,27748.176532,5437.174065163234,7246.665,27256.541128755034,34994.841532,35657.522992
2025-11-23 16:00:00+01:00,24698.028697697056,28617.872488,5472.5498715017775,6762.245,30170.578569198835,35380.117488,35577.725564
2025-11-23 16:15:00+01:00,24802.170953610646,29422.23848,5472.5498715017775,6747.525,30274.720825112425,36169.76348,36218.20112
2025-11-23 16:30:00+01:00,24919.453050055214,30347.151208,5472.5498715017775,6780.929,30392.002921556992,37128.080208,37165.617976
2025-11-23 16:45:00+01:00,24919.453050055214,31174.83888,5472.5498715017775,6806.133,30392.002921556992,37980.97188,38018.285403999995
2025-11-23 17:00:00+01:00,26645.19447079256,31971.71734,5524.721428839419,6644.577,32169.915899631982,38616.29434,38650.811704
2025-11-23 17:15:00+01:00,26645.19447079256,32520.876848,5526.839311635749,6636.644,32172.033782428312,39157.520848,39189.327168
2025-11-23 17:30:00+01:00,26732.552560298645,32775.598652,5524.607145831467,6637.328,32257.159706130115,39412.926652,39442.985976
2025-11-23 17:45:00+01:00,26732.552560298645,32870.697692,5524.607145831467,6623.669,32257.159706130115,39494.366692,39520.970744000006
2025-11-23 18:00:00+01:00,27763.466302239172,32894.396196,5510.010456745416,6194.856,33273.47675898459,39089.252196,39114.303724000005
2025-11-23 18:15:00+01:00,27763.466302239172,32839.367476,5510.010456745416,6125.496,33273.47675898459,38964.863476,38990.430024
2025-11-23 18:30:00+01:00,27763.466302239172,32398.794764,5510.010456745416,6056.348,33273.47675898459,38455.142764,38477.410928
2025-11-23 18:45:00+01:00,27763.466302239172,31601.456744,5510.010456745416,5892.835,33273.47675898459,37494.291744,37514.901412
2025-11-23 19:00:00+01:00,28517.916242365907,31191.947332,5304.587022581863,6204.49,33822.50326494777,37396.437332,37419.548836
2025-11-23 19:15:00+01:00,28569.63818288795,31007.083188,5304.587022581863,6104.268,33874.22520546981,37111.351188,37137.069432
2025-11-23 19:30:00+01:00,28557.60235572681,30560.6153,5303.8215605185405,6096.187,33861.42391624535,36656.8023,36672.773908
2025-11-23 19:45:00+01:00,28557.60235572681,30522.74132,5303.8215605185405,6146.375,33861.42391624535,36669.11632,36684.770684
2025-11-23 20:00:00+01:00,27108.724067496227,30473.671684,5224.708803701694,5888.226,32333.43287119792,36361.897684,36375.138884
2025-11-23 20:15:00+01:00,27108.724067496227,30106.085784,5224.708803701694,6005.181,32333.43287119792,36111.266784,36123.10828
2025-11-23 20:30:00+01:00,27108.724067496227,29398.257824,5224.708803701694,6020.953,32333.43287119792,35419.210824,35430.220308
2025-11-23 20:45:00+01:00,27108.724067496227,28591.78854,5224.708803701694,5977.585,32333.43287119792,34569.37354,34580.814836
2025-11-23 21:00:00+01:00,26733.083679696465,28249.686332,5496.637511415036,5997.423,32229.7211911115,34247.109332,34259.214784
2025-11-23 21:15:00+01:00,26729.547996872523,28218.279792,5496.637511415036,5973.682,32226.18550828756,34191.961792,34202.31734
2025-11-23 21:30:00+01:00,26726.955853676398,27640.076196,5496.637511415036,5927.345,32223.593365091434,33567.421196,33577.057824
2025-11-23 21:45:00+01:00,26724.87691535589,27168.042824,5495.170133343215,5970.53,32220.047048699103,33138.572824,33148.675756000004
2025-11-23 22:00:00+01:00,23812.008146799366,25603.843804,5889.7357765643455,6013.036,29701.743923363712,31616.879804,31626.99018
2025-11-23 22:15:00+01:00,23812.008146799366,25286.207444,5889.7357765643455,6097.154,29701.743923363712,31383.361444,31391.207524
2025-11-23 22:30:00+01:00,23812.008146799366,24748.477664,5889.7357765643455,6032.789,29701.743923363712,30781.266664,30788.36568
2025-11-23 22:45:00+01:00,23812.008146799366,24265.43388,5889.7357765643455,5923.726,29701.743923363712,30189.15988,30196.374568
2025-11-23 23:00:00+01:00,23241.29238505191,23702.526596,5708.962687934314,5635.725,28950.255072986227,29338.251596,29345.401832000003
2025-11-23 23:15:00+01:00,23241.29238505191,23364.431404,5708.962687934314,5742.709,28950.255072986227,29107.140404,29114.341247999997
2025-11-23 23:30:00+01:00,23241.29238505191,22972.393256,5708.962687934314,5732.942,28950.255072986227,28705.335256,28712.56086
2025-11-23 23:45:00+01:00,23241.29238505191,22515.990892,5708.962687934314,5594.84,28950.255072986227,28110.830892,28118.034576
2025-11-24 00:00:00+01:00,21619.647142904203,22184.4261,5592.795355465293,5827.568,27212.442498369495,28011.9941,28019.133472
2025-11-24 00:15:00+01:00,21619.647142904203,21832.907568,5592.795355465293,5798.796,27212.442498369495,27631.703567999997,27638.872795999996
2025-11-24 00:30:00+01:00,21619.647142904203,21608.454608,5592.795355465293,5848.457,27212.442498369495,27456.911608,27464.024392000003
2025-11-24 00:45:00+01:00,21619.647142904203,21122.571864,5592.795355465293,6009.137,27212.442498369495,27131.708864,27138.808684
2025-11-24 01:00:00+01:00,21232.199268705812,20714.013572,5327.048668503358,5826.359,26559.24793720917,26540.372572,26547.437656
2025-11-24 01:15:00+01:00,21232.199268705812,20280.191932,5327.048668503358,5826.602,26559.24793720917,26106.793932,26113.841876
2025-11-24 01:30:00+01:00,21232.199268705812,19910.933812,5327.048668503358,5862.91,26559.24793720917,25773.843812,25780.915332
2025-11-24 01:45:00+01:00,21232.199268705812,19562.590096,5327.048668503358,5771.781,26559.24793720917,25334.371096,25341.19406
2025-11-24 02:00:00+01:00,21323.76091014303,19480.12892,5684.886063885588,5990.874,27008.64697402862,25471.00292,25477.927212
2025-11-24 02:15:00+01:00,21323.76091014303,19137.237148,5684.886063885588,6025.438,27008.64697402862,25162.675148,25169.733868000003
2025-11-24 02:30:00+01:00,21331.82542860105,18799.21168,5684.886063885588,6172.159,27016.711492486636,24971.37068,24978.604528
2025-11-24 02:45:00+01:00,21331.82542860105,18419.97828,5689.539310064772,6145.28,27021.36473866582,24565.25828,24572.650919999996
2025-11-24 03:00:00+01:00,22500.353156056164,18275.6617,5645.79065423612,6074.104,28146.143810292284,24349.7657,24357.028496
2025-11-24 03:15:00+01:00,22500.353156056164,18262.3493,5645.79065423612,6179.199,28146.143810292284,24441.5483,24448.66382
2025-11-24 03:30:00+01:00,22500.353156056164,18368.789616,5645.79065423612,6173.778,28146.143810292284,24542.567616,24549.85922
2025-11-24 03:45:00+01:00,22500.353156056164,18473.12554,5645.79065423612,6171.925,28146.143810292284,24645.05054,24652.170484
2025-11-24 04:00:00+01:00,23723.472706691897,18431.633844,5742.01085003131,6431.124,29465.483556723208,24862.757844,24869.799536
2025-11-24 04:15:00+01:00,23723.472706691897,18075.58096,5742.01085003131,5830.969,29465.483556723208,23906.54996,23913.660508
2025-11-24 04:30:00+01:00,23723.472706691897,18601.23076,5741.421577553045,6005.907,29464.89428424494,24607.13776,24613.0512
2025-11-24 04:45:00+01:00,23723.472706691897,18810.331332,5741.421577553045,6046.069,29464.89428424494,24856.400332,24862.275552000003
2025-11-24 05:00:00+01:00,24486.098664668792,18837.212648,5694.792278088414,5900.195,30180.890942757207,24737.407648,24742.995452
2025-11-24 05:15:00+01:00,24486.098664668792,18757.487972,5694.792278088414,5776.032,30180.890942757207,24533.519972,24539.143348
2025-11-24 05:30:00+01:00,24500.92901368701,18877.861884,5694.792278088414,5587.472,30195.721291775426,24465.333884,24470.961292
2025-11-24 05:45:00+01:00,24500.92901368701,18911.976564,5690.616271242291,5322.454,30191.545284929303,24234.430564,24240.127476
2025-11-24 06:00:00+01:00,23758.05267399018,19153.908108,5491.307807904457,5269.176,29249.360481894637,24423.084108,24428.87056
2025-11-24 06:15:00+01:00,23769.36020123658,19148.307896,5494.401017965897,5410.009,29263.76121920248,24558.316895999997,24564.461691999997
2025-11-24 06:30:00+01:00,23769.36020123658,19291.780596,5518.275779098313,5241.784,29287.635980334893,24533.564596,24540.229116
2025-11-24 06:45:00+01:00,23769.36020123658,19242.012468,5518.26509544815,5176.637,29287.62529668473,24418.649468,24426.111292
2025-11-24 07:00:00+01:00,22621.770814840314,19320.554804,5085.241719969799,4373.396,27707.012534810114,23693.950804,23702.226272
2025-11-24 07:15:00+01:00,22629.068359052577,19231.740092,5085.241719969799,4033.307,27714.310079022376,23265.047092,23274.711124
2025-11-24 07:30:00+01:00,22631.69298817231,19017.136452,5085.241719969799,3948.736,27716.93470814211,22965.872452,22978.638496
2025-11-24 07:45:00+01:00,22589.74912238936,18649.34118,5090.926034320072,3572.726,27680.675156709432,22222.06718,22245.724292
2025-11-24 08:00:00+01:00,22130.17474017724,18269.9979,4733.2703608085485,3120.893,26863.445100985788,21390.8909,21470.648656
2025-11-24 08:15:00+01:00,22068.134009515652,18063.543752,4733.2703608085485,3058.996,26801.4043703242,21122.539752,21370.732472
2025-11-24 08:30:00+01:00,22056.559131998896,17890.513756,4733.2703608085485,3221.024,26789.829492807447,21111.537756,21603.54492
2025-11-24 08:45:00+01:00,22050.43947524573,17729.88596,4733.2703608085485,3385.434,26783.70983605428,21115.31996,21910.277324
2025-11-24 09:00:00+01:00,19964.3642183842,17494.137828,4702.196007605577,3790.847,24666.560225989775,21284.984828,22477.455516
2025-11-24 09:15:00+01:00,19964.3642183842,17268.849808,4702.196007605577,3680.564,24666.560225989775,20949.413808,22539.893112
2025-11-24 09:30:00+01:00,19956.29969992618,16981.818648,4702.196007605577,3368.319,24658.495707531758,20350.137648,22394.1681
2025-11-24 09:45:00+01:00,19956.29969992618,16638.223768,4702.196007605577,3328.414,24658.495707531758,19966.637768,22480.105924
2025-11-24 10:00:00+01:00,19020.78378783155,16417.819336,4518.30760689488,3701.847,23539.09139472643,20119.666336,23151.862204
2025-11-24 10:15:00+01:00,19020.78378783155,16005.72996,4518.30760689488,3432.198,23539.09139472643,19437.92796,22931.320308
2025-11-24 10:30:00+01:00,19020.68723224524,15343.61576,4518.30760689488,3340.904,23538.99483914012,18684.51976,22642.08052
2025-11-24 10:45:00+01:00,19020.68723224524,14910.448436,4518.30760689488,3389.477,23538.99483914012,18299.925436,22652.699652000003
2025-11-24 11:00:00+01:00,18240.20192417826,14278.47376,4351.916515076289,3367.084,22592.118439254547,17645.55776,22326.008712
2025-11-24 11:15:00+01:00,18240.20192417826,13728.36912,4351.916515076289,3333.783,22592.118439254547,17062.15212,22135.358852
2025-11-24 11:30:00+01:00,18240.20192417826,13354.214408,4351.916515076289,3327.979,22592.118439254547,16682.193408,22010.655484
2025-11-24 11:45:00+01:00,18240.20192417826,13017.511008,4351.916515076289,3385.99,22592.118439254547,16403.501008,21863.306556
2025-11-24 12:00:00+01:00,16133.077432763972,12646.895908,3839.63041685775,3294.666,19972.707849621722,15941.561908,21470.7869
2025-11-24 12:15:00+01:00,16133.077432763972,12378.154692,3839.63041685775,3045.805,19972.707849621722,15423.959692,21023.180312
2025-11-24 12:30:00+01:00,16133.077432763972,12080.83432,3839.63041685775,2868.859,19972.707849621722,14949.69332,20468.281304
2025-11-24 12:45:00+01:00,16133.077432763972,11703.090804,3839.63041685775,2747.539,19972.707849621722,14450.629804,19813.435444
2025-11-24 13:00:00+01:00,14498.192222886146,11194.9732,3425.4219607883483,2870.649,17923.614183674494,14065.6222,19259.962988
2025-11-24 13:15:00+01:00,14492.180497102205,10809.133436,3425.4219607883483,2917.368,17917.602457890553,13726.501436,18714.264968
2025-11-24 13:30:00+01:00,14492.180497102205,10629.119844,3425.4219607883483,2756.658,17917.602457890553,13385.777844,18091.501296
2025-11-24 13:45:00+01:00,14492.180497102205,10572.587024,3425.4219607883483,2618.309,17917.602457890553,13190.896024,17557.82008
2025-11-24 14:00:00+01:00,13065.850818430057,10362.84324,2217.610735667499,2624.302,15283.461554097556,12987.14524,16882.770876
2025-11-24 14:15:00+01:00,13065.850818430057,10075.915216,2217.610735667499,2381.897,15283.461554097556,12457.812215999998,15831.686827999998
2025-11-24 14:30:00+01:00,13065.850818430057,9965.835504,2217.610735667499,2404.304,15283.461554097556,12370.139504,15225.598704
2025-11-24 14:45:00+01:00,13065.850818430057,9976.95448,2217.610735667499,2334.233,15283.461554097556,12311.18748,14630.147652
2025-11-24 15:00:00+01:00,11709.1581447178,9923.538056,2035.3844550167769,2254.559,13744.542599734577,12178.097056,13989.415587999998
2025-11-24 15:15:00+01:00,11709.1581447178,9931.863236,2035.3844550167769,2025.107,13744.542599734577,11956.970236,13265.644436
2025-11-24 15:30:00+01:00,11709.1581447178,10062.580496,2035.3844550167769,2141.112,13744.542599734577,12203.692496,13043.99718
2025-11-24 15:45:00+01:00,11712.135672938055,10267.434956,2035.3844550167769,2271.815,13747.520127954831,12539.249956,13004.993968
2025-11-24 16:00:00+01:00,12331.36500071405,10363.421824,2021.5480136737997,2508.48,14352.91301438785,12871.901824,13050.875811999998
2025-11-24 16:15:00+01:00,12413.619259256595,10424.464404,2021.5480136737997,2372.474,14435.167272930394,12796.938404,12852.657592
2025-11-24 16:30:00+01:00,12515.717368667632,10451.790508,2021.5480136737997,2319.592,14537.265382341433,12771.382508,12803.665264
2025-11-24 16:45:00+01:00,12515.717368667632,10456.13638,2021.5480136737997,2276.719,14537.265382341433,12732.85538,12767.161908
2025-11-24 17:00:00+01:00,11849.569971576593,10492.055996,1929.588214558561,2248.073,13779.158186135155,12740.128996,12766.129024
2025-11-24 17:15:00+01:00,11849.569971576593,10469.4763,1937.5080154818688,2228.765,13787.077987058463,12698.2413,12726.246324
2025-11-24 17:30:00+01:00,11942.0954420759,10446.665712,1938.202804252246,2291.664,13880.298246328148,12738.329712,12761.826472
2025-11-24 17:45:00+01:00,11942.0954420759,10405.2428,1937.8745598653732,2419.13,13879.970001941274,12824.3728,12850.350624
2025-11-24 18:00:00+01:00,12216.812070364344,10332.801348,1881.6626008605517,2338.125,14098.474671224896,12670.926348,12696.382284
2025-11-24 18:15:00+01:00,12216.812070364344,10320.538264,1881.6626008605517,2468.537,14098.474671224896,12789.075264,12811.246260000002
2025-11-24 18:30:00+01:00,12220.40948750869,10287.197968,1881.6626008605517,2389.018,14102.072088369241,12676.215968,12694.042184
2025-11-24 18:45:00+01:00,12220.40948750869,10273.051792,1881.6626008605517,2137.47,14102.072088369241,12410.521792,12432.100332
2025-11-24 19:00:00+01:00,11423.873394389895,10251.544428,1525.7033410904662,2116.16,12949.576735480361,12367.704428,12386.970452
2025-11-24 19:15:00+01:00,11457.092857685528,10191.591264,1525.7033410904662,2163.754,12982.796198775994,12355.345264,12370.748092
2025-11-24 19:30:00+01:00,11455.485877923604,10002.875904,1525.072959901359,2135.479,12980.558837824963,12138.354904,12147.489784
2025-11-24 19:45:00+01:00,11455.485877923604,9821.85264,1525.072959901359,2004.708,12980.558837824963,11826.56064,11835.752436
2025-11-24 20:00:00+01:00,10127.028111472617,9643.715232,1361.85625557831,1947.827,11488.884367050927,11591.542232,11599.431136
2025-11-24 20:15:00+01:00,10123.756565442984,9413.499736,1361.85625557831,1829.066,11485.612821021294,11242.565736,11249.693348
2025-11-24 20:30:00+01:00,10123.756565442984,9349.569588,1361.85625557831,1745.269,11485.612821021294,11094.838588,11101.645392
2025-11-24 20:45:00+01:00,10120.779037222728,9172.268228,1361.85625557831,1738.603,11482.635292801038,10910.871228,10916.995892
2025-11-24 21:00:00+01:00,7830.2819689727885,8983.821112,1038.8253542678624,1796.06,8869.10732324065,10779.881112,10785.789191999998
2025-11-24 21:15:00+01:00,7830.2819689727885,8795.049956,1035.7077170170837,1743.576,8865.989685989873,10538.625956,10543.64644
2025-11-24 21:30:00+01:00,7830.2819689727885,8688.322904,1035.1101697502331,1701.542,8865.392138723022,10389.864904,10394.723884
2025-11-24 21:45:00+01:00,7822.71573798668,8543.758128,1033.7404854830704,1662.648,8856.456223469751,10206.406128,10211.247304
2025-11-24 22:00:00+01:00,6720.324551572453,8124.545832,774.8823883102618,1668.799,7495.206939882715,9793.344832,9798.323356
2025-11-24 22:15:00+01:00,6720.324551572453,7781.082024,774.8823883102618,1763.157,7495.206939882715,9544.239024,9549.124272
2025-11-24 22:30:00+01:00,6720.324551572453,7372.850168,774.8823883102618,1908.749,7495.206939882715,9281.599168,9286.609876
2025-11-24 22:45:00+01:00,6720.324551572453,7047.064032,774.8823883102618,2000.427,7495.206939882715,9047.491032,9053.586652
2025-11-24 23:00:00+01:00,6495.367304430319,6833.142744,1162.3625399149314,2096.62,7657.72984434525,8929.762744,8936.751887999999
2025-11-24 23:15:00+01:00,6495.367304430319,6634.841092,1162.3625399149314,2240.207,7657.72984434525,8875.048091999999,8881.699508
2025-11-24 23:30:00+01:00,6495.367304430319,6366.863412,1162.3625399149314,2207.397,7657.72984434525,8574.260412,8580.87894
2025-11-24 23:45:00+01:00,6495.367304430319,6207.573672,1162.3625399149314,2156.464,7657.72984434525,8364.037672,8370.623288
2025-11-25 00:00:00+01:00,5018.148648379042,6142.818076,1767.828060141842,2104.404,6785.976708520884,8247.222076,8254.462256
2025-11-25 00:15:00+01:00,5018.148648379042,5966.919168,1767.828060141842,2082.487,6785.976708520884,8049.406168,8056.050536000001
2025-11-25 00:30:00+01:00,5018.148648379042,5842.833672,1767.828060141842,2041.16,6785.976708520884,7883.993672,7889.895708
2025-11-25 00:45:00+01:00,5018.148648379042,5720.191604,1767.828060141842,1999.574,6785.976708520884,7719.765604,7726.055568
2025-11-25 01:00:00+01:00,4966.883026673503,5517.033,2391.9623189462877,2027.041,7358.845345619791,7544.074,7550.419632
2025-11-25 01:15:00+01:00,4966.883026673503,5372.308532,2391.9623189462877,2019.463,7358.845345619791,7391.771532,7397.746615999999
2025-11-25 01:30:00+01:00,4966.883026673503,5223.337788,2391.9623189462877,2104.487,7358.845345619791,7327.824788,7333.96418
2025-11-25 01:45:00+01:00,4966.883026673503,4912.279408,2391.9623189462877,2222.826,7358.845345619791,7135.105408,7141.04366
2025-11-25 02:00:00+01:00,4281.792407147308,4632.791508,2672.7618153767526,2248.7,6954.554222524061,6881.491508,6887.674112
2025-11-25 02:15:00+01:00,4281.792407147308,4261.94916,2672.7618153767526,2211.845,6954.554222524061,6473.7941599999995,6479.798559999999
2025-11-25 02:30:00+01:00,4285.825760405169,4040.789732,2673.268254291101,2179.871,6959.094014696269,6220.660732,6227.149908
2025-11-25 02:45:00+01:00,4312.202555698215,3827.992984,2683.925610789309,2288.875,6996.128166487524,6116.867984,6123.320736000001
2025-11-25 03:00:00+01:00,3838.5824798403337,3634.516824,3090.9529111289708,2483.061,6929.535390969304,6117.577824,6123.6192439999995
2025-11-25 03:15:00+01:00,3838.5824798403337,3471.127024,3090.9529111289708,2710.98,6929.535390969304,6182.107024,6188.247684
2025-11-25 03:30:00+01:00,3838.5824798403337,3315.486464,3090.9529111289708,3000.518,6929.535390969304,6316.004464,6322.46112
2025-11-25 03:45:00+01:00,3838.5824798403337,3161.765396,3090.9529111289708,3126.979,6929.535390969304,6288.744396,6295.752564
2025-11-25 04:00:00+01:00,3687.757166862815,2987.172172,3332.2020504807365,3180.326,7019.959217343552,6167.498172,6173.875636
2025-11-25 04:15:00+01:00,3698.1512024821577,2850.543036,3332.2020504807365,3154.669,7030.353252962894,6005.212036,6011.789584
2025-11-25 04:30:00+01:00,3698.1512024821577,2654.890068,3333.229029165995,3145.0,7031.380231648152,5799.890068000001,5806.174012
2025-11-25 04:45:00+01:00,3698.1512024821577,2442.553096,3333.229029165995,3329.251,7031.380231648152,5771.804096,5778.633408
2025-11-25 05:00:00+01:00,3344.6693686845874,2252.11994,3523.0185864398486,3373.651,6867.6879551244365,5625.77094,5631.769996
2025-11-25 05:15:00+01:00,3344.6693686845874,2134.818084,3521.7670586085783,3343.058,6866.436427293165,5477.8760839999995,5484.176815999999
2025-11-25 05:30:00+01:00,3354.69611725165,2014.514904,3521.7670586085783,3332.657,6876.463175860228,5347.171904,5353.527268
2025-11-25 05:45:00+01:00,3354.69611725165,1857.633932,3521.7670586085783,3314.559,6876.463175860228,5172.192932,5178.744464
2025-11-25 06:00:00+01:00,2963.9839940054585,1770.952512,3558.7178902349024,3199.949,6522.701884240361,4970.901512,4977.589828
2025-11-25 06:15:00+01:00,2971.3336212628033,1734.506464,3558.7178902349024,3186.113,6530.051511497706,4920.619463999999,4927.7840559999995
2025-11-25 06:30:00+01:00,2971.3336212628033,1712.430668,3572.5996277812296,3287.459,6543.933249044033,4999.889668,5007.8744799999995
2025-11-25 06:45:00+01:00,2971.3336212628033,1712.692104,3572.5996277812296,3403.631,6543.933249044033,5116.323104,5124.18176
2025-11-25 07:00:00+01:00,2629.846164465598,1670.63686,3813.4441543822854,3451.811,6443.290318847883,5122.44786,5130.925076
2025-11-25 07:15:00+01:00,2636.46147433564,1632.49022,3820.9332237287745,3465.653,6457.394698064414,5098.14322,5108.007452
2025-11-25 07:30:00+01:00,2636.46147433564,1601.372212,3820.9332237287745,3567.509,6457.394698064414,5168.881212,5186.082344
2025-11-25 07:45:00+01:00,2635.7161952971237,1569.007108,3820.9332237287745,3656.892,6456.649419025898,5225.899108,5265.812484
2025-11-25 08:00:00+01:00,2666.091990591387,1509.199848,4077.4894451209616,3715.58,6743.581435712349,5224.779848,5375.26576
2025-11-25 08:15:00+01:00,2591.20124456993,1466.292332,4077.4894451209616,3654.024,6668.690689690891,5120.316332,5568.3070960000005
2025-11-25 08:30:00+01:00,2571.2755958282796,1413.851032,4077.4894451209616,3763.002,6648.765040949242,5176.853032,6053.016316
2025-11-25 08:45:00+01:00,2554.9619672903655,1332.584304,4077.4894451209616,3833.963,6632.451412411327,5166.547304,6538.776443999999
2025-11-25 09:00:00+01:00,2450.7634028055904,1244.579432,4118.45286263179,3853.087,6569.216265437381,5097.666432,7067.87802
2025-11-25 09:15:00+01:00,2450.7634028055904,1133.026876,4118.45286263179,3915.904,6569.216265437381,5048.930876,7592.586788
2025-11-25 09:30:00+01:00,2440.2083552695462,1049.658032,4118.45286263179,3929.243,6558.6612179013355,4978.901032,8184.677984
2025-11-25 09:45:00+01:00,2440.2083552695462,984.500856,4118.45286263179,3972.345,6558.6612179013355,4956.845856,8841.086564
2025-11-25 10:00:00+01:00,2504.111391276288,938.567,3522.2650071100347,3838.498,6026.376398386323,4777.0650000000005,9237.745352000002
2025-11-25 10:15:00+01:00,2504.111391276288,884.819836,3522.2650071100347,3837.034,6026.376398386323,4721.853836,9717.855308
2025-11-25 10:30:00+01:00,2500.7737487773425,855.256684,3522.2650071100347,3896.992,6023.038755887377,4752.248684,10317.474656
2025-11-25 10:45:00+01:00,2500.7737487773425,857.622228,3522.2650071100347,3892.769,6023.038755887377,4750.3912279999995,10833.351916
2025-11-25 11:00:00+01:00,2287.8160169550342,854.204296,3353.018582180625,3732.98,5640.834599135659,4587.184296,11095.814096
2025-11-25 11:15:00+01:00,2287.8160169550342,844.540836,3353.018582180625,3538.754,5640.834599135659,4383.294836,11271.302208
2025-11-25 11:30:00+01:00,2287.8160169550342,825.527088,3353.018582180625,3451.569,5640.834599135659,4277.096088,11257.417444
2025-11-25 11:45:00+01:00,2287.8160169550342,823.817696,3353.018582180625,3436.267,5640.834599135659,4260.084696,11302.363208
2025-11-25 12:00:00+01:00,2172.0409206163054,819.581268,3123.649531171348,3365.051,5295.690451787654,4184.632268,11212.75778
2025-11-25 12:15:00+01:00,2172.0409206163054,807.994108,3123.649531171348,3275.67,5295.690451787654,4083.664108,11040.664908
2025-11-25 12:30:00+01:00,2172.0409206163054,804.711596,3123.649531171348,3234.273,5295.690451787654,4038.984596,10806.728816
2025-11-25 12:45:00+01:00,2172.0409206163054,791.259832,3123.649531171348,3140.314,5295.690451787654,3931.573832,10385.970364
2025-11-25 13:00:00+01:00,2101.0432516896913,763.339872,3019.9717926918156,3036.418,5121.015044381507,3799.757872,9925.145908
2025-11-25 13:15:00+01:00,2101.0432516896913,748.077904,3019.9717926918156,3019.507,5121.015044381507,3767.584904,9504.20466
2025-11-25 13:30:00+01:00,2101.0432516896913,770.176212,3019.9717926918156,3173.666,5121.015044381507,3943.842212,9150.614852
2025-11-25 13:45:00+01:00,2101.0432516896913,815.163072,3019.9717926918156,3172.131,5121.015044381507,3987.294072,8609.62488
2025-11-25 14:00:00+01:00,1946.253098490361,885.640772,2907.953732675937,3288.957,4854.206831166298,4174.597772,8238.801856
2025-11-25 14:15:00+01:00,1946.253098490361,933.10768,2907.953732675937,3290.702,4854.206831166298,4223.80968,7595.099584
2025-11-25 14:30:00+01:00,1946.253098490361,1019.108124,2907.953732675937,3053.653,4854.206831166298,4072.761124,6835.840504
2025-11-25 14:45:00+01:00,1946.253098490361,1118.870984,2907.953732675937,3027.587,4854.206831166298,4146.457984,6325.874124
2025-11-25 15:00:00+01:00,2085.9383564024597,1321.489396,2702.7231617995435,2876.027,4788.661518202003,4197.516396,5795.841692
2025-11-25 15:15:00+01:00,2091.807186224997,1574.247836,2702.7231617995435,2947.238,4794.53034802454,4521.485836,5619.469999999999
2025-11-25 15:30:00+01:00,2107.8671843277525,1848.486024,2702.7231617995435,2976.321,4810.590346127296,4824.807024,5496.561995999999
2025-11-25 15:45:00+01:00,2121.3772530862057,2090.655316,2702.7231617995435,2871.707,4824.100414885749,4962.362316,5304.407872
2025-11-25 16:00:00+01:00,2585.3751971375636,2306.938296,2888.950180595115,2813.148,5474.325377732679,5120.0862959999995,5267.870959999999
2025-11-25 16:15:00+01:00,2613.697630333674,2528.175764,2888.950180595115,2810.975,5502.647810928789,5339.150764,5402.39024
2025-11-25 16:30:00+01:00,2670.558628232678,2757.966008,2888.950180595115,2920.815,5559.5088088277935,5678.781008,5735.438164
2025-11-25 16:45:00+01:00,2670.558628232678,3008.482468,2888.950180595115,2969.314,5559.5088088277935,5977.7964680000005,6028.491788
2025-11-25 17:00:00+01:00,3216.3517181868706,3212.5124,2788.9061536215727,2975.188,6005.257871808443,6187.7004,6235.867388
2025-11-25 17:15:00+01:00,3216.3517181868706,3419.87044,2792.8212239761024,2902.43,6009.172942162973,6322.30044,6368.94666
2025-11-25 17:30:00+01:00,3236.2003791581164,3602.908472,2806.927484924064,2826.679,6043.12786408218,6429.587472,6477.8847160000005
2025-11-25 17:45:00+01:00,3240.3032226656933,3702.08774,2806.927484924064,2788.795,6047.230707589757,6490.88274,6519.114152
2025-11-25 18:00:00+01:00,3704.2356553991244,3809.66254,2751.0769368436395,2734.323,6455.312592242764,6543.98554,6566.589623999999
2025-11-25 18:15:00+01:00,3704.2356553991244,3887.093068,2751.0769368436395,2689.74,6455.312592242764,6576.833068,6595.098592
2025-11-25 18:30:00+01:00,3704.2356553991244,3903.986392,2751.0769368436395,2678.552,6455.312592242764,6582.538392,6599.370588000001
2025-11-25 18:45:00+01:00,3704.2356553991244,3928.418576,2751.0769368436395,2663.375,6455.312592242764,6591.793576,6607.110616
2025-11-25 19:00:00+01:00,3424.8720019692764,3932.687496,2473.4909588024084,2604.634,5898.362960771685,6537.3214960000005,6549.993652
2025-11-25 19:15:00+01:00,3491.3467830161135,3896.858932,2473.4909588024084,2493.337,5964.837741818522,6390.1959320000005,6401.197792000001
2025-11-25 19:30:00+01:00,3471.9487613173874,3871.944628,2472.483659908695,2267.029,5944.432421226082,6138.973628,6149.214828
2025-11-25 19:45:00+01:00,3471.9487613173874,3851.162016,2471.8080796197796,2177.023,5943.756840937167,6028.185016,6038.022628000001
2025-11-25 20:00:00+01:00,3647.288566206116,3897.210044,2224.1512089271114,2120.237,5871.439775133227,6017.4470440000005,6027.065932
2025-11-25 20:15:00+01:00,3647.288566206116,3902.554848,2224.1512089271114,2093.947,5871.439775133227,5996.501848,6005.213336
2025-11-25 20:30:00+01:00,3647.288566206116,3939.17934,2224.1512089271114,2104.235,5871.439775133227,6043.41434,6052.5835640000005
2025-11-25 20:45:00+01:00,3647.288566206116,3909.12562,2224.1512089271114,1958.106,5871.439775133227,5867.23162,5875.6924
2025-11-25 21:00:00+01:00,3622.5980379718767,3978.22492,1896.5280567500185,1884.642,5519.126094721895,5862.86692,5870.8122920000005
2025-11-25 21:15:00+01:00,3622.5980379718767,4057.873896,1895.9057730984541,1715.797,5518.503811070331,5773.670896,5781.675416
2025-11-25 21:30:00+01:00,3622.5980379718767,4109.637664,1895.9057730984541,1503.179,5518.503811070331,5612.816664,5620.4629159999995
2025-11-25 21:45:00+01:00,3618.5646847140156,4137.74702,1883.4313665026984,1304.489,5501.9960512167145,5442.23602,5449.75766
2025-11-25 22:00:00+01:00,3431.7982595878675,4178.385884,1421.6378638816973,1220.424,4853.436123469564,5398.809884,5405.966944
2025-11-25 22:15:00+01:00,3431.7982595878675,4256.101728,1421.0186948813152,1076.606,4852.816954469183,5332.707727999999,5339.85114
2025-11-25 22:30:00+01:00,3431.7982595878675,4318.994948,1421.0186948813152,928.761,4852.816954469183,5247.755948,5253.687764
2025-11-25 22:45:00+01:00,3431.7982595878675,4362.040516,1421.0186948813152,935.83,4852.816954469183,5297.870516,5303.898
2025-11-25 23:00:00+01:00,3433.422808394603,4432.258588,1372.083664503943,829.805,4805.506472898546,5262.063588,5268.241288
2025-11-25 23:15:00+01:00,3433.422808394603,4454.727832,1372.083664503943,758.152,4805.506472898546,5212.879832,5219.071496
2025-11-25 23:30:00+01:00,3433.422808394603,4517.259636,1372.083664503943,753.12,4805.506472898546,5270.379636,5276.608776
2025-11-25 23:45:00+01:00,3433.422808394603,4691.214652,1372.083664503943,739.765,4805.506472898546,5430.979652,5437.203516
2025-11-26 00:00:00+01:00,4359.235111308817,4851.874996,1207.434830133926,775.226,5566.669941442743,5627.100995999999,5633.794571999999
2025-11-26 00:15:00+01:00,4359.235111308817,4979.376488,1207.434830133926,723.797,5566.669941442743,5703.173488,5709.7855
2025-11-26 00:30:00+01:00,4359.235111308817,5096.711252,1207.434830133926,671.04,5566.669941442743,5767.751252,5774.593628
2025-11-26 00:45:00+01:00,4359.235111308817,5164.368756,1207.434830133926,633.399,5566.669941442743,5797.767756,5804.491368
2025-11-26 01:00:00+01:00,4991.2731558191535,5261.83622,1396.5765025398273,544.999,6387.84965835898,5806.83522,5813.532864
2025-11-26 01:15:00+01:00,4991.2731558191535,5412.600868,1396.5765025398273,451.714,6387.84965835898,5864.314868,5871.000216
2025-11-26 01:30:00+01:00,4991.2731558191535,5499.859292,1396.5765025398273,405.094,6387.84965835898,5904.953292,5911.894664
2025-11-26 01:45:00+01:00,4991.2731558191535,5581.247628,1396.5765025398273,410.405,6387.84965835898,5991.652628,5998.477068
2025-11-26 02:00:00+01:00,5361.534607361917,5597.023036,1214.048286624577,415.196,6575.582893986493,6012.2190359999995,6019.044416
2025-11-26 02:15:00+01:00,5361.534607361917,5543.907376,1214.048286624577,403.033,6575.582893986493,5946.9403760000005,5953.861116
2025-11-26 02:30:00+01:00,5361.534607361917,5458.140968,1214.048286624577,390.789,6575.582893986493,5848.9299679999995,5855.953103999999
2025-11-26 02:45:00+01:00,5361.534607361917,5454.45188,1214.270947739269,366.459,6575.805555101186,5820.910879999999,5827.929287999999
2025-11-26 03:00:00+01:00,5779.179894516077,5481.053744,1098.3395714705982,374.753,6877.519465986676,5855.8067439999995,5862.698343999999
2025-11-26 03:15:00+01:00,5779.179894516077,5562.236516,1098.3395714705982,379.014,6877.519465986676,5941.250516,5948.090732
2025-11-26 03:30:00+01:00,5779.179894516077,5721.730804,1098.3395714705982,402.707,6877.519465986676,6124.437804,6131.363856
2025-11-26 03:45:00+01:00,5779.179894516077,5899.725172,1098.3395714705982,457.401,6877.519465986676,6357.126172,6364.302028
2025-11-26 04:00:00+01:00,5615.900909856439,6054.33914,1086.904753638907,580.544,6702.805663495346,6634.88314,6641.781068
2025-11-26 04:15:00+01:00,5615.900909856439,6019.268992,1086.904753638907,617.666,6702.805663495346,6636.934992,6643.895056
2025-11-26 04:30:00+01:00,5615.900909856439,6117.93104,1086.904753638907,626.801,6702.805663495346,6744.732040000001,6752.256768000001
2025-11-26 04:45:00+01:00,5615.900909856439,6201.80746,1086.904753638907,644.996,6702.805663495346,6846.80346,6854.104908
2025-11-26 05:00:00+01:00,5464.406924081803,6272.73508,1103.4202025946875,672.31,6567.82712667649,6945.04508,6952.050408
2025-11-26 05:15:00+01:00,5464.406924081803,6255.2607,1102.2054318418272,691.544,6566.612355923629,6946.8047,6953.745927999999
2025-11-26 05:30:00+01:00,5464.406924081803,6279.596748,1102.2054318418272,689.521,6566.612355923629,6969.117748,6976.333807999999
2025-11-26 05:45:00+01:00,5464.406924081803,6289.885864,1100.3322990018646,700.838,6564.739223083667,6990.723864,6998.031212
2025-11-26 06:00:00+01:00,7221.359078349803,6282.993268,1146.1136130799819,712.698,8367.472691429784,6995.6912680000005,7003.720276000001
2025-11-26 06:15:00+01:00,7221.359078349803,6208.50826,1146.1136130799819,692.495,8367.472691429784,6901.0032599999995,6910.077743999999
2025-11-26 06:30:00+01:00,7221.359078349803,6170.220824,1148.6748325090416,659.732,8370.033910858845,6829.952824,6840.786952
2025-11-26 06:45:00+01:00,7221.359078349803,6147.029156,1152.0398635382094,697.053,8373.398941888012,6844.0821559999995,6855.57712
2025-11-26 07:00:00+01:00,5546.1327602923875,6108.330684,910.6957461151088,718.548,6456.828506407496,6826.878683999999,6837.785107999999
2025-11-26 07:15:00+01:00,5557.791598180302,6041.652116,912.2114652906139,678.295,6470.003063470916,6719.947116,6742.809024
2025-11-26 07:30:00+01:00,5557.791598180302,6094.974248,912.2114652906139,645.985,6470.003063470916,6740.959248,6765.604044
2025-11-26 07:45:00+01:00,5557.791598180302,6089.036732,912.2114652906139,655.608,6470.003063470916,6744.644732,6832.154476
2025-11-26 08:00:00+01:00,5259.770540411667,6049.42142,1186.2612529723765,636.333,6446.031793384043,6685.754419999999,6831.476728
2025-11-26 08:15:00+01:00,5187.135351010534,6079.885044,1186.2612529723765,604.018,6373.39660398291,6683.903044,7044.383959999999
2025-11-26 08:30:00+01:00,5143.743807489849,6092.043236,1186.2612529723765,551.768,6330.005060462226,6643.8112360000005,7377.8423
2025-11-26 08:45:00+01:00,5126.211096888643,5926.180204,1186.2612529723765,575.195,6312.472349861019,6501.375204,7727.713632
2025-11-26 09:00:00+01:00,4097.879842661293,5764.12348,893.7478625427672,473.598,4991.6277052040605,6237.72148,7999.197908
2025-11-26 09:15:00+01:00,4098.872695196262,5661.641152,893.7478625427672,481.982,4992.620557739029,6143.623152,8495.780532
2025-11-26 09:30:00+01:00,4048.547683717771,5528.531736,893.7478625427672,478.744,4942.295546260539,6007.275736,8982.018587999999
2025-11-26 09:45:00+01:00,4048.547683717771,5331.833912,893.7478625427672,367.886,4942.295546260539,5699.7199120000005,9398.722296
2025-11-26 10:00:00+01:00,3260.130433516758,5094.22556,612.6367899955623,240.13,3872.76722351232,5334.35556,9687.696212
2025-11-26 10:15:00+01:00,3260.130433516758,4877.528292,612.6367899955623,211.767,3872.76722351232,5089.295292,10066.691772
2025-11-26 10:30:00+01:00,3260.130433516758,4712.460476,612.6367899955623,285.887,3872.76722351232,4998.347476,10601.201488
2025-11-26 10:45:00+01:00,3260.130433516758,4507.107644,612.6367899955623,319.467,3872.76722351232,4826.574643999999,10905.461356
2025-11-26 11:00:00+01:00,3016.8036060190757,4320.527896,624.1621249621951,329.627,3640.965730981271,4650.154896,11130.44988
2025-11-26 11:15:00+01:00,3016.8036060190757,4127.001232,624.1621249621951,326.136,3640.965730981271,4453.137232,11165.038636
2025-11-26 11:30:00+01:00,3016.8036060190757,3994.724404,624.1621249621951,286.912,3640.965730981271,4281.636404,11194.045548
2025-11-26 11:45:00+01:00,3016.8036060190757,3870.443604,624.1621249621951,288.431,3640.965730981271,4158.874604,11015.673368
2025-11-26 12:00:00+01:00,2934.1325000151523,3758.147852,793.5670304517095,274.056,3727.6995304668617,4032.203852,10817.428908
2025-11-26 12:15:00+01:00,2934.1325000151523,3696.670264,793.5670304517095,352.348,3727.6995304668617,4049.018264,10732.431268
2025-11-26 12:30:00+01:00,2934.1325000151523,3676.315428,793.5670304517095,427.213,3727.6995304668617,4103.528428,10616.756456
2025-11-26 12:45:00+01:00,2934.1325000151523,3717.937872,793.5670304517095,498.314,3727.6995304668617,4216.251872,10484.396264
2025-11-26 13:00:00+01:00,2503.4659597964555,3776.69988,742.0873365196034,515.539,3245.553296316059,4292.23888,10187.337716
2025-11-26 13:15:00+01:00,2503.4659597964555,3839.206364,742.0873365196034,504.115,3245.553296316059,4343.321364,9846.558348
2025-11-26 13:30:00+01:00,2503.4659597964555,3894.741,742.0873365196034,636.16,3245.553296316059,4530.901,9611.697912
2025-11-26 13:45:00+01:00,2503.4659597964555,3826.424488,742.0873365196034,757.663,3245.553296316059,4584.087488,9222.986856
2025-11-26 14:00:00+01:00,2809.629788056456,3863.085792,584.148343735453,809.918,3393.778131791909,4673.0037919999995,8780.133372
2025-11-26 14:15:00+01:00,2809.629788056456,3944.299616,584.148343735453,804.658,3393.778131791909,4748.957616,8254.410444
2025-11-26 14:30:00+01:00,2809.629788056456,4016.802372,584.148343735453,810.655,3393.778131791909,4827.457372,7767.634631999999
2025-11-26 14:45:00+01:00,2809.629788056456,4088.040448,584.148343735453,768.884,3393.778131791909,4856.924448,7193.739288
2025-11-26 15:00:00+01:00,3703.0102858887867,4244.787168,565.2178829158622,767.665,4268.228168804649,5012.452168,6783.088032
2025-11-26 15:15:00+01:00,3701.8958525828157,4461.361692,565.2178829158622,823.154,4267.113735498678,5284.515692000001,6536.973508000001
2025-11-26 15:30:00+01:00,3719.972684861659,4592.26382,565.2178829158622,904.617,4285.190567777521,5496.88082,6288.7062240000005
2025-11-26 15:45:00+01:00,3733.742214623676,4799.077468,567.2259784941594,877.994,4300.968193117836,5677.071468,6090.792276
2025-11-26 16:00:00+01:00,4429.2529737222585,5005.978228,691.3259480845168,809.913,5120.578921806775,5815.891228,5968.021616
2025-11-26 16:15:00+01:00,4486.697824746979,5271.692364,691.3259480845168,755.233,5178.023772831495,6026.925364000001,6092.66992
2025-11-26 16:30:00+01:00,4587.476853543086,5429.192116,691.3259480845168,737.928,5278.802801627602,6167.120116,6253.657616
2025-11-26 16:45:00+01:00,4587.476853543086,5529.978564,691.3259480845168,746.574,5278.802801627602,6276.552564,6390.4564359999995
2025-11-26 17:00:00+01:00,4435.29808988958,5590.827132,612.9312624826593,672.955,5048.22935237224,6263.782132,6340.04298
2025-11-26 17:15:00+01:00,4435.29808988958,5550.289208,612.9312624826593,612.474,5048.22935237224,6162.763208,6275.519196
2025-11-26 17:30:00+01:00,4483.545205916926,5554.866008,612.7654423847474,694.175,5096.310648301673,6249.041008,6337.420832
2025-11-26 17:45:00+01:00,4483.545205916926,5509.034452,612.7654423847474,803.978,5096.310648301673,6313.012452,6385.02708
2025-11-26 18:00:00+01:00,4964.720134990336,5474.065044,695.1542725435587,833.332,5659.874407533895,6307.397044,6354.417364
2025-11-26 18:15:00+01:00,4964.720134990336,5490.488168,695.1542725435587,910.765,5659.874407533895,6401.253168,6421.842892000001
2025-11-26 18:30:00+01:00,4964.720134990336,5456.96454,695.1542725435587,879.992,5659.874407533895,6336.95654,6361.535716
2025-11-26 18:45:00+01:00,4964.720134990336,5465.064544,695.1542725435587,865.852,5659.874407533895,6330.916544,6354.610492
2025-11-26 19:00:00+01:00,5113.732787096509,5452.682336,893.6189988469137,1027.953,6007.351785943423,6480.635335999999,6498.009512
2025-11-26 19:15:00+01:00,5141.41205772625,5532.581008,893.6189988469137,1146.84,6035.031056573163,6679.421008,6696.836604
2025-11-26 19:30:00+01:00,5131.339372705321,5685.59746,893.6189988469137,1207.789,6024.958371552235,6893.38646,6905.4834359999995
2025-11-26 19:45:00+01:00,5134.502954276052,5811.2669,893.6189988469137,1231.47,6028.121953122965,7042.7369,7052.574868
2025-11-26 20:00:00+01:00,5029.769805007059,6039.65216,1027.4983583596118,1384.597,6057.268163366671,7424.249159999999,7454.250719999999
2025-11-26 20:15:00+01:00,5029.769805007059,6236.062812,1027.4983583596118,1487.357,6057.268163366671,7723.419812,7744.179948
2025-11-26 20:30:00+01:00,5029.769805007059,6256.213616,1027.4983583596118,1493.486,6057.268163366671,7749.699616,7765.417464
2025-11-26 20:45:00+01:00,5030.355588882605,6287.195864,1027.4983583596118,1521.059,6057.853947242216,7808.254864,7822.604952000001
2025-11-26 21:00:00+01:00,5219.321816916134,6403.147176,1354.0550416735455,1619.952,6573.37685858968,8023.099176000001,8035.144676000001
2025-11-26 21:15:00+01:00,5221.132637236534,6445.30944,1354.0550416735455,1807.607,6575.187678910079,8252.91644,8264.754996000001
2025-11-26 21:30:00+01:00,5221.132637236534,6548.602468,1354.0550416735455,2039.651,6575.187678910079,8588.253468,8596.400360000001
2025-11-26 21:45:00+01:00,5147.818862476335,6761.165584,1350.4603993247856,2218.672,6498.279261801121,8979.837584,8988.083384000001
2025-11-26 22:00:00+01:00,5059.4500918825,6881.487328,2136.572225473324,2524.639,7196.022317355824,9406.126328,9414.0596
2025-11-26 22:15:00+01:00,5055.965590861753,7081.746864,2136.572225473324,2938.462,7192.537816335078,10020.208864,10027.71974
2025-11-26 22:30:00+01:00,5055.965590861753,7078.674488,2136.572225473324,3166.608,7192.537816335078,10245.282488,10253.677144
2025-11-26 22:45:00+01:00,5055.965590861753,7230.976668,2136.572225473324,3502.029,7192.537816335078,10733.005668,10741.000688
2025-11-26 23:00:00+01:00,6793.3911432886125,7366.520272,3310.2495607518945,3660.311,10103.640704040507,11026.831272,11034.927524
2025-11-26 23:15:00+01:00,6793.3911432886125,7423.601544,3310.2495607518945,3895.891,10103.640704040507,11319.492544,11326.770132
2025-11-26 23:30:00+01:00,6793.3911432886125,7538.422992,3310.2495607518945,4396.741,10103.640704040507,11935.163992,11942.101056
2025-11-26 23:45:00+01:00,6793.3911432886125,7823.757732,3310.2495607518945,4732.131,10103.640704040507,12555.888732,12562.788832
2025-11-27 00:00:00+01:00,7831.076291224648,8238.771944,4035.9272848509377,5034.828,11867.003576075585,13273.599944,13280.336388000002
2025-11-27 00:15:00+01:00,7831.076291224648,8722.279908,4035.9272848509377,5142.04,11867.003576075585,13864.319908,13871.207224000002
2025-11-27 00:30:00+01:00,7829.666596065248,9041.79096,4035.9272848509377,5202.974,11865.593880916185,14244.76496,14251.6923
2025-11-27 00:45:00+01:00,7829.666596065248,9393.637216,4035.9272848509377,5362.348,11865.593880916185,14755.985216,14762.84234
2025-11-27 01:00:00+01:00,9896.66332007601,9693.87148,5018.185364684874,5457.86,14914.848684760884,15151.73148,15158.457987999998
2025-11-27 01:15:00+01:00,9896.66332007601,9930.576052,5018.185364684874,5495.824,14914.848684760884,15426.400052,15432.855036
2025-11-27 01:30:00+01:00,9896.66332007601,10176.21222,5018.185364684874,5575.497,14914.848684760884,15751.70922,15758.349396
2025-11-27 01:45:00+01:00,9896.66332007601,10531.458296,5018.185364684874,5641.164,14914.848684760884,16172.622296,16179.2462
2025-11-27 02:00:00+01:00,10170.60113540979,10866.882128,5488.344308995971,5717.414,15658.945444405761,16584.296127999998,16591.092911999996
2025-11-27 02:15:00+01:00,10170.60113540979,11189.636612,5488.344308995971,5758.085,15658.945444405761,16947.721612,16954.588488
2025-11-27 02:30:00+01:00,10170.60113540979,11447.655072,5488.344308995971,5730.531,15658.945444405761,17178.186072,17185.4263
2025-11-27 02:45:00+01:00,10170.60113540979,11755.333284,5492.310726384814,5732.308,15662.911861794604,17487.641284,17494.91144
2025-11-27 03:00:00+01:00,10581.039711083999,11986.13648,5754.484352986584,5776.778,16335.524064070582,17762.91448,17768.458048
2025-11-27 03:15:00+01:00,10581.039711083999,12374.057816,5754.5588583544195,5772.253,16335.598569438418,18146.310816,18151.841964
2025-11-27 03:30:00+01:00,10581.039711083999,12830.967952,5754.5588583544195,5758.63,16335.598569438418,18589.597952,18595.476756
2025-11-27 03:45:00+01:00,10581.039711083999,13278.327904,5754.5588583544195,5815.129,16335.598569438418,19093.456904,19099.525835999997
2025-11-27 04:00:00+01:00,11349.245575680536,13738.558368,5872.554642232445,5723.579,17221.80021791298,19462.137368,19468.147792
2025-11-27 04:15:00+01:00,11349.245575680536,14183.394664,5872.554642232445,5766.725,17221.80021791298,19950.119664,19956.513244
2025-11-27 04:30:00+01:00,11349.245575680536,14771.326564,5877.249326652584,5842.386,17226.49490233312,20613.712564,20620.28106
2025-11-27 04:45:00+01:00,11349.245575680536,15332.575976,5877.249326652584,5807.95,17226.49490233312,21140.525976,21146.758996
2025-11-27 05:00:00+01:00,13045.78383131677,15847.95418,5889.91620845124,5467.113,18935.70003976801,21315.06718,21321.081464000003
2025-11-27 05:15:00+01:00,13045.78383131677,16524.84728,5889.91620845124,5311.28,18935.70003976801,21836.12728,21842.307912
2025-11-27 05:30:00+01:00,13049.246614767877,17125.74088,5889.91620845124,5134.532,18939.162823219118,22260.27288,22266.578876
2025-11-27 05:45:00+01:00,13049.246614767877,17498.090104,5887.016229122491,4918.441,18936.262843890367,22416.531104,22422.42772
2025-11-27 06:00:00+01:00,13720.11995803046,18674.237236,5693.310415412453,5170.819,19413.430373442912,23845.056236,23851.168192
2025-11-27 06:15:00+01:00,13720.11995803046,19167.388576,5693.310415412453,5392.302,19413.430373442912,24559.690576,24566.421352
2025-11-27 06:30:00+01:00,13720.11995803046,19550.75966,5702.317965556025,5695.184,19422.437923586484,25245.94366,25253.303812
2025-11-27 06:45:00+01:00,13720.11995803046,19793.156596,5702.317965556025,5568.765,19422.437923586484,25361.921596,25370.068424
2025-11-27 07:00:00+01:00,16144.587709303834,19945.61308,5644.420706390433,5208.079,21789.00841569427,25153.69208,25163.703872
2025-11-27 07:15:00+01:00,16149.221876236503,20077.418348,5648.8348539984445,5268.131,21798.05673023495,25345.549348,25358.214716
2025-11-27 07:30:00+01:00,16149.221876236503,20591.664156,5648.8348539984445,5303.476,21798.05673023495,25895.140156,25910.337856
2025-11-27 07:45:00+01:00,16145.56359811696,21154.001268,5648.8348539984445,5211.229,21794.398452115405,26365.230268,26399.530596
2025-11-27 08:00:00+01:00,17774.289102407165,21593.02352,5589.95099836149,5018.057,23364.240100768657,26611.08052,26811.446516
2025-11-27 08:15:00+01:00,17698.156856911613,21765.754504,5589.95099836149,5133.817,23288.107855273105,26899.571504,27557.851476
2025-11-27 08:30:00+01:00,17665.404781899124,21668.402692,5590.651074957647,5157.6,23256.055856856772,26826.002692,28148.095844000003
2025-11-27 08:45:00+01:00,17626.310568449677,21842.681108,5590.651074957647,4997.274,23216.961643407325,26839.955108,29006.151428
2025-11-27 09:00:00+01:00,18205.457322988117,21994.517404,5268.691237856596,5213.425,23474.14856084471,27207.942404,30360.591087999997
2025-11-27 09:15:00+01:00,18106.313763283266,22081.09384,5268.691237856596,5182.733,23375.005001139863,27263.82684,31443.824904
2025-11-27 09:30:00+01:00,18106.313763283266,22279.471008,5268.691237856596,4979.013,23375.005001139863,27258.484008,32473.931215999997
2025-11-27 09:45:00+01:00,18106.313763283266,22367.415648,5268.691237856596,4546.709,23375.005001139863,26914.124647999997,33220.608668
2025-11-27 10:00:00+01:00,18291.045669985877,22363.341308,5635.794592169456,4561.147,23926.840262155332,26924.488308,34417.89628
2025-11-27 10:15:00+01:00,18291.045669985877,22572.340196,5635.794592169456,4824.985,23926.840262155332,27397.325196,35948.09018
2025-11-27 10:30:00+01:00,18283.301083937517,22651.648888,5640.359671083646,4969.035,23923.660755021163,27620.683888,37162.62962
2025-11-27 10:45:00+01:00,18283.301083937517,22948.514348,5640.359671083646,4921.263,23923.660755021163,27869.777348,38160.765404
2025-11-27 11:00:00+01:00,18859.460090281245,23239.752396,5906.934889311726,5192.337,24766.394979592973,28432.089396,39240.898856
2025-11-27 11:15:00+01:00,18859.460090281245,23760.920996,5906.934889311726,5341.224,24766.394979592973,29102.144996000003,40387.083728000005
2025-11-27 11:30:00+01:00,18859.460090281245,24193.798128,5906.934889311726,5393.949,24766.394979592973,29587.747128,40784.982008
2025-11-27 11:45:00+01:00,18859.460090281245,24546.95616,5906.934889311726,5413.619,24766.394979592973,29960.57516,41124.94614
2025-11-27 12:00:00+01:00,19930.03182581463,24764.197936,6074.4332063289985,5288.365,26004.465032143627,30052.562936,40952.314996
2025-11-27 12:15:00+01:00,19930.03182581463,24721.152748,6077.27282498768,5221.306,26007.30465080231,29942.458748,40547.956336
2025-11-27 12:30:00+01:00,19930.03182581463,25111.856892,6077.27282498768,5047.108,26007.30465080231,30158.964892,40478.758724
2025-11-27 12:45:00+01:00,19930.03182581463,25602.906252,6077.27282498768,5064.936,26007.30465080231,30667.842252,40569.928912
2025-11-27 13:00:00+01:00,21206.256100075912,25688.255716,5870.950208723518,5507.616,27077.206308799432,31195.871716,40599.04362
2025-11-27 13:15:00+01:00,21206.256100075912,25851.900732,5870.950208723518,5826.603,27077.206308799432,31678.503731999997,40458.829148
2025-11-27 13:30:00+01:00,21206.256100075912,25919.40984,5870.950208723518,6090.896,27077.206308799432,32010.30584,40069.211716
2025-11-27 13:45:00+01:00,21208.75096161601,26023.276256,5870.950208723518,6165.698,27079.701170339526,32188.974256,39361.210556
2025-11-27 14:00:00+01:00,22889.43990785698,26344.265988,5301.795991383388,6197.378,28191.235899240368,32541.643988,38935.837036
2025-11-27 14:15:00+01:00,22977.984860806377,26569.763236,5301.795991383388,6234.605,28279.780852189764,32804.368235999995,38379.93973199999
2025-11-27 14:30:00+01:00,22977.984860806377,26945.341884,5301.795991383388,6279.214,28279.780852189764,33224.555884,37906.173368
2025-11-27 14:45:00+01:00,22978.785992396868,27336.715132,5301.795991383388,6309.046,28280.581983780256,33645.761132,37436.3679
2025-11-27 15:00:00+01:00,23845.011000780498,27610.593552,5358.341968240722,6298.823,29203.35296902122,33909.416551999995,36830.235892
2025-11-27 15:15:00+01:00,23925.605462220414,28008.319916,5361.653523240308,6327.461,29287.25898546072,34335.780916,36430.83462
2025-11-27 15:30:00+01:00,23947.820821364206,28223.561752,5361.653523240308,6328.999,29309.474344604514,34552.560752000005,35892.01581600001
2025-11-27 15:45:00+01:00,23978.84752836897,28373.40962,5361.653523240308,6328.029,29340.501051609277,34701.43862,35402.1079
2025-11-27 16:00:00+01:00,24322.844905883583,28872.935736,5554.056551424608,6307.56,29876.90145730819,35180.495736,35454.478619999994
2025-11-27 16:15:00+01:00,24356.97998796525,29279.307936,5554.056551424608,6045.859,29911.036539389857,35325.166936,35398.542072000004
2025-11-27 16:30:00+01:00,24472.322775404595,29639.554664,5554.056551424608,6030.754,30026.379326829203,35670.308664,35707.598423999996
2025-11-27 16:45:00+01:00,24472.322775404595,29868.938952,5554.056551424608,6242.685,30026.379326829203,36111.623952,36149.785576
2025-11-27 17:00:00+01:00,24870.029077840463,30013.10032,5631.893281158809,6318.964,30501.922358999273,36332.064320000005,36368.209696000005
2025-11-27 17:15:00+01:00,24870.029077840463,30159.088212,5632.314574894443,6295.508,30502.343652734904,36454.596212,36490.29556
2025-11-27 17:30:00+01:00,24993.42477270403,30334.12782,5637.47226608788,6282.372,30630.89703879191,36616.499820000005,36650.342672000006
2025-11-27 17:45:00+01:00,24993.42477270403,30456.04562,5637.47226608788,6334.421,30630.89703879191,36790.46662,36817.831892
2025-11-27 18:00:00+01:00,25625.64521089819,30569.0902,5576.542062473338,6581.367,31202.187273371528,37150.4572,37177.674312
2025-11-27 18:15:00+01:00,25625.64521089819,30591.823188,5576.542062473338,6491.497,31202.187273371528,37083.320188,37107.867024
2025-11-27 18:30:00+01:00,25625.64521089819,30628.721448,5576.542062473338,6567.369,31202.187273371528,37196.090448,37220.35246
2025-11-27 18:45:00+01:00,25625.64521089819,30621.39002,5576.542062473338,6421.532,31202.187273371528,37042.92202,37063.567804
2025-11-27 19:00:00+01:00,26639.4758949025,30585.508084,5604.744782683982,6720.381,32244.220677586483,37305.889084,37322.122212
2025-11-27 19:15:00+01:00,26668.144478479677,30393.75732,5604.744782683982,6903.895,32272.88926116366,37297.65232,37312.660196
2025-11-27 19:30:00+01:00,26654.624716120474,30269.60656,5604.744782683982,6934.226,32259.369498804455,37203.83256,37218.004332
2025-11-27 19:45:00+01:00,26654.624716120474,30203.56694,5604.744782683982,6868.224,32259.369498804455,37071.79094,37085.535092
2025-11-27 20:00:00+01:00,26311.629883718982,30090.995208,5492.692565274331,6872.858,31804.322448993313,36963.853208,36976.211164
2025-11-27 20:15:00+01:00,26311.629883718982,29986.12136,5492.692565274331,6887.083,31804.322448993313,36873.20436,36885.222068
2025-11-27 20:30:00+01:00,26311.629883718982,29842.992272,5492.692565274331,6889.065,31804.322448993313,36732.057272,36743.897312
2025-11-27 20:45:00+01:00,26311.629883718982,29744.991744,5492.692565274331,6892.272,31804.322448993313,36637.263744,36649.626544
2025-11-27 21:00:00+01:00,25950.77382491672,29735.709736,5647.0615183658965,6675.334,31597.835343282615,36411.043736,36422.329172
2025-11-27 21:15:00+01:00,25950.77382491672,29672.524192,5646.664566354756,6471.819,31597.438391271477,36144.343192,36155.6219
2025-11-27 21:30:00+01:00,25950.77382491672,29620.189384,5646.664566354756,6508.757,31597.438391271477,36128.946384,36140.259224
2025-11-27 21:45:00+01:00,25927.24750680616,29508.231964,5646.664566354756,6502.525,31573.91207316092,36010.756964,36021.92602
2025-11-27 22:00:00+01:00,25387.925851962154,28023.519644,5402.750854953622,6376.604,30790.676706915776,34400.123644,34410.845388
2025-11-27 22:15:00+01:00,25387.925851962154,28084.124956,5402.750854953622,6298.724,30790.676706915776,34382.848956,34393.087328
2025-11-27 22:30:00+01:00,25387.925851962154,28085.549628,5402.750854953622,6161.901,30790.676706915776,34247.450628,34255.712968
2025-11-27 22:45:00+01:00,25387.925851962154,28123.412456,5402.750854953622,6091.741,30790.676706915776,34215.153456,34222.961796
2025-11-27 23:00:00+01:00,23258.653716077333,27945.791756,4938.238002959181,5811.045,28196.891719036514,33756.836756,33763.939256
2025-11-27 23:15:00+01:00,23258.653716077333,27804.405876,4938.238002959181,5985.219,28196.891719036514,33789.624876,33796.660792
2025-11-27 23:30:00+01:00,23258.653716077333,27736.756464,4938.238002959181,6014.228,28196.891719036514,33750.984464,33758.445088
2025-11-27 23:45:00+01:00,23258.653716077333,27668.903128,4938.238002959181,5989.677,28196.891719036514,33658.580128,33665.90812
2025-11-28 00:00:00+01:00,22316.99966582848,27747.685612,5197.5479361382095,5622.555,27514.54760196669,33370.240612,33377.405444
2025-11-28 00:15:00+01:00,22316.99966582848,27617.1694,5197.5479361382095,5535.162,27514.54760196669,33152.331399999995,33159.191472
2025-11-28 00:30:00+01:00,22316.99966582848,27537.150604,5197.5479361382095,5455.363,27514.54760196669,32992.513604,32999.111228
2025-11-28 00:45:00+01:00,22316.99966582848,27285.53216,5197.5479361382095,5287.607,27514.54760196669,32573.13916,32579.570044
2025-11-28 01:00:00+01:00,21785.564750063935,27078.062412,4640.7251563649115,5167.334,26426.289906428847,32245.396412,32252.064391999997
2025-11-28 01:15:00+01:00,21785.564750063935,26916.26222,4640.7251563649115,5162.807,26426.289906428847,32079.06922,32085.853968
2025-11-28 01:30:00+01:00,21785.564750063935,26759.13198,4640.7251563649115,5122.186,26426.289906428847,31881.31798,31888.28792
2025-11-28 01:45:00+01:00,21785.564750063935,26472.284036,4640.7251563649115,5150.742,26426.289906428847,31623.026036000003,31630.380448000004
2025-11-28 02:00:00+01:00,21801.13098223582,26337.125848,4619.7264524445245,5320.242,26420.857434680343,31657.367848,31664.464416000003
2025-11-28 02:15:00+01:00,21801.13098223582,26172.568452,4619.7264524445245,5394.668,26420.857434680343,31567.236451999997,31573.7826
2025-11-28 02:30:00+01:00,21801.13098223582,26050.62388,4619.7264524445245,5395.166,26420.857434680343,31445.78988,31452.471204
2025-11-28 02:45:00+01:00,21807.80299560647,25922.912516,4620.63062030989,5414.308,26428.43361591636,31337.220516,31343.83006
2025-11-28 03:00:00+01:00,22448.765029215527,25746.986568,4833.9733722722485,5460.034,27282.738401487775,31207.020568,31213.491656
2025-11-28 03:15:00+01:00,22448.765029215527,25705.52326,4836.2740323291155,5428.45,27285.03906154464,31133.97326,31140.550696
2025-11-28 03:30:00+01:00,22448.765029215527,25649.931812,4837.694474980724,5453.434,27286.459504196253,31103.365812,31110.100292
2025-11-28 03:45:00+01:00,22448.765029215527,25490.146624,4837.694474980724,5461.444,27286.459504196253,30951.590624,30958.361204
2025-11-28 04:00:00+01:00,21187.53472295711,25268.041032,4681.106645849782,5400.487,25868.64136880689,30668.528032,30675.281596
2025-11-28 04:15:00+01:00,21187.53472295711,25160.37042,4681.106645849782,5417.996,25868.64136880689,30578.36642,30585.105431999997
2025-11-28 04:30:00+01:00,21187.53472295711,24994.58434,4686.514858931695,5407.207,25874.049581888805,30401.791340000003,30408.556444
2025-11-28 04:45:00+01:00,21187.53472295711,24915.03062,4686.514858931695,5442.496,25874.049581888805,30357.52662,30364.430324
2025-11-28 05:00:00+01:00,20222.1581185036,24832.042456,4809.189790217161,5564.347,25031.347908720763,30396.389455999997,30403.2577
2025-11-28 05:15:00+01:00,20222.1581185036,24712.366572,4809.189790217161,5616.043,25031.347908720763,30328.409571999997,30335.79012
2025-11-28 05:30:00+01:00,20262.07909705702,24547.8561,4809.189790217161,5638.524,25071.268887274182,30186.3801,30193.950464
2025-11-28 05:45:00+01:00,20262.729704468475,24444.81192,4809.189790217161,5628.511,25071.919494685637,30073.32292,30081.80276
2025-11-28 06:00:00+01:00,20221.181191596064,25514.471924,5306.60272822316,6111.59,25527.783919819223,31626.061924,31634.437244
2025-11-28 06:15:00+01:00,20221.181191596064,25405.375188,5304.985742758667,6757.611,25526.166934354733,32162.986188000003,32170.612688
2025-11-28 06:30:00+01:00,20221.181191596064,25022.75928,5299.119754921175,6823.661,25520.30094651724,31846.42028,31854.753256
2025-11-28 06:45:00+01:00,20221.181191596064,24665.553848,5299.119754921175,6816.311,25520.30094651724,31481.864847999997,31491.268524
2025-11-28 07:00:00+01:00,20545.53266719341,24380.94716,5474.2992471000225,6887.318,26019.83191429343,31268.26516,31290.843311999997
2025-11-28 07:15:00+01:00,20551.910173861233,24019.707616,5474.2992471000225,6892.621,26026.209420961255,30912.328616,30933.636504
2025-11-28 07:30:00+01:00,20551.910173861233,23734.646708,5476.608376277399,6862.664,26028.518550138633,30597.310708,30644.42728
2025-11-28 07:45:00+01:00,20541.118390233605,23637.00836,5476.608376277399,6790.852,26017.726766511005,30427.86036,30521.685232
2025-11-28 08:00:00+01:00,20480.408842888326,23654.30444,5709.901887387142,6809.773,26190.31073027547,30464.07744,30894.4944
2025-11-28 08:15:00+01:00,20349.912694579052,23419.195368,5716.082223101468,6774.644,26065.99491768052,30193.839368,31099.951176
2025-11-28 08:30:00+01:00,20221.841908124516,23046.435036,5716.082223101468,6711.506,25937.924131225984,29757.941036,31250.059244
2025-11-28 08:45:00+01:00,20189.68997257632,22827.121688,5716.082223101468,6668.363,25905.77219567779,29495.484688,31719.045048
2025-11-28 09:00:00+01:00,19711.038873126243,22614.87322,5584.991559824558,6540.089,25296.0304329508,29154.96222,32181.44266
2025-11-28 09:15:00+01:00,19683.840139673077,22378.47174,5584.991559824558,6546.534,25268.831699497634,28925.00574,32771.599644
2025-11-28 09:30:00+01:00,19660.635994826476,22119.150676,5584.991559824558,6467.297,25245.627554651033,28586.447676,33240.564088
2025-11-28 09:45:00+01:00,19660.635994826476,21884.237892,5584.991559824558,6492.411,25245.627554651033,28376.648892,33863.108448
2025-11-28 10:00:00+01:00,19956.42785424135,21540.708652,5728.861670083747,6618.879,25685.289524325097,28159.587652,34508.593948
2025-11-28 10:15:00+01:00,19956.42785424135,21187.865364,5728.861670083747,6619.544,25685.289524325097,27807.409364,35003.661995999995
2025-11-28 10:30:00+01:00,19949.06910451861,20898.856832,5728.861670083747,6729.93,25677.93077460236,27628.786832,35518.741396
2025-11-28 10:45:00+01:00,19949.06910451861,20519.352452,5728.861670083747,6748.945,25677.93077460236,27268.297452,35698.799203999995
2025-11-28 11:00:00+01:00,18931.008513632452,20087.95768,5717.007321693424,6782.129,24648.015835325878,26870.08668,35727.721952
2025-11-28 11:15:00+01:00,18931.008513632452,19734.9295,5717.007321693424,6799.17,24648.015835325878,26534.099499999997,35631.43305199999
2025-11-28 11:30:00+01:00,18931.008513632452,19346.51572,5717.007321693424,6755.55,24648.015835325878,26102.06572,35277.100204
2025-11-28 11:45:00+01:00,18931.008513632452,19086.038384,5717.007321693424,6745.962,24648.015835325878,25832.000384,34976.283156
2025-11-28 12:00:00+01:00,17939.499538490396,18815.718056,5685.821386576652,6824.539,23625.320925067048,25640.257056,34709.341776
2025-11-28 12:15:00+01:00,17939.499538490396,18492.820276,5685.821386576652,6848.786,23625.320925067048,25341.606276,34340.739176
2025-11-28 12:30:00+01:00,17939.499538490396,18136.853472,5685.821386576652,6859.069,23625.320925067048,24995.922472,33825.32674
2025-11-28 12:45:00+01:00,17939.499538490396,17862.231216,5685.821386576652,6825.402,23625.320925067048,24687.633216,33192.844788
2025-11-28 13:00:00+01:00,17392.888181794424,17687.977424,5673.009430007324,6838.443,23065.89761180175,24526.420424,32611.236156
2025-11-28 13:15:00+01:00,17392.888181794424,17460.420048,5673.009430007324,6764.714,23065.89761180175,24225.134048,31752.338412
2025-11-28 13:30:00+01:00,17392.888181794424,17186.336524,5673.009430007324,6702.61,23065.89761180175,23888.946524,30809.168168
2025-11-28 13:45:00+01:00,17400.246931517162,16987.88156,5673.009430007324,6702.448,23073.256361524487,23690.32956,29874.867888
2025-11-28 14:00:00+01:00,16967.119239279713,16787.219376,5569.894883769247,6634.19,22537.01412304896,23421.409376,28829.654956
2025-11-28 14:15:00+01:00,16967.119239279713,16642.825592,5569.894883769247,6457.141,22537.01412304896,23099.966592,27717.048316
2025-11-28 14:30:00+01:00,16967.119239279713,15691.185104,5571.671377966109,6365.204,22538.79061724582,22056.389104,25880.189076
2025-11-28 14:45:00+01:00,16972.614725508814,15355.971392,5571.671377966109,6342.134,22544.286103474922,21698.105392,24694.048155999997
2025-11-28 15:00:00+01:00,17837.654611457045,15478.892484,5476.608481618654,6034.335,23314.2630930757,21513.227484,23733.218888
2025-11-28 15:15:00+01:00,17883.695518837838,15523.861768,5478.971289454895,5692.151,23362.66680829273,21216.012768,22733.500688
2025-11-28 15:30:00+01:00,17907.83067855827,15656.684408,5482.858134879575,5662.19,23390.688813437846,21318.874408,22207.620012
2025-11-28 15:45:00+01:00,17996.401330580655,15963.033452,5482.858134879575,5700.142,23479.25946546023,21663.175452,22078.236952
2025-11-28 16:00:00+01:00,19217.606634654403,16115.919572,5516.3636418560955,5751.192,24733.9702765105,21867.111572,22000.731792
2025-11-28 16:15:00+01:00,19343.481129313714,16404.713568,5516.3636418560955,5802.836,24859.84477116981,22207.549568,22255.869196
2025-11-28 16:30:00+01:00,19480.55695893509,16877.553156,5517.177487524087,5810.128,24997.734446459177,22687.681156,22739.990092000004
2025-11-28 16:45:00+01:00,19480.55695893509,17240.73564,5517.177487524087,5776.249,24997.734446459177,23016.98464,23101.90784
2025-11-28 17:00:00+01:00,19757.3665119181,17843.538636,5533.144236436187,5844.031,25290.510748354285,23687.569636,23752.42156
2025-11-28 17:15:00+01:00,19757.3665119181,18454.825912,5534.279527272372,5855.384,25291.64603919047,24310.209912,24364.194099999997
2025-11-28 17:30:00+01:00,19826.45448697298,18929.2167,5542.244008188407,5858.811,25368.698495161385,24788.0277,24843.546068
2025-11-28 17:45:00+01:00,19826.45448697298,19337.746928,5542.244008188407,5849.104,25368.698495161385,25186.850928,25246.39128
2025-11-28 18:00:00+01:00,19862.559289108947,19669.59886,5595.678103355672,5670.698,25458.23739246462,25340.29686,25378.380496
2025-11-28 18:15:00+01:00,19862.559289108947,20162.249548,5595.678103355672,5675.412,25458.23739246462,25837.661548,25862.341152
2025-11-28 18:30:00+01:00,19862.559289108947,20674.142904,5595.678103355672,5804.673,25458.23739246462,26478.815904,26500.787227999997
2025-11-28 18:45:00+01:00,19862.559289108947,21080.858044,5595.678103355672,5851.295,25458.23739246462,26932.153044,26951.051008
2025-11-28 19:00:00+01:00,19577.92580905835,21361.013368,5365.981335651247,5510.893,24943.907144709596,26871.906368,26898.677312
2025-11-28 19:15:00+01:00,19623.93027423355,21547.202532,5365.981335651247,5361.656,24989.911609884795,26908.858532,26924.106055999997
2025-11-28 19:30:00+01:00,19595.173973957648,21583.48482,5364.719009591787,5443.357,24959.892983549435,27026.84182,27041.602212
2025-11-28 19:45:00+01:00,19595.173973957648,21755.208376,5364.719009591787,5367.624,24959.892983549435,27122.832376,27136.083548
2025-11-28 20:00:00+01:00,19996.919861827748,21928.599248,5311.0075737467405,5474.665,25307.92743557449,27403.264248,27415.14624
2025-11-28 20:15:00+01:00,19996.919861827748,22074.840228,5311.0075737467405,5386.031,25307.92743557449,27460.871228,27471.520788
2025-11-28 20:30:00+01:00,19996.919861827748,21963.32628,5311.0075737467405,5413.517,25307.92743557449,27376.84328,27386.81062
2025-11-28 20:45:00+01:00,19990.79775136754,22143.537436,5311.0075737467405,5398.768,25301.80532511428,27542.305436,27550.967164
2025-11-28 21:00:00+01:00,20192.361184524292,22235.802432,5271.131442322613,5450.722,25463.492626846906,27686.524432,27695.350995999997
2025-11-28 21:15:00+01:00,20192.361184524292,22257.249088,5264.900886155995,5485.313,25457.262070680288,27742.562088,27751.4589
2025-11-28 21:30:00+01:00,20192.361184524292,22379.9014,5264.900886155995,5470.54,25457.262070680288,27850.4414,27859.022052
2025-11-28 21:45:00+01:00,20192.361184524292,22342.279224,5262.220224093768,5473.644,25454.58140861806,27815.923224,27824.602416
2025-11-28 22:00:00+01:00,20106.923759251633,21237.098088,5125.424696963591,5322.876,25232.348456215223,26559.974088,26568.28948
2025-11-28 22:15:00+01:00,20106.923759251633,21188.653168,5125.424696963591,5337.039,25232.348456215223,26525.692168,26534.227156
2025-11-28 22:30:00+01:00,20106.923759251633,21167.184848,5125.424696963591,5306.176,25232.348456215223,26473.360848,26480.3698
2025-11-28 22:45:00+01:00,20106.923759251633,20994.560476,5125.424696963591,5300.466,25232.348456215223,26295.026476,26301.949896
2025-11-28 23:00:00+01:00,19248.26152333953,20843.376352,5195.755763693643,5051.047,24444.017287033173,25894.423352,25901.601671999997
2025-11-28 23:15:00+01:00,19248.26152333953,20596.4705,5195.755763693643,4989.872,24444.017287033173,25586.3425,25593.325944
2025-11-28 23:30:00+01:00,19248.26152333953,20366.336504,5195.755763693643,5002.15,24444.017287033173,25368.486504,25375.63166
2025-11-28 23:45:00+01:00,19248.26152333953,20183.952,5195.755763693643,5003.185,24444.017287033173,25187.137,25194.679876
2025-11-29 00:00:00+01:00,19784.96826223871,19822.847628,5427.072111584293,5095.826,25212.040373823005,24918.673628,24926.252492
2025-11-29 00:15:00+01:00,19784.96826223871,19439.237628,5427.072111584293,5069.13,25212.040373823005,24508.367628,24515.166224
2025-11-29 00:30:00+01:00,19784.96826223871,19139.903472,5427.072111584293,5036.708,25212.040373823005,24176.611472,24183.214376
2025-11-29 00:45:00+01:00,19784.96826223871,18908.928812,5427.072111584293,5019.963,25212.040373823005,23928.891812,23935.563575999997
2025-11-29 01:00:00+01:00,19194.347400179908,18508.52024,5501.220827059082,5227.012,24695.56822723899,23735.53224,23741.955436
2025-11-29 01:15:00+01:00,19194.347400179908,18212.81518,5501.220827059082,5260.193,24695.56822723899,23473.00818,23479.492072
2025-11-29 01:30:00+01:00,19194.347400179908,17774.686788,5501.220827059082,5273.93,24695.56822723899,23048.616788,23054.748128
2025-11-29 01:45:00+01:00,19194.347400179908,17261.232716,5501.220827059082,5307.739,24695.56822723899,22568.971716,22575.262036
2025-11-29 02:00:00+01:00,18652.05083249086,16847.977884,5689.338861378829,5295.544,24341.38969386969,22143.521884,22149.613624
2025-11-29 02:15:00+01:00,18652.05083249086,16362.698668,5689.338861378829,5307.056,24341.38969386969,21669.754668,21675.69078
2025-11-29 02:30:00+01:00,18652.05083249086,15979.25374,5689.338861378829,5347.265,24341.38969386969,21326.51874,21332.944756
2025-11-29 02:45:00+01:00,18652.05083249086,15634.53212,5694.694498104506,5331.238,24346.745330595364,20965.77012,20972.266436
2025-11-29 03:00:00+01:00,18695.55195425751,15181.967336,5624.293759836059,5518.529,24319.845714093568,20700.496336,20706.407432
2025-11-29 03:15:00+01:00,18695.55195425751,14787.399368,5624.293759836059,5618.943,24319.845714093568,20406.342368,20412.314756
2025-11-29 03:30:00+01:00,18695.55195425751,14456.981512,5624.293759836059,5573.106,24319.845714093568,20030.087512,20036.04454
2025-11-29 03:45:00+01:00,18695.55195425751,14093.672216,5624.293759836059,5422.96,24319.845714093568,19516.632216,19522.47964
2025-11-29 04:00:00+01:00,17216.577856127362,13892.858876,4992.095598863845,5317.398,22208.673454991207,19210.256876,19216.010908
2025-11-29 04:15:00+01:00,17216.577856127362,13569.697136,4992.095598863845,5255.833,22208.673454991207,18825.530136,18831.556492
2025-11-29 04:30:00+01:00,17216.577856127362,13172.144004,4996.590927765656,5254.041,22213.168783893016,18426.185004,18432.23216
2025-11-29 04:45:00+01:00,17216.577856127362,12669.459148,4996.590927765656,5367.16,22213.168783893016,18036.619148,18042.73108
2025-11-29 05:00:00+01:00,14387.439307357366,12517.65758,4711.370215276308,5516.707,19098.809522633674,18034.36458,18043.75284
2025-11-29 05:15:00+01:00,14387.439307357366,12221.607396,4711.370215276308,5326.704,19098.809522633674,17548.311395999997,17555.324031999997
2025-11-29 05:30:00+01:00,14397.511148085994,11975.084212,4711.370215276308,5218.677,19108.881363362303,17193.761211999998,17200.657543999998
2025-11-29 05:45:00+01:00,14404.49348153564,11937.169344,4704.2964152967015,5171.588,19108.789896832342,17108.757343999998,17115.879731999998
2025-11-29 06:00:00+01:00,13515.613503413311,12123.997292,4458.6774495905765,5073.743,17974.29095300389,17197.740292000002,17204.592520000002
2025-11-29 06:15:00+01:00,13521.66904051256,12134.97438,4468.336581893385,5161.046,17990.005622405944,17296.02038,17302.696812000002
2025-11-29 06:30:00+01:00,13521.66904051256,12222.708468,4476.193360824876,5357.048,17997.862401337436,17579.756468,17587.016924
2025-11-29 06:45:00+01:00,13521.66904051256,12201.233572,4476.193360824876,5426.514,17997.862401337436,17627.747572,17635.846124
2025-11-29 07:00:00+01:00,13581.81303647562,12187.398548,4703.2549272881015,5224.695,18285.067963763722,17412.093547999997,17421.333839999996
2025-11-29 07:15:00+01:00,13581.01372561542,12381.906844,4703.2549272881015,5170.897,18284.26865290352,17552.803844,17563.244435999997
2025-11-29 07:30:00+01:00,13581.01372561542,12360.466312,4703.2549272881015,5211.742,18284.26865290352,17572.208312000002,17587.699532000002
2025-11-29 07:45:00+01:00,13570.105782109282,12296.962892,4703.2549272881015,5260.396,18273.360709397384,17557.358892,17590.751208
2025-11-29 08:00:00+01:00,14313.739678129543,12425.793648,5276.423856822738,5565.72,19590.16353495228,17991.513648,18091.410652
2025-11-29 08:15:00+01:00,14078.287997320462,12371.149884,5276.423856822738,5737.706,19354.7118541432,18108.855884,18437.102024
2025-11-29 08:30:00+01:00,14019.655712574788,12350.201464,5276.423856822738,5916.019,19296.079569397527,18266.220464,19000.37348
2025-11-29 08:45:00+01:00,14009.866768586431,12185.239888,5276.423856822738,6029.477,19286.29062540917,18214.716888,19460.37458
2025-11-29 09:00:00+01:00,14337.011081589984,11993.926744,5458.291285373014,5982.08,19795.302366963,17976.006744,19881.673088
2025-11-29 09:15:00+01:00,14283.266342519963,11821.15652,5458.291285373014,5801.581,19741.557627892977,17622.737520000002,20185.798984
2025-11-29 09:30:00+01:00,14282.303934463058,11837.95758,5458.291285373014,5840.427,19740.595219836072,17678.384579999998,20978.0856
2025-11-29 09:45:00+01:00,14282.303934463058,11792.723328,5458.291285373014,5896.257,19740.595219836072,17688.980327999998,21785.04666
2025-11-29 10:00:00+01:00,13992.22227796066,11732.207444,5356.13028952871,5932.903,19348.352567489368,17665.110443999998,22584.30738
2025-11-29 10:15:00+01:00,13992.22227796066,11539.181396,5356.13028952871,5815.969,19348.352567489368,17355.150396,23025.786936
2025-11-29 10:30:00+01:00,13992.22227796066,11503.656032,5356.13028952871,5872.74,19348.352567489368,17376.396032,23681.954984
2025-11-29 10:45:00+01:00,13992.22227796066,11509.475516,5356.13028952871,5808.227,19348.352567489368,17317.702516,24216.706156
2025-11-29 11:00:00+01:00,12633.517196904679,11635.275584,5619.672474791667,5669.128,18253.189671696346,17304.403584,24756.011232
2025-11-29 11:15:00+01:00,12633.517196904679,11542.668372,5619.672474791667,5633.339,18253.189671696346,17176.007372,25052.630312
2025-11-29 11:30:00+01:00,12633.517196904679,11393.410592,5619.672474791667,5688.092,18253.189671696346,17081.502592,25334.917344
2025-11-29 11:45:00+01:00,12633.517196904679,11167.831592,5619.672474791667,5763.192,18253.189671696346,16931.023592,25356.797408
2025-11-29 12:00:00+01:00,12505.693867184202,10926.68934,5658.620085731185,5794.278,18164.313952915385,16720.967340000003,25257.628608000003
2025-11-29 12:15:00+01:00,12505.693867184202,10751.126352,5658.620085731185,5750.973,18164.313952915385,16502.099351999997,25039.919532
2025-11-29 12:30:00+01:00,12505.693867184202,10627.466176,5658.620085731185,5747.007,18164.313952915385,16374.473176,24820.369788
2025-11-29 12:45:00+01:00,12505.693867184202,10540.845088,5658.620085731185,5734.053,18164.313952915385,16274.898088,24487.126308
2025-11-29 13:00:00+01:00,13010.57493264033,10418.39404,5770.880210826784,5727.647,18781.455143467112,16146.04104,24024.779756
2025-11-29 13:15:00+01:00,13010.57493264033,10418.019212,5770.880210826784,5639.875,18781.455143467112,16057.894212,23549.03776
2025-11-29 13:30:00+01:00,13010.57493264033,10368.94066,5770.880210826784,5556.429,18781.455143467112,15925.36966,22961.065204
2025-11-29 13:45:00+01:00,13010.57493264033,10500.52502,5770.880210826784,5501.554,18781.455143467112,16002.07902,22399.062468
2025-11-29 14:00:00+01:00,14584.52984488577,10684.764184,5810.489031519748,5346.204,20395.01887640552,16030.968184,21713.66494
2025-11-29 14:15:00+01:00,14584.52984488577,10864.544932,5810.489031519748,5314.061,20395.01887640552,16178.605932,21080.155924
2025-11-29 14:30:00+01:00,14584.52984488577,10954.076712,5810.489031519748,5254.804,20395.01887640552,16208.880712,20356.939788
2025-11-29 14:45:00+01:00,14586.835854723371,11109.2644,5810.489031519748,5155.656,20397.32488624312,16264.9204,19663.415844
2025-11-29 15:00:00+01:00,15784.131002291739,11412.059564,5908.1899739462,5097.981,21692.320976237937,16510.040564,19094.324011999997
2025-11-29 15:15:00+01:00,15807.971452065272,11599.53554,5909.987467340926,5149.495,21717.9589194062,16749.03054,18554.634716
2025-11-29 15:30:00+01:00,15818.354074566234,11940.713584,5910.575566756237,5151.657,21728.929641322473,17092.370584,18224.925204
2025-11-29 15:45:00+01:00,15836.719633530587,12398.398084,5910.575566756237,5089.244,21747.295200286826,17487.642084,18045.873168
2025-11-29 16:00:00+01:00,18984.83784129992,13110.90088,5960.7485372061265,5051.594,24945.586378506046,18162.49488,18371.226612
2025-11-29 16:15:00+01:00,19137.250190243365,13851.70996,5960.7485372061265,5136.064,25097.998727449492,18987.77396,19039.349096
2025-11-29 16:30:00+01:00,19226.921949634605,14604.80946,5960.7485372061265,5326.324,25187.670486840732,19931.13346,19964.411016
2025-11-29 16:45:00+01:00,19226.921949634605,15226.848256,5960.7485372061265,5520.273,25187.670486840732,20747.121256,20785.46904
2025-11-29 17:00:00+01:00,21206.639992087352,15884.93792,5887.912446890545,5663.498,27094.552438977895,21548.43592,21588.538332
2025-11-29 17:15:00+01:00,21206.639992087352,16557.000504,5887.912446890545,5754.55,27094.552438977895,22311.550504,22348.15862
2025-11-29 17:30:00+01:00,21296.244346186984,17005.456336,5902.804874922158,5783.022,27199.04922110914,22788.478336,22817.636136
2025-11-29 17:45:00+01:00,21296.244346186984,17555.328196,5902.804874922158,5528.57,27199.04922110914,23083.898196,23113.931864
2025-11-29 18:00:00+01:00,23773.000410578046,17909.71434,5788.697016775144,5851.71,29561.69742735319,23761.42434,23787.282268
2025-11-29 18:15:00+01:00,23773.000410578046,18292.34272,5788.697016775144,5819.527,29561.69742735319,24111.86972,24132.692568
2025-11-29 18:30:00+01:00,23773.000410578046,18705.071708,5788.697016775144,5763.095,29561.69742735319,24468.166708,24487.220388
2025-11-29 18:45:00+01:00,23773.000410578046,19038.889072,5788.697016775144,5787.089,29561.69742735319,24825.978072,24842.488832000003
2025-11-29 19:00:00+01:00,24166.98964962587,19364.593252,5733.243134898039,5790.913,29900.23278452391,25155.506252,25175.952144
2025-11-29 19:15:00+01:00,24178.520821917395,19578.80348,5733.243134898039,5734.536,29911.763956815434,25313.33948,25327.493575999997
2025-11-29 19:30:00+01:00,24160.178485981716,19759.286344,5730.234594952367,5866.29,29890.413080934082,25625.576344,25637.954824
2025-11-29 19:45:00+01:00,24160.178485981716,20098.3357,5730.234594952367,5892.283,29890.413080934082,25990.6187,26002.347336
2025-11-29 20:00:00+01:00,25033.827441286434,20445.395248,5785.596224712972,5881.161,30819.423665999406,26326.556248,26341.071040000003
2025-11-29 20:15:00+01:00,25033.827441286434,20623.601432,5785.596224712972,5800.659,30819.423665999406,26424.260432,26434.232684
2025-11-29 20:30:00+01:00,25033.827441286434,20849.563612,5785.596224712972,5765.176,30819.423665999406,26614.739612,26624.592112
2025-11-29 20:45:00+01:00,25016.599846490102,20825.002072,5783.504701616427,5690.322,30800.10454810653,26515.324072,26525.317432
2025-11-29 21:00:00+01:00,25735.093638012768,20849.087396,5755.50818272086,5775.248,31490.601820733627,26624.335396,26633.574416
2025-11-29 21:15:00+01:00,25735.093638012768,20949.486516,5750.322706370813,5762.807,31485.41634438358,26712.293516,26721.151956
2025-11-29 21:30:00+01:00,25735.093638012768,20906.968272,5750.322706370813,5800.664,31485.41634438358,26707.632272,26716.802252
2025-11-29 21:45:00+01:00,25718.73301785709,20725.767556,5731.063320311254,5773.414,31449.796338168344,26499.181556,26508.47054
2025-11-29 22:00:00+01:00,25392.917106276527,20037.206504,5872.543372100542,6133.67,31265.46047837707,26170.876504,26180.304388
2025-11-29 22:15:00+01:00,25392.917106276527,20038.779684,5868.478278169045,6181.145,31261.395384445572,26219.924684,26229.658228
2025-11-29 22:30:00+01:00,25392.917106276527,20115.429948,5868.478278169045,6208.145,31261.395384445572,26323.574948,26331.64858
2025-11-29 22:45:00+01:00,25392.917106276527,20273.415456,5868.478278169045,6200.238,31261.395384445572,26473.653456,26480.900664
2025-11-29 23:00:00+01:00,24684.18785888189,20376.96448,5836.113502236212,6267.787,30520.3013611181,26644.75148,26652.145192
2025-11-29 23:15:00+01:00,24684.18785888189,20482.774368,5836.113502236212,6330.805,30520.3013611181,26813.579368,26820.229856
2025-11-29 23:30:00+01:00,24684.18785888189,20671.22918,5836.113502236212,6464.956,30520.3013611181,27136.18518,27143.138768
2025-11-29 23:45:00+01:00,24684.18785888189,20844.136744,5836.113502236212,6519.973,30520.3013611181,27364.109744,27372.238072
2025-11-30 00:00:00+01:00,24556.52443542854,20979.517232,5963.656633777381,6126.676,30520.18106920592,27106.193232,27113.545572
2025-11-30 00:15:00+01:00,24556.52443542854,21135.52852,5970.548496954325,6049.482,30527.072932382864,27185.01052,27191.880556
2025-11-30 00:30:00+01:00,24556.52443542854,21158.465592,5970.548496954325,6075.415,30527.072932382864,27233.880592,27240.469616
2025-11-30 00:45:00+01:00,24556.52443542854,21035.653532,5970.548496954325,6119.805,30527.072932382864,27155.458532,27162.706496
2025-11-30 01:00:00+01:00,24222.870342439368,21026.277844,5663.098797494984,6069.81,29885.96913993435,27096.087844,27102.40892
2025-11-30 01:15:00+01:00,24222.870342439368,21135.937112,5663.098797494984,6021.837,29885.96913993435,27157.774112,27164.4126
2025-11-30 01:30:00+01:00,24222.870342439368,21257.632412,5663.098797494984,6075.099,29885.96913993435,27332.731412,27339.195736
2025-11-30 01:45:00+01:00,24222.870342439368,21297.6944,5663.098797494984,6060.265,29885.96913993435,27357.9594,27364.369872
2025-11-30 02:00:00+01:00,23847.525369756884,21129.180284,5647.669633172512,6046.664,29495.195002929395,27175.844284,27182.81288
2025-11-30 02:15:00+01:00,23847.525369756884,21170.872124,5647.669633172512,6119.462,29495.195002929395,27290.334124,27297.673052
2025-11-30 02:30:00+01:00,23847.525369756884,21111.057164,5647.669633172512,6165.697,29495.195002929395,27276.754164,27284.315084
2025-11-30 02:45:00+01:00,23847.525369756884,20799.727104,5679.14473099684,6132.499,29526.670100753723,26932.226104,26939.208192
2025-11-30 03:00:00+01:00,22461.543486076644,20563.949732,5956.420473825101,6190.977,28417.963959901746,26754.926732,26761.908172
2025-11-30 03:15:00+01:00,22461.543486076644,20482.269492,5959.2332439380825,6188.094,28420.776730014724,26670.363492,26677.68162
2025-11-30 03:30:00+01:00,22461.543486076644,20413.424836,5959.2332439380825,6201.517,28420.776730014724,26614.941836,26622.426839999996
2025-11-30 03:45:00+01:00,22461.543486076644,20486.100748,5959.2332439380825,6218.785,28420.776730014724,26704.885748,26712.05598
2025-11-30 04:00:00+01:00,21837.361353036515,20271.098088,5968.875941555909,6253.833,27806.23729459242,26524.931088,26532.123768
2025-11-30 04:15:00+01:00,21845.500816527972,19968.04684,5968.875941555909,6227.552,27814.376758083883,26195.59884,26202.512268
2025-11-30 04:30:00+01:00,21845.500816527972,19862.628724,5974.841266163262,6236.589,27820.342082691233,26099.217724,26106.79654
2025-11-30 04:45:00+01:00,21845.500816527972,19668.670992,5974.841266163262,6287.889,27820.342082691233,25956.559992,25963.783148
2025-11-30 05:00:00+01:00,20663.53617913273,19686.097444,6013.684386809702,6440.504,26677.220565942433,26126.601444,26133.321452
2025-11-30 05:15:00+01:00,20663.53617913273,19583.117364,6008.238629531466,6397.383,26671.774808664195,25980.500364,25986.84924
2025-11-30 05:30:00+01:00,20677.44428809491,19406.54456,6008.238629531466,6430.354,26685.68291762638,25836.89856,25842.922396
2025-11-30 05:45:00+01:00,20677.44428809491,19187.344808,6008.238629531466,6477.996,26685.68291762638,25665.340808,25671.80814
2025-11-30 06:00:00+01:00,20268.892465570345,19647.509428,5900.307613560231,6608.417,26169.200079130576,26255.926428,26263.457924
2025-11-30 06:15:00+01:00,20268.892465570345,19315.628032,5905.755663579543,6599.375,26174.648129149886,25915.003032,25922.680364
2025-11-30 06:30:00+01:00,20268.892465570345,18933.801344,5917.24319768207,6548.78,26186.135663252415,25482.581344,25491.39108
2025-11-30 06:45:00+01:00,20268.892465570345,18939.829404,5917.24319768207,6491.48,26186.135663252415,25431.309404,25441.293148
2025-11-30 07:00:00+01:00,19454.377061384734,18875.313492,5830.755404186241,6402.189,25285.132465570976,25277.502492,25287.717992
2025-11-30 07:15:00+01:00,19462.003595523955,18773.973344,5837.887903456186,6357.714,25299.89149898014,25131.687344,25143.673368000003
2025-11-30 07:30:00+01:00,19462.003595523955,18905.878548,5837.887903456186,6373.043,25299.89149898014,25278.921548,25304.284108
2025-11-30 07:45:00+01:00,19462.003595523955,18918.33672,5837.887903456186,6363.972,25299.89149898014,25282.30872,25364.288928
2025-11-30 08:00:00+01:00,19805.167064757105,18913.297824,5678.838116778185,6372.821,25484.00518153529,25286.118824,25629.077864000003
2025-11-30 08:15:00+01:00,19651.89033273562,18993.145292,5678.838116778185,6283.937,25330.728449513805,25277.082292,26099.981476
2025-11-30 08:30:00+01:00,19613.775835338394,18993.825148,5678.838116778185,6229.797,25292.61395211658,25223.622148,26709.455532
2025-11-30 08:45:00+01:00,19596.80445270761,18856.92944,5678.838116778185,6132.244,25275.642569485794,24989.17344,27247.331708
2025-11-30 09:00:00+01:00,18842.474870676077,18427.250492,5769.505621377369,6467.765,24611.980492053444,24895.015492,27948.135843999997
2025-11-30 09:15:00+01:00,18842.474870676077,17844.531444,5769.505621377369,6435.471,24611.980492053444,24280.002444,28237.534048
2025-11-30 09:30:00+01:00,18842.474870676077,17563.252124,5769.505621377369,6377.768,24611.980492053444,23941.020124,28772.365044
2025-11-30 09:45:00+01:00,18842.474870676077,17417.894708,5767.079732579123,6334.353,24609.5546032552,23752.247708,29445.346835999997
2025-11-30 10:00:00+01:00,17858.28021503268,16930.945724,5513.882371450881,6427.63,23372.16258648356,23358.575724,29816.565188
2025-11-30 10:15:00+01:00,17858.28021503268,16684.032188,5513.882371450881,6449.334,23372.16258648356,23133.366188,30265.635712
2025-11-30 10:30:00+01:00,17850.791017616855,16483.117772,5513.294582642803,6440.752,23364.08560025966,22923.869772,30615.571092
2025-11-30 10:45:00+01:00,17850.791017616855,16211.480148,5513.294582642803,6344.703,23364.08560025966,22556.183148,30767.49402
2025-11-30 11:00:00+01:00,18311.82675795892,15878.489132,5594.581574512848,5758.794,23906.40833247177,21637.283132,30213.223276
2025-11-30 11:15:00+01:00,18311.82675795892,15544.001776,5594.581574512848,5601.75,23906.40833247177,21145.751775999997,30047.909456
2025-11-30 11:30:00+01:00,18311.82675795892,15340.699192,5594.581574512848,5546.002,23906.40833247177,20886.701192,29986.73218
2025-11-30 11:45:00+01:00,18311.82675795892,15191.081096,5594.581574512848,5493.371,23906.40833247177,20684.452096,29691.1741
2025-11-30 12:00:00+01:00,17472.623811957415,15141.95946,5592.984340619005,5093.31,23065.60815257642,20235.26946,29080.398468
2025-11-30 12:15:00+01:00,17472.623811957415,15049.524528,5592.984340619005,4969.091,23065.60815257642,20018.615528,28700.098248
2025-11-30 12:30:00+01:00,17472.623811957415,14874.29326,5592.984340619005,4794.003,23065.60815257642,19668.29626,28105.074999999997
2025-11-30 12:45:00+01:00,17472.623811957415,14761.529208,5592.984340619005,4513.777,23065.60815257642,19275.306208,27336.863876000003
2025-11-30 13:00:00+01:00,14797.21605738759,14600.034332,5602.541958809311,4261.031,20399.7580161969,18861.065332,26376.430731999997
2025-11-30 13:15:00+01:00,14797.21605738759,14867.62844,5602.541958809311,4169.416,20399.7580161969,19037.04444,25902.019056
2025-11-30 13:30:00+01:00,14797.21605738759,14799.827336,5602.541958809311,4310.833,20399.7580161969,19110.660336,25218.095432
2025-11-30 13:45:00+01:00,14797.239383399086,14926.646688,5602.541958809311,4238.285,20399.781342208396,19164.931688,24512.262444
2025-11-30 14:00:00+01:00,15109.21452313392,15187.991556,5407.72479350616,4249.014,20516.93931664008,19437.005556,23954.198724
2025-11-30 14:15:00+01:00,15109.21452313392,15375.09894,5407.72479350616,4184.849,20516.93931664008,19559.94794,23338.368464
2025-11-30 14:30:00+01:00,15109.21452313392,15387.150392,5407.72479350616,4137.988,20516.93931664008,19525.138392,22617.455944
2025-11-30 14:45:00+01:00,15107.337362323537,15887.281816,5407.72479350616,4105.304,20515.062155829695,19992.585816,22434.126775999997
2025-11-30 15:00:00+01:00,17055.017371180715,16367.539096,5528.528033513456,4285.886,22583.54540469417,20653.425096,22496.480964
2025-11-30 15:15:00+01:00,17055.017371180715,16766.30492,5528.528033513456,4443.949,22583.54540469417,21210.25392,22475.305048
2025-11-30 15:30:00+01:00,17066.945283672463,17414.367004,5528.528033513456,4478.541,22595.47331718592,21892.908004,22647.833296
2025-11-30 15:45:00+01:00,17068.800655325762,18101.751396,5528.528033513456,4488.273,22597.328688839218,22590.024396,22941.583228
2025-11-30 16:00:00+01:00,18299.749850784217,18636.79708,5504.635179415933,4292.562,23804.385030200152,22929.35908,23049.808640000003
2025-11-30 16:15:00+01:00,18353.638019513786,19061.477568,5504.635179415933,4319.805,23858.273198929717,23381.282568,23428.81302
2025-11-30 16:30:00+01:00,18438.006970659753,19673.019904,5484.458161804165,4379.157,23922.46513246392,24052.176904,24085.151848
2025-11-30 16:45:00+01:00,18438.006970659753,20280.433244,5484.458161804165,4584.86,23922.46513246392,24865.293244,24893.550648
2025-11-30 17:00:00+01:00,18641.09931514859,20580.622368,5375.121137971208,4755.459,24016.220453119797,25336.081368,25364.209056
2025-11-30 17:15:00+01:00,18641.09931514859,20904.934116,5375.121137971208,4805.726,24016.220453119797,25710.660116,25736.137104
2025-11-30 17:30:00+01:00,18725.130618786283,21107.84504,5376.195084388787,4816.567,24101.32570317507,25924.41204,25947.87712
2025-11-30 17:45:00+01:00,18725.130618786283,21486.631648,5376.195084388787,4859.347,24101.32570317507,26345.978647999997,26366.815295999997
2025-11-30 18:00:00+01:00,19889.09924085392,21767.014576,5355.825852505449,4810.292,25244.92509335937,26577.306576000003,26597.205876000004
2025-11-30 18:15:00+01:00,19889.09924085392,21878.776456,5355.825852505449,4799.782,25244.92509335937,26678.558456,26696.968171999997
2025-11-30 18:30:00+01:00,19875.755727994743,21639.279476,5355.825852505449,4864.36,25231.58158050019,26503.639476,26520.179688
2025-11-30 18:45:00+01:00,19875.755727994743,21540.705412,5355.825852505449,4848.376,25231.58158050019,26389.081412,26404.425564
2025-11-30 19:00:00+01:00,20532.852105019218,21479.488864,5400.089975707149,4857.763,25932.942080726367,26337.251864,26351.060636
2025-11-30 19:15:00+01:00,20580.842276834082,21427.386468,5400.089975707149,5062.296,25980.93225254123,26489.682468,26510.895984
2025-11-30 19:30:00+01:00,20566.119269082403,21401.413144,5398.603941680554,5010.372,25964.723210762957,26411.785144,26435.931803999996
2025-11-30 19:45:00+01:00,20566.119269082403,21370.893356,5398.603941680554,5166.204,25964.723210762957,26537.097356,26547.644824
2025-11-30 20:00:00+01:00,19829.325853180195,21246.568776,5519.181818136808,5298.347,25348.507671317002,26544.915776,26553.825732
2025-11-30 20:15:00+01:00,19829.325853180195,21222.520352,5519.181818136808,5372.704,25348.507671317002,26595.224351999997,26603.764195999996
2025-11-30 20:30:00+01:00,19829.325853180195,21081.412276,5519.181818136808,5346.164,25348.507671317002,26427.576276,26435.574044
2025-11-30 20:45:00+01:00,19826.701809734357,20994.543076,5519.181818136808,5385.198,25345.883627871164,26379.741076,26387.6486
2025-11-30 21:00:00+01:00,19412.77555183031,21001.089916,5521.512674445563,5535.971,24934.288226275872,26537.060916,26544.735196
2025-11-30 21:15:00+01:00,19412.77555183031,20677.701284,5522.684532990949,5577.136,24935.460084821258,26254.837284,26262.31636
2025-11-30 21:30:00+01:00,19412.77555183031,20323.229692,5522.684532990949,5346.355,24935.460084821258,25669.584692,25677.305516
2025-11-30 21:45:00+01:00,19400.724428034668,19974.900328,5521.745026108877,5378.33,24922.469454143546,25353.230328,25360.972572
2025-11-30 22:00:00+01:00,19746.389634051997,18890.228308,5620.35987901684,5813.414,25366.749513068837,24703.642308,24711.59772
2025-11-30 22:15:00+01:00,19746.389634051997,18646.25762,5620.35987901684,5766.894,25366.749513068837,24413.15162,24420.958804
2025-11-30 22:30:00+01:00,19746.389634051997,18499.134744,5620.35987901684,5873.605,25366.749513068837,24372.739744,24379.1612
2025-11-30 22:45:00+01:00,19746.389634051997,18525.071628,5620.35987901684,5923.47,25366.749513068837,24448.541628000003,24455.236644000004
2025-11-30 23:00:00+01:00,19000.207869704183,18290.639164,5654.959225382383,5903.174,24655.167095086566,24193.813164,24200.784104
2025-11-30 23:15:00+01:00,19000.207869704183,18030.696124,5654.959225382383,5782.12,24655.167095086566,23812.816123999997,23819.526251999996
2025-11-30 23:30:00+01:00,19000.207869704183,17905.235236,5654.959225382383,5755.894,24655.167095086566,23661.129236,23667.746384
2025-11-30 23:45:00+01:00,19000.207869704183,17798.95902,5654.959225382383,5700.63,24655.167095086566,23499.58902,23506.615
2025-12-01 00:00:00+01:00,18085.915883164464,18018.250416,4748.354685593638,5654.488,22834.270568758104,23672.738416,23678.90558
2025-12-01 00:15:00+01:00,18085.915883164464,17979.558008,4763.566913737344,5947.91,22849.482796901808,23927.468008,23932.970584
2025-12-01 00:30:00+01:00,18085.915883164464,17761.868196,4763.566913737344,5951.938,22849.482796901808,23713.806196,23720.10906
2025-12-01 00:45:00+01:00,18085.915883164464,17863.0597,4763.566913737344,5920.486,22849.482796901808,23783.5457,23789.849892
2025-12-01 01:00:00+01:00,18590.019153567497,17978.33528,4724.202643577931,5876.784,23314.221797145427,23855.11928,23860.77898
2025-12-01 01:15:00+01:00,18590.019153567497,17916.862276,4724.202643577931,5731.219,23314.221797145427,23648.081276,23653.737556
2025-12-01 01:30:00+01:00,18590.019153567497,17680.7334,4724.202643577931,5677.5,23314.221797145427,23358.2334,23363.607368
2025-12-01 01:45:00+01:00,18590.019153567497,17383.40192,4724.202643577931,5847.763,23314.221797145427,23231.16492,23236.683804
2025-12-01 02:00:00+01:00,18370.85584835095,17155.175952,5591.530315134073,6008.094,23962.386163485025,23163.269952,23168.872856
2025-12-01 02:15:00+01:00,18370.85584835095,16933.209964,5591.530315134073,6152.991,23962.386163485025,23086.200964000003,23092.070928000005
2025-12-01 02:30:00+01:00,18370.85584835095,16743.37398,5591.530315134073,6319.868,23962.386163485025,23063.24198,23069.081676
2025-12-01 02:45:00+01:00,18370.85584835095,16591.7399,5605.543664634907,6478.159,23976.39951298586,23069.8989,23076.168016
2025-12-01 03:00:00+01:00,18536.22167281603,16471.086624,5926.209334304134,6451.972,24462.431007120165,22923.058624,22929.143891999996
2025-12-01 03:15:00+01:00,18536.22167281603,16518.761476,5926.209334304134,6458.17,24462.431007120165,22976.931476,22982.665532
2025-12-01 03:30:00+01:00,18536.22167281603,16539.719912,5926.209334304134,6445.35,24462.431007120165,22985.069912,22990.512252
2025-12-01 03:45:00+01:00,18536.22167281603,16630.632092,5926.209334304134,6309.823,24462.431007120165,22940.455092,22946.15126
2025-12-01 04:00:00+01:00,17709.626286023613,16644.63048,6064.796996664107,6440.691,23774.42328268772,23085.32148,23090.904499999997
2025-12-01 04:15:00+01:00,17710.308561789174,16570.71282,6064.796996664107,6412.56,23775.10555845328,22983.27282,22988.762076000003
2025-12-01 04:30:00+01:00,17710.308561789174,16420.759464,6064.796996664107,6482.459,23775.10555845328,22903.218464,22908.554628
2025-12-01 04:45:00+01:00,17710.308561789174,16322.301364,6064.796996664107,6590.841,23775.10555845328,22913.142364,22918.816456
2025-12-01 05:00:00+01:00,17529.13000328155,16421.64186,6217.927828920714,6461.367,23747.057832202263,22883.00886,22888.528120000003
2025-12-01 05:15:00+01:00,17529.13000328155,16595.65396,6217.927828920714,6418.691,23747.057832202263,23014.34496,23020.246816
2025-12-01 05:30:00+01:00,17545.79289249095,16429.289852,6217.927828920714,6402.46,23763.720721411664,22831.749852,22837.537264
2025-12-01 05:45:00+01:00,17545.79289249095,16191.97864,6217.927828920714,6460.346,23763.720721411664,22652.32464,22658.106328
2025-12-01 06:00:00+01:00,17592.950461093445,16318.29984,6027.7588084285035,6734.069,23620.709269521947,23052.36884,23057.814276
2025-12-01 06:15:00+01:00,17596.291003419472,16354.963896,6035.101102483332,6755.232,23631.392105902803,23110.195895999997,23115.943568
2025-12-01 06:30:00+01:00,17596.291003419472,16531.538796,6050.22540518552,6730.987,23646.51640860499,23262.525796,23270.442252
2025-12-01 06:45:00+01:00,17596.291003419472,16728.903128,6050.22540518552,6712.962,23646.51640860499,23441.865128,23450.577848
2025-12-01 07:00:00+01:00,18150.796787213752,17097.252928,5975.325688936457,6608.409,24126.12247615021,23705.661928,23728.646684000003
2025-12-01 07:15:00+01:00,18150.796787213752,17200.66938,5977.579998401493,6536.371,24128.376785615244,23737.04038,23748.470004
2025-12-01 07:30:00+01:00,18150.796787213752,17414.967484,5977.579998401493,6529.486,24128.376785615244,23944.453484,23957.665448
2025-12-01 07:45:00+01:00,18150.796787213752,17617.85434,5977.579998401493,6476.799,24128.376785615244,24094.65334,24151.144484
2025-12-01 08:00:00+01:00,18124.291853003357,17905.628624,5909.240543465667,6437.833,24033.532396469025,24343.461624,24562.991028
2025-12-01 08:15:00+01:00,17974.185531462048,18198.67042,5909.240543465667,6315.594,23883.426074927716,24514.26442,25391.207204
2025-12-01 08:30:00+01:00,17959.38646859267,18397.03764,5909.240543465667,6262.295,23868.627012058336,24659.33264,26526.626172
2025-12-01 08:45:00+01:00,17924.583356829142,17915.966276,5909.240543465667,6198.492,23833.82390029481,24114.458276,27209.669144
2025-12-01 09:00:00+01:00,16694.468284091767,17076.66104,5650.390679889322,6286.105,22344.85896398109,23362.76604,27818.781188
2025-12-01 09:15:00+01:00,16671.764414536134,16594.847,5650.390679889322,6256.718,22322.155094425456,22851.565,28857.717152
2025-12-01 09:30:00+01:00,16671.764414536134,16340.517184,5650.390679889322,6090.58,22322.155094425456,22431.097184,30060.772232
2025-12-01 09:45:00+01:00,16671.764414536134,16264.449824,5650.390679889322,5955.782,22322.155094425456,22220.231824,31358.100288
2025-12-01 10:00:00+01:00,14552.405399190056,15972.054548,5486.060221884408,5907.225,20038.465621074465,21879.279548,32626.777464
2025-12-01 10:15:00+01:00,14552.405399190056,15595.243612,5484.786794363982,6022.32,20037.192193554038,21617.563612,33763.27044
2025-12-01 10:30:00+01:00,14552.405399190056,15257.02106,5487.436579006915,6028.067,20039.84197819697,21285.08806,34672.952912
2025-12-01 10:45:00+01:00,14552.405399190056,15163.288248,5487.436579006915,5978.382,20039.84197819697,21141.670248,35582.390096
2025-12-01 11:00:00+01:00,13198.938308621355,14999.004204,5539.016654553293,6056.14,18737.95496317465,21055.144204,36467.574852
2025-12-01 11:15:00+01:00,13198.938308621355,14980.697228,5539.016654553293,5985.833,18737.95496317465,20966.530228,37229.87924
2025-12-01 11:30:00+01:00,13198.938308621355,15139.017744,5539.016654553293,5905.044,18737.95496317465,21044.061744,37826.454412
2025-12-01 11:45:00+01:00,13198.938308621355,15281.815764,5539.016654553293,5841.114,18737.95496317465,21122.929764,38058.443228
2025-12-01 12:00:00+01:00,12459.184451886134,15427.249476,5417.003802256366,5892.653,17876.1882541425,21319.902476000003,38085.537152
2025-12-01 12:15:00+01:00,12459.184451886134,15740.509232,5417.003802256366,5885.111,17876.1882541425,21625.620232,37970.059348
2025-12-01 12:30:00+01:00,12459.184451886134,15959.6883,5417.003802256366,5748.074,17876.1882541425,21707.7623,37471.852816
2025-12-01 12:45:00+01:00,12459.184451886134,16189.88946,5417.003802256366,5508.812,17876.1882541425,21698.70146,36913.406348
2025-12-01 13:00:00+01:00,13275.905360993842,16121.705312,5461.085470574852,4640.633,18736.99083156869,20762.338312,35352.082175999996
2025-12-01 13:15:00+01:00,13275.905360993842,16343.334372,5461.085470574852,4306.397,18736.99083156869,20649.731372,34282.949479999996
2025-12-01 13:30:00+01:00,13275.905360993842,16738.353588,5461.085470574852,4355.873,18736.99083156869,21094.226588,33700.912272
2025-12-01 13:45:00+01:00,13275.905360993842,16927.613816,5461.085470574852,4400.595,18736.99083156869,21328.208816,32762.395676
2025-12-01 14:00:00+01:00,17260.04951643411,17057.045748,5469.2371851503585,4094.334,22729.286701584468,21151.379748,31195.221024
2025-12-01 14:15:00+01:00,17260.04951643411,17328.208644,5469.2371851503585,4126.047,22729.286701584468,21454.255643999997,30066.357804
2025-12-01 14:30:00+01:00,17260.04951643411,17440.66382,5469.2371851503585,4494.974,22729.286701584468,21935.637820000004,29045.560928000003
2025-12-01 14:45:00+01:00,17260.04951643411,17817.57192,5469.2371851503585,4800.054,22729.286701584468,22617.62592,28228.369352
2025-12-01 15:00:00+01:00,21604.914091357798,18346.38552,5524.4457780038565,4516.783,27129.359869361655,22863.16852,26969.32376
2025-12-01 15:15:00+01:00,21614.978687114173,19112.935032,5524.4457780038565,4542.257,27139.42446511803,23655.192032,26421.253948
2025-12-01 15:30:00+01:00,21636.917325532373,20089.718344,5524.4457780038565,4551.88,27161.36310353623,24641.598344,26318.569008
2025-12-01 15:45:00+01:00,21647.63906483978,21343.374672,5524.4457780038565,4572.425,27172.084842843637,25915.799672,26746.2674
2025-12-01 16:00:00+01:00,22843.209119894163,22567.200956,5503.708146177211,4917.726,28346.917266071374,27484.926956,27760.507452
2025-12-01 16:15:00+01:00,22965.61992295469,23549.181016,5503.708146177211,4934.007,28469.3280691319,28483.188016,28545.555932
2025-12-01 16:30:00+01:00,23077.77313508327,24575.710936,5492.162374600752,4888.769,28569.935509684023,29464.479936,29495.561988
2025-12-01 16:45:00+01:00,23077.77313508327,25674.127104,5492.162374600752,5011.452,28569.935509684023,30685.579104,30720.705804
2025-12-01 17:00:00+01:00,24126.627561835976,26672.878484,5416.947509199493,4678.799,29543.57507103547,31351.677484,31382.932428
2025-12-01 17:15:00+01:00,24126.627561835976,27477.434176,5416.947509199493,4774.967,29543.57507103547,32252.401176,32279.850616
2025-12-01 17:30:00+01:00,24231.920022705188,28169.3554,5416.174964050622,4792.294,29648.09498675581,32961.6494,32988.166696
2025-12-01 17:45:00+01:00,24231.920022705188,28993.504864,5416.174964050622,4739.452,29648.09498675581,33732.956864,33760.4744
2025-12-01 18:00:00+01:00,25974.32884534793,29658.056352,5460.999251354331,4576.097,31435.32809670226,34234.153352,34257.962164000004
2025-12-01 18:15:00+01:00,25974.32884534793,30208.08614,5460.999251354331,4621.495,31435.32809670226,34829.58114,34851.322792
2025-12-01 18:30:00+01:00,25974.32884534793,30825.4054,5460.999251354331,4567.597,31435.32809670226,35393.0024,35412.9407
2025-12-01 18:45:00+01:00,25974.32884534793,31413.908536,5460.999251354331,4764.741,31435.32809670226,36178.649536,36198.436544
2025-12-01 19:00:00+01:00,25851.70728119928,31739.753452,5371.96411643239,4751.284,31223.67139763167,36491.037452,36510.549952
2025-12-01 19:15:00+01:00,25893.389812885216,31860.468696,5371.96411643239,4745.726,31265.353929317607,36606.194696,36620.162156
2025-12-01 19:30:00+01:00,25873.10657250452,32129.843604,5371.96411643239,4754.091,31245.07068893691,36883.934604,36896.159012
2025-12-01 19:45:00+01:00,25873.10657250452,32362.570776,5371.96411643239,4865.555,31245.07068893691,37228.125776,37239.064292
2025-12-01 20:00:00+01:00,26286.134603250466,32486.849188,5187.925934389913,4602.449,31474.06053764038,37089.298188,37100.4365
2025-12-01 20:15:00+01:00,26286.134603250466,32510.271768,5187.925934389913,4680.997,31474.06053764038,37191.268768,37201.465712000005
2025-12-01 20:30:00+01:00,26286.134603250466,32473.63774,5187.925934389913,4582.802,31474.06053764038,37056.43974,37066.081484
2025-12-01 20:45:00+01:00,26286.134603250466,32486.915832,5187.925934389913,4626.091,31474.06053764038,37113.006832,37125.177296
2025-12-01 21:00:00+01:00,26333.715924278804,32363.977908,5162.381218960545,4919.208,31496.09714323935,37283.185908,37294.057192
2025-12-01 21:15:00+01:00,26333.715924278804,32368.539836,5162.381218960545,5178.938,31496.09714323935,37547.477836,37557.27744
2025-12-01 21:30:00+01:00,26333.715924278804,32305.8754,5160.192707406157,5357.387,31493.90863168496,37663.2624,37674.962724
2025-12-01 21:45:00+01:00,26325.794545834196,32274.038464,5172.869098008291,5399.879,31498.663643842487,37673.917464,37684.972344
2025-12-01 22:00:00+01:00,26803.6848630874,30508.878896,5101.13543375773,5468.307,31904.82029684513,35977.185895999995,35991.709771999995
2025-12-01 22:15:00+01:00,26803.6848630874,30500.565304,5101.13543375773,5575.679,31904.82029684513,36076.244304,36087.331604
2025-12-01 22:30:00+01:00,26803.6848630874,30565.573196,5101.13543375773,5560.185,31904.82029684513,36125.758196,36135.926624
2025-12-01 22:45:00+01:00,26803.6848630874,30479.093068,5101.13543375773,5540.662,31904.82029684513,36019.755068,36028.739188
2025-12-01 23:00:00+01:00,26230.00466358934,30141.50098,5320.448341118312,5284.362,31550.453004707655,35425.86298,35437.027407999994
2025-12-01 23:15:00+01:00,26230.00466358934,29974.1962,5320.448341118312,5264.788,31550.453004707655,35238.9842,35247.239236
2025-12-01 23:30:00+01:00,26230.00466358934,29732.684192,5320.448341118312,5279.973,31550.453004707655,35012.657192,35022.897668
2025-12-01 23:45:00+01:00,26230.00466358934,29393.326848,5320.448341118312,5279.386,31550.453004707655,34672.712848,34680.345400000006
2025-12-02 00:00:00+01:00,25744.006919753734,29166.695404,5302.041898186561,5419.125,31046.048817940296,34585.820404,34594.024752
2025-12-02 00:15:00+01:00,25744.006919753734,28831.38234,5357.5524527384,5644.271,31101.559372492135,34475.65334,34483.910703999994
2025-12-02 00:30:00+01:00,25744.006919753734,28613.092408,5357.5524527384,5711.357,31101.559372492135,34324.449408,34332.354016
2025-12-02 00:45:00+01:00,25744.006919753734,28311.670976,5357.5524527384,5761.216,31101.559372492135,34072.886976,34080.820988
2025-12-02 01:00:00+01:00,25309.11127159921,28224.392636,5384.788967184569,5819.805,30693.90023878378,34044.197636,34051.483711999994
2025-12-02 01:15:00+01:00,25309.11127159921,28116.501684,5384.788967184569,5834.789,30693.90023878378,33951.290684,33959.653168
2025-12-02 01:30:00+01:00,25309.11127159921,27885.956188,5384.788967184569,5831.353,30693.90023878378,33717.309188,33726.633352
2025-12-02 01:45:00+01:00,25309.11127159921,27663.192328,5384.788967184569,5836.673,30693.90023878378,33499.865328,33509.0811
2025-12-02 02:00:00+01:00,24818.228012391017,27661.180552,5519.249042834611,6034.636,30337.477055225627,33695.816552000004,33704.796352000005
2025-12-02 02:15:00+01:00,24818.228012391017,27639.228952,5519.249042834611,6049.064,30337.477055225627,33688.292952,33695.876528
2025-12-02 02:30:00+01:00,24818.228012391017,27531.338544,5519.249042834611,6029.591,30337.477055225627,33560.929544,33568.361944
2025-12-02 02:45:00+01:00,24818.228012391017,27302.287496,5520.205421634399,6023.73,30338.433434025414,33326.017496,33333.777916
2025-12-02 03:00:00+01:00,25002.750764807435,27404.688896,5482.216845107935,6049.322,30484.96760991537,33454.010896,33462.003488
2025-12-02 03:15:00+01:00,25002.750764807435,27665.346516,5482.216845107935,6037.814,30484.96760991537,33703.160516,33711.42853600001
2025-12-02 03:30:00+01:00,25002.750764807435,27656.80832,5482.216845107935,6016.055,30484.96760991537,33672.863320000004,33680.995720000006
2025-12-02 03:45:00+01:00,25002.750764807435,27699.371204,5482.216845107935,6084.988,30484.96760991537,33784.359204,33792.752212
2025-12-02 04:00:00+01:00,25152.625687820102,27770.856472,5527.584035683783,6127.606,30680.209723503885,33898.462472,33908.396752
2025-12-02 04:15:00+01:00,25152.625687820102,27630.107684,5527.584035683783,6134.113,30680.209723503885,33764.220684,33773.861908
2025-12-02 04:30:00+01:00,25152.625687820102,27581.482056,5527.584035683783,6132.879,30680.209723503885,33714.361056,33724.018648000005
2025-12-02 04:45:00+01:00,25152.625687820102,27957.185672,5527.584035683783,6144.165,30680.209723503885,34101.350672,34111.594504
2025-12-02 05:00:00+01:00,25253.2444305388,28118.179488,5547.014670297526,6111.192,30800.259100836327,34229.371488000004,34239.173196
2025-12-02 05:15:00+01:00,25253.2444305388,28189.887944,5547.014670297526,6092.19,30800.259100836327,34282.077944,34290.730491999995
2025-12-02 05:30:00+01:00,25287.097304129784,28131.633808,5547.014670297526,6317.016,30834.11197442731,34448.649808,34456.023104
2025-12-02 05:45:00+01:00,25287.097304129784,28144.384636,5547.014670297526,6405.45,30834.11197442731,34549.834636,34557.012536
2025-12-02 06:00:00+01:00,24937.953190260698,29290.033496,5490.430531658154,6695.397,30428.38372191885,35985.430496,35992.668168000004
2025-12-02 06:15:00+01:00,24957.740941916283,29329.69598,5523.277040984997,6604.879,30481.01798290128,35934.57498,35942.31574
2025-12-02 06:30:00+01:00,24957.740941916283,28908.847608,5541.479274208017,6093.714,30499.2202161243,35002.561608,35016.216416
2025-12-02 06:45:00+01:00,24957.740941916283,28658.202356,5541.479274208017,5773.233,30499.2202161243,34431.435356,34463.496728
2025-12-02 07:00:00+01:00,23209.746674265094,28314.685404,5781.186893807283,5780.317,28990.933568072378,34095.002404,34120.572156
2025-12-02 07:15:00+01:00,23211.210227613326,27743.688056,5789.878288619136,5743.717,29001.088516232463,33487.405055999996,33509.70540399999
2025-12-02 07:30:00+01:00,23211.210227613326,27189.936028,5789.878288619136,5834.653,29001.088516232463,33024.589028,33069.538852000005
2025-12-02 07:45:00+01:00,23211.210227613326,26754.52716,5789.878288619136,5891.44,29001.088516232463,32645.96716,32747.338252
2025-12-02 08:00:00+01:00,22403.840431833793,26602.159952,5787.033311430428,5408.988,28190.87374326422,32011.147952000003,32202.428152000004
2025-12-02 08:15:00+01:00,22206.705334856455,25947.212296,5787.033311430428,5533.36,27993.73864628688,31480.572296,32381.364532000003
2025-12-02 08:30:00+01:00,22193.18290354446,25480.636528,5787.033311430428,5659.462,27980.216214974887,31140.098528,32885.709795999996
2025-12-02 08:45:00+01:00,22147.61598303523,24894.438572,5787.033311430428,5730.155,27934.649294465657,30624.593572,33296.085492
2025-12-02 09:00:00+01:00,20966.67014589082,24118.41412,6092.847035469294,6400.667,27059.517181360116,30519.081120000003,34274.129048
2025-12-02 09:15:00+01:00,20959.312252322532,23207.886236,6092.847035469294,6448.712,27052.159287791827,29656.598236,34528.287599999996
2025-12-02 09:30:00+01:00,20959.312252322532,22619.565872,6092.847035469294,6388.924,27052.159287791827,29008.489872,35015.656484
2025-12-02 09:45:00+01:00,20959.312252322532,22033.42488,6092.847035469294,6322.158,27052.159287791827,28355.58288,35461.328036
2025-12-02 10:00:00+01:00,18657.874756377932,21342.421032,6259.504141679997,6337.098,24917.37889805793,27679.519031999997,35816.882412
2025-12-02 10:15:00+01:00,18657.874756377932,20552.64952,6259.504141679997,6474.842,24917.37889805793,27027.49152,36104.581488
2025-12-02 10:30:00+01:00,18640.74135865028,20001.21424,6259.504141679997,6616.974,24900.24550033028,26618.188240000003,36542.558820000006
2025-12-02 10:45:00+01:00,18640.74135865028,19354.990888,6259.504141679997,6684.231,24900.24550033028,26039.221888,36738.14094
2025-12-02 11:00:00+01:00,15925.86435726974,18600.597288,6369.1527218563715,6628.669,22295.01707912611,25229.266288,36623.370943999995
2025-12-02 11:15:00+01:00,15925.86435726974,17829.879828,6369.1527218563715,6563.262,22295.01707912611,24393.141828,36389.80076
2025-12-02 11:30:00+01:00,15925.86435726974,17079.643184,6369.1527218563715,6538.175,22295.01707912611,23617.818184,35961.300776000004
2025-12-02 11:45:00+01:00,15925.86435726974,16287.879472,6369.1527218563715,6480.079,22295.01707912611,22767.958472,35294.211964
2025-12-02 12:00:00+01:00,14004.927370425175,15577.489128,6059.1645792405025,6458.323,20064.09194966568,22035.812128,34663.08348
2025-12-02 12:15:00+01:00,14004.927370425175,14929.469132,6059.1645792405025,6340.933,20064.09194966568,21270.402132,33787.131368
2025-12-02 12:30:00+01:00,14004.927370425175,14217.701292,6059.1645792405025,6308.462,20064.09194966568,20526.163292,32817.863352
2025-12-02 12:45:00+01:00,14004.927370425175,13460.20206,6059.1645792405025,6231.191,20064.09194966568,19691.39306,31573.038228
2025-12-02 13:00:00+01:00,10557.20497207602,12871.597904,5289.0121977735225,5974.875,15846.217169849544,18846.472904,30163.476212
2025-12-02 13:15:00+01:00,10557.20497207602,12465.002904,5289.0121977735225,5971.259,15846.217169849544,18436.261904,29037.555355999997
2025-12-02 13:30:00+01:00,10557.20497207602,12067.987256,5289.0121977735225,6385.527,15846.217169849544,18453.514256,28266.857952
2025-12-02 13:45:00+01:00,10557.20497207602,11691.42688,5289.0121977735225,6262.879,15846.217169849544,17954.30588,26770.0187
2025-12-02 14:00:00+01:00,9027.958953179188,11400.60956,4881.670247268003,6099.888,13909.62920044719,17500.49756,25269.751688
2025-12-02 14:15:00+01:00,9032.472871501712,11122.851624,4881.670247268003,5857.789,13914.143118769714,16980.640624,23611.030548
2025-12-02 14:30:00+01:00,9032.472871501712,11003.731932,4881.670247268003,5692.999,13914.143118769714,16696.730932,22132.145967999997
2025-12-02 14:45:00+01:00,9032.472871501712,11000.544612,4881.670247268003,5271.172,13914.143118769714,16271.716612,20513.042304
2025-12-02 15:00:00+01:00,9265.106478659885,10937.667408,4376.625773247344,5444.846,13641.73225190723,16382.513408,19468.693512
2025-12-02 15:15:00+01:00,9264.288426888852,10955.096956,4376.625773247344,5415.071,13640.914200136196,16370.167956,18380.689408
2025-12-02 15:30:00+01:00,9272.871490288027,11054.630804,4376.625773247344,5329.701,13649.497263535372,16384.331804,17471.964344
2025-12-02 15:45:00+01:00,9318.621698704017,11252.502092,4376.625773247344,5214.276,13695.247471951361,16466.778092,16923.042056000002
2025-12-02 16:00:00+01:00,10357.42469722449,11486.017368,4385.808481505652,5039.869,14743.233178730141,16525.886368,16664.998412
2025-12-02 16:15:00+01:00,10479.933512534142,11786.708768,4385.808481505652,4919.219,14865.741994039794,16705.927768,16744.881996
2025-12-02 16:30:00+01:00,10656.84391354561,12049.633356,4385.808481505652,4816.885,15042.652395051262,16866.518356,16902.467644
2025-12-02 16:45:00+01:00,10656.84391354561,12245.777472,4385.808481505652,4708.548,15042.652395051262,16954.325472,17016.073472
2025-12-02 17:00:00+01:00,11311.467790315064,12176.026396,3876.4729226595887,4677.261,15187.940712974652,16853.287396,16886.600884
2025-12-02 17:15:00+01:00,11311.467790315064,12163.238392,3876.4729226595887,4679.396,15187.940712974652,16842.634392,16872.814528
2025-12-02 17:30:00+01:00,11340.625956523778,12277.096996,3877.3219181303807,4596.637,15217.947874654159,16873.733996,16903.516368
2025-12-02 17:45:00+01:00,11340.625956523778,12424.225736,3877.3219181303807,4501.609,15217.947874654159,16925.834736,16954.662076
2025-12-02 18:00:00+01:00,11365.967068168016,12404.584224,3330.665291089552,4377.71,14696.632359257568,16782.294224,16806.141784
2025-12-02 18:15:00+01:00,11365.967068168016,12221.84632,3330.665291089552,4170.867,14696.632359257568,16392.713320000003,16410.402664
2025-12-02 18:30:00+01:00,11372.721931250473,11958.224352,3330.665291089552,3939.411,14703.387222340025,15897.635352,15913.967452
2025-12-02 18:45:00+01:00,11372.721931250473,11713.37922,3330.665291089552,3634.607,14703.387222340025,15347.98622,15363.448024
2025-12-02 19:00:00+01:00,10742.45645063453,11583.48472,2851.2104894782788,3588.489,13593.66694011281,15171.97372,15183.990668
2025-12-02 19:15:00+01:00,10745.732161491505,11343.273016,2851.2104894782788,3584.77,13596.942650969784,14928.043016,14938.858848
2025-12-02 19:30:00+01:00,10731.151208676789,11175.719168,2851.2104894782788,3498.257,13582.361698155068,14673.976168,14684.66026
2025-12-02 19:45:00+01:00,10731.151208676789,11008.220996,2851.2104894782788,3401.743,13582.361698155068,14409.963996,14420.528148
2025-12-02 20:00:00+01:00,10551.225614098275,10810.939764,2386.7938574966256,3308.431,12938.0194715949,14119.370764,14131.001084
2025-12-02 20:15:00+01:00,10551.225614098275,10479.705856,2386.7938574966256,3158.302,12938.0194715949,13638.007856,13649.797268
2025-12-02 20:30:00+01:00,10551.225614098275,10083.866976,2386.7938574966256,2987.453,12938.0194715949,13071.319976,13081.060252
2025-12-02 20:45:00+01:00,10551.225614098275,9634.724752,2386.7938574966256,2874.064,12938.0194715949,12508.788752,12516.950312
2025-12-02 21:00:00+01:00,9235.276798034467,9290.86258,1832.4717571285064,2840.717,11067.748555162972,12131.57958,12139.638368000002
2025-12-02 21:15:00+01:00,9235.276798034467,9101.666344,1832.4717571285064,2709.746,11067.748555162972,11811.412344,11819.302692
2025-12-02 21:30:00+01:00,9235.276798034467,8786.243268,1832.2844619083673,2586.393,11067.561259942835,11372.636268,11379.877232
2025-12-02 21:45:00+01:00,9217.26593847948,8549.871184,1832.2844619083673,2465.647,11049.550400387849,11015.518184,11022.830684
2025-12-02 22:00:00+01:00,8705.700187581204,8016.167764,1577.7465561480435,2343.602,10283.446743729248,10359.769764,10367.142796
2025-12-02 22:15:00+01:00,8681.95947665598,7733.709328,1577.7465561480435,2315.84,10259.706032804024,10049.549328,10056.817572000002
2025-12-02 22:30:00+01:00,8681.95947665598,7492.728588,1577.7465561480435,2228.885,10259.706032804024,9721.613588,9727.49128
2025-12-02 22:45:00+01:00,8681.95947665598,7273.840008,1577.7465561480435,2110.353,10259.706032804024,9384.193008,9390.076228
2025-12-02 23:00:00+01:00,7600.793620901156,7168.113952,1613.163820716119,1890.296,9213.957441617275,9058.409952,9064.171084
2025-12-02 23:15:00+01:00,7600.793620901156,7058.696328,1613.163820716119,1636.937,9213.957441617275,8695.633328,8700.80474
2025-12-02 23:30:00+01:00,7600.793620901156,6930.701008,1613.163820716119,1487.133,9213.957441617275,8417.834008,8423.255184
2025-12-02 23:45:00+01:00,7600.793620901156,6754.948228,1613.163820716119,1392.065,9213.957441617275,8147.013228,8152.637528
2025-12-03 00:00:00+01:00,7683.239887247456,6700.174612,1517.413949345146,1289.009,9200.653836592603,7989.183612,7994.4793
2025-12-03 00:15:00+01:00,7683.239887247456,6565.547628,1517.413949345146,1227.551,9200.653836592603,7793.098628,7798.30348
2025-12-03 00:30:00+01:00,7683.239887247456,6430.767112,1517.413949345146,1125.196,9200.653836592603,7555.963112,7561.272772
2025-12-03 00:45:00+01:00,7683.239887247456,6348.068768,1517.413949345146,1065.472,9200.653836592603,7413.540768,7418.871668
2025-12-03 01:00:00+01:00,6810.715600426201,6274.680464,1693.5544528602275,1040.281,8504.270053286427,7314.961464,7320.344224
2025-12-03 01:15:00+01:00,6810.715600426201,6161.664784,1693.5544528602275,1076.66,8504.270053286427,7238.324783999999,7243.709856
2025-12-03 01:30:00+01:00,6810.715600426201,6053.407704,1693.5544528602275,1089.479,8504.270053286427,7142.8867040000005,7148.293092000001
2025-12-03 01:45:00+01:00,6810.715600426201,5854.209132,1693.5544528602275,1099.526,8504.270053286427,6953.735132,6959.238536
2025-12-03 02:00:00+01:00,6209.558313470352,5668.3122,1561.053323724287,1094.182,7770.611637194639,6762.4942,6767.82798
2025-12-03 02:15:00+01:00,6209.558313470352,5465.996632,1561.053323724287,1009.381,7770.611637194639,6475.377632000001,6480.4419880000005
2025-12-03 02:30:00+01:00,6209.558313470352,5329.82264,1561.053323724287,979.188,7770.611637194639,6309.01064,6314.179944
2025-12-03 02:45:00+01:00,6209.558313470352,5255.0314,1561.880224281609,1056.903,7771.438537751961,6311.9344,6317.217944
2025-12-03 03:00:00+01:00,6249.127839565098,5156.535476,1232.0625396869834,1152.518,7481.190379252082,6309.053476,6314.363832
2025-12-03 03:15:00+01:00,6249.127839565098,5001.364028,1232.0625396869834,1200.11,7481.190379252082,6201.474028,6206.876644
2025-12-03 03:30:00+01:00,6249.127839565098,4801.2819,1232.6498478413623,1332.031,7481.77768740646,6133.3129,6138.91634
2025-12-03 03:45:00+01:00,6249.127839565098,4605.257384,1233.6994633567344,1390.491,7482.827302921833,5995.7483839999995,6001.41648
2025-12-03 04:00:00+01:00,5727.46894915572,4414.679416,940.013679262621,1472.536,6667.482628418341,5887.215416,5892.721448
2025-12-03 04:15:00+01:00,5727.46894915572,4322.27426,940.013679262621,1514.826,6667.482628418341,5837.10026,5842.6928720000005
2025-12-03 04:30:00+01:00,5727.46894915572,4196.452508,940.013679262621,1486.511,6667.482628418341,5682.963508000001,5688.864936000001
2025-12-03 04:45:00+01:00,5727.46894915572,4104.438328,940.013679262621,1496.887,6667.482628418341,5601.325328,5607.0419919999995
2025-12-03 05:00:00+01:00,4824.225001114724,4075.52462,886.6235167730997,1415.803,5710.848517887824,5491.32762,5496.913008
2025-12-03 05:15:00+01:00,4824.225001114724,4019.732848,886.6235167730997,1265.545,5710.848517887824,5285.277848,5290.813096
2025-12-03 05:30:00+01:00,4824.225001114724,3971.755328,886.6235167730997,1218.901,5710.848517887824,5190.656328,5196.233872
2025-12-03 05:45:00+01:00,4824.225001114724,3956.96674,886.6235167730997,1166.974,5710.848517887824,5123.94074,5129.819476
2025-12-03 06:00:00+01:00,4598.1988102979685,3914.281272,850.7669367022523,1053.851,5448.965747000221,4968.132272000001,4974.217344000001
2025-12-03 06:15:00+01:00,4604.564977691795,3916.305688,865.6886059934683,1050.064,5470.253583685264,4966.369688,4973.386235999999
2025-12-03 06:30:00+01:00,4604.564977691795,3919.191316,865.6886059934683,1056.117,5470.253583685264,4975.308316,4985.801152
2025-12-03 06:45:00+01:00,4604.564977691795,3912.087736,865.6886059934683,1067.447,5470.253583685264,4979.534736,4991.545668
2025-12-03 07:00:00+01:00,4493.681798422491,3901.433608,883.337117221928,1036.978,5377.0189156444185,4938.411608,4947.395268
2025-12-03 07:15:00+01:00,4493.681798422491,3848.545632,883.337117221928,1016.59,5377.0189156444185,4865.1356319999995,4877.2918039999995
2025-12-03 07:30:00+01:00,4493.681798422491,3799.445592,883.337117221928,1030.862,5377.0189156444185,4830.307592,4849.029224
2025-12-03 07:45:00+01:00,4493.681798422491,3691.488404,883.337117221928,1051.326,5377.0189156444185,4742.814404000001,4777.837908
2025-12-03 08:00:00+01:00,4539.92664398616,3686.609328,846.2292232335294,1121.22,5386.15586721969,4807.829328,4903.570044
2025-12-03 08:15:00+01:00,4419.730990945064,3701.628328,846.2292232335294,1161.949,5265.960214178594,4863.577327999999,5333.991215999999
2025-12-03 08:30:00+01:00,4418.942363033544,3713.484428,846.2292232335294,1124.956,5265.1715862670735,4838.440428,5765.8897719999995
2025-12-03 08:45:00+01:00,4359.8658356691685,3632.62272,846.2292232335294,1067.275,5206.095058902698,4699.89772,6200.720984
2025-12-03 09:00:00+01:00,4034.0410696395747,3520.262996,896.7252504378977,1036.561,4930.766320077472,4556.823996,6702.611316
2025-12-03 09:15:00+01:00,4012.386503806937,3400.986936,896.7252504378977,1017.322,4909.111754244835,4418.308935999999,7206.441919999999
2025-12-03 09:30:00+01:00,4012.386503806937,3313.43734,896.7252504378977,986.357,4909.111754244835,4299.79434,7717.164236
2025-12-03 09:45:00+01:00,4012.386503806937,3194.65954,896.7252504378977,978.004,4909.111754244835,4172.6635400000005,8189.107308000001
2025-12-03 10:00:00+01:00,3136.081672312595,3068.858872,935.5881253827805,995.543,4071.6697976953756,4064.401872,8695.981948
2025-12-03 10:15:00+01:00,3136.081672312595,2899.377204,935.5881253827805,999.862,4071.6697976953756,3899.239204,9004.982756
2025-12-03 10:30:00+01:00,3136.081672312595,2705.437716,935.5881253827805,1039.42,4071.6697976953756,3744.857716,9243.192716
2025-12-03 10:45:00+01:00,3136.081672312595,2491.418416,935.5881253827805,1018.561,4071.6697976953756,3509.979416,9475.848968
2025-12-03 11:00:00+01:00,2657.0848156775196,2304.501544,934.511049673081,999.578,3591.5958653506004,3304.079544,9626.010324
2025-12-03 11:15:00+01:00,2657.0848156775196,2124.435444,934.511049673081,994.919,3591.5958653506004,3119.354444,9765.720472
2025-12-03 11:30:00+01:00,2657.0848156775196,2039.146876,934.511049673081,961.045,3591.5958653506004,3000.191876,9971.21844
2025-12-03 11:45:00+01:00,2657.0848156775196,1966.192408,934.511049673081,940.094,3591.5958653506004,2906.286408,10093.25002
2025-12-03 12:00:00+01:00,2379.0986481101445,1822.87422,773.9530146140611,923.879,3153.0516627242055,2746.75322,10015.14248
2025-12-03 12:15:00+01:00,2379.0986481101445,1666.303204,773.9530146140611,932.475,3153.0516627242055,2598.778204,9856.459376
2025-12-03 12:30:00+01:00,2379.0986481101445,1600.524212,773.9530146140611,934.986,3153.0516627242055,2535.510212,9677.392992
2025-12-03 12:45:00+01:00,2379.0986481101445,1544.385348,773.9530146140611,989.238,3153.0516627242055,2533.623348,9394.89644
2025-12-03 13:00:00+01:00,2250.404832704514,1482.962236,677.4074358582803,1055.698,2927.812268562794,2538.660236,9058.602884
2025-12-03 13:15:00+01:00,2250.404832704514,1404.856244,677.4074358582803,1086.815,2927.812268562794,2491.671244,8646.39444
2025-12-03 13:30:00+01:00,2250.404832704514,1349.96054,677.4074358582803,1032.587,2927.812268562794,2382.54754,8084.041144000001
2025-12-03 13:45:00+01:00,2250.404832704514,1313.590368,677.4074358582803,989.374,2927.812268562794,2302.964368,7533.387284
2025-12-03 14:00:00+01:00,2131.213598620782,1308.217568,717.4659428114261,1016.801,2848.6795414322078,2325.018568,6999.12312
2025-12-03 14:15:00+01:00,2131.213598620782,1312.534596,717.4659428114261,1015.53,2848.6795414322078,2328.064596,6424.751444
2025-12-03 14:30:00+01:00,2131.213598620782,1358.511772,717.4659428114261,973.202,2848.6795414322078,2331.713772,5752.8218400000005
2025-12-03 14:45:00+01:00,2146.0810280870837,1424.502936,717.4659428114261,909.848,2863.5469708985097,2334.350936,5108.882428
2025-12-03 15:00:00+01:00,2215.9779477647335,1581.83126,699.5502541931736,865.554,2915.528201957907,2447.38526,4531.634024
2025-12-03 15:15:00+01:00,2237.6325135973707,1716.28566,699.5502541931736,872.521,2937.1827677905444,2588.80666,4015.966468000001
2025-12-03 15:30:00+01:00,2237.958308008675,1838.54084,699.5502541931736,873.635,2937.5085622018487,2712.17584,3548.48098
2025-12-03 15:45:00+01:00,2297.974809366375,1977.661136,699.5502541931736,879.767,2997.525063559549,2857.428136,3279.9947
2025-12-03 16:00:00+01:00,2613.9768188372,2179.895556,804.3457700758888,888.955,3418.322588913089,3068.850556,3206.846788
2025-12-03 16:15:00+01:00,2737.7100998650053,2405.481748,804.3457700758888,923.952,3542.055869940894,3329.4337480000004,3393.2026880000003
2025-12-03 16:30:00+01:00,2791.2306298198946,2637.610164,804.3457700758888,968.008,3595.5763998957837,3605.618164,3691.750576
2025-12-03 16:45:00+01:00,2791.2306298198946,2896.972684,804.3457700758888,996.061,3595.5763998957837,3893.033684,4009.234732
2025-12-03 17:00:00+01:00,3680.7694156084945,3099.699252,843.8231535880215,1029.349,4524.592569196516,4129.048252,4221.550563999999
2025-12-03 17:15:00+01:00,3680.7694156084945,3292.888744,843.8231535880215,1043.878,4524.592569196516,4336.766744,4418.713683999999
2025-12-03 17:30:00+01:00,3737.423086645835,3445.557848,846.5203412887299,1063.984,4583.943427934565,4509.541848,4548.403536
2025-12-03 17:45:00+01:00,3737.423086645835,3598.13182,846.5203412887299,1117.13,4583.943427934565,4715.26182,4756.823248
2025-12-03 18:00:00+01:00,4315.258045835658,3710.865968,879.3825486817622,1170.288,5194.64059451742,4881.1539680000005,4902.504028
2025-12-03 18:15:00+01:00,4315.258045835658,3816.527028,879.3825486817622,1183.908,5194.64059451742,5000.435028,5019.868072
2025-12-03 18:30:00+01:00,4315.258045835658,3932.209484,879.3825486817622,1220.682,5194.64059451742,5152.891484,5172.580784
2025-12-03 18:45:00+01:00,4315.258045835658,4026.401552,879.3825486817622,1274.733,5194.64059451742,5301.1345519999995,5317.539236
2025-12-03 19:00:00+01:00,4720.761620514642,4078.944016,1208.2647436921707,1314.245,5929.026364206813,5393.189016,5410.847928
2025-12-03 19:15:00+01:00,4775.883700688128,4144.753072,1208.2647436921707,1322.205,5984.148444380298,5466.958072,5483.769956
2025-12-03 19:30:00+01:00,4749.64206980231,4185.215308,1208.2647436921707,1388.016,5957.906813494481,5573.231308,5590.970432
2025-12-03 19:45:00+01:00,4748.820292888938,4201.207556,1208.2647436921707,1432.506,5957.085036581108,5633.713556000001,5650.764988000001
2025-12-03 20:00:00+01:00,4500.62301011129,4238.849696,1218.9312250501541,1478.095,5719.554235161444,5716.9446960000005,5725.424508
2025-12-03 20:15:00+01:00,4500.62301011129,4227.745224,1218.9312250501541,1507.486,5719.554235161444,5735.231224,5742.253896
2025-12-03 20:30:00+01:00,4500.62301011129,4253.001156,1218.9312250501541,1595.091,5719.554235161444,5848.092156000001,5854.885152000001
2025-12-03 20:45:00+01:00,4498.8322594388055,4315.648312,1218.9312250501541,1567.699,5717.76348448896,5883.347312,5889.843912
2025-12-03 21:00:00+01:00,4489.531163074045,4295.267676,1402.3961900249308,1474.712,5891.927353098976,5769.979676000001,5777.451928
2025-12-03 21:15:00+01:00,4486.226652394144,4268.859336,1402.3961900249308,1447.072,5888.622842419075,5715.931336000001,5724.353048000001
2025-12-03 21:30:00+01:00,4486.226652394144,4257.862352,1402.3961900249308,1457.045,5888.622842419075,5714.907352,5721.741408
2025-12-03 21:45:00+01:00,4479.908035427673,4284.9371,1402.3961900249308,1417.783,5882.3042254526035,5702.7201000000005,5709.508532000001
2025-12-03 22:00:00+01:00,4301.153138517305,4343.136868,1545.499713607677,1399.377,5846.652852124982,5742.513868,5749.2069
2025-12-03 22:15:00+01:00,4301.153138517305,4455.612968,1545.499713607677,1501.982,5846.652852124982,5957.594968,5963.477324
2025-12-03 22:30:00+01:00,4301.153138517305,4526.589276,1545.499713607677,1584.152,5846.652852124982,6110.741276,6115.4293
2025-12-03 22:45:00+01:00,4301.153138517305,4604.540884,1545.499713607677,1607.779,5846.652852124982,6212.3198840000005,6217.109232000001
2025-12-03 23:00:00+01:00,4592.1447757260585,4535.873692,1520.8763129659376,1640.224,6113.021088691996,6176.097692,6180.944108000001
2025-12-03 23:15:00+01:00,4592.1447757260585,4491.457852,1520.8763129659376,1705.605,6113.021088691996,6197.062851999999,6201.641703999999
2025-12-03 23:30:00+01:00,4592.1447757260585,4474.943536,1520.8763129659376,1737.264,6113.021088691996,6212.207536,6216.954296
2025-12-03 23:45:00+01:00,4592.1447757260585,4393.124356,1520.8763129659376,1782.443,6113.021088691996,6175.5673560000005,6180.5214080000005
2025-12-04 00:00:00+01:00,4264.5728573713095,4383.929064,1361.0328287250845,1694.954,5625.6056860963945,6078.883064,6083.863584
2025-12-04 00:15:00+01:00,4264.5728573713095,4385.067252,1361.0328287250845,1647.729,5625.6056860963945,6032.796252,6037.746144
2025-12-04 00:30:00+01:00,4264.5728573713095,4309.03968,1361.0328287250845,1579.779,5625.6056860963945,5888.81868,5893.944788000001
2025-12-04 00:45:00+01:00,4264.5728573713095,4169.360648,1361.0328287250845,1550.253,5625.6056860963945,5719.613648,5724.6143839999995
2025-12-04 01:00:00+01:00,4694.344176483825,4061.743544,1372.5320967337611,1483.677,6066.8762732175865,5545.420544,5550.411008
2025-12-04 01:15:00+01:00,4694.344176483825,4012.2241,1372.5320967337611,1363.6,6066.8762732175865,5375.8241,5380.881504
2025-12-04 01:30:00+01:00,4694.344176483825,3973.648784,1372.5320967337611,1384.292,6066.8762732175865,5357.940784,5363.021132000001
2025-12-04 01:45:00+01:00,4694.344176483825,3954.112968,1372.5320967337611,1357.034,6066.8762732175865,5311.146968,5316.027516
2025-12-04 02:00:00+01:00,4627.026926630406,3925.186292,1245.5952971357274,1276.099,5872.622223766133,5201.285292,5206.0131839999995
2025-12-04 02:15:00+01:00,4627.026926630406,3830.851824,1245.8122499493347,1182.782,5872.8391765797405,5013.633824,5018.4762279999995
2025-12-04 02:30:00+01:00,4627.026926630406,3822.293788,1245.8122499493347,1158.737,5872.8391765797405,4981.030788,4986.248184
2025-12-04 02:45:00+01:00,4627.026926630406,3882.566912,1247.9077858436385,1142.214,5874.934712474044,5024.780912,5030.114744
2025-12-04 03:00:00+01:00,5169.74952992731,3955.641072,1512.1328064151253,1101.654,6681.882336342434,5057.295072,5062.506916
2025-12-04 03:15:00+01:00,5169.74952992731,3939.820156,1514.158622948165,1154.691,6683.908152875474,5094.5111560000005,5099.890088
2025-12-04 03:30:00+01:00,5169.74952992731,3999.785556,1520.8112160360033,1167.927,6690.560745963313,5167.7125559999995,5173.252788
2025-12-04 03:45:00+01:00,5169.74952992731,4034.885364,1520.8112160360033,1184.302,6690.560745963313,5219.187364,5224.502236
2025-12-04 04:00:00+01:00,5395.787817779249,4075.5085,1444.086927541442,1205.913,6839.874745320691,5281.4215,5286.762648000001
2025-12-04 04:15:00+01:00,5395.787817779249,4115.84844,1444.086927541442,1201.563,6839.874745320691,5317.41144,5322.852964
2025-12-04 04:30:00+01:00,5395.787817779249,4149.833768,1445.9537373015696,1247.76,6841.741555080818,5397.593768000001,5402.851568000001
2025-12-04 04:45:00+01:00,5395.787817779249,4196.689028,1445.9537373015696,1362.228,6841.741555080818,5558.917028,5564.181704
2025-12-04 05:00:00+01:00,5483.851173753372,4240.990328,1518.9276754863117,1365.67,7002.778849239683,5606.660328,5611.74062
2025-12-04 05:15:00+01:00,5483.851173753372,4251.18328,1518.9276754863117,1287.658,7002.778849239683,5538.841280000001,5544.178968
2025-12-04 05:30:00+01:00,5483.851173753372,4303.404232,1518.9276754863117,1269.94,7002.778849239683,5573.3442319999995,5578.901647999999
2025-12-04 05:45:00+01:00,5485.496250838055,4323.7904,1518.9276754863117,1279.084,7004.423926324367,5602.8744,5608.478607999999
2025-12-04 06:00:00+01:00,6062.575319186117,4476.18726,1806.5016443055843,1344.919,7869.0769634917015,5821.10626,5826.675735999999
2025-12-04 06:15:00+01:00,6059.422066153527,4600.2356,1854.3080813343913,1387.188,7913.730147487919,5987.4236,5993.4034280000005
2025-12-04 06:30:00+01:00,6059.422066153527,4727.230552,1857.21441720776,1388.025,7916.636483361288,6115.2555520000005,6121.844660000001
2025-12-04 06:45:00+01:00,6059.422066153527,4798.422788,1857.21441720776,1425.851,7916.636483361288,6224.273788,6231.288444000001
2025-12-04 07:00:00+01:00,8336.666534064198,4845.026188,2259.657921357232,1465.404,10596.324455421429,6310.430188,6319.29936
2025-12-04 07:15:00+01:00,8336.666534064198,4914.990728,2261.498155114557,1442.133,10598.164689178755,6357.123728,6367.280908
2025-12-04 07:30:00+01:00,8336.666534064198,5140.506952,2261.498155114557,1582.028,10598.164689178755,6722.534952,6734.650728
2025-12-04 07:45:00+01:00,8336.666534064198,5394.565604,2263.662061825178,1745.05,10600.328595889376,7139.6156040000005,7157.848212000001
2025-12-04 08:00:00+01:00,8812.647755396658,5512.18394,2526.8707003753816,1810.184,11339.518455772039,7322.36794,7387.116652
2025-12-04 08:15:00+01:00,8759.011309672325,5563.98594,2526.8707003753816,1789.755,11285.882010047706,7353.74094,7637.820167999999
2025-12-04 08:30:00+01:00,8758.786275544046,5615.476584,2526.8707003753816,1814.591,11285.656975919428,7430.067584,8117.089620000001
2025-12-04 08:45:00+01:00,8710.864568808911,5659.3645,2526.8707003753816,1847.481,11237.735269184293,7506.845499999999,8691.228996
2025-12-04 09:00:00+01:00,8702.340376462342,5734.757684,2764.9088321631125,1897.157,11467.249208625453,7631.914684,9335.428388
2025-12-04 09:15:00+01:00,8688.878286917223,5753.54396,2764.9088321631125,1952.236,11453.787119080334,7705.77996,10029.19498
2025-12-04 09:30:00+01:00,8688.878286917223,5727.598432,2764.9088321631125,1791.951,11453.787119080334,7519.549432,10507.702792
2025-12-04 09:45:00+01:00,8688.878286917223,5660.600572,2764.9088321631125,1692.788,11453.787119080334,7353.388572,11015.812672
2025-12-04 10:00:00+01:00,7446.030431187314,5555.962496,2901.713971332964,1710.298,10347.744402520279,7266.260496,11583.787548
2025-12-04 10:15:00+01:00,7446.030431187314,5415.51252,2901.713971332964,1736.387,10347.744402520279,7151.89952,12120.350568
2025-12-04 10:30:00+01:00,7446.030431187314,5248.768228,2901.713971332964,1806.961,10347.744402520279,7055.729228,12586.130176
2025-12-04 10:45:00+01:00,7446.030431187314,5039.62826,2901.713971332964,1888.658,10347.744402520279,6928.286260000001,12961.350172
2025-12-04 11:00:00+01:00,7036.1934198818735,4868.385688,2810.5196760092053,1898.428,9846.713095891078,6766.813688,13197.565112
2025-12-04 11:15:00+01:00,7036.1934198818735,4766.656104,2810.5196760092053,1815.147,9846.713095891078,6581.803104,13346.609627999998
2025-12-04 11:30:00+01:00,7036.1934198818735,4528.734156,2810.5196760092053,1829.787,9846.713095891078,6358.521156000001,13330.821496
2025-12-04 11:45:00+01:00,7036.1934198818735,4320.57016,2810.5196760092053,1842.356,9846.713095891078,6162.92616,13282.51428
2025-12-04 12:00:00+01:00,6875.102423958606,4130.894772,2415.5089109437363,1800.466,9290.611334902342,5931.360772,13165.864048
2025-12-04 12:15:00+01:00,6875.102423958606,3951.982836,2415.5089109437363,1815.658,9290.611334902342,5767.6408360000005,13088.906372
2025-12-04 12:30:00+01:00,6875.102423958606,3877.159392,2415.5089109437363,1813.018,9290.611334902342,5690.177392,12919.312508
2025-12-04 12:45:00+01:00,6875.102423958606,3841.442332,2415.5089109437363,1797.559,9290.611334902342,5639.001332,12727.481552
2025-12-04 13:00:00+01:00,6583.846200571857,3843.925248,2413.577050306705,1721.953,8997.42325087856,5565.878248,12479.813564
2025-12-04 13:15:00+01:00,6583.846200571857,3819.659216,2413.577050306705,1697.274,8997.42325087856,5516.933215999999,12047.314588
2025-12-04 13:30:00+01:00,6583.846200571857,3873.053172,2425.0103217951073,1696.108,9008.856522366965,5569.161172,11679.4284
2025-12-04 13:45:00+01:00,6583.846200571857,4020.671764,2425.0103217951073,1724.611,9008.856522366965,5745.2827640000005,11345.478196
2025-12-04 14:00:00+01:00,6679.491796027128,4174.436376,2456.3895785577506,1688.223,9135.881374584878,5862.659376,10795.040928
2025-12-04 14:15:00+01:00,6679.491796027128,4262.642416,2456.3895785577506,1614.023,9135.881374584878,5876.665416,10140.946712
2025-12-04 14:30:00+01:00,6679.491796027128,4448.133548,2456.3895785577506,1701.767,9135.881374584878,6149.900548,9675.31228
2025-12-04 14:45:00+01:00,6679.491796027128,4709.36144,2456.3895785577506,1748.927,9135.881374584878,6458.288439999999,9228.235904
2025-12-04 15:00:00+01:00,7243.644983190939,5105.271372,2402.9841905926937,1932.906,9646.629173783633,7038.177372,9021.834992
2025-12-04 15:15:00+01:00,7252.484644704829,5566.658976,2402.9841905926937,2034.847,9655.468835297523,7601.505976,8904.78004
2025-12-04 15:30:00+01:00,7254.174662100639,6029.91344,2402.9841905926937,2114.642,9657.158852693332,8144.55544,8883.830392
2025-12-04 15:45:00+01:00,7288.415960816769,6613.540324,2402.9841905926937,2177.835,9691.400151409463,8791.375324,9108.13548
2025-12-04 16:00:00+01:00,8508.621002686978,7117.78026,2724.8098172589853,2304.716,11233.430819945963,9422.49626,9514.893268
2025-12-04 16:15:00+01:00,8650.699818515075,7690.416776,2724.8098172589853,2345.849,11375.50963577406,10036.265776,10070.184888
2025-12-04 16:30:00+01:00,8735.968432992153,8184.246444,2724.8098172589853,2348.273,11460.778250251138,10532.519444,10558.622012000002
2025-12-04 16:45:00+01:00,8735.968432992153,8554.278128,2724.8098172589853,2458.938,11460.778250251138,11013.216128,11037.644408
2025-12-04 17:00:00+01:00,11007.434461649973,8836.384184,3116.5718099609753,2556.716,14124.006271610948,11393.100184,11415.464852
2025-12-04 17:15:00+01:00,11007.434461649973,9171.595212,3116.5718099609753,2712.027,14124.006271610948,11883.622212,11904.731436
2025-12-04 17:30:00+01:00,11048.267354353122,9494.278828,3116.5718099609753,2791.751,14164.839164314097,12286.029828,12312.404556
2025-12-04 17:45:00+01:00,11048.267354353122,9698.36018,3116.5718099609753,2887.553,14164.839164314097,12585.91318,12608.73424
2025-12-04 18:00:00+01:00,12301.567200142368,9835.015364,3239.721048643403,3015.258,15541.288248785771,12850.273364,12916.267672
2025-12-04 18:15:00+01:00,12301.567200142368,9828.375648,3239.721048643403,3132.228,15541.288248785771,12960.603648,12999.00194
2025-12-04 18:30:00+01:00,12301.567200142368,9856.900392,3239.721048643403,3112.266,15541.288248785771,12969.166392,12984.256888
2025-12-04 18:45:00+01:00,12301.567200142368,9718.707376,3239.721048643403,3187.062,15541.288248785771,12905.769376,12918.366028
2025-12-04 19:00:00+01:00,13260.43807750794,9562.719476,3238.7656361354448,3467.578,16499.203713643386,13030.297476,13041.524332
2025-12-04 19:15:00+01:00,13297.334180192438,9448.59546,3238.7656361354448,3677.143,16536.099816327882,13125.73846,13136.101364
2025-12-04 19:30:00+01:00,13283.966664874753,9289.153992,3238.7656361354448,3763.176,16522.732301010197,13052.329992,13061.809856
2025-12-04 19:45:00+01:00,13283.61273904911,9157.979328,3238.7656361354448,3708.207,16522.378375184555,12866.186328,12874.602684
2025-12-04 20:00:00+01:00,13526.897591647541,8980.887732,3223.123848637943,3721.799,16750.021440285484,12702.686731999998,12710.483891999998
2025-12-04 20:15:00+01:00,13526.897591647541,8859.982572,3223.123848637943,3711.36,16750.021440285484,12571.342572,12578.673252
2025-12-04 20:30:00+01:00,13526.897591647541,8819.690552,3223.123848637943,3666.31,16750.021440285484,12486.000552,12493.999696
2025-12-04 20:45:00+01:00,13526.897591647541,8737.958284,3223.123848637943,3633.714,16750.021440285484,12371.672284,12380.53396
2025-12-04 21:00:00+01:00,12148.902788831374,8562.409688,3100.5307265854917,3630.613,15249.433515416866,12193.022688,12201.630115999998
2025-12-04 21:15:00+01:00,12148.902788831374,8263.22664,3100.5307265854917,3522.481,15249.433515416866,11785.70764,11793.856592
2025-12-04 21:30:00+01:00,12148.902788831374,7975.006608,3100.5307265854917,3391.628,15249.433515416866,11366.634608,11373.89522
2025-12-04 21:45:00+01:00,12150.72354327582,7660.075688,3099.064355862828,3349.946,15249.78789913865,11010.021688,11017.326876
2025-12-04 22:00:00+01:00,9439.44988334607,7215.341656,3062.679610225585,3241.827,12502.129493571654,10457.168656,10464.183464
2025-12-04 22:15:00+01:00,9439.44988334607,7023.18632,3062.4626574119775,3033.241,12501.912540758047,10056.42732,10063.178359999998
2025-12-04 22:30:00+01:00,9439.44988334607,6781.182104,3062.4626574119775,2916.651,12501.912540758047,9697.833104,9704.773108
2025-12-04 22:45:00+01:00,9439.44988334607,6508.3663,3051.0293859235753,2944.47,12490.479269269645,9452.8363,9459.834688
2025-12-04 23:00:00+01:00,8500.7475408102,6378.206656,2842.1289333845907,2774.801,11342.87647419479,9153.007656,9159.796444
2025-12-04 23:15:00+01:00,8500.7475408102,6256.394652,2842.1289333845907,2539.586,11342.87647419479,8795.980652,8802.92798
2025-12-04 23:30:00+01:00,8500.7475408102,6108.856636,2842.1289333845907,2462.662,11342.87647419479,8571.518636,8578.429772000001
2025-12-04 23:45:00+01:00,8500.7475408102,5847.58968,2842.1289333845907,2307.926,11342.87647419479,8155.51568,8160.876808
2025-12-05 00:00:00+01:00,6113.66533597931,5534.783968,2462.0953630863337,2290.332,8575.760699065644,7825.115968,7830.287364
2025-12-05 00:15:00+01:00,6113.66533597931,5252.312548,2462.0953630863337,2176.45,8575.760699065644,7428.762548,7434.026476
2025-12-05 00:30:00+01:00,6113.66533597931,4915.722256,2462.0953630863337,2058.276,8575.760699065644,6973.998256,6979.1181799999995
2025-12-05 00:45:00+01:00,6113.66533597931,4623.190672,2462.0953630863337,2127.991,8575.760699065644,6751.181672,6756.3534
2025-12-05 01:00:00+01:00,5883.538433659086,4477.7393,2241.6098151732963,2175.514,8125.148248832382,6653.2533,6658.5080800000005
2025-12-05 01:15:00+01:00,5883.538433659086,4224.5138,2241.6098151732963,2121.061,8125.148248832382,6345.5748,6350.7851120000005
2025-12-05 01:30:00+01:00,5883.538433659086,4052.779464,2241.6098151732963,2076.599,8125.148248832382,6129.378464,6134.568700000001
2025-12-05 01:45:00+01:00,5883.538433659086,3813.100152,2241.6098151732963,1964.417,8125.148248832382,5777.517152,5782.7370040000005
2025-12-05 02:00:00+01:00,5215.492277128017,3677.687284,2423.8137297020503,1774.238,7639.306006830067,5451.925284,5456.9524
2025-12-05 02:15:00+01:00,5215.492277128017,3534.416776,2423.8137297020503,1550.739,7639.306006830067,5085.155776,5090.235503999999
2025-12-05 02:30:00+01:00,5215.492277128017,3415.678656,2423.8137297020503,1436.553,7639.306006830067,4852.231656,4857.273184
2025-12-05 02:45:00+01:00,5215.492277128017,3341.587216,2423.8137297020503,1452.871,7639.306006830067,4794.458216,4799.47958
2025-12-05 03:00:00+01:00,5118.498169822066,3228.975816,2406.005495966016,1365.761,7524.503665788083,4594.7368160000005,4599.856216
2025-12-05 03:15:00+01:00,5118.498169822066,3155.483888,2406.005495966016,1329.36,7524.503665788083,4484.843888,4490.154432
2025-12-05 03:30:00+01:00,5118.498169822066,3052.410384,2406.005495966016,1315.079,7524.503665788083,4367.4893839999995,4372.733023999999
2025-12-05 03:45:00+01:00,5118.498169822066,2943.147364,2408.9164856436387,1138.7,7527.414655465705,4081.847364,4087.094864
2025-12-05 04:00:00+01:00,4688.621619554591,2831.915296,2428.0078786666777,1249.989,7116.629498221269,4081.904296,4087.23374
2025-12-05 04:15:00+01:00,4688.621619554591,2758.721216,2428.0078786666777,1246.734,7116.629498221269,4005.455216,4010.69696
2025-12-05 04:30:00+01:00,4688.621619554591,2646.960776,2431.652180459913,1187.751,7120.273800014504,3834.711776,3840.009672
2025-12-05 04:45:00+01:00,4688.621619554591,2571.181588,2431.652180459913,1015.107,7120.273800014504,3586.288588,3591.641036
2025-12-05 05:00:00+01:00,4529.819731931361,2483.439204,2368.7235448060387,963.831,6898.5432767374,3447.270204,3452.35768
2025-12-05 05:15:00+01:00,4529.819731931361,2378.68762,2368.7235448060387,1050.054,6898.5432767374,3428.74162,3434.069124
2025-12-05 05:30:00+01:00,4529.819731931361,2272.700068,2368.7235448060387,1134.325,6898.5432767374,3407.025068,3412.34122
2025-12-05 05:45:00+01:00,4532.133763335251,2170.303748,2368.7235448060387,1108.386,6900.857308141291,3278.689748,3284.009064
2025-12-05 06:00:00+01:00,3995.4862011339674,2121.603128,2129.0476853826385,1081.825,6124.533886516606,3203.4281280000005,3208.8382600000004
2025-12-05 06:15:00+01:00,3992.357006323191,2056.747508,2156.001320726976,1048.911,6148.358327050167,3105.658508,3111.223448
2025-12-05 06:30:00+01:00,3992.357006323191,1978.531104,2158.7518771419727,1040.5,6151.108883465164,3019.0311039999997,3025.1004839999996
2025-12-05 06:45:00+01:00,3992.357006323191,1916.20734,2158.7518771419727,1024.086,6151.108883465164,2940.29334,2946.9323440000003
2025-12-05 07:00:00+01:00,3083.398317867577,1818.725996,2171.008049925752,1006.756,5254.406367793329,2825.481996,2833.670636
2025-12-05 07:15:00+01:00,3083.398317867577,1794.34038,2171.008049925752,998.621,5254.406367793329,2792.96138,2802.5293920000004
2025-12-05 07:30:00+01:00,3083.398317867577,1755.664516,2171.008049925752,996.19,5254.406367793329,2751.8545160000003,2763.0662520000005
2025-12-05 07:45:00+01:00,3083.398317867577,1728.427108,2171.008049925752,993.386,5254.406367793329,2721.8131080000003,2737.4886360000005
2025-12-05 08:00:00+01:00,3024.791807585052,1674.990912,1751.192040118853,977.291,4775.983847703905,2652.281912,2706.964104
2025-12-05 08:15:00+01:00,2930.2472994963487,1593.765172,1751.192040118853,951.029,4681.439339615202,2544.794172,2694.210944
2025-12-05 08:30:00+01:00,2930.2429345205906,1529.444776,1751.192040118853,964.866,4681.434974639444,2494.3107760000003,2866.437444
2025-12-05 08:45:00+01:00,2906.5604351053817,1497.863784,1751.192040118853,991.361,4657.752475224234,2489.224784,3174.800828
2025-12-05 09:00:00+01:00,2868.6771593860385,1466.811972,1404.550117683244,1018.459,4273.2272770692825,2485.270972,3592.251496
2025-12-05 09:15:00+01:00,2868.6771593860385,1383.83888,1404.550117683244,1087.354,4273.2272770692825,2471.19288,4004.075832
2025-12-05 09:30:00+01:00,2868.6771593860385,1280.899648,1404.550117683244,1136.058,4273.2272770692825,2416.957648,4414.570568
2025-12-05 09:45:00+01:00,2868.6771593860385,1182.07188,1404.550117683244,1114.274,4273.2272770692825,2296.34588,4797.520016
2025-12-05 10:00:00+01:00,2307.7560170378697,1068.73668,1329.850665575655,1080.942,3637.6066826135248,2149.67868,5198.617644
2025-12-05 10:15:00+01:00,2307.7560170378697,954.500276,1329.850665575655,1107.514,3637.6066826135248,2062.014276,5635.198808
2025-12-05 10:30:00+01:00,2307.7560170378697,850.193712,1329.850665575655,1130.522,3637.6066826135248,1980.715712,6079.268068
2025-12-05 10:45:00+01:00,2307.7560170378697,774.328292,1329.850665575655,1139.638,3637.6066826135248,1913.966292,6458.150716
2025-12-05 11:00:00+01:00,2205.5239161753825,746.050016,1222.8884550435912,1092.065,3428.412371218974,1838.115016,6753.611728
2025-12-05 11:15:00+01:00,2205.5239161753825,717.633192,1222.8884550435912,1010.468,3428.412371218974,1728.101192,6948.222112
2025-12-05 11:30:00+01:00,2205.5239161753825,676.996796,1222.8884550435912,865.142,3428.412371218974,1542.1387960000002,7013.767708
2025-12-05 11:45:00+01:00,2205.5239161753825,641.208624,1222.8884550435912,769.723,3428.412371218974,1410.9316239999998,6981.343159999999
2025-12-05 12:00:00+01:00,1839.7347133332082,659.001704,1133.843958774245,737.455,2973.5786721074533,1396.4567040000002,7013.805756
2025-12-05 12:15:00+01:00,1839.7347133332082,672.122328,1133.843958774245,707.714,2973.5786721074533,1379.836328,6931.8710040000005
2025-12-05 12:30:00+01:00,1839.7347133332082,683.941776,1133.843958774245,690.067,2973.5786721074533,1374.008776,6833.46026
2025-12-05 12:45:00+01:00,1839.7347133332082,692.089248,1133.843958774245,688.831,2973.5786721074533,1380.920248,6703.381343999999
2025-12-05 13:00:00+01:00,1900.3082508557093,712.612672,736.0459233279059,678.01,2636.354174183615,1390.622672,6453.978196
2025-12-05 13:15:00+01:00,1900.3082508557093,739.647228,740.6819902902084,635.703,2640.990241145918,1375.350228,6172.71224
2025-12-05 13:30:00+01:00,1900.3082508557093,768.048144,744.1683485925655,623.971,2644.476599448275,1392.019144,5852.267096
2025-12-05 13:45:00+01:00,1900.3082508557093,796.884944,744.1683485925655,638.446,2644.476599448275,1435.330944,5496.550356
2025-12-05 14:00:00+01:00,1834.7909478389397,808.434328,1093.867134657145,656.18,2928.6580824960847,1464.614328,5130.576912
2025-12-05 14:15:00+01:00,1834.7909478389397,832.69356,1093.867134657145,641.241,2928.6580824960847,1473.93456,4692.607416000001
2025-12-05 14:30:00+01:00,1834.7909478389397,912.02458,1095.7375694631603,671.831,2930.5285173021,1583.85558,4286.27052
2025-12-05 14:45:00+01:00,1837.2006885703624,1011.497744,1097.1659220831075,701.886,2934.36661065347,1713.383744,3867.794127999999
2025-12-05 15:00:00+01:00,2060.490836151038,1060.61826,1075.1950384654638,724.012,3135.6858746165017,1784.63026,3404.4950959999996
2025-12-05 15:15:00+01:00,2060.490836151038,1149.687052,1075.1950384654638,764.756,3135.6858746165017,1914.443052,3025.66368
2025-12-05 15:30:00+01:00,2079.2163656530456,1269.695612,1075.1950384654638,792.327,3154.4114041185094,2062.022612,2722.5120399999996
2025-12-05 15:45:00+01:00,2111.2882460276737,1399.289108,1075.1950384654638,801.482,3186.4832844931375,2200.771108,2493.916988
2025-12-05 16:00:00+01:00,2182.5773816378787,1552.83266,1173.6753465178779,817.978,3356.252728155757,2370.81066,2459.427036
2025-12-05 16:15:00+01:00,2282.125886613321,1815.992036,1175.1845129046346,860.356,3457.310399517956,2676.3480360000003,2714.5568040000003
2025-12-05 16:30:00+01:00,2324.392757831801,2023.529684,1175.1845129046346,918.404,3499.577270736436,2941.933684,2970.602104
2025-12-05 16:45:00+01:00,2324.392757831801,2289.294308,1175.1845129046346,1045.089,3499.577270736436,3334.383308,3362.26554
2025-12-05 17:00:00+01:00,2709.9930368905484,2559.639684,1328.1495288134638,1158.518,4038.142565704012,3718.157684,3748.9997
2025-12-05 17:15:00+01:00,2709.9930368905484,2849.615376,1328.1495288134638,1290.878,4038.142565704012,4140.493376,4167.3387840000005
2025-12-05 17:30:00+01:00,2724.1913308851413,3177.851676,1329.320765061971,1433.401,4053.5120959471124,4611.252676,4637.806944
2025-12-05 17:45:00+01:00,2724.1913308851413,3509.887556,1329.320765061971,1512.874,4053.5120959471124,5022.761556,5048.976876000001
2025-12-05 18:00:00+01:00,3841.3634100241093,3844.79386,1332.1772550457163,1588.863,5173.540665069826,5433.65686,5459.611004
2025-12-05 18:15:00+01:00,3841.3634100241093,4182.899628,1334.0173328245992,1636.035,5175.380742848709,5818.934628,5838.943568
2025-12-05 18:30:00+01:00,3841.3634100241093,4475.294664,1334.0173328245992,1640.951,5175.380742848709,6116.245664,6133.117056
2025-12-05 18:45:00+01:00,3841.3634100241093,4847.21108,1334.0173328245992,1735.327,5175.380742848709,6582.53808,6597.990124
2025-12-05 19:00:00+01:00,4831.836402099319,5254.327288,1745.5824121768328,1847.722,6577.418814276151,7102.049288,7116.839348
2025-12-05 19:15:00+01:00,4838.0664354377695,5642.42072,1745.5824121768328,2018.35,6583.648847614602,7660.77072,7673.389912000001
2025-12-05 19:30:00+01:00,4834.626002893786,5979.52046,1745.5824121768328,2184.122,6580.208415070619,8163.642459999999,8175.755147999999
2025-12-05 19:45:00+01:00,4834.626002893786,6293.901768,1745.5824121768328,2221.835,6580.208415070619,8515.736767999999,8526.981252
2025-12-05 20:00:00+01:00,8203.86168653497,6617.239184,2346.7366109132718,2329.498,10550.598297448243,8946.737184,8958.123888
2025-12-05 20:15:00+01:00,8203.86168653497,7056.502128,2346.7366109132718,2510.29,10550.598297448243,9566.792128,9577.173472
2025-12-05 20:30:00+01:00,8203.86168653497,7509.344532,2346.7366109132718,2752.061,10550.598297448243,10261.405532,10271.228424
2025-12-05 20:45:00+01:00,8203.86168653497,7913.755896,2346.7366109132718,2881.748,10550.598297448243,10795.503896,10805.422428
2025-12-05 21:00:00+01:00,8716.391999433941,8291.243524,3205.8642199635633,3134.095,11922.256219397505,11425.338524,11436.07392
2025-12-05 21:15:00+01:00,8716.391999433941,8718.86072,3205.8642199635633,3293.518,11922.256219397505,12012.37872,12022.602356
2025-12-05 21:30:00+01:00,8716.391999433941,9187.44706,3205.8642199635633,3437.304,11922.256219397505,12624.75106,12633.480652
2025-12-05 21:45:00+01:00,8705.647118513161,9620.997948,3200.9883395556994,3353.266,11906.63545806886,12974.263948,12982.47836
2025-12-05 22:00:00+01:00,10176.66956061602,9695.376808,3196.183478180713,3703.351,13372.853038796733,13398.727808,13406.61754
2025-12-05 22:15:00+01:00,10163.126693920432,10099.585992,3196.183478180713,3864.41,13359.310172101144,13963.995992,13971.827904
2025-12-05 22:30:00+01:00,10163.126693920432,10509.438416,3196.183478180713,3888.588,13359.310172101144,14398.026416,14406.328168
2025-12-05 22:45:00+01:00,10163.126693920432,10812.188132,3196.183478180713,3892.219,13359.310172101144,14704.407132,14711.484172
2025-12-05 23:00:00+01:00,11504.386441429215,11152.912512,3492.3128725748074,4056.952,14996.699314004021,15209.864512,15216.531024
2025-12-05 23:15:00+01:00,11504.386441429215,11537.070448,3487.6768056125047,4192.868,14992.063247041719,15729.938448,15736.555512
2025-12-05 23:30:00+01:00,11504.386441429215,11936.06096,3487.6768056125047,4291.983,14992.063247041719,16228.04396,16234.9236
2025-12-05 23:45:00+01:00,11504.386441429215,12367.824804,3487.6768056125047,4241.528,14992.063247041719,16609.352804000002,16617.325652000003
2025-12-06 00:00:00+01:00,12084.511921630698,12763.531228,3979.419759894556,4629.155,16063.931681525253,17392.686228,17408.357976
2025-12-06 00:15:00+01:00,12084.511921630698,13253.850748,3979.419759894556,4865.251,16063.931681525253,18119.101748,18127.926964
2025-12-06 00:30:00+01:00,12084.511921630698,13678.29628,3979.419759894556,5084.646,16063.931681525253,18762.94228,18771.022592
2025-12-06 00:45:00+01:00,12084.511921630698,14178.158128,3979.419759894556,5287.666,16063.931681525253,19465.824128,19473.69744
2025-12-06 01:00:00+01:00,13352.224865165592,14560.388236,4596.91557915421,5557.647,17949.1404443198,20118.035236,20125.095148
2025-12-06 01:15:00+01:00,13352.224865165592,14985.05972,4596.91557915421,5786.694,17949.1404443198,20771.75372,20779.056952
2025-12-06 01:30:00+01:00,13352.224865165592,15366.427924,4596.91557915421,5885.189,17949.1404443198,21251.616924,21259.115456000003
2025-12-06 01:45:00+01:00,13352.224865165592,15797.323564,4596.91557915421,6066.327,17949.1404443198,21863.650564,21871.734252
2025-12-06 02:00:00+01:00,15183.203995202583,16148.85988,5244.372570681853,6234.275,20427.576565884436,22383.13488,22391.228767999997
2025-12-06 02:15:00+01:00,15183.203995202583,16566.233388,5244.372570681853,6340.968,20427.576565884436,22907.201388,22915.960204000003
2025-12-06 02:30:00+01:00,15183.203995202583,17019.937772,5244.372570681853,6452.05,20427.576565884436,23471.987772,23481.636796
2025-12-06 02:45:00+01:00,15183.203995202583,17595.827564,5244.372570681853,6544.957,20427.576565884436,24140.784564,24151.749396000003
2025-12-06 03:00:00+01:00,16210.604640138452,18244.179972,5482.019983455927,6546.593,21692.62462359438,24790.772972,24800.320232
2025-12-06 03:15:00+01:00,16210.604640138452,18869.896012,5482.019983455927,6545.957,21692.62462359438,25415.853012,25425.318144
2025-12-06 03:30:00+01:00,16210.604640138452,19516.135824,5482.019983455927,6581.513,21692.62462359438,26097.648824,26107.58044
2025-12-06 03:45:00+01:00,16210.604640138452,20125.514136,5482.019983455927,6442.32,21692.62462359438,26567.834136,26579.114596000003
2025-12-06 04:00:00+01:00,17321.799550969343,20741.473684,5810.887690965911,6620.712,23132.687241935255,27362.185684,27373.883984
2025-12-06 04:15:00+01:00,17321.799550969343,21222.862008,5810.887690965911,6645.14,23132.687241935255,27868.002008,27879.240012
2025-12-06 04:30:00+01:00,17321.799550969343,21691.913032,5810.32114243338,6528.512,23132.12069340272,28220.425032,28231.778
2025-12-06 04:45:00+01:00,17321.799550969343,22146.028568,5810.32114243338,6456.896,23132.12069340272,28602.924568,28615.421080000004
2025-12-06 05:00:00+01:00,18947.12916315948,22732.79672,5828.779521916212,6691.847,24775.90868507569,29424.64372,29437.705208
2025-12-06 05:15:00+01:00,18947.12916315948,23423.048788,5828.779521916212,6723.12,24775.90868507569,30146.168788,30159.30638
2025-12-06 05:30:00+01:00,18970.50367188443,23986.551944,5828.779521916212,6730.839,24799.283193800642,30717.390944,30731.013732
2025-12-06 05:45:00+01:00,18972.66493833989,24430.110796,5828.779521916212,6734.897,24801.4444602561,31165.007796,31178.665
2025-12-06 06:00:00+01:00,22138.949323972854,25490.24226,6088.813775675917,6594.973,28227.76309964877,32085.215259999997,32098.60708
2025-12-06 06:15:00+01:00,22170.68809650714,25803.087196,6127.4625086634005,6751.276,28298.15060517054,32554.363196,32567.033708
2025-12-06 06:30:00+01:00,22170.68809650714,26261.998424,6138.141213849575,6797.998,28308.829310356716,33059.996424,33073.055307999995
2025-12-06 06:45:00+01:00,22170.68809650714,26640.913648,6138.141213849575,6792.506,28308.829310356716,33433.419648,33447.547548
2025-12-06 07:00:00+01:00,23790.967601420652,26942.485524,6320.53280599641,6559.391,30111.500407417065,33501.876524,33517.443372
2025-12-06 07:15:00+01:00,23790.967601420652,26969.95348,6320.53280599641,6586.434,30111.500407417065,33556.38748,33572.541524
2025-12-06 07:30:00+01:00,23790.967601420652,27007.02562,6320.53280599641,6592.526,30111.500407417065,33599.55162,33618.361048
2025-12-06 07:45:00+01:00,23790.967601420652,27133.667124,6320.53280599641,6616.612,30111.500407417065,33750.279124,33776.820924
2025-12-06 08:00:00+01:00,23852.526869443063,27199.411836,6159.966795382908,6775.157,30012.49366482597,33974.568836,34042.283319999995
2025-12-06 08:15:00+01:00,23748.11446810645,27029.233172,6159.966795382908,6783.339,29908.08126348936,33812.572172,34135.516504
2025-12-06 08:30:00+01:00,23748.11446810645,26745.892224,6159.966795382908,6813.626,29908.08126348936,33559.518224,34271.501272
2025-12-06 08:45:00+01:00,23709.91010094129,26666.0369,6159.966795382908,6815.474,29869.8768963242,33481.5109,34682.408376
2025-12-06 09:00:00+01:00,23771.938795556653,26486.6467,6048.798981589621,6799.352,29820.737777146274,33285.998700000004,35022.227836000005
2025-12-06 09:15:00+01:00,23738.870058817265,26195.122196,6048.798981589621,6912.647,29787.669040406887,33107.769196,35487.700536000004
2025-12-06 09:30:00+01:00,23730.10933146234,26072.4681,6048.798981589621,6901.495,29778.90831305196,32973.9631,35913.484276
2025-12-06 09:45:00+01:00,23730.10933146234,25872.98434,6048.798981589621,6982.925,29778.90831305196,32855.90934,36415.599016
2025-12-06 10:00:00+01:00,23344.89867666993,25403.671196,5918.243928494547,7000.442,29263.142605164478,32404.113196,36588.791556
2025-12-06 10:15:00+01:00,23344.89867666993,25036.614612,5918.243928494547,6989.64,29263.142605164478,32026.254612,36758.760792
2025-12-06 10:30:00+01:00,23344.89867666993,24552.877908,5918.243928494547,6936.47,29263.142605164478,31489.347908,36666.7285
2025-12-06 10:45:00+01:00,23344.89867666993,24229.553168,5918.243928494547,6913.474,29263.142605164478,31143.027168,36723.456304
2025-12-06 11:00:00+01:00,21393.700622313318,23911.362672,5931.384643667314,6779.641,27325.085265980633,30691.003672,36603.29704
2025-12-06 11:15:00+01:00,21393.700622313318,23518.384972,5931.384643667314,6784.643,27325.085265980633,30303.027972,36622.697804
2025-12-06 11:30:00+01:00,21393.700622313318,23176.159836,5931.384643667314,6828.626,27325.085265980633,30004.785836,36651.04146
2025-12-06 11:45:00+01:00,21393.700622313318,22910.577356,5931.384643667314,6746.336,27325.085265980633,29656.913356,36430.950696
2025-12-06 12:00:00+01:00,18275.561464791677,22766.561676,5944.899606402847,6550.797,24220.461071194524,29317.358676,36157.011656
2025-12-06 12:15:00+01:00,18275.561464791677,22655.58222,5944.899606402847,6505.877,24220.461071194524,29161.45922,35965.151608
2025-12-06 12:30:00+01:00,18275.561464791677,22720.150524,5944.899606402847,6498.434,24220.461071194524,29218.584524,35825.784668
2025-12-06 12:45:00+01:00,18275.561464791677,22483.332004,5944.899606402847,6521.356,24220.461071194524,29004.688004,35353.64362
2025-12-06 13:00:00+01:00,17703.436262337593,22242.198708,6046.921197549969,6583.535,23750.357459887564,28825.733708,34817.105184
2025-12-06 13:15:00+01:00,17703.436262337593,22007.365596,6048.409344199371,6618.401,23751.845606536965,28625.766596,34219.114748
2025-12-06 13:30:00+01:00,17703.436262337593,21725.574216,6053.4726054713665,6595.363,23756.90886780896,28320.937216,33431.013744
2025-12-06 13:45:00+01:00,17703.436262337593,21456.08234,6053.4726054713665,6480.811,23756.90886780896,27936.89334,32606.00788
2025-12-06 14:00:00+01:00,17141.791480180058,21291.663708,5524.090744526179,6544.955,22665.882224706238,27836.618708,31992.29314
2025-12-06 14:15:00+01:00,17142.713083438623,21137.894284,5524.090744526179,6585.408,22666.803827964803,27723.302284,31293.449528
2025-12-06 14:30:00+01:00,17142.713083438623,21245.105284,5524.090744526179,6504.753,22666.803827964803,27749.858284,30712.564712000003
2025-12-06 14:45:00+01:00,17148.850876861565,21464.320968,5531.541440803964,6469.506,22680.39231766553,27933.826968,30200.329680000003
2025-12-06 15:00:00+01:00,18512.683668590438,21675.360504,5651.406267184853,6425.793,24164.089935775293,28101.153504,29726.095076
2025-12-06 15:15:00+01:00,18525.337889935632,21926.73388,5655.035487058873,6478.125,24180.373376994503,28404.85888,29483.79834
2025-12-06 15:30:00+01:00,18544.833467212306,22162.155472,5665.240673346168,6464.46,24210.074140558474,28626.615472,29252.991531999996
2025-12-06 15:45:00+01:00,18569.443321110142,22390.873924,5665.240673346168,6497.988,24234.68399445631,28888.861924,29187.436868
2025-12-06 16:00:00+01:00,20442.26445190074,22723.544068,5627.885473350374,6559.834,26070.149925251113,29283.378068,29390.889755999997
2025-12-06 16:15:00+01:00,20519.92942483812,23124.144488,5627.885473350374,6683.494,26147.814898188495,29807.638488,29854.220252
2025-12-06 16:30:00+01:00,20603.80916932367,23313.97296,5627.885473350374,6852.062,26231.694642674047,30166.034959999997,30199.552783999996
2025-12-06 16:45:00+01:00,20608.331771915226,23538.766044,5627.885473350374,6927.292,26236.2172452656,30466.058044,30498.055528
2025-12-06 17:00:00+01:00,21382.981265534592,23922.736384,5867.7224273590155,6969.742,27250.703692893607,30892.478384,30925.374488
2025-12-06 17:15:00+01:00,21382.981265534592,24368.511128,5867.7224273590155,7012.417,27250.703692893607,31380.928128,31415.557908
2025-12-06 17:30:00+01:00,21450.19981132991,24499.964088,5867.7224273590155,7053.445,27317.922238688923,31553.409088,31587.384752
2025-12-06 17:45:00+01:00,21450.19981132991,24527.961788,5867.7224273590155,7105.413,27317.922238688923,31633.374788,31663.399496
2025-12-06 18:00:00+01:00,21776.46970540103,24810.409588,6024.821542927614,7138.143,27801.29124832864,31948.552588,31974.785512
2025-12-06 18:15:00+01:00,21776.46970540103,24965.802672,6024.821542927614,7324.178,27801.29124832864,32289.980672,32312.827484
2025-12-06 18:30:00+01:00,21782.007975137207,25152.152184,6024.821542927614,7332.038,27806.82951806482,32484.190184,32506.604196
2025-12-06 18:45:00+01:00,21782.007975137207,25256.490096,6024.821542927614,7319.212,27806.82951806482,32575.702096,32596.234348
2025-12-06 19:00:00+01:00,21900.532965653347,25303.208276,6082.194769261108,7330.776,27982.727734914457,32633.984276000003,32653.874592000004
2025-12-06 19:15:00+01:00,21938.77320886641,25247.96816,6082.194769261108,7264.975,28020.96797812752,32512.943160000003,32531.117828
2025-12-06 19:30:00+01:00,21938.039877311912,25262.762968,6082.194769261108,7279.861,28020.234646573022,32542.623968,32559.780524
2025-12-06 19:45:00+01:00,21938.039877311912,25398.29842,6082.194769261108,7266.221,28020.234646573022,32664.519419999997,32679.90102
2025-12-06 20:00:00+01:00,22506.372834392354,25628.349756,5847.157820727392,7103.102,28353.530655119746,32731.451756,32744.76074
2025-12-06 20:15:00+01:00,22506.372834392354,25664.553004,5847.157820727392,7001.888,28353.530655119746,32666.441004,32679.709692
2025-12-06 20:30:00+01:00,22506.372834392354,25608.14494,5847.157820727392,6938.906,28353.530655119746,32547.050939999997,32561.023004
2025-12-06 20:45:00+01:00,22498.506038134372,25767.871632,5847.157820727392,6826.062,28345.663858861764,32593.933632,32607.617392
2025-12-06 21:00:00+01:00,22419.661209851136,25801.304284,5398.536422424822,6668.838,27818.19763227596,32470.142284,32483.66114
2025-12-06 21:15:00+01:00,22419.661209851136,25796.661288,5398.536422424822,6516.819,27818.19763227596,32313.480288,32327.382488
2025-12-06 21:30:00+01:00,22419.661209851136,25915.186252,5398.536422424822,6460.57,27818.19763227596,32375.756252,32388.374296
2025-12-06 21:45:00+01:00,22401.513864932032,26054.79312,5393.985595810494,6437.487,27795.499460742525,32492.28012,32505.772672
2025-12-06 22:00:00+01:00,22995.651230032476,25245.62292,5108.760045208694,6429.06,28104.411275241167,31674.682920000003,31688.28504
2025-12-06 22:15:00+01:00,22995.651230032476,25108.647704,5108.760045208694,6343.969,28104.411275241167,31452.616704,31466.418052
2025-12-06 22:30:00+01:00,22995.651230032476,25065.17132,5108.760045208694,6236.055,28104.411275241167,31301.22632,31314.50962
2025-12-06 22:45:00+01:00,22995.651230032476,24970.273556,5103.696783936698,6369.37,28099.348013969175,31339.643556,31353.018692
2025-12-06 23:00:00+01:00,24086.559370664476,24957.267024,4520.6675895543,6200.879,28607.226960218777,31158.146024,31171.802160000003
2025-12-06 23:15:00+01:00,24086.559370664476,25112.709884,4519.179442904899,5865.578,28605.738813569376,30978.287884,30990.659676000003
2025-12-06 23:30:00+01:00,24086.559370664476,25108.391708,4519.179442904899,5718.998,28605.738813569376,30827.389708,30839.147104
2025-12-06 23:45:00+01:00,24086.559370664476,25059.981252,4519.179442904899,5524.101,28605.738813569376,30584.082252,30595.498672
2025-12-07 00:00:00+01:00,27070.708669575117,24965.705368,4946.986601561682,5330.939,32017.6952711368,30296.644368,30307.75362
2025-12-07 00:15:00+01:00,27070.708669575117,25043.432272,4946.986601561682,5040.524,32017.6952711368,30083.956272,30094.774224
2025-12-07 00:30:00+01:00,27070.708669575117,25048.438316,4946.986601561682,4962.979,32017.6952711368,30011.417316,30022.298435999997
2025-12-07 00:45:00+01:00,27070.708669575117,25155.146928,4946.986601561682,4807.749,32017.6952711368,29962.895928,29974.554667999997
2025-12-07 01:00:00+01:00,28329.35765150806,25143.9839,4736.09440481323,4686.758,33065.45205632129,29830.7419,29842.266556
2025-12-07 01:15:00+01:00,28329.35765150806,24965.365804,4736.09440481323,4614.112,33065.45205632129,29579.477804,29590.713004
2025-12-07 01:30:00+01:00,28329.35765150806,25101.426424,4736.09440481323,4545.986,33065.45205632129,29647.412424,29658.746068
2025-12-07 01:45:00+01:00,28319.832198260894,25080.004416,4736.09440481323,4385.967,33055.92660307413,29465.971416,29477.5907
2025-12-07 02:00:00+01:00,27223.453702797116,25026.363168,4897.2297557217835,4312.329,32120.6834585189,29338.692168,29350.877348
2025-12-07 02:15:00+01:00,27223.453702797116,24827.330948,4897.2297557217835,4246.897,32120.6834585189,29074.227948,29086.312232
2025-12-07 02:30:00+01:00,27223.453702797116,24662.942712,4897.2297557217835,4081.746,32120.6834585189,28744.688712,28756.090988
2025-12-07 02:45:00+01:00,27223.453702797116,24646.28684,4897.2297557217835,3975.298,32120.6834585189,28621.58484,28632.092192
2025-12-07 03:00:00+01:00,27850.143312086017,24474.504184,4878.944882727298,3963.623,32729.088194813314,28438.127184,28448.047764000003
2025-12-07 03:15:00+01:00,27850.143312086017,24422.119764,4878.944882727298,3939.8,32729.088194813314,28361.919764,28371.387283999997
2025-12-07 03:30:00+01:00,27850.143312086017,24251.410032,4878.944882727298,3700.355,32729.088194813314,27951.765032,27962.211896
2025-12-07 03:45:00+01:00,27850.143312086017,23941.731872,4878.944882727298,3452.2,32729.088194813314,27393.931872,27404.046624
2025-12-07 04:00:00+01:00,27217.153450638965,23505.36338,5136.081742402041,3346.794,32353.235193041008,26852.157379999997,26861.926043999996
2025-12-07 04:15:00+01:00,27217.94047604396,23273.431408,5136.081742402041,3318.316,32354.022218446,26591.747408,26601.377468
2025-12-07 04:30:00+01:00,27217.94047604396,23060.693344,5139.83231600832,3236.85,32357.77279205228,26297.543344,26306.791683999996
2025-12-07 04:45:00+01:00,27217.94047604396,22803.086012,5139.83231600832,3252.142,32357.77279205228,26055.228012,26064.29
2025-12-07 05:00:00+01:00,26921.715677445394,22580.345912,5357.444966922873,3421.247,32279.16064436827,26001.592912,26010.619328
2025-12-07 05:15:00+01:00,26921.715677445394,22261.459632,5357.444966922873,3383.977,32279.16064436827,25645.436631999997,25654.621448
2025-12-07 05:30:00+01:00,26936.94958766139,21945.318896,5357.444966922873,3526.962,32294.394554584265,25472.280896,25481.0703
2025-12-07 05:45:00+01:00,26942.910144026384,21610.913968,5357.444966922873,3441.639,32300.35511094926,25052.552968,25061.732528
2025-12-07 06:00:00+01:00,25776.8594845718,21772.047692,5140.268574841556,3485.014,30917.128059413357,25257.061692,25265.575976
2025-12-07 06:15:00+01:00,25776.8594845718,21608.779316,5147.742001112365,3588.823,30924.601485684165,25197.602316,25206.268884
2025-12-07 06:30:00+01:00,25776.8594845718,21281.77964,5146.084343678163,3370.294,30922.94382824996,24652.07364,24661.190404
2025-12-07 06:45:00+01:00,25776.8594845718,21022.575676,5146.084343678163,3137.268,30922.94382824996,24159.843676,24170.235572
2025-12-07 07:00:00+01:00,25278.167036458402,20532.954356,5050.915276425608,3116.773,30329.08231288401,23649.727356,23661.899052
2025-12-07 07:15:00+01:00,25278.167036458402,20257.372428,5050.915276425608,3111.394,30329.08231288401,23368.766428,23381.950876
2025-12-07 07:30:00+01:00,25278.167036458402,19994.26748,5050.915276425608,3298.992,30329.08231288401,23293.25948,23308.27962
2025-12-07 07:45:00+01:00,25278.167036458402,19744.094968,5050.915276425608,3429.155,30329.08231288401,23173.249968,23190.131628
2025-12-07 08:00:00+01:00,23900.380854446314,19537.37082,4653.3904780203,3506.689,28553.771332466615,23044.05982,23096.865092
2025-12-07 08:15:00+01:00,23783.795323009526,19227.998456,4653.3904780203,3621.888,28437.185801029827,22849.886456,23065.8812
2025-12-07 08:30:00+01:00,23781.704911297278,18891.448032,4653.3904780203,3688.696,28435.09538931758,22580.144032,23108.478232
2025-12-07 08:45:00+01:00,23710.687149032106,18644.133664,4653.3904780203,3764.42,28364.077627052407,22408.553664,23384.558684
2025-12-07 09:00:00+01:00,21660.590923348307,18373.376456,4575.309729949234,3911.123,26235.90065329754,22284.499456,23745.987256
2025-12-07 09:15:00+01:00,21639.638902709194,17933.22662,4575.309729949234,4229.369,26214.948632658427,22162.59562,24177.47092
2025-12-07 09:30:00+01:00,21637.270509678765,17523.402144,4575.309729949234,4316.224,26212.580239627998,21839.626144,24464.26208
2025-12-07 09:45:00+01:00,21637.270509678765,16893.37488,4575.309729949234,4351.159,26212.580239627998,21244.53388,24521.48326
2025-12-07 10:00:00+01:00,19093.286520535643,16207.381564,4388.035360900694,4236.322,23481.321881436335,20443.703564,24329.865204
2025-12-07 10:15:00+01:00,19093.286520535643,15659.993824,4388.035360900694,4204.969,23481.321881436335,19864.962824,24413.669671999996
2025-12-07 10:30:00+01:00,19077.96243804295,15226.610024,4388.035360900694,4232.83,23465.997798943645,19459.440024,24669.46792
2025-12-07 10:45:00+01:00,19077.96243804295,15077.484508,4388.035360900694,4294.885,23465.997798943645,19372.369508,25117.340364
2025-12-07 11:00:00+01:00,17227.563404920147,14931.081376,3971.191536141068,4359.183,21198.754941061216,19290.264376,25322.165508
2025-12-07 11:15:00+01:00,17227.563404920147,14518.907428,3971.191536141068,4406.677,21198.754941061216,18925.584428,25154.063540000003
2025-12-07 11:30:00+01:00,17227.563404920147,14251.958204,3971.191536141068,4457.311,21198.754941061216,18709.269204,25119.05414
2025-12-07 11:45:00+01:00,17227.563404920147,13768.63476,3971.191536141068,4342.186,21198.754941061216,18110.82076,24602.269472000004
2025-12-07 12:00:00+01:00,15063.181072396712,13302.97456,3728.065680128185,4178.912,18791.246752524898,17481.88656,24030.419644
2025-12-07 12:15:00+01:00,15063.181072396712,13100.006076,3728.065680128185,4034.439,18791.246752524898,17134.445076,23637.139804
2025-12-07 12:30:00+01:00,15063.181072396712,12886.278932,3728.065680128185,4068.584,18791.246752524898,16954.862932,23369.687332
2025-12-07 12:45:00+01:00,15063.181072396712,12595.556868,3728.065680128185,4119.217,18791.246752524898,16714.773868,22890.072832
2025-12-07 13:00:00+01:00,13203.762613654755,12151.019848,3803.3192705874144,3846.312,17007.08188424217,15997.331848,21840.414568
2025-12-07 13:15:00+01:00,13203.762613654755,11619.305184,3803.3192705874144,3652.084,17007.08188424217,15271.389184,20723.610216
2025-12-07 13:30:00+01:00,13203.762613654755,11225.395196,3803.3192705874144,3716.547,17007.08188424217,14941.942196,19952.616732
2025-12-07 13:45:00+01:00,13203.762613654755,10936.641648,3803.3192705874144,3942.027,17007.08188424217,14878.668648,19376.84734
2025-12-07 14:00:00+01:00,12551.506294519608,10525.921624,3579.080336145839,4233.277,16130.586630665446,14759.198624,18707.024736
2025-12-07 14:15:00+01:00,12551.506294519608,10358.007244,3579.080336145839,4351.599,16130.586630665446,14709.606244,18017.72812
2025-12-07 14:30:00+01:00,12551.506294519608,10398.460032,3579.080336145839,4315.905,16130.586630665446,14714.365032000002,17344.930808
2025-12-07 14:45:00+01:00,12552.167449889084,10533.132716,3580.2458490038157,4129.445,16132.4132988929,14662.577716,16689.908432
2025-12-07 15:00:00+01:00,12910.109710775872,10965.814992,3256.4592706509925,3888.811,16166.568981426864,14854.625992,16288.341079999998
2025-12-07 15:15:00+01:00,12915.007570037773,11449.498812,3261.2895118916967,3806.653,16176.29708192947,15256.151812,16194.936112
2025-12-07 15:30:00+01:00,12940.118458983097,11859.93262,3259.902549982079,3751.869,16200.021008965177,15611.80162,16124.057688
2025-12-07 15:45:00+01:00,12978.972516570238,12307.93934,3259.902549982079,3442.063,16238.875066552318,15750.00234,15945.253112
2025-12-07 16:00:00+01:00,13511.800967419065,12712.462644,2828.2414249525223,3238.341,16340.042392371588,15950.803644,15999.892436
2025-12-07 16:15:00+01:00,13710.424956569197,13198.153008,2828.2414249525223,3274.375,16538.666381521718,16472.528008,16505.299096000002
2025-12-07 16:30:00+01:00,13822.03730599783,13739.743748,2828.2414249525223,3369.595,16650.27873095035,17109.338748000002,17142.816816000002
2025-12-07 16:45:00+01:00,13822.03730599783,14354.308736,2828.2414249525223,3230.169,16650.27873095035,17584.477736,17613.746264
2025-12-07 17:00:00+01:00,14595.546484108443,14956.05542,2390.662218305739,3092.677,16986.20870241418,18048.73242,18085.906532
2025-12-07 17:15:00+01:00,14595.546484108443,15405.410452,2390.662218305739,3241.079,16986.20870241418,18646.489452,18687.770152
2025-12-07 17:30:00+01:00,14620.544551290313,16042.117744,2390.662218305739,3404.877,17011.20676959605,19446.994744,19490.600112
2025-12-07 17:45:00+01:00,14620.544551290313,16712.134,2390.662218305739,3846.03,17011.20676959605,20558.163999999997,20589.867167999997
2025-12-07 18:00:00+01:00,14955.017438499124,17466.167284,2071.5936582039076,4121.965,17026.611096703033,21588.132284,21641.30626
2025-12-07 18:15:00+01:00,14955.017438499124,18344.890888,2071.5936582039076,4446.103,17026.611096703033,22790.993888,22819.850816
2025-12-07 18:30:00+01:00,14960.049083596617,19341.834612,2071.5936582039076,4827.58,17031.642741800526,24169.414612,24190.073116
2025-12-07 18:45:00+01:00,14960.049083596617,20271.481088,2071.5936582039076,5159.481,17031.642741800526,25430.962088,25451.165436
2025-12-07 19:00:00+01:00,16179.684311336372,21144.192696,2490.336097876127,5506.749,18670.0204092125,26650.941696,26671.061331999997
2025-12-07 19:15:00+01:00,16179.684311336372,22202.12942,2490.336097876127,5771.086,18670.0204092125,27973.21542,27991.135544
2025-12-07 19:30:00+01:00,16179.684311336372,23364.50502,2490.336097876127,6104.848,18670.0204092125,29469.35302,29486.7864
2025-12-07 19:45:00+01:00,16179.684311336372,24502.638388,2490.336097876127,6350.246,18670.0204092125,30852.884388,30869.53348
2025-12-07 20:00:00+01:00,16087.656290812305,25564.195232,3188.6077789498045,6411.084,19276.26406976211,31975.279231999997,31990.806339999996
2025-12-07 20:15:00+01:00,16087.656290812305,26548.8222,3188.6077789498045,6511.47,19276.26406976211,33060.292199999996,33075.559411999995
2025-12-07 20:30:00+01:00,16087.656290812305,27605.863336,3188.6077789498045,6573.858,19276.26406976211,34179.721336,34194.438480000004
2025-12-07 20:45:00+01:00,16087.656290812305,28641.136952,3188.6077789498045,6601.074,19276.26406976211,35242.210952,35256.66722
2025-12-07 21:00:00+01:00,17107.56787548968,29745.466376,3558.5836024457517,6462.565,20666.151477935433,36208.031376,36222.018636
2025-12-07 21:15:00+01:00,17107.56787548968,30452.579236,3558.5836024457517,6480.882,20666.151477935433,36933.461236,36947.42008
2025-12-07 21:30:00+01:00,17107.56787548968,31097.9521,3558.5836024457517,6545.004,20666.151477935433,37642.9561,37656.187483999995
2025-12-07 21:45:00+01:00,17110.52290495373,31702.5191,3557.418089587775,6686.421,20667.940994541506,38388.9401,38402.590496
2025-12-07 22:00:00+01:00,20375.768041359428,31274.52396,4973.09039697799,6701.527,25348.85843833742,37976.05096,37989.298204
2025-12-07 22:15:00+01:00,20375.768041359428,31876.203644,4973.09039697799,6743.555,25348.85843833742,38619.758644,38632.962052
2025-12-07 22:30:00+01:00,20375.768041359428,32468.186272,4973.09039697799,6716.896,25348.85843833742,39185.082272,39196.230836
2025-12-07 22:45:00+01:00,20375.768041359428,32517.61056,4972.174631668287,6651.042,25347.942673027716,39168.65256,39181.710696
2025-12-07 23:00:00+01:00,25828.20619794218,32727.477604,5769.475746927938,6765.074,31597.68194487012,39492.551604,39505.744512
2025-12-07 23:15:00+01:00,25828.20619794218,32960.37348,5767.029823714678,6830.961,31595.23602165686,39791.334480000005,39803.809224
2025-12-07 23:30:00+01:00,25828.20619794218,32997.797092,5767.029823714678,6942.176,31595.23602165686,39939.973092,39952.99262
2025-12-07 23:45:00+01:00,25828.20619794218,33381.697744,5767.029823714678,6944.43,31595.23602165686,40326.127744,40339.487724
2025-12-08 00:00:00+01:00,31905.85184356872,33512.774268,5907.55433454656,6760.455,37813.40617811528,40273.229268,40285.441612
2025-12-08 00:15:00+01:00,31905.85184356872,33930.699488,5907.55433454656,6716.749,37813.40617811528,40647.448487999995,40659.221212
2025-12-08 00:30:00+01:00,31905.85184356872,34006.0251,5907.55433454656,6712.492,37813.40617811528,40718.5171,40730.451396
2025-12-08 00:45:00+01:00,31905.85184356872,33865.93452,5907.55433454656,6720.184,37813.40617811528,40586.11852,40597.244116
2025-12-08 01:00:00+01:00,32929.20299765076,34690.734832,5937.690208712332,6740.332,38866.89320636309,41431.066832,41441.813392
2025-12-08 01:15:00+01:00,32929.20299765076,34927.314432,5937.690208712332,6745.131,38866.89320636309,41672.445432,41682.518176
2025-12-08 01:30:00+01:00,32929.20299765076,35117.23216,5937.690208712332,6934.381,38866.89320636309,42051.61316,42061.274792
2025-12-08 01:45:00+01:00,32929.20299765076,35304.432116,5937.690208712332,6988.898,38866.89320636309,42293.330116000005,42303.298392
2025-12-08 02:00:00+01:00,33763.76497005672,35127.706952,5922.455579070103,7076.161,39686.220549126825,42203.867952,42214.926772
2025-12-08 02:15:00+01:00,33763.76497005672,35108.349684,5922.455579070103,7100.028,39686.220549126825,42208.377684,42220.405288
2025-12-08 02:30:00+01:00,33763.76497005672,35440.157712,5922.455579070103,7104.123,39686.220549126825,42544.280712,42557.262296
2025-12-08 02:45:00+01:00,33763.76497005672,35649.97964,5922.455579070103,7018.872,39686.220549126825,42668.85164,42682.099284
2025-12-08 03:00:00+01:00,34283.80708433607,35602.7233,5973.490170531756,6866.526,40257.29725486782,42469.2493,42482.527304
2025-12-08 03:15:00+01:00,34283.80708433607,35642.588964,5973.490170531756,6854.732,40257.29725486782,42497.320964,42509.872228
2025-12-08 03:30:00+01:00,34283.80708433607,35590.823124,5973.490170531756,6866.403,40257.29725486782,42457.226124,42468.484688
2025-12-08 03:45:00+01:00,34283.80708433607,35319.722704,5973.490170531756,6790.04,40257.29725486782,42109.762704,42122.024916
2025-12-08 04:00:00+01:00,36444.878379863956,34963.002828,5857.545357792699,6615.513,42302.42373765665,41578.515828,41590.651452
2025-12-08 04:15:00+01:00,36444.878379863956,34717.166448,5857.545357792699,6734.251,42302.42373765665,41451.41744800001,41462.2072
2025-12-08 04:30:00+01:00,36444.878379863956,34582.03878,5857.545357792699,6694.444,42302.42373765665,41276.482780000006,41285.707216
2025-12-08 04:45:00+01:00,36444.878379863956,34117.546772,5857.545357792699,6352.234,42302.42373765665,40469.780772,40479.490136
2025-12-08 05:00:00+01:00,35203.91365414428,33360.423556,5801.252100772783,5483.791,41005.16575491706,38844.214556,38853.97354
2025-12-08 05:15:00+01:00,35203.91365414428,33399.43454,5801.252100772783,5890.977,41005.16575491706,39290.41154,39300.008032
2025-12-08 05:30:00+01:00,35219.05703611172,33256.143492,5801.252100772783,6394.948,41020.309136884505,39651.09149200001,39660.526512
2025-12-08 05:45:00+01:00,35229.9500380711,33136.376096,5801.252100772783,6217.084,41031.20213884389,39353.460096,39362.560136
2025-12-08 06:00:00+01:00,33906.07397323688,34049.030668,5854.769937330909,5463.54,39760.84391056779,39512.570668,39520.722812
2025-12-08 06:15:00+01:00,33906.07397323688,33507.377904,5864.756351542151,5434.302,39770.83032477903,38941.679904,38950.341216
2025-12-08 06:30:00+01:00,33906.07397323688,33495.251468,5864.756351542151,5403.936,39770.83032477903,38899.187468,38908.584648
2025-12-08 06:45:00+01:00,33906.07397323688,33131.881016,5864.756351542151,5344.48,39770.83032477903,38476.361015999995,38485.95365999999
2025-12-08 07:00:00+01:00,33539.13830310296,32853.109904,6036.898465469953,5414.991,39576.036768572914,38268.100904,38278.250696
2025-12-08 07:15:00+01:00,33539.13830310296,32791.067976,6048.482773934216,5430.944,39587.621077037176,38222.011976,38247.676368
2025-12-08 07:30:00+01:00,33539.13830310296,32515.5266,6048.482773934216,5441.67,39587.621077037176,37957.1966,38025.256228000006
2025-12-08 07:45:00+01:00,33539.13830310296,32143.876716,6050.0656849455445,5449.294,39589.20398804851,37593.170716,37663.345536
2025-12-08 08:00:00+01:00,28505.12036134127,32070.949256,5852.4710918379305,5541.65,34357.5914531792,37612.599256,37715.428492
2025-12-08 08:15:00+01:00,28478.529507942796,32013.031948,5852.4710918379305,5537.717,34331.000599780724,37550.748948,37881.252032
2025-12-08 08:30:00+01:00,28478.529507942796,31629.454232,5852.4710918379305,5526.239,34331.000599780724,37155.693232,38012.953504
2025-12-08 08:45:00+01:00,28450.13797275296,31397.621968,5852.4710918379305,5464.168,34302.60906459089,36861.789968,38500.839532
2025-12-08 09:00:00+01:00,24194.84629866794,30420.052624,5824.779957453996,5531.536,30019.626256121937,35951.588623999996,38490.389983999994
2025-12-08 09:15:00+01:00,24151.75820550551,29404.47952,5824.779957453996,5471.051,29976.538162959507,34875.53052,38473.751912
2025-12-08 09:30:00+01:00,24149.650297101587,28937.520292,5824.779957453996,5374.345,29974.430254555584,34311.865292,39049.018576
2025-12-08 09:45:00+01:00,24149.650297101587,28924.673112,5824.779957453996,5259.518,29974.430254555584,34184.191112,40079.728444
2025-12-08 10:00:00+01:00,23564.853637438628,28758.931692,5928.13775232085,5108.924,29492.991389759478,33867.855692,40730.528763999995
2025-12-08 10:15:00+01:00,23564.853637438628,28514.971796,5928.13775232085,5287.944,29492.991389759478,33802.915796,41586.7964
2025-12-08 10:30:00+01:00,23564.853637438628,28157.005944,5928.13775232085,5341.903,29492.991389759478,33498.908944,41896.620864
2025-12-08 10:45:00+01:00,23564.853637438628,27735.388904,5928.13775232085,5442.985,29492.991389759478,33178.373904,42044.534948
2025-12-08 11:00:00+01:00,23334.604573077337,27476.491368,6057.1133624143085,5532.085,29391.717935491644,33008.576368,42147.145032
2025-12-08 11:15:00+01:00,23334.604573077337,27172.875104,6057.1133624143085,5606.409,29391.717935491644,32779.284104,42129.979416
2025-12-08 11:30:00+01:00,23334.604573077337,27131.630428,6057.1133624143085,5648.011,29391.717935491644,32779.641428,42253.219052
2025-12-08 11:45:00+01:00,23334.604573077337,27198.352552,6057.1133624143085,5651.408,29391.717935491644,32849.760552,42204.385528
2025-12-08 12:00:00+01:00,22589.083152370087,26785.9802,6146.671245520443,5636.167,28735.75439789053,32422.147200000003,41515.034836000006
2025-12-08 12:15:00+01:00,22589.083152370087,26627.434588,6146.671245520443,5725.738,28735.75439789053,32353.172588,41159.92424
2025-12-08 12:30:00+01:00,22589.083152370087,26589.359484,6146.671245520443,5732.412,28735.75439789053,32321.771484,40739.786864
2025-12-08 12:45:00+01:00,22589.083152370087,26503.621264,6146.671245520443,5759.074,28735.75439789053,32262.695264,40104.80168
2025-12-08 13:00:00+01:00,23283.00369677524,26329.583372,6033.935827515375,6014.673,29316.939524290614,32344.256372,39463.561644
2025-12-08 13:15:00+01:00,23283.00369677524,26039.053956,6033.935827515375,6202.535,29316.939524290614,32241.588956,38576.667656
2025-12-08 13:30:00+01:00,23283.00369677524,25593.824108,6033.935827515375,6295.546,29316.939524290614,31889.370108000003,37488.911644
2025-12-08 13:45:00+01:00,23283.00369677524,25020.549368,6033.935827515375,6259.741,29316.939524290614,31280.290368,36173.150824
2025-12-08 14:00:00+01:00,22119.17531205812,24654.796268,6024.323903386847,6707.2,28143.499215444965,31361.996268,35532.828819999995
2025-12-08 14:15:00+01:00,22119.17531205812,24205.134788,6024.323903386847,6878.535,28143.499215444965,31083.669788,34611.772024
2025-12-08 14:30:00+01:00,22119.17531205812,23809.848436,6024.323903386847,6923.013,28143.499215444965,30732.861436,33647.865251999996
2025-12-08 14:45:00+01:00,22119.17531205812,23677.209088,6024.323903386847,6965.482,28143.499215444965,30642.691088,32962.480956
2025-12-08 15:00:00+01:00,22497.303572938992,24079.157892,6425.15688920929,7304.201,28922.460462148283,31383.358892,33041.538668
2025-12-08 15:15:00+01:00,22482.229045948425,24630.254152,6425.15688920929,7331.917,28907.385935157716,31962.171152000003,33071.749028000006
2025-12-08 15:30:00+01:00,22512.192972713612,24909.719052,6427.514280991924,7397.979,28939.707253705536,32307.698052,32944.344332
2025-12-08 15:45:00+01:00,22531.617420781018,25424.987752,6427.514280991924,7459.612,28959.13170177294,32884.599752,33184.016288
2025-12-08 16:00:00+01:00,24022.11651074634,26207.002312,6416.605197815146,7490.305,30438.721708561483,33697.307312000004,33786.808272
2025-12-08 16:15:00+01:00,24279.66424153212,26346.893012,6416.605197815146,7474.316,30696.269439347263,33821.209012,33852.49532
2025-12-08 16:30:00+01:00,24379.628285631014,26584.44146,6416.605197815146,7480.266,30796.233483446158,34064.70746,34096.277775999995
2025-12-08 16:45:00+01:00,24379.628285631014,26938.574708,6416.605197815146,7520.347,30796.233483446158,34458.921708,34490.759292
2025-12-08 17:00:00+01:00,25640.53241254813,27195.822456,6320.196051706031,7572.719,31960.728464254164,34768.541456,34796.197256
2025-12-08 17:15:00+01:00,25640.53241254813,27443.66484,6320.196051706031,7573.401,31960.728464254164,35017.06584,35042.249044000004
2025-12-08 17:30:00+01:00,25651.47380337328,27770.0245,6320.196051706031,7543.994,31971.669855079308,35314.0185,35339.571599999996
2025-12-08 17:45:00+01:00,25651.47380337328,28294.989968,6320.196051706031,7491.135,31971.669855079308,35786.124968000004,35809.227608
2025-12-08 18:00:00+01:00,27423.01680363842,28501.445876,6273.318918539249,7494.353,33696.33572217767,35995.798876,36017.366736
2025-12-08 18:15:00+01:00,27423.01680363842,28472.953632,6274.461722523181,7317.71,33697.478526161605,35790.663632,35807.939224
2025-12-08 18:30:00+01:00,27423.01680363842,28493.861552,6274.461722523181,7280.528,33697.478526161605,35774.389552,35790.330044
2025-12-08 18:45:00+01:00,27423.01680363842,28645.922984,6274.461722523181,7219.425,33697.478526161605,35865.347984,35880.941408
2025-12-08 19:00:00+01:00,30289.28145390603,28777.509456,6220.956525975379,7198.033,36510.23797988141,35975.542456,35989.367976
2025-12-08 19:15:00+01:00,30293.586743062573,28627.616012,6220.956525975379,7272.678,36514.54326903795,35900.294012,35915.327615999995
2025-12-08 19:30:00+01:00,30294.59954951417,28297.500268,6220.956525975379,7159.906,36515.55607548955,35457.406268,35472.139224
2025-12-08 19:45:00+01:00,30294.59954951417,28147.369864,6220.956525975379,7113.409,36515.55607548955,35260.778864,35274.338472
2025-12-08 20:00:00+01:00,30998.910769117032,27977.360252,6086.124781480168,6868.286,37085.0355505972,34845.646252,34858.230832
2025-12-08 20:15:00+01:00,30998.910769117032,27664.035436,6086.124781480168,6834.49,37085.0355505972,34498.525435999996,34509.693516
2025-12-08 20:30:00+01:00,30998.910769117032,27168.324,6086.124781480168,6732.131,37085.0355505972,33900.455,33910.457084
2025-12-08 20:45:00+01:00,30998.910769117032,26857.481504,6086.124781480168,6716.956,37085.0355505972,33574.437504,33585.123264
2025-12-08 21:00:00+01:00,30708.708175988097,26527.909904,5273.3744452418,6697.601,35982.0826212299,33225.510904,33234.739932000004
2025-12-08 21:15:00+01:00,30708.708175988097,26205.534792,5275.5649003877015,6701.757,35984.2730763758,32907.291791999996,32916.010211999994
2025-12-08 21:30:00+01:00,30708.708175988097,25483.820808,5275.5649003877015,6799.372,35984.2730763758,32283.192808,32290.62254
2025-12-08 21:45:00+01:00,30702.481570565833,25099.867016,5274.330007430943,6680.227,35976.81157799678,31780.094016,31787.281104
2025-12-08 22:00:00+01:00,28056.54728067897,24109.96496,4982.712420499737,6257.261,33039.25970117871,30367.225960000003,30378.314408
2025-12-08 22:15:00+01:00,28056.54728067897,23907.181724,4982.712420499737,6172.166,33039.25970117871,30079.347724,30086.989276
2025-12-08 22:30:00+01:00,28056.54728067897,23642.11824,4982.712420499737,5971.503,33039.25970117871,29613.62124,29621.165156
2025-12-08 22:45:00+01:00,28056.54728067897,23393.269884,4982.712420499737,5919.712,33039.25970117871,29312.981884,29320.623028
2025-12-08 23:00:00+01:00,25491.928509408863,23563.12384,4617.339101483395,5741.349,30109.267610892257,29304.47284,29313.604756
2025-12-08 23:15:00+01:00,25491.928509408863,23346.3733,4617.339101483395,5756.985,30109.267610892257,29103.3583,29112.753084
2025-12-08 23:30:00+01:00,25491.928509408863,22978.682428,4617.339101483395,5721.92,30109.267610892257,28700.602428,28709.584592
2025-12-08 23:45:00+01:00,25491.928509408863,22958.152232,4617.339101483395,5610.089,30109.267610892257,28568.241232,28577.300892
2025-12-09 00:00:00+01:00,23413.739310721958,22744.658252,5163.577099204853,5752.238,28577.31640992681,28496.896252,28506.151228
2025-12-09 00:15:00+01:00,23413.739310721958,22294.878464,5163.577099204853,5744.694,28577.31640992681,28039.572464,28048.34764
2025-12-09 00:30:00+01:00,23413.739310721958,21778.222296,5163.577099204853,5632.391,28577.31640992681,27410.613296,27418.677684
2025-12-09 00:45:00+01:00,23413.739310721958,21195.804156,5163.577099204853,5738.005,28577.31640992681,26933.809156,26941.82506
2025-12-09 01:00:00+01:00,21968.859490566305,20562.881232,5209.475945849046,5958.233,27178.33543641535,26521.114232,26529.105032
2025-12-09 01:15:00+01:00,21968.859490566305,20213.7492,5209.475945849046,5973.786,27178.33543641535,26187.5352,26195.8255
2025-12-09 01:30:00+01:00,21968.859490566305,19696.176524,5209.475945849046,5791.676,27178.33543641535,25487.852524,25495.782588
2025-12-09 01:45:00+01:00,21968.859490566305,19234.129928,5209.475945849046,5581.571,27178.33543641535,24815.700928,24823.348736
2025-12-09 02:00:00+01:00,20847.28797997156,18641.38842,5362.415611626157,5328.236,26209.703591597718,23969.62442,23976.788488
2025-12-09 02:15:00+01:00,20847.28797997156,18176.1447,5362.415611626157,5172.721,26209.703591597718,23348.8657,23355.623704
2025-12-09 02:30:00+01:00,20847.28797997156,17767.215852,5362.415611626157,5021.203,26209.703591597718,22788.418852000003,22794.829952000004
2025-12-09 02:45:00+01:00,20847.28797997156,17652.127408,5362.415611626157,5012.389,26209.703591597718,22664.516408,22670.884096
2025-12-09 03:00:00+01:00,20598.649424952597,17651.664876,5076.393231039723,5031.381,25675.04265599232,22683.045876,22689.110964
2025-12-09 03:15:00+01:00,20598.649424952597,17606.5192,5076.393231039723,4986.486,25675.04265599232,22593.0052,22599.564612
2025-12-09 03:30:00+01:00,20598.649424952597,17551.098768,5076.393231039723,5075.262,25675.04265599232,22626.360768,22632.524048
2025-12-09 03:45:00+01:00,20598.649424952597,17461.44322,5076.393231039723,5064.43,25675.04265599232,22525.87322,22532.29316
2025-12-09 04:00:00+01:00,19966.537817209904,17250.631824,4851.408822532999,4981.809,24817.946639742902,22232.440824,22239.612792
2025-12-09 04:15:00+01:00,19966.537817209904,17101.715704,4851.408822532999,4716.584,24817.946639742902,21818.299703999997,21824.976536
2025-12-09 04:30:00+01:00,19966.537817209904,16814.096448,4852.446334991349,4593.159,24818.984152201254,21407.255448,21413.610132
2025-12-09 04:45:00+01:00,19966.537817209904,16380.516284,4852.446334991349,4502.01,24818.984152201254,20882.526284,20888.774952
2025-12-09 05:00:00+01:00,20026.878568907385,16188.296264,4833.408467001934,4582.772,24860.287035909318,20771.068264,20777.094412
2025-12-09 05:15:00+01:00,20026.878568907385,16109.58326,4833.408467001934,4690.674,24860.287035909318,20800.25726,20806.429419999997
2025-12-09 05:30:00+01:00,20026.878568907385,16013.561076,4833.408467001934,4637.983,24860.287035909318,20651.544076,20657.326707999997
2025-12-09 05:45:00+01:00,20026.878568907385,16088.755676,4833.408467001934,4828.161,24860.287035909318,20916.916676,20922.405456
2025-12-09 06:00:00+01:00,19994.765726122667,16529.343004,4765.968577745488,4982.75,24760.734303868154,21512.093004,21517.874192
2025-12-09 06:15:00+01:00,19994.765726122667,16623.973852,4794.913907505072,5018.475,24789.67963362774,21642.448852,21648.781756
2025-12-09 06:30:00+01:00,19994.765726122667,16714.514892,4809.843095413411,4920.628,24804.60882153608,21635.142892,21642.6194
2025-12-09 06:45:00+01:00,19994.765726122667,16715.591452,4809.843095413411,4816.734,24804.60882153608,21532.325452,21548.059776
2025-12-09 07:00:00+01:00,19672.852283598964,16738.647772,5069.311815668146,4682.386,24742.16409926711,21421.033772000003,21434.762088000003
2025-12-09 07:15:00+01:00,19672.852283598964,16721.348568,5069.311815668146,4685.746,24742.16409926711,21407.094568,21421.002788
2025-12-09 07:30:00+01:00,19672.852283598964,16741.559148,5069.311815668146,4745.543,24742.16409926711,21487.102148,21502.773464
2025-12-09 07:45:00+01:00,19672.852283598964,16672.508636,5069.311815668146,4740.118,24742.16409926711,21412.626636,21435.792588
2025-12-09 08:00:00+01:00,19413.76415101652,16541.349892,5289.143822757316,4638.364,24702.907973773836,21179.713892,21321.718188
2025-12-09 08:15:00+01:00,19241.33845708806,16408.464348,5289.143822757316,4814.594,24530.482279845375,21223.058348,21727.252616
2025-12-09 08:30:00+01:00,19241.33845708806,16380.814544,5289.143822757316,4955.869,24530.482279845375,21336.683544,22530.147616
2025-12-09 08:45:00+01:00,19190.636186778742,16276.313044,5289.143822757316,5109.86,24479.780009536058,21386.173044,23404.843736
2025-12-09 09:00:00+01:00,21137.842087128964,16234.764476,5668.548987056327,5728.086,26806.39107418529,21962.850476,24981.69006
2025-12-09 09:15:00+01:00,21059.658993080306,16248.941832,5668.548987056327,5921.119,26728.207980136634,22170.060832,26175.820772
2025-12-09 09:30:00+01:00,21042.991082271306,16352.496776,5668.548987056327,6083.922,26711.54006932763,22436.418776,27521.999608
2025-12-09 09:45:00+01:00,21042.991082271306,16309.796852,5668.548987056327,6121.161,26711.54006932763,22430.957852,28594.019088
2025-12-09 10:00:00+01:00,20759.170976042114,15984.538804,5741.13964593648,6098.611,26500.310621978595,22083.149804,29323.587248
2025-12-09 10:15:00+01:00,20759.170976042114,15754.922032,5741.13964593648,6019.187,26500.310621978595,21774.109032,30052.944856
2025-12-09 10:30:00+01:00,20759.170976042114,15477.422512,5741.13964593648,5984.877,26500.310621978595,21462.299512,30680.386187999997
2025-12-09 10:45:00+01:00,20759.170976042114,15226.902536,5748.22199516843,5990.095,26507.392971210546,21216.997536,31246.23826
2025-12-09 11:00:00+01:00,20343.91214553828,15110.642952,5528.936233828531,6120.399,25872.848379366813,21231.041952,31972.163788
2025-12-09 11:15:00+01:00,20343.91214553828,14836.083248,5528.936233828531,6291.851,25872.848379366813,21127.934248,32569.075064
2025-12-09 11:30:00+01:00,20343.91214553828,14708.161408,5528.936233828531,6266.379,25872.848379366813,20974.540408,32947.111032
2025-12-09 11:45:00+01:00,20343.91214553828,14662.56314,5528.936233828531,6268.82,25872.848379366813,20931.38314,33253.824296
2025-12-09 12:00:00+01:00,19831.42883668748,14676.306652,5626.548518960537,6239.411,25457.977355648014,20915.717652,33426.391568
2025-12-09 12:15:00+01:00,19831.42883668748,14562.245124,5626.548518960537,6188.711,25457.977355648014,20750.956124,33270.020968
2025-12-09 12:30:00+01:00,19831.42883668748,14343.828728,5626.548518960537,6229.924,25457.977355648014,20573.752728,32975.458184
2025-12-09 12:45:00+01:00,19831.42883668748,13904.632864,5626.548518960537,6302.335,25457.977355648014,20206.967864,32458.94854
2025-12-09 13:00:00+01:00,19782.320775267577,13389.64398,5680.0314756115085,6161.571,25462.352250879085,19551.21498,31443.570452
2025-12-09 13:15:00+01:00,19782.320775267577,12979.070496,5680.0314756115085,6016.464,25462.352250879085,18995.534496,30390.457324000003
2025-12-09 13:30:00+01:00,19782.320775267577,12747.20124,5680.0314756115085,6044.252,25462.352250879085,18791.453240000003,29567.76476
2025-12-09 13:45:00+01:00,19782.320775267577,12604.070656,5680.0314756115085,6164.438,25462.352250879085,18768.508656,28679.170808
2025-12-09 14:00:00+01:00,20071.30988742091,12387.561784,5632.631149370579,6232.093,25703.94103679149,18619.654784,27528.672084
2025-12-09 14:15:00+01:00,20088.18296186428,12222.711548,5632.631149370579,6301.982,25720.81411123486,18524.693548,26245.23626
2025-12-09 14:30:00+01:00,20088.18296186428,12118.780392,5632.631149370579,6411.298,25720.81411123486,18530.078392,24964.06124
2025-12-09 14:45:00+01:00,20092.761091947385,12195.076412,5632.631149370579,6442.708,25725.392241317964,18637.784412,23811.417884
2025-12-09 15:00:00+01:00,20493.324248661007,12506.123792,5616.010021066619,6130.971,26109.334269727624,18637.094792,22498.013332
2025-12-09 15:15:00+01:00,20530.611461877383,12863.032404,5621.822673779196,6054.288,26152.43413565658,18917.320404,21563.368024
2025-12-09 15:30:00+01:00,20544.212262072873,13334.016456,5635.03972927418,6041.309,26179.251991347053,19375.325456,20995.666656
2025-12-09 15:45:00+01:00,20562.613253559244,13829.364684,5639.009626553654,6068.832,26201.622880112896,19898.196684,20782.943768
2025-12-09 16:00:00+01:00,21491.522920551713,14440.34518,5743.010615754865,5698.748,27234.53353630658,20139.09318,20428.264752
2025-12-09 16:15:00+01:00,21649.595817309906,15081.984504,5752.0381098824055,5717.503,27401.633927192313,20799.487504,20894.009004
2025-12-09 16:30:00+01:00,21800.380215034424,15891.231568,5752.0381098824055,5748.221,27552.418324916827,21639.452568,21722.048056
2025-12-09 16:45:00+01:00,21800.380215034424,16685.817468,5752.0381098824055,5651.958,27552.418324916827,22337.775468,22389.216496
2025-12-09 17:00:00+01:00,24412.923897017932,17520.610604,5846.260882492954,6279.193,30259.184779510884,23799.803604,23857.787544
2025-12-09 17:15:00+01:00,24446.503892927703,18311.259124,5846.260882492954,6239.114,30292.764775420655,24550.373124,24592.980672
2025-12-09 17:30:00+01:00,24517.26405357756,19041.228188,5847.799485432212,6427.366,30365.063539009774,25468.594188000003,25501.824304
2025-12-09 17:45:00+01:00,24517.26405357756,19686.879936,5849.0777259668575,6194.087,30366.34177954442,25880.966936,25910.932768
2025-12-09 18:00:00+01:00,25478.12382720029,20372.665704,5766.430116237312,6341.201,31244.5539434376,26713.866704,26742.320516
2025-12-09 18:15:00+01:00,25478.12382720029,21143.32524,5769.518126763242,6347.624,31247.64195396353,27490.94924,27513.898144
2025-12-09 18:30:00+01:00,25478.12382720029,21812.278572,5769.518126763242,6652.719,31247.64195396353,28464.997572,28486.4526
2025-12-09 18:45:00+01:00,25478.12382720029,22174.558764,5769.518126763242,6638.074,31247.64195396353,28812.632764,28834.897824000003
2025-12-09 19:00:00+01:00,26723.758367607603,22723.91524,5763.702940273112,5856.7,32487.461307880716,28580.61524,28595.949808
2025-12-09 19:15:00+01:00,26723.758367607603,23144.152116,5763.702940273112,5789.703,32487.461307880716,28933.855116,28947.397272
2025-12-09 19:30:00+01:00,26723.758367607603,23371.185576,5763.702940273112,5943.304,32487.461307880716,29314.489576,29327.247212
2025-12-09 19:45:00+01:00,26728.27229293824,23698.217956,5763.702940273112,5885.594,32491.975233211353,29583.811956,29595.637656000003
2025-12-09 20:00:00+01:00,28122.146178108043,24393.804164,5399.051476781858,6474.677,33521.197654889904,30868.481164,30878.869088
2025-12-09 20:15:00+01:00,28122.146178108043,24980.856944,5399.051476781858,6410.695,33521.197654889904,31391.551944,31401.156972
2025-12-09 20:30:00+01:00,28122.146178108043,25358.51502,5399.051476781858,6341.282,33521.197654889904,31699.79702,31708.526339999997
2025-12-09 20:45:00+01:00,28122.146178108043,25871.564632,5399.051476781858,6369.48,33521.197654889904,32241.044632,32249.73824
2025-12-09 21:00:00+01:00,28984.938007386605,26331.9912,5403.323014930863,6468.393,34388.26102231747,32800.3842,32808.546856
2025-12-09 21:15:00+01:00,28982.671868125373,26825.515936,5403.0079864072595,6333.093,34385.67985453263,33158.608936,33166.711164
2025-12-09 21:30:00+01:00,28982.671868125373,27321.931656,5403.0079864072595,6319.676,34385.67985453263,33641.607656,33648.776212
2025-12-09 21:45:00+01:00,28957.625910941017,27734.282004,5403.0079864072595,6485.007,34360.63389734828,34219.289004,34226.436708
2025-12-09 22:00:00+01:00,28933.551905110486,26742.668348,5346.341004209174,5986.779,34279.89290931966,32729.447348,32736.923364
2025-12-09 22:15:00+01:00,28933.551905110486,26907.604672,5346.341004209174,5944.767,34279.89290931966,32852.371672,32859.267148
2025-12-09 22:30:00+01:00,28933.551905110486,27129.837332,5346.341004209174,5959.276,34279.89290931966,33089.113332,33095.688288
2025-12-09 22:45:00+01:00,28933.551905110486,27398.533816,5346.341004209174,6002.321,34279.89290931966,33400.854816,33406.934307999996
2025-12-09 23:00:00+01:00,27537.888987175007,27713.95624,5313.149566528114,6522.466,32851.03855370312,34236.42224,34242.303744
2025-12-09 23:15:00+01:00,27537.888987175007,27821.835112,5313.149566528114,6708.021,32851.03855370312,34529.856112,34536.071372
2025-12-09 23:30:00+01:00,27537.888987175007,28009.403828,5313.149566528114,6762.978,32851.03855370312,34772.381828,34778.847687999994
2025-12-09 23:45:00+01:00,27537.888987175007,28135.924596,5313.149566528114,6718.727,32851.03855370312,34854.651596,34860.848052
2025-12-10 00:00:00+01:00,26342.5489463842,28187.675156,5527.058933480989,6216.099,31869.607879865187,34403.774156,34410.061324
2025-12-10 00:15:00+01:00,26342.5489463842,28066.826904,5547.621121516194,6122.251,31890.17006790039,34189.077904000005,34194.685344000005
2025-12-10 00:30:00+01:00,26342.5489463842,28258.127928,5547.621121516194,6149.15,31890.17006790039,34407.277928,34412.508388
2025-12-10 00:45:00+01:00,26342.5489463842,28253.726804,5547.621121516194,6195.213,31890.17006790039,34448.939804,34454.203312
2025-12-10 01:00:00+01:00,25629.35270106648,28109.03094,5557.345782746045,6482.151,31186.698483812525,34591.18194,34596.731848
2025-12-10 01:15:00+01:00,25629.35270106648,27982.76662,5557.345782746045,6477.969,31186.698483812525,34460.73562,34465.928596
2025-12-10 01:30:00+01:00,25629.35270106648,27890.492732,5557.345782746045,6523.083,31186.698483812525,34413.575732,34419.180371999995
2025-12-10 01:45:00+01:00,25629.35270106648,28295.000088,5557.345782746045,6481.964,31186.698483812525,34776.964088,34783.177756
2025-12-10 02:00:00+01:00,25471.52741746503,28309.163864,5769.8796966003465,6468.054,31241.407114065376,34777.217864,34783.439335999996
2025-12-10 02:15:00+01:00,25471.52741746503,28194.280372,5769.8796966003465,6569.646,31241.407114065376,34763.926372,34770.025464
2025-12-10 02:30:00+01:00,25471.52741746503,28112.807124,5769.8796966003465,6652.932,31241.407114065376,34765.739124,34772.440524
2025-12-10 02:45:00+01:00,25471.52741746503,27844.043244,5769.8796966003465,6640.295,31241.407114065376,34484.338244,34491.679724
2025-12-10 03:00:00+01:00,23357.46165439527,27562.632784,5759.647997190169,6478.044,29117.109651585437,34040.676784,34048.203268000005
2025-12-10 03:15:00+01:00,23357.46165439527,27453.970616,5759.647997190169,6354.812,29117.109651585437,33808.782616,33816.322168
2025-12-10 03:30:00+01:00,23357.46165439527,27534.805028,5759.647997190169,6339.319,29117.109651585437,33874.124028,33881.71932
2025-12-10 03:45:00+01:00,23357.46165439527,27546.027776,5759.647997190169,6451.197,29117.109651585437,33997.224776,34004.069864000005
2025-12-10 04:00:00+01:00,22829.02893855318,27565.793588,5761.235693678205,6313.607,28590.264632231385,33879.400588000004,33886.310772000004
2025-12-10 04:15:00+01:00,22829.02893855318,27424.135844,5761.235693678205,6367.039,28590.264632231385,33791.174844,33798.761080000004
2025-12-10 04:30:00+01:00,22829.02893855318,27292.88204,5761.235693678205,6357.372,28590.264632231385,33650.25404,33658.76324
2025-12-10 04:45:00+01:00,22829.02893855318,27351.955304,5761.235693678205,6315.648,28590.264632231385,33667.603304,33676.243883999996
2025-12-10 05:00:00+01:00,21973.231004861496,26792.574636,6009.329640892248,6442.847,27982.560645753743,33235.421636,33243.8735
2025-12-10 05:15:00+01:00,21973.231004861496,26672.973684,6009.329640892248,6311.77,27982.560645753743,32984.743684,32992.940796
2025-12-10 05:30:00+01:00,21973.231004861496,26771.691116,6009.329640892248,6189.916,27982.560645753743,32961.607116,32970.189064
2025-12-10 05:45:00+01:00,21983.258110360137,26506.231148,6009.329640892248,5852.733,27992.587751252384,32358.964148,32367.859764
2025-12-10 06:00:00+01:00,21529.69747384503,26997.271412,6065.9678019640005,6356.991,27595.66527580903,33354.262412,33363.828056
2025-12-10 06:15:00+01:00,21529.69747384503,26430.660892,6088.494382956473,6410.748,27618.191856801503,32841.408892,32850.957044
2025-12-10 06:30:00+01:00,21529.69747384503,25992.054448,6095.108079765658,6503.553,27624.805553610688,32495.607448,32505.335756
2025-12-10 06:45:00+01:00,21529.69747384503,25440.251324,6095.108079765658,6650.859,27624.805553610688,32091.110324,32104.550876
2025-12-10 07:00:00+01:00,20625.84395639698,25039.271584,6132.328742974778,6670.532,26758.17269937176,31709.803583999997,31721.320795999996
2025-12-10 07:15:00+01:00,20625.84395639698,24360.100264,6132.796410411852,6676.805,26758.64036680883,31036.905264,31048.816008
2025-12-10 07:30:00+01:00,20625.84395639698,23753.31018,6138.981939479619,6708.91,26764.8258958766,30462.22018,30475.628692
2025-12-10 07:45:00+01:00,20625.84395639698,23351.184232,6138.981939479619,6647.845,26764.8258958766,29999.029232,30019.711828
2025-12-10 08:00:00+01:00,20357.306242646806,22897.693456,6397.182577559529,6799.862,26754.488820206334,29697.555456,29796.558204
2025-12-10 08:15:00+01:00,20217.320842114346,22381.55354,6397.182577559529,6904.956,26614.503419673874,29286.50954,29824.525832
2025-12-10 08:30:00+01:00,20217.320842114346,21754.656636,6396.430076379344,6954.2,26613.75091849369,28708.856636,29884.318264
2025-12-10 08:45:00+01:00,20178.099952469824,21290.71762,6396.430076379344,6935.67,26574.530028849167,28226.38762,30198.116328
2025-12-10 09:00:00+01:00,19281.442019423404,20960.375876,6302.365997928129,7057.942,25583.808017351534,28018.317875999997,30822.466368
2025-12-10 09:15:00+01:00,19226.086136797283,20310.544664,6302.365997928129,7209.119,25528.452134725412,27519.663664,31122.397268
2025-12-10 09:30:00+01:00,19187.853254650658,19543.26262,6302.365997928129,7231.813,25490.219252578787,26775.075620000003,31156.310692000003
2025-12-10 09:45:00+01:00,19187.853254650658,19137.883068,6302.365997928129,7196.004,25490.219252578787,26333.887068,31469.533076
2025-12-10 10:00:00+01:00,18709.6178141025,19013.226596,6264.441588328928,7363.031,24974.05940243143,26376.257596,32282.246184
2025-12-10 10:15:00+01:00,18709.6178141025,18744.687124,6264.441588328928,7354.286,24974.05940243143,26098.973124,32672.410516
2025-12-10 10:30:00+01:00,18709.6178141025,18443.88314,6264.441588328928,7136.218,24974.05940243143,25580.10114,32615.18806
2025-12-10 10:45:00+01:00,18709.6178141025,18189.525012,6264.441588328928,7056.578,24974.05940243143,25246.103012,32765.80412
2025-12-10 11:00:00+01:00,18810.58414181443,17679.50306,6184.142516917921,6935.295,24994.72665873235,24614.79806,32523.185472
2025-12-10 11:15:00+01:00,18810.58414181443,17550.972932,6184.142516917921,6858.98,24994.72665873235,24409.952932,32598.975724
2025-12-10 11:30:00+01:00,18810.58414181443,17496.117952,6184.142516917921,6880.188,24994.72665873235,24376.305952,32687.406156000005
2025-12-10 11:45:00+01:00,18810.58414181443,17331.393532,6184.142516917921,6826.292,24994.72665873235,24157.685532,32581.229044
2025-12-10 12:00:00+01:00,18735.674505847932,17098.005484,6083.994146562332,6616.113,24819.668652410262,23714.118484,32218.583128
2025-12-10 12:15:00+01:00,18735.674505847932,17010.52494,6083.994146562332,6751.064,24819.668652410262,23761.58894,32116.250092
2025-12-10 12:30:00+01:00,18735.674505847932,16864.834876,6083.994146562332,6904.088,24819.668652410262,23768.922876,31857.5682
2025-12-10 12:45:00+01:00,18735.674505847932,16641.874584,6083.994146562332,6911.863,24819.668652410262,23553.737584,31340.148352000004
2025-12-10 13:00:00+01:00,18595.11650168022,16657.711888,5917.657128800151,6929.037,24512.77363048037,23586.748888,31021.02512
2025-12-10 13:15:00+01:00,18595.11650168022,16620.264144,5917.657128800151,6895.086,24512.77363048037,23515.350144,30459.21794
2025-12-10 13:30:00+01:00,18595.11650168022,16373.675628,5919.852121800011,6846.437,24514.96862348023,23220.112628000003,29591.475476000003
2025-12-10 13:45:00+01:00,18595.11650168022,16372.337192,5923.984302965159,6872.988,24519.10080464538,23245.325192,28984.613748
2025-12-10 14:00:00+01:00,18081.377465425758,16266.078648,6011.3871411014525,6639.852,24092.76460652721,22905.930648,27948.952056
2025-12-10 14:15:00+01:00,18084.464422334597,16313.05764,6011.3871411014525,6581.073,24095.85156343605,22894.130640000003,27124.704652000004
2025-12-10 14:30:00+01:00,18084.464422334597,16238.613468,6011.3871411014525,6483.036,24095.85156343605,22721.649468,26168.426884
2025-12-10 14:45:00+01:00,18084.464422334597,16564.133276,6011.3871411014525,6456.814,24095.85156343605,23020.947276,25671.949424
2025-12-10 15:00:00+01:00,18180.002878797015,16901.35574,5912.6687189634795,6221.451,24092.671597760494,23122.80674,25037.184812
2025-12-10 15:15:00+01:00,18183.45406797572,17165.62968,5929.347708708176,6215.49,24112.801776683897,23381.119679999996,24627.696331999996
2025-12-10 15:30:00+01:00,18205.853476863052,17400.792144,5935.722782772717,6273.563,24141.57625963577,23674.355144,24391.567652
2025-12-10 15:45:00+01:00,18224.76171520741,17874.093956,5942.883915043901,6252.17,24167.64563025131,24126.263956000003,24456.8185
2025-12-10 16:00:00+01:00,18371.74439232911,18433.323032,6002.818965789211,6177.065,24374.56335811832,24610.388032,24709.134708
2025-12-10 16:15:00+01:00,18450.958425373967,19013.11624,6014.479658695186,6153.668,24465.438084069152,25166.78424,25202.322204
2025-12-10 16:30:00+01:00,18492.306128266162,19885.984532,6016.877873512353,6188.681,24509.184001778514,26074.665532,26104.157196
2025-12-10 16:45:00+01:00,18492.306128266162,20508.88282,6018.658611940481,6175.394,24510.964740206644,26684.27682,26714.76098
2025-12-10 17:00:00+01:00,19896.673713896336,21159.25412,6043.329793104043,5916.456,25940.00350700038,27075.710120000003,27105.469932000004
2025-12-10 17:15:00+01:00,19896.673713896336,21768.479968,6043.329793104043,6178.049,25940.00350700038,27946.528968,27975.846
2025-12-10 17:30:00+01:00,19948.378639920225,22278.78288,6044.896659873526,6271.525,25993.27529979375,28550.30788,28574.90068
2025-12-10 17:45:00+01:00,19948.378639920225,22823.65702,6044.896659873526,6355.13,25993.27529979375,29178.78702,29201.698832
2025-12-10 18:00:00+01:00,21822.256881283003,23520.6635,5825.4701343137895,6524.147,27647.727015596793,30044.8105,30062.96674
2025-12-10 18:15:00+01:00,21822.256881283003,23854.705896,5826.6991556543335,6435.131,27648.956036937336,30289.836896,30306.621528
2025-12-10 18:30:00+01:00,21822.256881283003,24547.522968,5826.6991556543335,6370.522,27648.956036937336,30918.044968,30934.067140000003
2025-12-10 18:45:00+01:00,21822.256881283003,25094.111332,5826.6991556543335,6241.932,27648.956036937336,31336.043332,31350.114316000003
2025-12-10 19:00:00+01:00,24204.187350828986,25733.277676,5717.220663815316,6234.394,29921.4080146443,31967.671676,31979.981020000003
2025-12-10 19:15:00+01:00,24204.187350828986,26133.844396,5717.220663815316,6251.406,29921.4080146443,32385.250396,32396.220476
2025-12-10 19:30:00+01:00,24204.187350828986,26534.838412,5717.220663815316,6150.06,29921.4080146443,32684.898412,32694.963416
2025-12-10 19:45:00+01:00,24212.241055503036,26855.202796,5717.220663815316,6032.493,29929.46171931835,32887.695796,32897.240496
2025-12-10 20:00:00+01:00,24063.32453917356,27100.017936,5503.013423988471,6060.117,29566.337963162034,33160.134936,33168.192272
2025-12-10 20:15:00+01:00,24063.32453917356,27240.106712,5503.013423988471,6110.218,29566.337963162034,33350.324712,33357.763248
2025-12-10 20:30:00+01:00,24063.32453917356,27090.54854,5503.013423988471,6129.767,29566.337963162034,33220.315539999996,33227.68141999999
2025-12-10 20:45:00+01:00,24063.32453917356,27018.611592,5503.013423988471,6128.613,29566.337963162034,33147.224592,33154.573292
2025-12-10 21:00:00+01:00,23348.67242627062,26787.502216,5621.470173971458,6094.083,28970.142600242078,32881.585216,32888.4223
2025-12-10 21:15:00+01:00,23348.67242627062,26657.238224,5616.030263876621,6201.87,28964.70269014724,32859.108224,32866.035816
2025-12-10 21:30:00+01:00,23348.67242627062,26526.861112,5616.030263876621,6192.962,28964.70269014724,32719.823112,32729.175668
2025-12-10 21:45:00+01:00,23317.122370988367,26215.902324,5616.030263876621,6219.905,28933.152634864986,32435.807324,32441.18628
2025-12-10 22:00:00+01:00,22338.844923472923,24566.465148,5826.483874305286,6704.747,28165.32879777821,31271.212148,31276.530088
2025-12-10 22:15:00+01:00,22338.844923472923,24400.972404,5826.483874305286,6763.239,28165.32879777821,31164.211404,31169.21054
2025-12-10 22:30:00+01:00,22338.844923472923,24304.905164,5822.351693140138,6770.057,28161.196616613062,31074.962164,31080.210688
2025-12-10 22:45:00+01:00,22338.844923472923,24211.007672,5822.351693140138,6791.357,28161.196616613062,31002.364672,31007.362392
2025-12-10 23:00:00+01:00,22267.75145164483,24111.865208,6150.838112923692,6774.889,28418.58956456852,30886.754208,30892.09406
2025-12-10 23:15:00+01:00,22267.75145164483,24276.170124,6150.838112923692,6782.723,28418.58956456852,31058.893124,31064.658136
2025-12-10 23:30:00+01:00,22267.75145164483,24320.893244,6150.838112923692,6780.376,28418.58956456852,31101.269244,31107.17684
2025-12-10 23:45:00+01:00,22267.75145164483,24473.127364,6150.838112923692,6778.771,28418.58956456852,31251.898364,31257.843524
2025-12-11 00:00:00+01:00,21569.679253170827,24473.589124,5930.413340041532,5762.782,27500.092593212357,30236.371124,30242.610835999996
2025-12-11 00:15:00+01:00,21569.679253170827,24554.497028,5930.413340041532,5895.211,27500.092593212357,30449.708028,30455.606728
2025-12-11 00:30:00+01:00,21569.679253170827,24515.352076,5930.413340041532,5985.016,27500.092593212357,30500.368076,30506.579272
2025-12-11 00:45:00+01:00,21569.679253170827,24608.057436,5930.413340041532,5977.597,27500.092593212357,30585.654435999997,30591.522907999995
2025-12-11 01:00:00+01:00,22482.070973288868,24513.332468,6076.498755095489,5918.007,28558.56972838436,30431.339468,30437.206424
2025-12-11 01:15:00+01:00,22482.070973288868,24571.30582,6076.498755095489,5883.362,28558.56972838436,30454.66782,30460.664168000003
2025-12-11 01:30:00+01:00,22482.070973288868,24641.444408,6076.498755095489,5819.857,28558.56972838436,30461.301408,30467.726076
2025-12-11 01:45:00+01:00,22482.070973288868,24693.153952,6076.498755095489,5785.042,28558.56972838436,30478.195952,30484.804888
2025-12-11 02:00:00+01:00,20923.014815372142,24648.104704,6135.545135282977,6068.124,27058.55995065512,30716.228704,30722.6028
2025-12-11 02:15:00+01:00,20923.014815372142,24483.728936,6135.545135282977,6080.953,27058.55995065512,30564.681936,30570.823104
2025-12-11 02:30:00+01:00,20923.014815372142,24495.802172,6135.545135282977,6039.888,27058.55995065512,30535.690172,30541.856711999997
2025-12-11 02:45:00+01:00,20923.014815372142,24444.090212,6135.545135282977,6020.958,27058.55995065512,30465.048212,30470.788631999996
2025-12-11 03:00:00+01:00,21414.503861135017,24349.966176,6056.374560560198,6202.94,27470.878421695215,30552.906176,30558.473372
2025-12-11 03:15:00+01:00,21414.503861135017,24114.252852,6056.374560560198,6184.419,27470.878421695215,30298.671852,30304.417388
2025-12-11 03:30:00+01:00,21414.503861135017,23768.249924,6056.374560560198,6110.537,27470.878421695215,29878.786924,29884.703604
2025-12-11 03:45:00+01:00,21414.503861135017,23260.037752,6056.374560560198,6011.748,27470.878421695215,29271.785752,29278.085924
2025-12-11 04:00:00+01:00,20422.048319088324,22811.12272,6127.114933892473,6465.033,26549.163252980798,29276.15572,29282.072224
2025-12-11 04:15:00+01:00,20422.048319088324,22374.493364,6127.114933892473,6572.192,26549.163252980798,28946.685364,28952.58364
2025-12-11 04:30:00+01:00,20422.048319088324,22023.093928,6127.114933892473,6494.873,26549.163252980798,28517.966928,28524.069792
2025-12-11 04:45:00+01:00,20422.048319088324,21810.004356,6127.114933892473,6431.56,26549.163252980798,28241.564356000003,28247.201200000003
2025-12-11 05:00:00+01:00,19457.43106883234,21637.078468,6099.710179294657,6591.46,25557.141248126994,28228.538468,28234.1783
2025-12-11 05:15:00+01:00,19457.43106883234,21526.840352,6099.710179294657,6637.685,25557.141248126994,28164.525352,28170.317812
2025-12-11 05:30:00+01:00,19474.968458369483,21398.256016,6099.710179294657,6493.439,25574.67863766414,27891.695016,27897.476787999996
2025-12-11 05:45:00+01:00,19474.968458369483,21180.551116,6099.710179294657,6438.943,25574.67863766414,27619.494116,27625.399284
2025-12-11 06:00:00+01:00,19331.126102852595,21909.5947,6220.522013544035,6338.452,25551.64811639663,28248.046700000003,28254.152624
2025-12-11 06:15:00+01:00,19331.126102852595,21691.522108,6248.277796156082,6335.125,25579.403899008677,28026.647108,28033.516196
2025-12-11 06:30:00+01:00,19331.126102852595,21333.661,6255.221368129299,6392.517,25586.347470981895,27726.178,27733.447848
2025-12-11 06:45:00+01:00,19331.126102852595,21156.318252,6255.221368129299,6384.859,25586.347470981895,27541.177252,27548.83844
2025-12-11 07:00:00+01:00,19374.33396088762,20743.979624,6327.9603315554505,6175.617,25702.294292443068,26919.596624,26928.469063999997
2025-12-11 07:15:00+01:00,19374.33396088762,20674.350068,6327.9603315554505,6076.957,25702.294292443068,26751.307068,26760.741608
2025-12-11 07:30:00+01:00,19374.33396088762,20703.685436,6327.9603315554505,6098.83,25702.294292443068,26802.515436,26813.989144000003
2025-12-11 07:45:00+01:00,19374.33396088762,20521.605064,6327.9603315554505,5893.829,25702.294292443068,26415.434064,26436.659664000003
2025-12-11 08:00:00+01:00,20475.924589482616,20427.652528,6447.539731782883,6260.201,26923.4643212655,26687.853528,26726.43462
2025-12-11 08:15:00+01:00,20371.131563860035,20280.854792,6447.539731782883,6169.198,26818.67129564292,26450.052792,26657.3756
2025-12-11 08:30:00+01:00,20371.131563860035,20290.288716,6447.539731782883,6416.383,26818.67129564292,26706.671715999997,27432.580595999996
2025-12-11 08:45:00+01:00,20321.28264112467,20099.292108,6447.539731782883,6661.022,26768.822372907554,26760.314108,28189.910668000004
2025-12-11 09:00:00+01:00,18389.31551116101,19926.939916,6329.868308846242,7086.078,24719.183820007253,27013.017916,29282.958628
2025-12-11 09:15:00+01:00,18373.581191931287,19540.866024,6329.868308846242,7247.244,24703.44950077753,26788.110024,29990.039899999996
2025-12-11 09:30:00+01:00,18372.167843683972,19238.768408,6329.868308846242,7294.693,24702.036152530214,26533.461408,30758.577407999997
2025-12-11 09:45:00+01:00,18372.167843683972,19165.066256,6329.868308846242,7573.972,24702.036152530214,26739.038256,32025.270252
2025-12-11 10:00:00+01:00,17556.035365482014,18996.392916,6287.321495894687,7743.98,23843.356861376702,26740.372916,33056.096012
2025-12-11 10:15:00+01:00,17556.035365482014,18740.952544,6287.321495894687,7769.283,23843.356861376702,26510.235544,33715.220944
2025-12-11 10:30:00+01:00,17556.035365482014,18454.427904,6287.321495894687,7807.449,23843.356861376702,26261.876904,34352.489332
2025-12-11 10:45:00+01:00,17556.035365482014,18233.296576,6287.321495894687,7856.983,23843.356861376702,26090.279576,34936.093148
2025-12-11 11:00:00+01:00,17587.895320825584,18292.636824,6115.259623454438,7335.439,23703.154944280024,25628.075824,35073.654036
2025-12-11 11:15:00+01:00,17587.895320825584,18167.461668,6115.259623454438,7309.03,23703.154944280024,25476.491668,35458.754308
2025-12-11 11:30:00+01:00,17587.895320825584,18117.604776,6115.259623454438,7326.039,23703.154944280024,25443.643776,35891.35956
2025-12-11 11:45:00+01:00,17587.895320825584,18211.470464,6115.259623454438,7360.018,23703.154944280024,25571.488464,36260.580408
2025-12-11 12:00:00+01:00,16277.357940055073,18329.721168,6247.112737873238,7356.116,22524.47067792831,25685.837168,36602.856824
2025-12-11 12:15:00+01:00,16277.357940055073,17842.08366,6247.112737873238,7370.585,22524.47067792831,25212.66866,35973.56026
2025-12-11 12:30:00+01:00,16277.357940055073,17352.562984,6247.112737873238,7348.409,22524.47067792831,24700.971984,35533.87108
2025-12-11 12:45:00+01:00,16277.357940055073,17580.785068,6247.112737873238,7268.895,22524.47067792831,24849.680068,35499.768652
2025-12-11 13:00:00+01:00,15700.906625873959,17507.146044,6075.733906987118,7510.222,21776.640532861078,25017.368044000003,35361.641616
2025-12-11 13:15:00+01:00,15700.906625873959,17205.221328,6075.733906987118,7446.761,21776.640532861078,24651.982328,34515.767408
2025-12-11 13:30:00+01:00,15700.906625873959,16930.580208,6075.733906987118,7506.551,21776.640532861078,24437.131208,33638.223792
2025-12-11 13:45:00+01:00,15700.906625873959,16761.511432,6075.733906987118,7505.311,21776.640532861078,24266.822432,32727.543504
2025-12-11 14:00:00+01:00,15415.026586717155,16412.990144,5924.489801897858,7778.664,21339.51638861501,24191.654144,31706.965208
2025-12-11 14:15:00+01:00,15415.026586717155,16071.45372,5924.489801897858,7800.231,21339.51638861501,23871.684719999997,30359.032064
2025-12-11 14:30:00+01:00,15415.026586717155,15652.167252,5924.489801897858,7449.106,21339.51638861501,23101.273252,28477.386511999997
2025-12-11 14:45:00+01:00,15415.026586717155,14983.647132,5924.489801897858,7436.197,21339.51638861501,22419.844132,26646.924012
2025-12-11 15:00:00+01:00,15521.156350208681,14486.214952,5977.330908210093,7525.498,21498.487258418776,22011.712952,25119.610368
2025-12-11 15:15:00+01:00,15526.858634679951,14318.227496,5977.330908210093,7494.247,21504.189542890046,21812.474496,23914.77356
2025-12-11 15:30:00+01:00,15525.794808756706,14472.625084,5977.330908210093,7391.651,21503.1257169668,21864.276083999997,23077.696567999996
2025-12-11 15:45:00+01:00,15535.47457478387,14661.187644,5977.330908210093,7426.872,21512.805482993965,22088.059644,22624.66552
2025-12-11 16:00:00+01:00,14684.838452469769,15193.658876,6058.711019733074,7432.459,20743.54947220284,22626.117876,22768.328956
2025-12-11 16:15:00+01:00,14695.762154263568,15712.327872,6055.2758261577355,7419.934,20751.037980421304,23132.261872,23172.685528
2025-12-11 16:30:00+01:00,14733.94747845684,15901.999496,6055.2758261577355,7373.594,20789.223304614574,23275.593496,23308.617872000003
2025-12-11 16:45:00+01:00,14733.94747845684,16223.053072,6055.2758261577355,7287.059,20789.223304614574,23510.112072,23546.714384
2025-12-11 17:00:00+01:00,13005.85868346804,16596.358292,6162.025267333025,7011.988,19167.883950801064,23608.346292,23632.854544
2025-12-11 17:15:00+01:00,13002.148577201695,17117.965604,6165.468209757553,7018.379,19167.616786959246,24136.344604,24157.920696
2025-12-11 17:30:00+01:00,13016.492293463158,17476.234416,6166.66699999968,6968.017,19183.15929346284,24444.251416,24464.792892
2025-12-11 17:45:00+01:00,13016.492293463158,17737.645856,6166.66699999968,6907.039,19183.15929346284,24644.684856,24663.214048
2025-12-11 18:00:00+01:00,12069.657764060257,17932.36792,5852.148130101921,6885.417,17921.80589416218,24817.78492,24835.507268
2025-12-11 18:15:00+01:00,12073.606980176985,18063.57274,5861.048792588591,6818.766,17934.655772765575,24882.33874,24896.8309
2025-12-11 18:30:00+01:00,12073.606980176985,18136.971812,5861.048792588591,6739.773,17934.655772765575,24876.744812,24890.919952
2025-12-11 18:45:00+01:00,12073.606980176985,18152.186132,5861.048792588591,6719.015,17934.655772765575,24871.201132,24883.692875999997
2025-12-11 19:00:00+01:00,11784.5701141553,18410.112276,5991.612946588236,6839.838,17776.183060743537,25249.950276,25262.917352
2025-12-11 19:15:00+01:00,11793.525648524042,18258.459284,5991.612946588236,6788.926,17785.13859511228,25047.385284,25057.259364
2025-12-11 19:30:00+01:00,11793.525648524042,17848.98502,5991.612946588236,6817.712,17785.13859511228,24666.69702,24675.47226
2025-12-11 19:45:00+01:00,11793.525648524042,17632.7802,5991.612946588236,6816.588,17785.13859511228,24449.3682,24456.961752
2025-12-11 20:00:00+01:00,11314.463357164836,17609.191996,5947.6969264136615,6720.513,17262.160283578498,24329.704996,24336.270168
2025-12-11 20:15:00+01:00,11314.463357164836,17473.686208,5947.6969264136615,6536.209,17262.160283578498,24009.895208,24016.202436
2025-12-11 20:30:00+01:00,11314.463357164836,17245.910444,5947.6969264136615,6001.051,17262.160283578498,23246.961444,23252.989904
2025-12-11 20:45:00+01:00,11314.463357164836,16979.351224,5947.6969264136615,5585.911,17262.160283578498,22565.262224,22570.957036
2025-12-11 21:00:00+01:00,10909.207623684502,16487.868688,5881.320189452896,5282.896,16790.5278131374,21770.764688,21776.41528
2025-12-11 21:15:00+01:00,10909.207623684502,15961.657992,5881.320189452896,5396.399,16790.5278131374,21358.056992,21363.540076
2025-12-11 21:30:00+01:00,10909.207623684502,15607.377972,5881.320189452896,5474.795,16790.5278131374,21082.172972,21087.769344
2025-12-11 21:45:00+01:00,10909.207623684502,15265.597936,5881.320189452896,5596.221,16790.5278131374,20861.818936,20867.792736
2025-12-11 22:00:00+01:00,10598.603527204647,14581.939016,5465.5091080120455,5675.819,16064.112635216692,20257.758016,20263.619344
2025-12-11 22:15:00+01:00,10598.603527204647,14317.718664,5465.5091080120455,5708.262,16064.112635216692,20025.980664,20031.360932
2025-12-11 22:30:00+01:00,10598.603527204647,13898.71038,5465.5091080120455,5557.231,16064.112635216692,19455.94138,19461.360252
2025-12-11 22:45:00+01:00,10598.603527204647,13379.682724,5465.5091080120455,5029.74,16064.112635216692,18409.422724,18414.980688
2025-12-11 23:00:00+01:00,10594.201055943871,12939.91766,5393.885903666587,4731.089,15988.086959610459,17671.00666,17676.670044
2025-12-11 23:15:00+01:00,10594.201055943871,12650.760892,5393.885903666587,4462.558,15988.086959610459,17113.318892,17118.80966
2025-12-11 23:30:00+01:00,10594.201055943871,12285.07146,5393.885903666587,4243.401,15988.086959610459,16528.472459999997,16534.013143999997
2025-12-11 23:45:00+01:00,10594.201055943871,12029.3691,5393.885903666587,3950.951,15988.086959610459,15980.3201,15985.858212
2025-12-12 00:00:00+01:00,11202.706392925316,11568.23804,5059.186895129547,3841.634,16261.893288054864,15409.87204,15415.42916
2025-12-12 00:15:00+01:00,11202.706392925316,11181.068324,5059.186895129547,3563.245,16261.893288054864,14744.313324,14749.953672
2025-12-12 00:30:00+01:00,11202.706392925316,10766.415848,5059.186895129547,3371.472,16261.893288054864,14137.887848,14143.432568
2025-12-12 00:45:00+01:00,11202.706392925316,10455.138992,5059.186895129547,3173.092,16261.893288054864,13628.230992,13633.579704000002
2025-12-12 01:00:00+01:00,11186.619244721223,10332.145732,5086.641830115362,3365.186,16273.261074836584,13697.331732,13702.977848
2025-12-12 01:15:00+01:00,11186.619244721223,10313.269512,5086.641830115362,3157.361,16273.261074836584,13470.630512,13476.248144
2025-12-12 01:30:00+01:00,11186.619244721223,10164.260048,5086.641830115362,3065.725,16273.261074836584,13229.985048,13235.913108
2025-12-12 01:45:00+01:00,11158.13256057434,9951.168724,5086.641830115362,3012.725,16244.774390689701,12963.893724,12969.838516
2025-12-12 02:00:00+01:00,10157.360562511078,9644.967528,4987.629309240501,2910.009,15144.989871751579,12554.976528,12560.928387999998
2025-12-12 02:15:00+01:00,10161.893971994617,9295.994424,4987.629309240501,2838.985,15149.523281235119,12134.979424,12140.828532
2025-12-12 02:30:00+01:00,10161.893971994617,9101.59994,4987.629309240501,2713.143,15149.523281235119,11814.74294,11821.037052
2025-12-12 02:45:00+01:00,10161.893971994617,8803.839848,4987.629309240501,2726.54,15149.523281235119,11530.379848,11536.608904
2025-12-12 03:00:00+01:00,6804.135780866788,8258.274036,4581.2956768785825,2733.108,11385.43145774537,10991.382036,10997.768732
2025-12-12 03:15:00+01:00,6804.135780866788,7756.901908,4581.2956768785825,2703.869,11385.43145774537,10460.770908,10467.685992
2025-12-12 03:30:00+01:00,6804.135780866788,7381.936804,4581.2956768785825,2672.93,11385.43145774537,10054.866804,10063.6252
2025-12-12 03:45:00+01:00,6804.135780866788,7067.78442,4581.2956768785825,2508.509,11385.43145774537,9576.29342,9585.150108
2025-12-12 04:00:00+01:00,6225.088690494129,6826.793532,3652.778335350941,2386.765,9877.86702584507,9213.558532,9220.908124
2025-12-12 04:15:00+01:00,6225.088690494129,6741.397032,3652.778335350941,2314.665,9877.86702584507,9056.062032,9063.157088
2025-12-12 04:30:00+01:00,6225.088690494129,6638.304808,3652.778335350941,2248.372,9877.86702584507,8886.676808,8893.823948
2025-12-12 04:45:00+01:00,6225.088690494129,6499.38844,3652.778335350941,2299.018,9877.86702584507,8798.406439999999,8805.64244
2025-12-12 05:00:00+01:00,6335.481518384472,6445.750324,2929.5187734683605,2327.544,9265.000291852833,8773.294323999999,8780.090327999998
2025-12-12 05:15:00+01:00,6335.481518384472,6440.782536,2929.5187734683605,2318.247,9265.000291852833,8759.029536,8766.176564
2025-12-12 05:30:00+01:00,6335.481518384472,6448.990532,2929.5187734683605,2383.492,9265.000291852833,8832.482532,8839.5701
2025-12-12 05:45:00+01:00,6335.481518384472,6353.12772,2929.5187734683605,2410.198,9265.000291852833,8763.32572,8770.615964
2025-12-12 06:00:00+01:00,7472.126979505024,6347.00538,2446.7191356728636,2338.634,9918.846115177887,8685.63938,8692.443428
2025-12-12 06:15:00+01:00,7472.126979505024,6338.107188,2456.1519247088872,2309.908,9928.278904213912,8648.015188,8655.24398
2025-12-12 06:30:00+01:00,7472.126979505024,6513.850408,2482.67606166364,2253.921,9954.803041168663,8767.771408,8798.591488
2025-12-12 06:45:00+01:00,7472.126979505024,6686.36532,2482.67606166364,2153.625,9954.803041168663,8839.99032,8860.086580000001
2025-12-12 07:00:00+01:00,8795.285814634632,6924.088388,2119.7096379912296,2037.082,10914.99545262586,8961.170388,8971.253548
2025-12-12 07:15:00+01:00,8795.285814634632,7149.438684,2119.7096379912296,1999.902,10914.99545262586,9149.340684,9161.82664
2025-12-12 07:30:00+01:00,8795.285814634632,7276.8478,2119.7096379912296,2052.717,10914.99545262586,9329.5648,9347.582708
2025-12-12 07:45:00+01:00,8795.285814634632,7482.523704,2119.7096379912296,2122.828,10914.99545262586,9605.351704,9631.463972
2025-12-12 08:00:00+01:00,8750.363352595701,7711.200904,2114.6601168889933,2235.74,10865.023469484695,9946.940904,10021.052204
2025-12-12 08:15:00+01:00,8669.55031594039,7707.071232,2114.6601168889933,2301.608,10784.210432829384,10008.679232,10271.608568
2025-12-12 08:30:00+01:00,8669.55031594039,7757.036012,2114.6601168889933,2470.582,10784.210432829384,10227.618012,10986.661008
2025-12-12 08:45:00+01:00,8653.732058418667,7776.568524,2114.6601168889933,2596.757,10768.392175307661,10373.325524,11817.474648
2025-12-12 09:00:00+01:00,9097.695493705596,7739.531072,2216.1527470160504,2542.44,11313.848240721647,10281.971072,12386.796368
2025-12-12 09:15:00+01:00,9095.221959044306,7570.459012,2216.1527470160504,2567.287,11311.374706060356,10137.746012,13026.118104
2025-12-12 09:30:00+01:00,9095.221959044306,7369.701472,2216.1527470160504,2287.273,11311.374706060356,9656.974472,13411.596816
2025-12-12 09:45:00+01:00,9095.221959044306,7291.587232,2216.1527470160504,2304.124,11311.374706060356,9595.711232,14283.59882
2025-12-12 10:00:00+01:00,7577.664195653953,7122.215976,2020.6764679102348,2217.341,9598.340663564188,9339.556976,14977.63386
2025-12-12 10:15:00+01:00,7577.664195653953,7098.613708,2020.6764679102348,2122.948,9598.340663564188,9221.561708,15820.124575999998
2025-12-12 10:30:00+01:00,7577.664195653953,6979.356432,2020.6764679102348,1978.596,9598.340663564188,8957.952432,16490.543296
2025-12-12 10:45:00+01:00,7577.664195653953,6713.806388,2020.6764679102348,1843.072,9598.340663564188,8556.878388,16886.37536
2025-12-12 11:00:00+01:00,4398.703854239193,6453.614204,1633.1702866850474,1728.102,6031.87414092424,8181.716204,17178.678048
2025-12-12 11:15:00+01:00,4398.703854239193,6057.901356,1633.1702866850474,1729.609,6031.87414092424,7787.510356000001,17330.80516
2025-12-12 11:30:00+01:00,4398.703854239193,5698.300852,1633.1702866850474,1589.58,6031.87414092424,7287.880852,17174.91
2025-12-12 11:45:00+01:00,4398.703854239193,5330.10788,1633.1702866850474,1532.412,6031.87414092424,6862.51988,17007.76602
2025-12-12 12:00:00+01:00,2817.644985812162,5035.963768,1287.2031019750757,1367.969,4104.848087787237,6403.932768,16723.81578
2025-12-12 12:15:00+01:00,2817.644985812162,4656.54882,1287.2031019750757,1231.232,4104.848087787237,5887.78082,16276.321968
2025-12-12 12:30:00+01:00,2817.644985812162,4357.105608,1287.2031019750757,1223.208,4104.848087787237,5580.313608,15851.162604
2025-12-12 12:45:00+01:00,2817.644985812162,4099.54196,1287.2031019750757,1269.899,4104.848087787237,5369.44096,15351.72708
2025-12-12 13:00:00+01:00,2266.6359231975835,3813.409856,1306.5869670511613,1212.094,3573.222890248745,5025.503856,14552.915128
2025-12-12 13:15:00+01:00,2266.6359231975835,3620.16284,1306.5869670511613,1189.676,3573.222890248745,4809.83884,13668.396996
2025-12-12 13:30:00+01:00,2266.6359231975835,3464.027316,1306.5869670511613,1203.905,3573.222890248745,4667.932316,12771.761272
2025-12-12 13:45:00+01:00,2266.6359231975835,3304.681144,1306.5869670511613,1188.397,3573.222890248745,4493.078144,11759.140156
2025-12-12 14:00:00+01:00,1876.5037600094993,3148.184516,1233.2236857058517,1243.017,3109.7274457153508,4391.201516,10712.848764
2025-12-12 14:15:00+01:00,1876.5037600094993,3066.431584,1233.2236857058517,1193.68,3109.7274457153508,4260.111584,9643.62966
2025-12-12 14:30:00+01:00,1876.5037600094993,3040.346172,1233.2236857058517,1208.938,3109.7274457153508,4249.284172,8655.123796
2025-12-12 14:45:00+01:00,1876.5037600094993,3048.775864,1233.2236857058517,1364.148,3109.7274457153508,4412.923864,7879.960832000001
2025-12-12 15:00:00+01:00,2524.29021923297,3141.567088,1201.9501241148328,1368.931,3726.2403433478025,4510.498088,7053.740772
2025-12-12 15:15:00+01:00,2524.200914603862,3254.539512,1201.9501241148328,1352.649,3726.151038718695,4607.188512,6340.800928
2025-12-12 15:30:00+01:00,2542.736790124622,3456.867396,1202.6229786195452,1354.941,3745.359768744167,4811.808396,5867.590648
2025-12-12 15:45:00+01:00,2542.736790124622,3606.258604,1202.6229786195452,1379.22,3745.359768744167,4985.478604,5525.285836
2025-12-12 16:00:00+01:00,3662.0749205346715,3705.416144,1208.3185401936078,1324.359,4870.393460728279,5029.775143999999,5214.25844
2025-12-12 16:15:00+01:00,3715.9973799218537,3822.505532,1212.5079984752022,1322.659,4928.505378397056,5145.164532000001,5196.448496000001
2025-12-12 16:30:00+01:00,3854.833215340129,4124.501016,1214.9114342006915,1392.956,5069.74464954082,5517.457016,5577.979552000001
2025-12-12 16:45:00+01:00,3854.833215340129,4520.964168,1214.9114342006915,1538.644,5069.74464954082,6059.608168000001,6165.642296000001
2025-12-12 17:00:00+01:00,4622.951306007075,4863.918204,1131.1951965907247,1636.797,5754.1465025978,6500.715204,6598.503916
2025-12-12 17:15:00+01:00,4622.951306007075,4957.608752,1131.1951965907247,1650.647,5754.1465025978,6608.255752,6662.8785
2025-12-12 17:30:00+01:00,4634.0193962467065,5000.836856,1129.9619057930602,1707.032,5763.981302039767,6707.868856,6752.050528
2025-12-12 17:45:00+01:00,4634.0193962467065,5018.595844,1131.1393390171302,1806.162,5765.158735263836,6824.757844000001,6867.8470800000005
2025-12-12 18:00:00+01:00,4719.254172139098,5044.334764,1113.821136110635,1957.872,5833.075308249733,7002.2067640000005,7037.243964
2025-12-12 18:15:00+01:00,4719.254172139098,5089.737492,1116.7308370975027,2020.112,5835.9850092366005,7109.849492,7154.311908000001
2025-12-12 18:30:00+01:00,4719.254172139098,5124.709216,1116.7308370975027,1937.442,5835.9850092366005,7062.151216,7106.380464
2025-12-12 18:45:00+01:00,4719.254172139098,5082.756904,1116.7308370975027,1877.754,5835.9850092366005,6960.510904,6997.812535999999
2025-12-12 19:00:00+01:00,4798.809384248052,5002.679356,1098.1916451391755,1803.724,5897.001029387227,6806.403356,6830.7392199999995
2025-12-12 19:15:00+01:00,4798.809384248052,4986.503232,1098.1916451391755,1818.25,5897.001029387227,6804.753232,6826.406396
2025-12-12 19:30:00+01:00,4798.809384248052,5028.175632,1098.1916451391755,1725.874,5897.001029387227,6754.049632,6772.4895320000005
2025-12-12 19:45:00+01:00,4798.809384248052,4989.172512,1098.1916451391755,1644.99,5897.001029387227,6634.162512,6643.279832
2025-12-12 20:00:00+01:00,4292.318962154897,4921.787172,1161.2408880972057,1674.479,5453.5598502521025,6596.266172000001,6607.609200000001
2025-12-12 20:15:00+01:00,4292.318962154897,4882.521004,1161.2408880972057,1758.532,5453.5598502521025,6641.053004,6648.892204000001
2025-12-12 20:30:00+01:00,4292.318962154897,4758.487244,1161.2408880972057,1633.612,5453.5598502521025,6392.099244,6398.63138
2025-12-12 20:45:00+01:00,4292.318962154897,4682.791564,1161.2408880972057,1623.447,5453.5598502521025,6306.238564,6312.973228
2025-12-12 21:00:00+01:00,4395.628090939736,4679.251916,1222.8281469989008,1732.646,5618.456237938636,6411.897916,6421.74886
2025-12-12 21:15:00+01:00,4395.628090939736,4762.49042,1222.8281469989008,1921.411,5618.456237938636,6683.90142,6691.495156
2025-12-12 21:30:00+01:00,4395.628090939736,4846.779472,1222.8281469989008,2156.457,5618.456237938636,7003.2364720000005,7009.482564000001
2025-12-12 21:45:00+01:00,4395.628090939736,4867.32464,1222.8281469989008,2416.687,5618.456237938636,7284.01164,7290.214012
2025-12-12 22:00:00+01:00,4841.080063118907,4856.31584,1143.1615220948654,2730.893,5984.241585213772,7587.20884,7593.629808000001
2025-12-12 22:15:00+01:00,4841.080063118907,4881.936824,1143.1615220948654,2947.267,5984.241585213772,7829.203824,7834.802376000001
2025-12-12 22:30:00+01:00,4841.080063118907,4842.477624,1143.1615220948654,3024.3,5984.241585213772,7866.777624,7872.228968
2025-12-12 22:45:00+01:00,4841.080063118907,4820.813396,1143.1615220948654,3227.599,5984.241585213772,8048.412396,8053.853752
2025-12-12 23:00:00+01:00,6868.234457118992,4836.006792,2460.4737426290853,3284.147,9328.708199748078,8120.153792,8125.717824
2025-12-12 23:15:00+01:00,6868.234457118992,4940.473824,2460.4737426290853,3373.485,9328.708199748078,8313.958824,8319.567992
2025-12-12 23:30:00+01:00,6868.234457118992,5062.284468,2460.4737426290853,3448.711,9328.708199748078,8510.995468,8516.513812
2025-12-12 23:45:00+01:00,6868.234457118992,5230.000232,2460.4737426290853,3479.803,9328.708199748078,8709.803232,8715.282172000001
2025-12-13 00:00:00+01:00,8842.599252272814,5332.86554,3568.7631818020336,3027.939,12411.362434074847,8360.80454,8366.57268
2025-12-13 00:15:00+01:00,8842.599252272814,5407.686372,3568.7631818020336,2902.106,12411.362434074847,8309.792372,8315.4175
2025-12-13 00:30:00+01:00,8842.599252272814,5482.924004,3568.7631818020336,2839.533,12411.362434074847,8322.457004,8327.707924
2025-12-13 00:45:00+01:00,8842.599252272814,5585.910816,3568.7631818020336,3049.522,12411.362434074847,8635.432816,8640.736060000001
2025-12-13 01:00:00+01:00,9856.841509673257,5772.602468,4639.68420127952,3161.591,14496.525710952777,8934.193468,8939.693567999999
2025-12-13 01:15:00+01:00,9856.841509673257,5876.265624,4639.68420127952,3179.199,14496.525710952777,9055.464624,9060.976308
2025-12-13 01:30:00+01:00,9856.841509673257,5930.684456,4639.68420127952,3468.337,14496.525710952777,9399.021456,9404.474604
2025-12-13 01:45:00+01:00,9856.841509673257,5997.739908,4639.68420127952,3513.867,14496.525710952777,9511.606908,9517.066832
2025-12-13 02:00:00+01:00,10518.042356244858,6095.587,5054.126287044661,3431.656,15572.168643289519,9527.243,9532.892404
2025-12-13 02:15:00+01:00,10518.042356244858,6258.795364,5054.126287044661,3590.162,15572.168643289519,9848.957364,9854.7968
2025-12-13 02:30:00+01:00,10518.042356244858,6505.137464,5054.126287044661,3730.996,15572.168643289519,10236.133464,10242.293028
2025-12-13 02:45:00+01:00,10518.042356244858,6804.825024,5054.126287044661,3823.76,15572.168643289519,10628.585024,10634.870656
2025-12-13 03:00:00+01:00,10848.78228009117,7183.586508,5028.285722741607,3889.484,15877.068002832777,11073.070508,11079.241064
2025-12-13 03:15:00+01:00,10848.78228009117,7521.7796,5028.285722741607,3930.493,15877.068002832777,11452.2726,11458.5973
2025-12-13 03:30:00+01:00,10848.78228009117,7703.046628,5028.285722741607,3927.411,15877.068002832777,11630.457628,11636.898108
2025-12-13 03:45:00+01:00,10848.78228009117,7847.124736,5028.285722741607,3927.318,15877.068002832777,11774.442736,11780.800004
2025-12-13 04:00:00+01:00,11798.959502999123,7958.3922,5035.443149539673,3769.424,16834.402652538796,11727.8162,11734.266736
2025-12-13 04:15:00+01:00,11798.959502999123,8066.95446,5035.443149539673,3641.936,16834.402652538796,11708.89046,11715.222912
2025-12-13 04:30:00+01:00,11798.959502999123,8264.00392,5035.443149539673,3499.501,16834.402652538796,11763.50492,11769.58876
2025-12-13 04:45:00+01:00,11798.959502999123,8504.024488,5035.443149539673,3340.362,16834.402652538796,11844.386488,11850.421008
2025-12-13 05:00:00+01:00,14035.465059252987,8727.47558,5128.668632373623,3216.54,19164.13369162661,11944.01558,11949.993063999998
2025-12-13 05:15:00+01:00,14035.465059252987,9030.971408,5128.668632373623,3448.114,19164.13369162661,12479.085408,12484.993552
2025-12-13 05:30:00+01:00,14035.465059252987,9331.71016,5128.668632373623,3646.465,19164.13369162661,12978.17516,12984.234592
2025-12-13 05:45:00+01:00,14035.465059252987,9649.7961,5128.668632373623,3501.358,19164.13369162661,13151.1541,13157.381652
2025-12-13 06:00:00+01:00,15818.643655020105,10182.587224,4991.64885124747,3541.01,20810.292506267575,13723.597224,13730.039244
2025-12-13 06:15:00+01:00,15818.643655020105,10338.230476,5060.995058710029,3751.667,20879.638713730135,14089.897476,14096.528296
2025-12-13 06:30:00+01:00,15818.643655020105,10697.983608,5064.581071485699,3874.466,20883.224726505803,14572.449608,14579.448644
2025-12-13 06:45:00+01:00,15818.643655020105,11172.229444,5064.581071485699,3525.609,20883.224726505803,14697.838444,14705.231756
2025-12-13 07:00:00+01:00,16704.15220957106,11588.154148,4882.427563401149,3349.045,21586.57977297221,14937.199148,14945.770788
2025-12-13 07:15:00+01:00,16704.15220957106,11879.185856,4882.427563401149,3321.303,21586.57977297221,15200.488856,15209.922608
2025-12-13 07:30:00+01:00,16704.15220957106,12163.920012,4882.427563401149,3259.927,21586.57977297221,15423.847012,15435.086228
2025-12-13 07:45:00+01:00,16704.15220957106,12304.472524,4882.427563401149,2993.473,21586.57977297221,15297.945524,15312.211592
2025-12-13 08:00:00+01:00,15814.487232094509,12357.326832,4526.966659540687,2744.791,20341.453891635196,15102.117832,15124.340136
2025-12-13 08:15:00+01:00,15598.141808129476,12362.326056,4544.7509246872405,2584.67,20142.892732816716,14946.996056,15036.046988
2025-12-13 08:30:00+01:00,15567.90664123185,12069.949416,4551.683345089223,2319.831,20119.589986321073,14389.780416,14695.206932
2025-12-13 08:45:00+01:00,15520.47330809196,12100.693636,4551.683345089223,2266.743,20072.156653181184,14367.436636,14981.170456
2025-12-13 09:00:00+01:00,15542.698497160758,12010.68844,4447.288733502679,2083.805,19989.987230663435,14094.49344,15097.754068
2025-12-13 09:15:00+01:00,15525.331627801048,11941.822728,4447.288733502679,2009.944,19972.62036130373,13951.766728,15378.531628
2025-12-13 09:30:00+01:00,15525.331627801048,11817.045404,4447.288733502679,1954.827,19972.62036130373,13771.872404,15655.336296
2025-12-13 09:45:00+01:00,15525.331627801048,11626.424296,4447.288733502679,2004.486,19972.62036130373,13630.910296,15979.720212
2025-12-13 10:00:00+01:00,14379.77930741287,11335.853732,4609.282266597799,2025.521,18989.06157401067,13361.374732,16173.710368
2025-12-13 10:15:00+01:00,14379.77930741287,11113.417624,4609.282266597799,2148.78,18989.06157401067,13262.197624,16500.716968
2025-12-13 10:30:00+01:00,14379.77930741287,10868.23758,4609.282266597799,2130.719,18989.06157401067,12998.956580000002,16652.224764000002
2025-12-13 10:45:00+01:00,14379.77930741287,10781.030716,4609.282266597799,2136.716,18989.06157401067,12917.746716,16937.943096
2025-12-13 11:00:00+01:00,12659.958821481061,10921.15506,5025.030038215608,2308.478,17684.98885969667,13229.63306,17533.882156
2025-12-13 11:15:00+01:00,12659.958821481061,10885.316132,5025.030038215608,2338.43,17684.98885969667,13223.746132,17751.902000000002
2025-12-13 11:30:00+01:00,12659.958821481061,10831.763892,5025.030038215608,2386.947,17684.98885969667,13218.710892,17920.068440000003
2025-12-13 11:45:00+01:00,12659.958821481061,10738.528372,5025.030038215608,2424.265,17684.98885969667,13162.793372,17966.380836
2025-12-13 12:00:00+01:00,11521.814396227453,10558.972264,5092.48523864633,2819.522,16614.299634873783,13378.494264,18247.453324
2025-12-13 12:15:00+01:00,11521.814396227453,10303.520976,5092.48523864633,2925.824,16614.299634873783,13229.344976,18100.978924
2025-12-13 12:30:00+01:00,11521.814396227453,9948.41886,5092.48523864633,3022.203,16614.299634873783,12970.62186,17788.968896
2025-12-13 12:45:00+01:00,11521.814396227453,9787.48886,5092.48523864633,3045.633,16614.299634873783,12833.12186,17517.127196
2025-12-13 13:00:00+01:00,11486.848524197128,9548.512432,5361.504862009863,3168.722,16848.353386206993,12717.234432,17226.610532
2025-12-13 13:15:00+01:00,11486.848524197128,9263.234016,5361.504862009863,3217.751,16848.353386206993,12480.985016,16751.704176
2025-12-13 13:30:00+01:00,11486.848524197128,9055.366468,5361.504862009863,3293.101,16848.353386206993,12348.467468,16328.726356
2025-12-13 13:45:00+01:00,11486.848524197128,8681.448568,5361.504862009863,3432.626,16848.353386206993,12114.074568,15764.718928
2025-12-13 14:00:00+01:00,11669.714616852114,8356.98392,5157.498212417533,3824.591,16827.212829269647,12181.57492,15380.539748
2025-12-13 14:15:00+01:00,11669.714616852114,8231.006708,5157.498212417533,3900.036,16827.212829269647,12131.042708,14918.968372
2025-12-13 14:30:00+01:00,11669.714616852114,8073.9872,5157.498212417533,3922.453,16827.212829269647,11996.4402,14314.092784
2025-12-13 14:45:00+01:00,11669.714616852114,7841.082228,5157.498212417533,3971.079,16827.212829269647,11812.161228,13617.91104
2025-12-13 15:00:00+01:00,11049.34519666223,7726.741096,5012.767871002182,3985.845,16062.113067664413,11712.586096,13028.247619999998
2025-12-13 15:15:00+01:00,11051.704883378683,7837.375592,5012.767871002182,3962.035,16064.472754380866,11799.410592,12669.801308
2025-12-13 15:30:00+01:00,11059.386457907322,8120.33472,5012.767871002182,4116.168,16072.154328909503,12236.50272,12722.926352
2025-12-13 15:45:00+01:00,11067.282163535468,8265.726212,5012.767871002182,4113.462,16080.05003453765,12379.188212,12599.473284000002
2025-12-13 16:00:00+01:00,11454.54485145384,8384.986964,5150.259432029285,4048.53,16604.804283483125,12433.516964,12509.037604
2025-12-13 16:15:00+01:00,11605.476196288873,8509.00024,5159.437392444633,3919.211,16764.913588733507,12428.21124,12458.492996
2025-12-13 16:30:00+01:00,11758.18333841373,8707.201168,5162.726230684695,3884.887,16920.909569098425,12592.088168,12616.115104
2025-12-13 16:45:00+01:00,11758.18333841373,8841.579724,5162.726230684695,3855.831,16920.909569098425,12697.410724,12767.23558
2025-12-13 17:00:00+01:00,13139.599849904867,8977.345216,5121.547959981083,3882.649,18261.14780988595,12859.994216,12890.476659999998
2025-12-13 17:15:00+01:00,13139.599849904867,9133.911208,5126.981762366156,3992.108,18266.581612271024,13126.019208,13152.105712
2025-12-13 17:30:00+01:00,13318.220986027114,9362.244892,5128.763757948637,4066.398,18446.98474397575,13428.642892,13455.272212
2025-12-13 17:45:00+01:00,13406.4675093686,9537.979296,5128.763757948637,4087.121,18535.23126731724,13625.100296,13655.515096
2025-12-13 18:00:00+01:00,12350.19829465418,9568.04036,5159.264964546403,4229.656,17509.46325920058,13797.696360000002,13822.445452000002
2025-12-13 18:15:00+01:00,12350.19829465418,9548.73664,5159.264964546403,4385.441,17509.46325920058,13934.177639999998,13956.506859999998
2025-12-13 18:30:00+01:00,12355.263946110734,9606.218276,5159.264964546403,4566.059,17514.528910657136,14172.277276,14194.29286
2025-12-13 18:45:00+01:00,12355.263946110734,9728.412096,5159.264964546403,4701.567,17514.528910657136,14429.979096,14443.021216
2025-12-13 19:00:00+01:00,11640.623469079546,9866.545652,5573.8806279449445,4751.956,17214.50409702449,14618.501652,14636.033584
2025-12-13 19:15:00+01:00,11640.623469079546,9969.1598,5573.8806279449445,4905.749,17214.50409702449,14874.9088,14885.226831999998
2025-12-13 19:30:00+01:00,11640.623469079546,9918.082232,5573.8806279449445,5047.402,17214.50409702449,14965.484232,14973.933368
2025-12-13 19:45:00+01:00,11640.623469079546,9814.51598,5573.8806279449445,5110.053,17214.50409702449,14924.56898,14932.280828
2025-12-13 20:00:00+01:00,13408.634381729029,9762.103384,6192.811622083784,5494.786,19601.446003812813,15256.889384,15264.038812
2025-12-13 20:15:00+01:00,13408.634381729029,9903.160276,6192.811622083784,5552.204,19601.446003812813,15455.364276,15461.889536
2025-12-13 20:30:00+01:00,13408.634381729029,10027.023208,6192.811622083784,5591.539,19601.446003812813,15618.562208,15624.576096
2025-12-13 20:45:00+01:00,13408.634381729029,10082.26366,6192.811622083784,5330.3,19601.446003812813,15412.56366,15418.420948
2025-12-13 21:00:00+01:00,13433.617640840404,10153.707088,6736.2539957246945,5881.619,20169.871636565098,16035.326087999998,16041.070251999998
2025-12-13 21:15:00+01:00,13433.617640840404,10309.13728,6736.2539957246945,5805.5,20169.871636565098,16114.63728,16120.176724
2025-12-13 21:30:00+01:00,13433.617640840404,10467.16008,6736.2539957246945,5955.189,20169.871636565098,16422.34908,16427.985592
2025-12-13 21:45:00+01:00,13433.617640840404,10563.651624,6736.2539957246945,6054.86,20169.871636565098,16618.511624,16624.28286
2025-12-13 22:00:00+01:00,12361.18015336385,10332.699572,6656.33719486957,6612.11,19017.51734823342,16944.809572,16950.77584
2025-12-13 22:15:00+01:00,12361.18015336385,10448.909984,6656.33719486957,6817.056,19017.51734823342,17265.965984,17271.132255999997
2025-12-13 22:30:00+01:00,12361.18015336385,10417.37554,6656.33719486957,6927.284,19017.51734823342,17344.65954,17349.962636
2025-12-13 22:45:00+01:00,12361.18015336385,10384.456608,6656.33719486957,6881.912,19017.51734823342,17266.368608,17271.982452
2025-12-13 23:00:00+01:00,11275.297115985453,10319.972468,6602.314012183268,6468.186,17877.61112816872,16788.158468,16793.761252
2025-12-13 23:15:00+01:00,11275.297115985453,10237.291152,6602.314012183268,6515.485,17877.61112816872,16752.776152,16758.20984
2025-12-13 23:30:00+01:00,11275.297115985453,10113.677008,6602.314012183268,6493.826,17877.61112816872,16607.503008,16612.906876
2025-12-13 23:45:00+01:00,11275.297115985453,9989.945772,6602.314012183268,6379.593,17877.61112816872,16369.538772,16375.007708
2025-12-14 00:00:00+01:00,8906.756022766593,9915.353704,6256.08357591492,6944.862,15162.839598681512,16860.215704,16866.003296
2025-12-14 00:15:00+01:00,8906.756022766593,9790.107364,6256.08357591492,7377.025,15162.839598681512,17167.132363999997,17172.744003999996
2025-12-14 00:30:00+01:00,8906.756022766593,9720.790896,6256.08357591492,7571.277,15162.839598681512,17292.067896,17297.701208000002
2025-12-14 00:45:00+01:00,8906.756022766593,9682.716356,6256.08357591492,7605.942,15162.839598681512,17288.658356,17294.415696
2025-12-14 01:00:00+01:00,9610.509738716704,9635.74396,6030.490126853312,7462.387,15640.999865570016,17098.13096,17104.06828
2025-12-14 01:15:00+01:00,9610.509738716704,9616.081304,6030.490126853312,7698.546,15640.999865570016,17314.627304,17320.313272000003
2025-12-14 01:30:00+01:00,9610.509738716704,9702.313148,6030.490126853312,7874.293,15640.999865570016,17576.606148,17582.372295999998
2025-12-14 01:45:00+01:00,9606.06969530945,9850.048348,6030.490126853312,7957.482,15636.559822162762,17807.530348,17813.459528
2025-12-14 02:00:00+01:00,10143.130016704263,9960.19354,6007.543682215766,7721.142,16150.673698920029,17681.33554,17687.31902
2025-12-14 02:15:00+01:00,10143.130016704263,10107.121708,6007.543682215766,7681.158,16150.673698920029,17788.279708000002,17794.03178
2025-12-14 02:30:00+01:00,10143.130016704263,10375.213896,6007.543682215766,7677.622,16150.673698920029,18052.835896,18058.898308
2025-12-14 02:45:00+01:00,10143.130016704263,10625.926568,6007.543682215766,7609.01,16150.673698920029,18234.936568,18240.931484
2025-12-14 03:00:00+01:00,10232.107011783275,10802.953188,6043.655964346168,7210.684,16275.762976129443,18013.637188,18019.367744
2025-12-14 03:15:00+01:00,10232.107011783275,10965.835612,6044.156315344525,7202.167,16276.2633271278,18168.002612,18173.84982
2025-12-14 03:30:00+01:00,10232.107011783275,11209.72802,6044.156315344525,7269.085,16276.2633271278,18478.81302,18484.6981
2025-12-14 03:45:00+01:00,10232.107011783275,11477.7724,6044.156315344525,7250.114,16276.2633271278,18727.8864,18733.910848
2025-12-14 04:00:00+01:00,10082.72811322939,11719.61134,6061.132414725337,6728.627,16143.860527954726,18448.23834,18454.172008
2025-12-14 04:15:00+01:00,10082.72811322939,12026.54906,6061.132414725337,6705.751,16143.860527954726,18732.30006,18737.883428
2025-12-14 04:30:00+01:00,10082.72811322939,12289.952236,6061.132414725337,6818.913,16143.860527954726,19108.865236,19114.403479999997
2025-12-14 04:45:00+01:00,10082.72811322939,12514.07228,6061.132414725337,6845.804,16143.860527954726,19359.87628,19365.597024
2025-12-14 05:00:00+01:00,10141.077972942207,12674.64324,6063.133314518892,7047.443,16204.211287461098,19722.08624,19727.83334
2025-12-14 05:15:00+01:00,10141.077972942207,12890.213788,6063.133314518892,7076.548,16204.211287461098,19966.761788,19972.477612
2025-12-14 05:30:00+01:00,10141.077972942207,13076.461768,6063.133314518892,7066.957,16204.211287461098,20143.418768,20149.338816
2025-12-14 05:45:00+01:00,10141.077972942207,13357.639664,6063.133314518892,7086.416,16204.211287461098,20444.055664,20450.23012
2025-12-14 06:00:00+01:00,11446.854788496255,14181.406876,5955.418033886429,6876.839,17402.272822382685,21058.245876,21064.363544
2025-12-14 06:15:00+01:00,11446.854788496255,14541.930392,6031.052524694311,6830.002,17477.907313190568,21371.932392,21378.159504000003
2025-12-14 06:30:00+01:00,11446.854788496255,14961.030076,6036.794517158252,6829.131,17483.649305654508,21790.161076,21797.13662
2025-12-14 06:45:00+01:00,11446.854788496255,15348.056324,6036.794517158252,6793.695,17483.649305654508,22141.751323999997,22149.285911999996
2025-12-14 07:00:00+01:00,12731.82764846736,15589.784816,6146.81305862728,6731.401,18878.64070709464,22321.185815999997,22329.689
2025-12-14 07:15:00+01:00,12731.82764846736,15639.221948,6146.81305862728,6465.885,18878.64070709464,22105.106948,22114.818724
2025-12-14 07:30:00+01:00,12731.82764846736,15815.789136,6146.81305862728,6464.201,18878.64070709464,22279.990136,22291.251616
2025-12-14 07:45:00+01:00,12728.567989187324,15998.74418,6146.81305862728,6507.033,18875.381047814604,22505.77718,22519.277072
2025-12-14 08:00:00+01:00,14824.680954163146,16299.239548,6119.515086144814,6318.254,20944.19604030796,22617.493548,22642.764804
2025-12-14 08:15:00+01:00,14796.03645616974,16525.297336,6142.2082204543685,6324.919,20938.24467662411,22850.216336,22941.161335999997
2025-12-14 08:30:00+01:00,14796.03645616974,16911.88994,6201.467889980195,6347.066,20997.504346149937,23258.95594,23629.061656
2025-12-14 08:45:00+01:00,14793.620847667667,17228.788716,6203.218710703725,6366.709,20996.839558371394,23595.497716,24378.404371999997
2025-12-14 09:00:00+01:00,15881.117147012843,17501.934616,6344.681479392222,6208.498,22225.798626405063,23710.432616,24997.467847999997
2025-12-14 09:15:00+01:00,15877.31810820276,17486.855152,6344.681479392222,6217.065,22221.999587594983,23703.920152,25558.088615999997
2025-12-14 09:30:00+01:00,15877.31810820276,17627.586972,6344.681479392222,6225.81,22221.999587594983,23853.396972,26315.925112
2025-12-14 09:45:00+01:00,15877.31810820276,17558.818836,6344.681479392222,6238.441,22221.999587594983,23797.259835999997,26875.896616
2025-12-14 10:00:00+01:00,14992.96795345964,17607.855908,6194.5831051231835,6074.79,21187.551058582823,23682.645908,27443.39572
2025-12-14 10:15:00+01:00,14992.96795345964,17551.495244,6194.5831051231835,6043.898,21187.551058582823,23595.393244000003,28062.904100000003
2025-12-14 10:30:00+01:00,14992.96795345964,17453.540972,6194.5831051231835,6011.686,21187.551058582823,23465.226971999997,28638.916292
2025-12-14 10:45:00+01:00,14992.96795345964,17277.114448,6194.5831051231835,5830.745,21187.551058582823,23107.859448,28926.401656
2025-12-14 11:00:00+01:00,14924.420132070907,17077.410328,6290.863878639167,5896.399,21215.284010710075,22973.809328000003,29303.235580000004
2025-12-14 11:15:00+01:00,14924.420132070907,17100.082196,6290.863878639167,5918.011,21215.284010710075,23018.093196,29787.045232
2025-12-14 11:30:00+01:00,14924.420132070907,17044.348056,6290.863878639167,5915.215,21215.284010710075,22959.563056,30069.28848
2025-12-14 11:45:00+01:00,14924.420132070907,17022.435692,6290.863878639167,5930.99,21215.284010710075,22953.425691999997,30313.279148
2025-12-14 12:00:00+01:00,14844.112502112252,16908.069676,6219.053867093498,5866.621,21063.16636920575,22774.690676,30202.929724
2025-12-14 12:15:00+01:00,14844.112502112252,16914.18956,6219.053867093498,5883.747,21063.16636920575,22797.93656,30243.004795999997
2025-12-14 12:30:00+01:00,14844.112502112252,16709.450312,6219.053867093498,5860.193,21063.16636920575,22569.643312,29953.768124
2025-12-14 12:45:00+01:00,14844.112502112252,16515.934996,6219.053867093498,5813.997,21063.16636920575,22329.931996,29491.333096
2025-12-14 13:00:00+01:00,14807.18662351386,16200.627264,6200.599809306469,5839.455,21007.78643282033,22040.082264,28874.646672000003
2025-12-14 13:15:00+01:00,14807.18662351386,15851.69578,6200.599809306469,5938.347,21007.78643282033,21790.04278,28177.887152
2025-12-14 13:30:00+01:00,14807.18662351386,15665.3133,6200.599809306469,6025.275,21007.78643282033,21690.5883,27592.621968
2025-12-14 13:45:00+01:00,14807.18662351386,15394.240868,6200.599809306469,6110.659,21007.78643282033,21504.899868,26783.840472
2025-12-14 14:00:00+01:00,14860.942871034036,15256.06364,6334.887335382802,6399.326,21195.83020641684,21655.38964,26263.16362
2025-12-14 14:15:00+01:00,14860.942871034036,15186.454644,6334.887335382802,6291.835,21195.83020641684,21478.289644,25352.567552
2025-12-14 14:30:00+01:00,14860.942871034036,15114.256556,6334.887335382802,6267.398,21195.83020641684,21381.654556,24585.511284
2025-12-14 14:45:00+01:00,14860.942871034036,15001.039956,6334.887335382802,6028.007,21195.83020641684,21029.046956,23536.090036
2025-12-14 15:00:00+01:00,15899.318773913552,15042.727176,6274.318648607832,6426.111,22173.637422521384,21468.838176,23279.884152
2025-12-14 15:15:00+01:00,15903.117812723634,15331.346852,6274.318648607832,6523.695,22177.43646133147,21855.041852,23038.052828000004
2025-12-14 15:30:00+01:00,15904.979441242347,16129.300216,6276.993492027728,6525.33,22181.972933270074,22654.630216,23301.901472
2025-12-14 15:45:00+01:00,15904.979441242347,16475.365572,6278.290689603059,6565.973,22183.270130845405,23041.338572,23329.905432
2025-12-14 16:00:00+01:00,17156.120374133836,16776.856468,6302.217047422368,6493.934,23458.337421556203,23270.790468000003,23361.183004
2025-12-14 16:15:00+01:00,17223.996693486264,17124.375056,6305.018065323925,6557.566,23529.01475881019,23681.941056,23717.849392
2025-12-14 16:30:00+01:00,17358.254050513082,17457.928336,6306.09631915116,6532.074,23664.350369664244,23990.002336,24021.20282
2025-12-14 16:45:00+01:00,17358.254050513082,17829.852112,6306.09631915116,6378.394,23664.350369664244,24208.246112,24241.362444
2025-12-14 17:00:00+01:00,18459.00877666734,18080.1462,6347.182697076779,6744.153,24806.19147374412,24824.2992,24849.026792
2025-12-14 17:15:00+01:00,18459.88297370338,18174.147972,6347.182697076779,6965.231,24807.06567078016,25139.378972,25161.810508
2025-12-14 17:30:00+01:00,18737.77878275295,18123.166332,6349.307513529143,7002.149,25087.086296282094,25125.315332,25170.611676
2025-12-14 17:45:00+01:00,18747.51748937562,17919.1783,6349.307513529143,7009.902,25096.825002904763,24929.0803,24948.742524
2025-12-14 18:00:00+01:00,20206.53801814612,17833.360848,6350.183694674628,7135.932,26556.72171282075,24969.292848,24989.525212
2025-12-14 18:15:00+01:00,20206.53801814612,17780.080272,6350.183694674628,7225.335,26556.72171282075,25005.415272,25027.657691999997
2025-12-14 18:30:00+01:00,20206.53801814612,17839.56634,6350.183694674628,7221.504,26556.72171282075,25061.07034,25086.753188
2025-12-14 18:45:00+01:00,20206.53801814612,17846.432012,6350.183694674628,7220.749,26556.72171282075,25067.181012,25086.832596
2025-12-14 19:00:00+01:00,20639.26891671353,17961.147076,6285.908294573217,7442.165,26925.177211286747,25403.312076,25417.100464000003
2025-12-14 19:15:00+01:00,20639.26891671353,18002.182196,6285.908294573217,7537.422,26925.177211286747,25539.604196,25553.344956
2025-12-14 19:30:00+01:00,20639.26891671353,17973.744676,6285.908294573217,7539.343,26925.177211286747,25513.087676,25524.796008
2025-12-14 19:45:00+01:00,20639.26891671353,17950.27436,6285.908294573217,7533.161,26925.177211286747,25483.43536,25494.261988
2025-12-14 20:00:00+01:00,21010.967584149537,18114.858764,6139.315835453784,7285.274,27150.28341960332,25400.132764,25417.67992
2025-12-14 20:15:00+01:00,21010.967584149537,18087.714836,6139.315835453784,7377.421,27150.28341960332,25465.135836,25479.2626
2025-12-14 20:30:00+01:00,21010.967584149537,18137.363768,6139.315835453784,7421.127,27150.28341960332,25558.490768,25569.960612
2025-12-14 20:45:00+01:00,21010.967584149537,18214.921876,6139.315835453784,7336.793,27150.28341960332,25551.714876,25559.730099999997
2025-12-14 21:00:00+01:00,21681.9460838901,18303.526052,6269.725046875082,7564.562,27951.671130765182,25868.088052,25876.001112
2025-12-14 21:15:00+01:00,21681.9460838901,18380.479024,6269.725046875082,7577.448,27951.671130765182,25957.927024,25965.545952
2025-12-14 21:30:00+01:00,21681.9460838901,18491.880548,6269.725046875082,7584.425,27951.671130765182,26076.305548,26082.798132
2025-12-14 21:45:00+01:00,21681.9460838901,18432.3811,6269.725046875082,7571.462,27951.671130765182,26003.8431,26010.64924
2025-12-14 22:00:00+01:00,21197.236835690972,17662.310872,6370.243466924191,7491.525,27567.480302615164,25153.835871999996,25160.718623999997
2025-12-14 22:15:00+01:00,21197.236835690972,17629.01488,6370.243466924191,7498.328,27567.480302615164,25127.34288,25133.882968
2025-12-14 22:30:00+01:00,21197.236835690972,17675.66188,6370.243466924191,7472.934,27567.480302615164,25148.59588,25154.87436
2025-12-14 22:45:00+01:00,21197.236835690972,17744.834488,6370.243466924191,7391.845,27567.480302615164,25136.679488,25142.822348
2025-12-14 23:00:00+01:00,20085.17676580641,17917.184776,6380.6811774180205,7330.868,26465.85794322443,25248.052775999997,25254.268623999997
2025-12-14 23:15:00+01:00,20085.17676580641,17949.332328,6380.6811774180205,7348.381,26465.85794322443,25297.713328,25304.049148
2025-12-14 23:30:00+01:00,20085.17676580641,17869.403808,6380.6811774180205,7355.623,26465.85794322443,25225.026808,25231.169916
2025-12-14 23:45:00+01:00,20085.17676580641,17537.135144,6380.6811774180205,7293.531,26465.85794322443,24830.666144,24837.025904
2025-12-15 00:00:00+01:00,17647.551100957524,17388.675756,6677.519702189106,6763.985,24325.07080314663,24152.660756,24158.6836
2025-12-15 00:15:00+01:00,17647.551100957524,17396.766736,6677.519702189106,6722.009,24325.07080314663,24118.775736000003,24124.634980000003
2025-12-15 00:30:00+01:00,17647.551100957524,17389.923428,6677.519702189106,6775.228,24325.07080314663,24165.151427999997,24171.475447999997
2025-12-15 00:45:00+01:00,17647.551100957524,17573.076636,6677.519702189106,6801.43,24325.07080314663,24374.506636,24380.935360000003
2025-12-15 01:00:00+01:00,18088.437481406843,17709.357068,6544.8635641312985,6816.946,24633.30104553814,24526.303068,24532.421036
2025-12-15 01:15:00+01:00,18088.437481406843,17779.919188,6544.8635641312985,6768.252,24633.30104553814,24548.171188,24554.228828
2025-12-15 01:30:00+01:00,18088.437481406843,17901.69096,6544.8635641312985,6554.738,24633.30104553814,24456.42896,24462.486812000003
2025-12-15 01:45:00+01:00,18088.437481406843,18032.620404,6544.8635641312985,6487.253,24633.30104553814,24519.873404,24525.944412
2025-12-15 02:00:00+01:00,18346.474898393793,17915.965504,6655.597959926028,6608.566,25002.07285831982,24524.531504,24530.153464
2025-12-15 02:15:00+01:00,18346.474898393793,17946.0666,6655.597959926028,6573.722,25002.07285831982,24519.7886,24525.433924
2025-12-15 02:30:00+01:00,18346.474898393793,18049.550612,6655.597959926028,6548.218,25002.07285831982,24597.768612,24603.808812
2025-12-15 02:45:00+01:00,18346.474898393793,18290.980504,6655.597959926028,6442.567,25002.07285831982,24733.547504,24739.469916
2025-12-15 03:00:00+01:00,18482.756090618783,18560.624644,6643.719615061796,6669.966,25126.47570568058,25230.590644,25236.68038
2025-12-15 03:15:00+01:00,18482.756090618783,18805.830052,6643.719615061796,6567.445,25126.47570568058,25373.275052,25379.848548
2025-12-15 03:30:00+01:00,18482.756090618783,19020.616404,6643.719615061796,6310.247,25126.47570568058,25330.863404,25337.67674
2025-12-15 03:45:00+01:00,18482.756090618783,19094.180488,6643.719615061796,6078.907,25126.47570568058,25173.087488,25180.105964
2025-12-15 04:00:00+01:00,18531.264409537085,19132.842856,6716.4561297860555,6282.825,25247.72053932314,25415.667856,25422.216252
2025-12-15 04:15:00+01:00,18531.264409537085,19240.946328,6716.4561297860555,6172.728,25247.72053932314,25413.674328,25420.154012000003
2025-12-15 04:30:00+01:00,18531.264409537085,19294.873736,6716.4561297860555,6058.769,25247.72053932314,25353.642736,25360.212536000003
2025-12-15 04:45:00+01:00,18531.264409537085,19419.808504,6716.4561297860555,6146.454,25247.72053932314,25566.262504,25573.3303
2025-12-15 05:00:00+01:00,18880.46019006692,19398.351848,6631.151308637034,6436.232,25511.611498703955,25834.583848,25841.10512
2025-12-15 05:15:00+01:00,18880.46019006692,19380.210956,6631.151308637034,6548.222,25511.611498703955,25928.432955999997,25935.072103999995
2025-12-15 05:30:00+01:00,18880.46019006692,19384.101256,6631.151308637034,6771.13,25511.611498703955,26155.231256000003,26161.701360000003
2025-12-15 05:45:00+01:00,18880.46019006692,19349.82528,6631.151308637034,6903.253,25511.611498703955,26253.07828,26259.872312000003
2025-12-15 06:00:00+01:00,19201.423961942382,20066.538772,6733.955939206107,6456.372,25935.379901148488,26522.910772,26530.287736
2025-12-15 06:15:00+01:00,19201.423961942382,20055.530532,6745.723165142671,6621.157,25947.147127085052,26676.687532,26684.363816
2025-12-15 06:30:00+01:00,19201.423961942382,20014.925268,6746.611488447917,6588.749,25948.0354503903,26603.674268,26611.78224
2025-12-15 06:45:00+01:00,19201.423961942382,20095.177936,6746.611488447917,6516.782,25948.0354503903,26611.959936,26620.554704
2025-12-15 07:00:00+01:00,19445.847597574902,20241.222872,6727.158924908231,6220.811,26173.006522483134,26462.033872,26471.687808
2025-12-15 07:15:00+01:00,19445.847597574902,20346.564244,6727.158924908231,6001.68,26173.006522483134,26348.244244,26358.608808
2025-12-15 07:30:00+01:00,19445.847597574902,20548.53492,6727.158924908231,5989.093,26173.006522483134,26537.62792,26556.668712
2025-12-15 07:45:00+01:00,19445.847597574902,20548.913088,6727.158924908231,5731.741,26173.006522483134,26280.654088000003,26315.752436
2025-12-15 08:00:00+01:00,19682.625538185468,20326.761672,6724.1351494640185,6389.214,26406.760687649486,26715.975672,26757.667036
2025-12-15 08:15:00+01:00,19639.86088237907,20061.676048,6730.892423208987,6134.402,26370.753305588056,26196.078048000003,26387.290568000004
2025-12-15 08:30:00+01:00,19639.86088237907,20010.864372,6728.642726795923,6132.253,26368.503609174993,26143.117372,26916.786044
2025-12-15 08:45:00+01:00,19634.176156679176,20016.885056,6728.642726795923,6182.572,26362.818883475098,26199.457056,27765.393912
2025-12-15 09:00:00+01:00,19445.610543871036,19730.147356,6711.297522244793,6180.742,26156.90806611583,25910.889356,28412.776692
2025-12-15 09:15:00+01:00,19445.610543871036,19325.946804,6711.297522244793,6227.825,26156.90806611583,25553.771804,29200.574508
2025-12-15 09:30:00+01:00,19445.610543871036,18938.182032,6711.297522244793,6047.39,26156.90806611583,24985.572032,29942.89678
2025-12-15 09:45:00+01:00,19445.610543871036,18522.1471,6711.297522244793,5891.723,26156.90806611583,24413.8701,30762.379188
2025-12-15 10:00:00+01:00,17920.030338103366,17803.908492,6779.848641386503,6024.261,24699.87897948987,23828.169492,31542.375072000003
2025-12-15 10:15:00+01:00,17920.030338103366,17222.161948,6779.848641386503,6127.657,24699.87897948987,23349.818948,32383.177956
2025-12-15 10:30:00+01:00,17920.030338103366,16569.727608,6779.848641386503,6187.671,24699.87897948987,22757.398608000003,33095.12188400001
2025-12-15 10:45:00+01:00,17920.030338103366,15895.731564,6779.848641386503,6163.711,24699.87897948987,22059.442564,33607.586844000005
2025-12-15 11:00:00+01:00,14805.910094213217,15179.792844,6855.350332245905,6113.758,21661.26042645912,21293.550844,33931.685196
2025-12-15 11:15:00+01:00,14805.910094213217,14609.231848,6855.350332245905,6159.586,21661.26042645912,20768.817848,34316.521523999996
2025-12-15 11:30:00+01:00,14805.910094213217,14169.37978,6855.350332245905,6203.698,21661.26042645912,20373.07778,34659.790676
2025-12-15 11:45:00+01:00,14805.910094213217,13556.034756,6855.350332245905,6049.678,21661.26042645912,19605.712756,34498.148532
2025-12-15 12:00:00+01:00,13418.165354861754,13068.074668,6436.175914190824,5669.858,19854.34126905258,18737.932668,33913.744556000005
2025-12-15 12:15:00+01:00,13418.165354861754,12714.470236,6436.175914190824,5606.037,19854.34126905258,18320.507236,33512.608064
2025-12-15 12:30:00+01:00,13418.165354861754,12392.850104,6436.175914190824,5335.19,19854.34126905258,17728.040104,32729.0321
2025-12-15 12:45:00+01:00,13418.165354861754,12167.053716,6436.175914190824,4958.77,19854.34126905258,17125.823716,31710.04986
2025-12-15 13:00:00+01:00,11893.130660823705,11937.793396,5417.063646340403,4909.039,17310.194307164107,16846.832395999998,30773.479704
2025-12-15 13:15:00+01:00,11893.130660823705,11633.294112,5417.063646340403,4825.789,17310.194307164107,16459.083112,29430.111572
2025-12-15 13:30:00+01:00,11893.130660823705,11373.026248,5417.063646340403,5028.782,17310.194307164107,16401.808248,28263.625008000003
2025-12-15 13:45:00+01:00,11893.130660823705,11237.743192,5417.063646340403,4862.226,17310.194307164107,16099.969192,26642.000276
2025-12-15 14:00:00+01:00,11265.836785592097,11369.2135,5249.0472335095255,5066.883,16514.88401910162,16436.0965,25629.93908
2025-12-15 14:15:00+01:00,11265.836785592097,11414.486484,5249.0472335095255,4996.648,16514.88401910162,16411.134484,24160.231704
2025-12-15 14:30:00+01:00,11265.836785592097,11448.473272,5249.0472335095255,4849.376,16514.88401910162,16297.849272,22608.104916
2025-12-15 14:45:00+01:00,11265.836785592097,11562.858104,5249.583754599873,4976.841,16515.420540191968,16539.699104,21358.831376
2025-12-15 15:00:00+01:00,13734.29018137457,11916.201668,4734.49946355763,5076.285,18468.7896449322,16992.486667999998,20370.735827999997
2025-12-15 15:15:00+01:00,13734.29018137457,12648.501224,4738.423490995522,5186.543,18472.713672370093,17835.044223999997,20054.130068
2025-12-15 15:30:00+01:00,13739.974907074466,13696.78172,4755.276866255523,5225.253,18495.25177332999,18922.03472,20140.343968
2025-12-15 15:45:00+01:00,13739.974907074466,14559.278964,4755.276866255523,5296.691,18495.25177332999,19855.969964,20432.16992
2025-12-15 16:00:00+01:00,17227.021739195512,15460.30698,4929.189723201188,5186.14,22156.2114623967,20646.44698,20829.174964
2025-12-15 16:15:00+01:00,17344.014621716593,16416.823968,4929.189723201188,5415.813,22273.20434491778,21832.636968,21884.708307999997
2025-12-15 16:30:00+01:00,17581.72037739067,17587.025684,4929.189723201188,5418.339,22510.910100591856,23005.364684,23038.39366
2025-12-15 16:45:00+01:00,17581.72037739067,18523.418696,4929.189723201188,5391.539,22510.910100591856,23914.957696,23945.539196
2025-12-15 17:00:00+01:00,19507.67290338433,19207.776236,4874.484393575562,5770.75,24382.157296959893,24978.526236,25010.691140000003
2025-12-15 17:15:00+01:00,19507.67290338433,19597.349696,4874.484393575562,5692.282,24382.157296959893,25289.631696,25316.336952
2025-12-15 17:30:00+01:00,19610.644698502605,20050.839824,4906.668408234055,5768.434,24517.31310673666,25819.273824,25844.205432
2025-12-15 17:45:00+01:00,19600.38164301545,20655.223424,4905.78008492881,5867.86,24506.16172794426,26523.083424,26546.549932
2025-12-15 18:00:00+01:00,20484.013383826834,21196.783536,4946.253186907488,6397.51,25430.266570734322,27594.293535999997,27620.630027999996
2025-12-15 18:15:00+01:00,20484.013383826834,21699.344884,4946.253186907488,6269.974,25430.266570734322,27969.318884,27992.313944
2025-12-15 18:30:00+01:00,20519.50672663868,22115.545372,4946.253186907488,5891.279,25465.759913546168,28006.824372000003,28023.229724000004
2025-12-15 18:45:00+01:00,20519.50672663868,22433.279896,4946.253186907488,5569.56,25465.759913546168,28002.839896,28018.097568
2025-12-15 19:00:00+01:00,21564.08402139264,22724.2433,5061.088180278532,5251.31,26625.172201671172,27975.5533,27989.025352
2025-12-15 19:15:00+01:00,21564.08402139264,22922.341784,5061.088180278532,4787.493,26625.172201671172,27709.834784,27721.184556
2025-12-15 19:30:00+01:00,21564.08402139264,23245.468476,5061.088180278532,4309.814,26625.172201671172,27555.282476,27565.834856
2025-12-15 19:45:00+01:00,21564.08402139264,23795.12406,5061.088180278532,4312.395,26625.172201671172,28107.51906,28118.153356
2025-12-15 20:00:00+01:00,22976.587821654895,24162.239712,4971.4087305116755,4284.164,27947.996552166573,28446.403712,28455.670012
2025-12-15 20:15:00+01:00,22976.587821654895,24266.089416,4971.4087305116755,4274.116,27947.996552166573,28540.205415999997,28549.094747999996
2025-12-15 20:30:00+01:00,22976.587821654895,24202.437092,4971.4087305116755,4362.447,27947.996552166573,28564.884092,28573.325456
2025-12-15 20:45:00+01:00,22976.587821654895,23827.364528,4971.4087305116755,4484.14,27947.996552166573,28311.504528,28319.624987999996
2025-12-15 21:00:00+01:00,23031.800699546853,23610.983964,5040.250879213191,4604.849,28072.051578760045,28215.832964,28223.302828
2025-12-15 21:15:00+01:00,23031.800699546853,23634.293888,5035.856429937944,4382.47,28067.657129484796,28016.763888,28024.195128000003
2025-12-15 21:30:00+01:00,23031.800699546853,23487.96434,5035.856429937944,4336.274,28067.657129484796,27824.23834,27830.234424
2025-12-15 21:45:00+01:00,23031.800699546853,23061.579052,5028.39831985672,4214.245,28060.199019403575,27275.824052,27281.689528
2025-12-15 22:00:00+01:00,22905.18379314176,21747.334152,5252.6769258823,4380.413,28157.860719024062,26127.747152,26133.58362
2025-12-15 22:15:00+01:00,22905.18379314176,21486.616172,5252.6769258823,4487.765,28157.860719024062,25974.381172,25979.726568
2025-12-15 22:30:00+01:00,22905.18379314176,21230.424092,5252.6769258823,4685.081,28157.860719024062,25915.505092,25920.979
2025-12-15 22:45:00+01:00,22905.18379314176,20972.913088,5252.6769258823,4577.411,28157.860719024062,25550.324088,25555.871828000003
2025-12-15 23:00:00+01:00,20812.104695075082,20583.847088,4874.9532013353155,4370.318,25687.0578964104,24954.165088,24959.777747999997
2025-12-15 23:15:00+01:00,20812.104695075082,20254.184772,4874.9532013353155,4233.655,25687.0578964104,24487.839772,24493.409512
2025-12-15 23:30:00+01:00,20812.104695075082,20176.518488,4874.9532013353155,4124.384,25687.0578964104,24300.902488,24306.584276
2025-12-15 23:45:00+01:00,20812.104695075082,19965.633552,4874.9532013353155,4259.908,25687.0578964104,24225.541552,24231.2706
2025-12-16 00:00:00+01:00,19497.121370015917,19796.486728,4325.571835844472,4205.859,23822.69320586039,24002.345728,24007.697016
2025-12-16 00:15:00+01:00,19497.121370015917,19729.558064,4325.571835844472,4188.448,23822.69320586039,23918.006064,23923.35112
2025-12-16 00:30:00+01:00,19497.121370015917,19515.109972,4325.571835844472,4124.234,23822.69320586039,23639.343972,23644.926244
2025-12-16 00:45:00+01:00,19497.121370015917,19328.55218,4325.571835844472,3783.144,23822.69320586039,23111.69618,23117.222572
2025-12-16 01:00:00+01:00,18740.312083800778,19197.825024,4178.20142340273,3739.978,22918.51350720351,22937.803024,22943.327212
2025-12-16 01:15:00+01:00,18740.312083800778,19268.533428,4178.20142340273,3655.001,22918.51350720351,22923.534428,22929.095592
2025-12-16 01:30:00+01:00,18740.312083800778,19311.234052,4178.20142340273,3599.982,22918.51350720351,22911.216052,22916.784184
2025-12-16 01:45:00+01:00,18740.312083800778,19322.4459,4178.20142340273,3639.83,22918.51350720351,22962.2759,22967.875724
2025-12-16 02:00:00+01:00,18483.524013855815,19297.171088,4263.8561182873755,3663.72,22747.38013214319,22960.891088,22966.330716
2025-12-16 02:15:00+01:00,18483.524013855815,19291.738356,4263.8561182873755,3579.065,22747.38013214319,22870.803356,22876.149972
2025-12-16 02:30:00+01:00,18483.524013855815,19230.54714,4263.8561182873755,3455.296,22747.38013214319,22685.843139999997,22691.549539999996
2025-12-16 02:45:00+01:00,18483.524013855815,19080.019556,4263.8561182873755,3362.641,22747.38013214319,22442.660556,22448.346104
2025-12-16 03:00:00+01:00,18230.46468361569,18928.697996,3752.0128733962442,3346.815,21982.477557011935,22275.512996,22281.308412
2025-12-16 03:15:00+01:00,18230.46468361569,18686.223048,3752.0128733962442,3347.255,21982.477557011935,22033.478048,22039.534788
2025-12-16 03:30:00+01:00,18230.46468361569,18546.68198,3752.0128733962442,3113.23,21982.477557011935,21659.91198,21666.127544
2025-12-16 03:45:00+01:00,18230.46468361569,18307.487564,3752.0128733962442,2762.894,21982.477557011935,21070.381564,21076.48896
2025-12-16 04:00:00+01:00,19028.809492520228,18083.143656,3578.411954484913,2606.38,22607.22144700514,20689.523656,20695.64154
2025-12-16 04:15:00+01:00,19028.809492520228,17946.633732,3578.411954484913,2446.365,22607.22144700514,20392.998732,20399.366364
2025-12-16 04:30:00+01:00,19028.809492520228,17897.433272,3578.411954484913,2300.77,22607.22144700514,20198.203272,20204.636068
2025-12-16 04:45:00+01:00,19028.809492520228,17633.578396,3578.411954484913,2252.117,22607.22144700514,19885.695396000003,19892.009152
2025-12-16 05:00:00+01:00,18051.236705972748,17374.615192,3547.107536051629,2282.623,21598.344242024377,19657.238192,19663.315644
2025-12-16 05:15:00+01:00,18051.236705972748,17120.567984,3547.107536051629,2349.914,21598.344242024377,19470.481984,19476.610944
2025-12-16 05:30:00+01:00,18051.236705972748,16923.133224,3547.107536051629,2309.605,21598.344242024377,19232.738224,19239.035
2025-12-16 05:45:00+01:00,18051.236705972748,16769.871592,3547.107536051629,2161.556,21598.344242024377,18931.427592,18937.660992
2025-12-16 06:00:00+01:00,19432.693949449593,17172.560744,3986.6308224004842,2217.727,23419.32477185008,19390.287743999997,19396.962392
2025-12-16 06:15:00+01:00,19432.693949449593,17136.573992,3999.0003105124424,2093.235,23431.694259962034,19229.808992,19236.864644
2025-12-16 06:30:00+01:00,19432.693949449593,17160.439108,4001.530748755035,2140.742,23434.224698204627,19301.181107999997,19308.748623999996
2025-12-16 06:45:00+01:00,19432.693949449593,17066.439996,4002.193626447415,2153.658,23434.88757589701,19220.097996,19229.49788
2025-12-16 07:00:00+01:00,19020.588049274975,17073.171036,4936.384100353147,2281.217,23956.97214962812,19354.388036,19363.347028
2025-12-16 07:15:00+01:00,19020.588049274975,17001.634444,4936.384100353147,2322.624,23956.97214962812,19324.258444,19334.508648
2025-12-16 07:30:00+01:00,19020.588049274975,16997.905052,4936.384100353147,2498.483,23956.97214962812,19496.388052,19513.784108
2025-12-16 07:45:00+01:00,19020.588049274975,16767.707104,4936.384100353147,2633.751,23956.97214962812,19401.458104,19434.159104
2025-12-16 08:00:00+01:00,18440.285517319564,16592.301544,5050.659674283944,2720.623,23490.945191603507,19312.924544,19351.2779
2025-12-16 08:15:00+01:00,18237.693152287156,16501.198472,5057.325726167435,2283.822,23295.01887845459,18785.020472,18926.263664
2025-12-16 08:30:00+01:00,18237.693152287156,16125.273692,5061.35706774651,1903.74,23299.050220033667,18029.013692,18694.444036
2025-12-16 08:45:00+01:00,18232.786785689364,16015.414828,5061.35706774651,1775.086,23294.143853435875,17790.500828,19184.9286
2025-12-16 09:00:00+01:00,16882.196683739003,15501.465696,5053.114508828926,1889.02,21935.31119256793,17390.485696,19772.674364
2025-12-16 09:15:00+01:00,16882.196683739003,14509.276392,5053.114508828926,2088.543,21935.31119256793,16597.819392,20022.285748
2025-12-16 09:30:00+01:00,16882.196683739003,13828.18956,5053.114508828926,2255.512,21935.31119256793,16083.70156,20757.553456
2025-12-16 09:45:00+01:00,16882.196683739003,13283.937168,5053.114508828926,2298.731,21935.31119256793,15582.668168,21575.788488
2025-12-16 10:00:00+01:00,15067.44897350688,12619.2049,4555.9553439744495,2370.192,19623.40431748133,14989.3969,22350.444268
2025-12-16 10:15:00+01:00,15067.44897350688,12013.381024,4555.9553439744495,2195.044,19623.40431748133,14208.425024,22867.546476
2025-12-16 10:30:00+01:00,15067.44897350688,11314.146444,4555.9553439744495,2099.924,19623.40431748133,13414.070444,23252.02066
2025-12-16 10:45:00+01:00,15067.44897350688,10569.903776,4555.9553439744495,2012.139,19623.40431748133,12582.042775999998,23549.243804
2025-12-16 11:00:00+01:00,13518.06883697811,10094.194596,4392.830888192631,2195.509,17910.89972517074,12289.703596,24138.037976
2025-12-16 11:15:00+01:00,13518.06883697811,9233.556224,4392.830888192631,2500.25,17910.89972517074,11733.806224,24235.106256
2025-12-16 11:30:00+01:00,13518.06883697811,8262.297748,4392.830888192631,2541.463,17910.89972517074,10803.760748,23780.83448
2025-12-16 11:45:00+01:00,13518.06883697811,7531.589608,4392.830888192631,2450.903,17910.89972517074,9982.492608,23312.43666
2025-12-16 12:00:00+01:00,11079.345194868685,6953.142512,3937.7724083258313,2226.11,15017.117603194516,9179.252512,22655.35656
2025-12-16 12:15:00+01:00,11079.345194868685,6420.284844,3937.7724083258313,2275.689,15017.117603194516,8695.973844,22063.713276
2025-12-16 12:30:00+01:00,11079.345194868685,5968.68708,3937.7724083258313,2412.647,15017.117603194516,8381.33408,21429.130592
2025-12-16 12:45:00+01:00,11079.345194868685,5678.692492,3937.7724083258313,2589.59,15017.117603194516,8268.282492,20747.642496
2025-12-16 13:00:00+01:00,10152.764991554013,5425.734744,3411.267727721274,2563.099,13564.032719275287,7988.833744,19581.702016
2025-12-16 13:15:00+01:00,10152.764991554013,5301.784576,3411.267727721274,2342.49,13564.032719275287,7644.274576,18217.321819999997
2025-12-16 13:30:00+01:00,10152.764991554013,5107.560768,3411.267727721274,2261.534,13564.032719275287,7369.094768000001,16846.974544
2025-12-16 13:45:00+01:00,10152.764991554013,4996.466332,3411.267727721274,2611.838,13564.032719275287,7608.304332,15905.763064
2025-12-16 14:00:00+01:00,7434.3825119120875,4933.766988,3072.8270211468493,2508.121,10507.209533058936,7441.887988,14576.558304
2025-12-16 14:15:00+01:00,7434.3825119120875,5067.046148,3072.8270211468493,2373.379,10507.209533058936,7440.425148,13412.201144
2025-12-16 14:30:00+01:00,7434.3825119120875,5286.367696,3072.8270211468493,2318.981,10507.209533058936,7605.348696000001,12393.79158
2025-12-16 14:45:00+01:00,7434.3825119120875,5546.32758,3072.8270211468493,2305.535,10507.209533058936,7851.86258,11516.8047
2025-12-16 15:00:00+01:00,7380.0441567079615,5919.141868,2575.9174808613902,2227.291,9955.961637569351,8146.432868,10713.925892
2025-12-16 15:15:00+01:00,7380.0441567079615,6633.354284,2599.2295784846647,2228.422,9979.273735192626,8861.776284,10568.8889
2025-12-16 15:30:00+01:00,7376.22889791981,7483.93546,2599.2295784846647,2173.076,9975.458476404474,9657.01146,10630.168844
2025-12-16 15:45:00+01:00,7376.22889791981,8239.31168,2609.4153717643885,1908.802,9985.644269684199,10148.11368,10580.950068
2025-12-16 16:00:00+01:00,7819.0978047342305,8852.493156,2196.956126165615,1773.953,10016.053930899845,10626.446156,10741.30704
2025-12-16 16:15:00+01:00,7955.431899557179,9240.0291,2206.946816874888,1700.557,10162.378716432067,10940.5861,10979.659108
2025-12-16 16:30:00+01:00,8164.666752535643,9656.042348,2209.0331098049937,1691.278,10373.699862340636,11347.320348,11382.17492
2025-12-16 16:45:00+01:00,8164.666752535643,9966.14972,2209.0331098049937,1648.0,10373.699862340636,11614.14972,11652.735948
2025-12-16 17:00:00+01:00,9208.940778578937,10122.681552,1905.4012928165557,1641.824,11114.342071395493,11764.505552,11794.744204
2025-12-16 17:15:00+01:00,9208.940778578937,10237.408484,1905.4012928165557,1609.804,11114.342071395493,11847.212484,11880.042388
2025-12-16 17:30:00+01:00,9233.542574267762,10288.220048,1942.2692632903609,1693.392,11175.811837558122,11981.612048,12012.085052
2025-12-16 17:45:00+01:00,9233.542574267762,10452.580648,1960.4822086063125,1836.559,11194.024782874074,12289.139647999998,12319.623728
2025-12-16 18:00:00+01:00,9221.059176961902,10402.205048,1854.5221125703563,2101.97,11075.581289532258,12504.175048,12551.874736
2025-12-16 18:15:00+01:00,9221.059176961902,10365.53164,1860.4541096483033,2285.555,11081.513286610205,12651.08664,12676.742488
2025-12-16 18:30:00+01:00,9223.769316420397,10621.264704,1860.4541096483033,2441.212,11084.2234260687,13062.476704,13080.796171999998
2025-12-16 18:45:00+01:00,9223.769316420397,10609.101192,1860.4541096483033,2604.137,11084.2234260687,13213.238192,13228.823824
2025-12-16 19:00:00+01:00,9148.957726285571,10379.782848,1870.419640051709,2752.47,11019.37736633728,13132.252848,13155.69868
2025-12-16 19:15:00+01:00,9148.957726285571,10021.394552,1870.419640051709,2654.411,11019.37736633728,12675.805552,12687.772556
2025-12-16 19:30:00+01:00,9148.957726285571,9788.119768,1870.419640051709,2624.438,11019.37736633728,12412.557768,12422.810828
2025-12-16 19:45:00+01:00,9148.957726285571,9487.02638,1870.419640051709,2622.677,11019.37736633728,12109.70338,12119.748511999998
2025-12-16 20:00:00+01:00,8997.879376833293,9085.157024,2046.439568693944,2693.434,11044.318945527237,11778.591024,11789.968396000002
2025-12-16 20:15:00+01:00,8997.879376833293,9013.123492,2046.439568693944,2846.341,11044.318945527237,11859.464492,11870.316856
2025-12-16 20:30:00+01:00,8997.879376833293,8871.094704,2046.439568693944,2906.091,11044.318945527237,11777.185704,11785.89956
2025-12-16 20:45:00+01:00,8997.879376833293,8555.408352,2046.439568693944,2970.734,11044.318945527237,11526.142352,11534.542584
2025-12-16 21:00:00+01:00,8947.015155071362,8220.984324,2507.9190958072095,3008.186,11454.93425087857,11229.170324,11237.14424
2025-12-16 21:15:00+01:00,8947.015155071362,8044.118316,2507.9190958072095,2815.048,11454.93425087857,10859.166316,10867.2596
2025-12-16 21:30:00+01:00,8947.015155071362,7733.741052,2507.9190958072095,2661.699,11454.93425087857,10395.440052,10402.280332
2025-12-16 21:45:00+01:00,8948.840841093968,7574.514992,2507.9190958072095,2527.476,11456.759936901177,10101.990992,10108.507140000002
2025-12-16 22:00:00+01:00,7695.865186405396,7189.86258,2359.3072225263927,2534.311,10055.172408931789,9724.17358,9730.858748
2025-12-16 22:15:00+01:00,7695.865186405396,6990.762032,2359.3072225263927,2659.67,10055.172408931789,9650.432032,9656.364144
2025-12-16 22:30:00+01:00,7695.865186405396,6890.339748,2359.3072225263927,2636.618,10055.172408931789,9526.957748,9532.863228
2025-12-16 22:45:00+01:00,7695.865186405396,6854.58464,2359.3072225263927,2397.486,10055.172408931789,9252.07064,9258.130356
2025-12-16 23:00:00+01:00,5833.731131847477,6923.52506,2526.6936663556003,2101.434,8360.424798203077,9024.95906,9031.10662
2025-12-16 23:15:00+01:00,5833.731131847477,7034.146716,2526.6936663556003,1898.771,8360.424798203077,8932.917716,8939.008064
2025-12-16 23:30:00+01:00,5833.731131847477,7185.660812,2526.6936663556003,1680.509,8360.424798203077,8866.169812,8872.06002
2025-12-16 23:45:00+01:00,5833.731131847477,7189.311216,2526.6936663556003,1635.439,8360.424798203077,8824.750216,8830.750384
2025-12-17 00:00:00+01:00,5106.000038532629,7151.142396,2425.157669149274,1659.197,7531.157707681903,8810.339396,8815.536676
2025-12-17 00:15:00+01:00,5065.83805693263,7362.012992,2423.6799413523513,1595.655,7489.517998284981,8957.667992,8962.809284
2025-12-17 00:30:00+01:00,5001.651538371277,7616.568188,2416.6273746856846,1505.141,7418.278913056962,9121.709188,9126.951904
2025-12-17 00:45:00+01:00,4932.631659971276,7650.722108,2417.5987080190175,1564.443,7350.230367990294,9215.165108,9220.161356
2025-12-17 01:00:00+01:00,4740.906204983428,7720.634964,1987.714927447015,1524.911,6728.621132430443,9245.545964,9250.526612
2025-12-17 01:15:00+01:00,4711.294631383428,7840.59944,1975.0442607803484,1523.54,6686.338892163776,9364.13944,9369.198984
2025-12-17 01:30:00+01:00,4671.910426316761,7988.652104,1982.5201941136818,1378.726,6654.430620430443,9367.378104,9372.355192
2025-12-17 01:45:00+01:00,4632.915223010139,7948.121704,1983.7308660803455,1328.77,6616.646089090485,9276.891704,9282.145984
2025-12-17 02:00:00+01:00,4767.790418021825,8045.55734,1761.7000018476497,1391.036,6529.490419869475,9436.59334,9441.689344
2025-12-17 02:15:00+01:00,4689.609664772373,8125.429896,1762.5810034205294,1394.292,6452.190668192903,9519.721896,9524.621944
2025-12-17 02:30:00+01:00,4654.668591181844,8185.584816,1759.5983221233846,1332.305,6414.266913305229,9517.889816,9522.964768
2025-12-17 02:45:00+01:00,4624.449098226388,8401.280612,1755.7133638450996,1187.267,6380.162462071487,9588.547612,9593.700204
2025-12-17 03:00:00+01:00,5507.131083686506,8423.141704,1444.5628624393312,1141.462,6951.693946125837,9564.603704,9569.957456
2025-12-17 03:15:00+01:00,5508.3003780865065,8501.571572,1451.1038256703619,1016.522,6959.404203756869,9518.093572000002,9523.625244
2025-12-17 03:30:00+01:00,5513.196868086507,8349.966172,1443.826880873901,933.967,6957.023748960408,9283.933172,9289.420476
2025-12-17 03:45:00+01:00,5490.621343553173,8432.761516,1402.8210607008011,904.578,6893.442404253974,9337.339516,9343.040476
2025-12-17 04:00:00+01:00,6083.39348579993,8468.320228,1277.839499968701,819.026,7361.232985768631,9287.346228,9293.063048
2025-12-17 04:15:00+01:00,6034.253138857218,8591.786324,1242.4777333020343,723.091,7276.730872159253,9314.877324,9320.403828
2025-12-17 04:30:00+01:00,6026.955882057218,8762.366444,1224.835487689801,763.02,7251.791369747019,9525.386444,9530.945396
2025-12-17 04:45:00+01:00,6012.611010723885,8812.94664,1219.7561876898012,740.4,7232.367198413685,9553.34664,9558.792652
2025-12-17 05:00:00+01:00,6767.599188257534,8758.785048,1130.4912857092702,742.381,7898.090473966804,9501.166048,9506.393364
2025-12-17 05:15:00+01:00,6783.803891590867,8773.441396,1137.1014209046823,702.508,7920.90531249555,9475.949396,9481.018064
2025-12-17 05:30:00+01:00,6779.702362573316,8868.18912,1155.7908542380158,728.775,7935.493216811332,9596.96412,9601.938444
2025-12-17 05:45:00+01:00,6762.546293919045,8966.087804,1122.8170182044971,666.971,7885.363312123542,9633.058804,9638.625296
2025-12-17 06:00:00+01:00,7570.342017074416,9352.150108,1142.3347765604033,607.648,8712.676793634819,9959.798108,9966.050424
2025-12-17 06:15:00+01:00,7550.205809412714,9676.567052,1182.7218272039365,698.127,8732.92763661665,10374.694052,10381.713488
2025-12-17 06:30:00+01:00,7550.367011146047,9882.75304,1174.9331198647963,717.328,8725.300131010843,10600.08104,10608.125008
2025-12-17 06:45:00+01:00,7546.886075679381,10099.661752,1135.6076123624168,718.672,8682.493688041797,10818.333752,10827.093036
2025-12-17 07:00:00+01:00,7892.650280273957,10375.011032,980.8677930865119,634.679,8873.518073360468,11009.690032,11025.203668
2025-12-17 07:15:00+01:00,7847.588617598001,10753.934528,942.8894814419953,513.061,8790.478099039996,11266.995528,11282.535668
2025-12-17 07:30:00+01:00,7844.216999427343,10962.349772,967.4640595004905,498.483,8811.681058927834,11460.832772,11477.107044
2025-12-17 07:45:00+01:00,7820.48457321465,11042.585496,944.7200217647498,524.661,8765.2045949794,11567.246496,11584.95582
2025-12-17 08:00:00+01:00,9341.293376632295,11463.927716,849.2666705866432,527.369,10190.560047218938,11991.296716,12014.700184
2025-12-17 08:15:00+01:00,9280.479539719734,11844.954388,837.8150685600133,518.985,10118.294608279748,12363.939388,12462.81876
2025-12-17 08:30:00+01:00,9454.856726817285,11861.454996,1193.002920640811,520.344,10647.859647458095,12381.798996,12867.604424
2025-12-17 08:45:00+01:00,9445.164547192297,11948.226144,1193.002920640811,490.287,10638.167467833107,12438.513144,13565.606372
2025-12-17 09:00:00+01:00,11019.305813484272,11954.701432,1173.5637490031143,479.531,12192.869562487387,12434.232432,14440.468652
2025-12-17 09:15:00+01:00,11019.305813484272,11817.007904,1173.5637490031143,489.073,12192.869562487387,12306.080904,15240.81684
2025-12-17 09:30:00+01:00,11019.305813484272,11617.763796,1173.5637490031143,501.341,12192.869562487387,12119.104796,16224.853752
2025-12-17 09:45:00+01:00,11019.305813484272,11391.4429,1173.5637490031143,463.321,12192.869562487387,11854.7639,17147.903112
2025-12-17 10:00:00+01:00,10520.435758392869,10967.088924,1098.1898815679763,454.275,11618.625639960845,11421.363924,17871.106652
2025-12-17 10:15:00+01:00,10520.435758392869,10634.677344,1098.1898815679763,430.103,11618.625639960845,11064.780344,18641.0903
2025-12-17 10:30:00+01:00,10520.435758392869,10073.197952,1098.1898815679763,480.513,11618.625639960845,10553.710952,19210.174844
2025-12-17 10:45:00+01:00,10520.435758392869,9867.862724,1098.1898815679763,503.555,11618.625639960845,10371.417724,19996.79788
2025-12-17 11:00:00+01:00,9353.16348797758,9384.53818,1098.9294843828277,519.902,10452.092972360408,9904.44018,20366.377692
2025-12-17 11:15:00+01:00,9353.16348797758,8784.719176,1098.9294843828277,514.395,10452.092972360408,9299.114176,20461.437916000003
2025-12-17 11:30:00+01:00,9353.16348797758,8187.116548,1098.9294843828277,484.229,10452.092972360408,8671.345548,20379.126012
2025-12-17 11:45:00+01:00,9353.16348797758,7616.234972,1098.9294843828277,458.2,10452.092972360408,8074.434972,20209.07506
2025-12-17 12:00:00+01:00,8497.735036455595,7155.237652,1164.4038554438964,414.768,9662.13889189949,7570.005652,19997.754644
2025-12-17 12:15:00+01:00,8497.735036455595,6751.102988,1164.4038554438964,347.346,9662.13889189949,7098.448988,19417.501316
2025-12-17 12:30:00+01:00,8497.735036455595,6504.477644,1164.4038554438964,286.337,9662.13889189949,6790.814644,18885.553
2025-12-17 12:45:00+01:00,8497.735036455595,6296.392276,1164.4038554438964,219.07,9662.13889189949,6515.462275999999,18134.13868
2025-12-17 13:00:00+01:00,7447.751869383436,6208.216692,1340.831132069176,196.642,8788.583001452613,6404.858692,17417.468724
2025-12-17 13:15:00+01:00,7447.751869383436,6248.062132,1340.831132069176,192.559,8788.583001452613,6440.621132,16681.204304
2025-12-17 13:30:00+01:00,7447.751869383436,6245.930684,1340.831132069176,225.306,8788.583001452613,6471.2366839999995,15808.269068
2025-12-17 13:45:00+01:00,7447.751869383436,6345.061668,1340.831132069176,310.854,8788.583001452613,6655.915668000001,14931.36612
2025-12-17 14:00:00+01:00,7940.92256633661,6374.687296,1308.0898179332905,425.981,9249.0123842699,6800.668296,14000.104492
2025-12-17 14:15:00+01:00,7940.92256633661,6407.466588,1308.0898179332905,511.434,9249.0123842699,6918.900588,13024.141896
2025-12-17 14:30:00+01:00,7940.92256633661,6590.374836,1308.0898179332905,589.53,9249.0123842699,7179.904836,12094.072544
2025-12-17 14:45:00+01:00,7943.824500611357,6662.314172,1310.4433548147497,689.078,9254.267855426106,7351.392172,11115.695216
2025-12-17 15:00:00+01:00,8246.86372359914,6975.239524,1470.5608153255482,829.694,9717.424538924688,7804.933524,10520.232664
2025-12-17 15:15:00+01:00,8246.86372359914,7546.132704,1502.2494773508597,991.373,9749.11320095,8537.505704,10299.351712
2025-12-17 15:30:00+01:00,8248.765451485582,8037.423312,1510.5296112336682,1147.171,9759.295062719251,9184.594312,10176.753684
2025-12-17 15:45:00+01:00,8248.765451485582,8433.897712,1510.5296112336682,1329.932,9759.295062719251,9763.829712,10223.337484
2025-12-17 16:00:00+01:00,8884.450105717076,9092.7941,2063.729521522586,1480.055,10948.179627239662,10572.8491,10709.978632
2025-12-17 16:15:00+01:00,8974.991563669364,9565.511888,2063.729521522586,1677.124,11038.72108519195,11242.635888,11284.472088
2025-12-17 16:30:00+01:00,9099.620240669712,10175.8722,2063.729521522586,1954.457,11163.349762192298,12130.3292,12162.340672
2025-12-17 16:45:00+01:00,9099.620240669712,10944.882116,2063.729521522586,2175.093,11163.349762192298,13119.975116,13158.647908
2025-12-17 17:00:00+01:00,10774.521208321916,11422.387844,2977.2830413462657,2349.281,13751.804249668181,13771.668844,13816.608124
2025-12-17 17:15:00+01:00,10774.521208321916,11762.767184,2986.5989404436195,2617.525,13761.120148765534,14380.292184,14416.415704
2025-12-17 17:30:00+01:00,10871.600577854082,12169.6139,3006.7791957881536,2847.056,13878.379773642235,15016.6699,15044.530872
2025-12-17 17:45:00+01:00,10871.600577854082,12476.869796,3008.1851673121014,3033.648,13879.785745166184,15510.517796,15531.040244
2025-12-17 18:00:00+01:00,11055.482710511389,12499.8081,3350.328280080013,3160.647,14405.810990591403,15660.4551,15681.191204
2025-12-17 18:15:00+01:00,11055.482710511389,12523.771072,3350.328280080013,3257.819,14405.810990591403,15781.590072,15797.492824
2025-12-17 18:30:00+01:00,11063.67315222453,12810.174948,3356.4548173339986,3210.21,14420.127969558529,16020.384948,16035.439955999998
2025-12-17 18:45:00+01:00,11063.67315222453,12917.934552,3356.4548173339986,3181.747,14420.127969558529,16099.681552,16113.07606
2025-12-17 19:00:00+01:00,13132.744303820282,12925.20406,4337.043544239751,3230.489,17469.787848060034,16155.69306,16175.008616
2025-12-17 19:15:00+01:00,13132.744303820282,12866.767556,4337.043544239751,3224.864,17469.787848060034,16091.631556,16102.461808
2025-12-17 19:30:00+01:00,13132.744303820282,12900.907304,4337.043544239751,3416.356,17469.787848060034,16317.263304,16328.404808
2025-12-17 19:45:00+01:00,13132.744303820282,12777.173224,4337.043544239751,3856.787,17469.787848060034,16633.960224,16645.131515999998
2025-12-17 20:00:00+01:00,14406.461226562778,12682.734572,5436.769640292738,4135.903,19843.230866855516,16818.637572,16828.527016
2025-12-17 20:15:00+01:00,14406.461226562778,12718.328592,5436.769640292738,4351.141,19843.230866855516,17069.469592,17078.487124000003
2025-12-17 20:30:00+01:00,14412.948620233956,12862.615436,5436.769640292738,4546.153,19849.718260526693,17408.768436,17417.486224
2025-12-17 20:45:00+01:00,14412.948620233956,13100.8526,5436.769640292738,4629.945,19849.718260526693,17730.797599999998,17739.093591999997
2025-12-17 21:00:00+01:00,14340.607938276155,13365.795432,5933.913639052313,4760.436,20274.521577328465,18126.231432,18135.28928
2025-12-17 21:15:00+01:00,14340.607938276155,13572.38108,5933.913639052313,5068.577,20274.521577328465,18640.95808,18648.07886
2025-12-17 21:30:00+01:00,14340.607938276155,13732.569812,5933.913639052313,5291.176,20274.521577328465,19023.745812,19029.515740000003
2025-12-17 21:45:00+01:00,14337.706004001406,14069.1555,5929.741376637044,5442.42,20267.44738063845,19511.5755,19517.362364
2025-12-17 22:00:00+01:00,15594.88333030645,14103.622852,6306.223198894756,5626.469,21901.106529201206,19730.091852,19736.356192000003
2025-12-17 22:15:00+01:00,15594.88333030645,14318.484348,6308.274767464614,5844.79,21903.158097771062,20163.274348,20168.420544
2025-12-17 22:30:00+01:00,15594.88333030645,14441.804656,6308.274767464614,5909.041,21903.158097771062,20350.845656,20356.72896
2025-12-17 22:45:00+01:00,15594.88333030645,14332.776668,6308.274767464614,6078.023,21903.158097771062,20410.799668,20416.742296
2025-12-17 23:00:00+01:00,17687.00763195703,14330.322484,6242.95668404785,6222.117,23929.96431600488,20552.439484,20558.583296
2025-12-17 23:15:00+01:00,17687.00763195703,14621.169516,6242.95668404785,6417.467,23929.96431600488,21038.636516,21044.959604
2025-12-17 23:30:00+01:00,17687.00763195703,15066.027636,6242.95668404785,6527.213,23929.96431600488,21593.240636,21600.428868000003
2025-12-17 23:45:00+01:00,17687.00763195703,15223.855544,6242.95668404785,6603.768,23929.96431600488,21827.623544,21834.878228
2025-12-18 00:00:00+01:00,19028.46667387834,15519.599724,6507.253686614303,6363.118,25535.720360492644,21882.717724,21890.118052
2025-12-18 00:15:00+01:00,18997.94421402554,15984.900716,6503.849011218758,6374.392,25501.7932252443,22359.292716,22365.6935
2025-12-18 00:30:00+01:00,18946.524891072604,16686.305024,6494.407781352092,6388.528,25440.932672424697,23074.833024,23080.841796
2025-12-18 00:45:00+01:00,18883.567369357403,17172.23732,6497.206842685425,6267.297,25380.774212042827,23439.53432,23445.820308
2025-12-18 01:00:00+01:00,18610.299544151465,17491.442864,6079.730050960535,6294.103,24690.029595112,23785.545864,23793.252232
2025-12-18 01:15:00+01:00,18586.658867082664,17836.692736,6067.927800293868,6342.523,24654.586667376534,24179.215736,24186.414476
2025-12-18 01:30:00+01:00,18554.848010028796,18173.389376,6070.231418427201,6365.607,24625.079428455996,24538.996376,24546.906435999997
2025-12-18 01:45:00+01:00,18517.36348856025,18414.957,6069.756330012265,6394.941,24587.119818572515,24809.897999999997,24818.222595999996
2025-12-18 02:00:00+01:00,19665.088062066843,18928.199568,5862.091931089625,6566.107,25527.179993156467,25494.306568,25502.768964
2025-12-18 02:15:00+01:00,19595.092244843352,19367.072768,5863.013692549257,6878.028,25458.10593739261,26245.100768000004,26253.812092000004
2025-12-18 02:30:00+01:00,19564.59188599134,19721.909036,5858.262180305507,6943.567,25422.854066296848,26665.476036,26674.515596
2025-12-18 02:45:00+01:00,19543.450462000677,20293.750128,5844.742634707615,6813.861,25388.19309670829,27107.611128,27116.664556
2025-12-18 03:00:00+01:00,21691.28007208158,20711.901808,5997.269823131635,6406.706,27688.549895213215,27118.607808,27127.469316
2025-12-18 03:15:00+01:00,21694.874933060782,21240.243672,5999.341757010032,6422.898,27694.216690070814,27663.141672,27671.782924000003
2025-12-18 03:30:00+01:00,21694.567502980783,21788.8679,5989.946992238916,6310.557,27684.5144952197,28099.4249,28108.174128
2025-12-18 03:45:00+01:00,21676.26686722185,22466.16428,5950.9531431182795,6319.725,27627.22001034013,28785.889280000003,28794.710588
2025-12-18 04:00:00+01:00,22468.8503878374,23388.988556,6114.901843334727,5765.712,28583.752231172126,29154.700556,29163.625012
2025-12-18 04:15:00+01:00,22427.19906094656,24154.596436,6079.016203868061,5785.855,28506.215264814622,29940.451436,29949.610724
2025-12-18 04:30:00+01:00,22425.88577047616,24930.140508,6063.9219279399085,5840.892,28489.80769841607,30771.032508,30780.797732
2025-12-18 04:45:00+01:00,22414.192296150828,25435.795172,6058.484497539908,5881.753,28472.676793690734,31317.548172,31327.178764
2025-12-18 05:00:00+01:00,25130.15476451461,26065.1334,6092.775370408076,5630.425,31222.930134922684,31695.5584,31704.324608
2025-12-18 05:15:00+01:00,25145.661732343942,26759.790356,6097.633639869418,5578.172,31243.29537221336,32337.962356,32346.39778
2025-12-18 05:30:00+01:00,25144.887440583658,27296.248464,6115.817978002752,5441.671,31260.70541858641,32737.919464,32746.861591999997
2025-12-18 05:45:00+01:00,25132.099366760493,27773.0514,6083.240530163646,5296.964,31215.33989692414,33070.015400000004,33078.47306800001
2025-12-18 06:00:00+01:00,27043.001816903477,29390.496892,6115.057238824429,4862.571,33158.05905572791,34253.067892,34261.408364
2025-12-18 06:15:00+01:00,27034.69675840142,29549.85688,6158.668294478089,4909.049,33193.36505287951,34458.90588,34468.364848
2025-12-18 06:30:00+01:00,27041.444305225952,29676.264772,6152.054806067366,4861.458,33193.49911129332,34537.722772,34547.426912
2025-12-18 06:45:00+01:00,27045.155075896884,29858.621724,6115.603743105159,4673.05,33160.75881900205,34531.671724,34542.228952
2025-12-18 07:00:00+01:00,28575.082907266667,30238.609308,6024.025194320424,4144.634,34599.10810158709,34383.243308,34394.89838
2025-12-18 07:15:00+01:00,28545.39123617538,30318.67672,5984.889545114313,4349.352,34530.28078128969,34668.02872,34680.769848
2025-12-18 07:30:00+01:00,28548.93166232101,30370.465728,6007.228257552596,4512.99,34556.15991987361,34883.455728,34901.388384
2025-12-18 07:45:00+01:00,28529.47551396363,30413.6553,5986.959486533829,4486.349,34516.435000497455,34900.0043,34922.71334
2025-12-18 08:00:00+01:00,29507.01733265811,30397.838432,6017.759679184471,5048.582,35524.77701184258,35446.420432,35506.126363999996
2025-12-18 08:15:00+01:00,29498.46057657004,30421.807996,6006.520646399311,5053.518,35504.98122296935,35475.325996,35764.473828
2025-12-18 08:30:00+01:00,29308.61584684415,30730.059148,6028.566601782721,5080.759,35337.182448626874,35810.818148,36876.836572
2025-12-18 08:45:00+01:00,29163.837158631177,30761.613192,6046.947741091936,4905.916,35210.78489972311,35667.529192,37826.863092
2025-12-18 09:00:00+01:00,30873.90276162272,30231.248856,6088.871452234651,5125.574,36962.774213857374,35356.822856,38805.915308
2025-12-18 09:15:00+01:00,30635.05876930111,29431.679136,6120.211485567984,5158.499,36755.270254869094,34590.178136,39293.792752
2025-12-18 09:30:00+01:00,30461.647421791167,28990.298764,6084.001985567984,5206.111,36545.64940735915,34196.409763999996,40309.22698399999
2025-12-18 09:45:00+01:00,30300.886563657834,28152.33298,6066.330015194592,5339.225,36367.21657885243,33491.55798,40999.431504
2025-12-18 10:00:00+01:00,30207.419319733875,27458.475824,6172.210129411138,5055.378,36379.62944914501,32513.853824,41418.251924
2025-12-18 10:15:00+01:00,29983.68037847611,27116.989872,6179.495810328486,5175.026,36163.176188804595,32292.015871999996,42419.297208
2025-12-18 10:30:00+01:00,29742.83141632586,26788.51802,6194.539953398374,5285.51,35937.371369724235,32074.02802,43368.934356
2025-12-18 10:45:00+01:00,29535.725174592528,26233.841624,6189.108841757308,5317.91,35724.834016349836,31551.751624,44061.274268
2025-12-18 11:00:00+01:00,28796.426580438954,25521.17552,6265.397128240887,5427.682,35061.82370867984,30948.85752,44547.027764
2025-12-18 11:15:00+01:00,28609.212854438952,24691.679504,6265.6111282408865,5799.464,34874.82398267984,30491.143504,44889.677628
2025-12-18 11:30:00+01:00,28448.985398038953,24015.88004,6257.331961574219,5784.336,34706.317359613175,29800.21604,44928.163312
2025-12-18 11:45:00+01:00,28302.13127590562,23311.844288,6234.223194907553,5596.771,34536.354470813174,28908.615288,44694.130096
2025-12-18 12:00:00+01:00,28051.492920059092,23038.134972,6460.0447934424965,5503.289,34511.53771350159,28541.423972,44709.688876
2025-12-18 12:15:00+01:00,27913.72110632576,22576.011088,6437.949006153874,5716.218,34351.67011247963,28292.229088,44475.079556
2025-12-18 12:30:00+01:00,27799.995052059094,21797.784696,6420.151339487207,5877.526,34220.1463915463,27675.310696,43694.581152
2025-12-18 12:45:00+01:00,27702.13419552576,21115.074704,6390.342006153874,5884.22,34092.47620167963,26999.294704,42629.702708
2025-12-18 13:00:00+01:00,27087.315884160886,20737.633384,6746.98727045347,6797.772,33834.303154614354,27535.405384,42626.731668
2025-12-18 13:15:00+01:00,26985.419992753683,20510.42144,6727.676629999747,6876.876,33713.09662275343,27387.29744,41787.64258
2025-12-18 13:30:00+01:00,26891.306835687017,20256.98758,6771.743600530993,6762.44,33663.05043621801,27019.42758,40533.235676
2025-12-18 13:45:00+01:00,26826.335577911206,20116.40256,6789.582127825488,6658.384,33615.91770573669,26774.78656,39192.574076
2025-12-18 14:00:00+01:00,25467.379956467892,20006.17448,6902.521159923689,7064.207,32369.901116391582,27070.381480000004,38161.831896
2025-12-18 14:15:00+01:00,25453.215110805137,19890.990236,6888.92095881769,6979.906,32342.136069622826,26870.896236,36538.517072
2025-12-18 14:30:00+01:00,25449.5885722718,19921.88958,6871.347594517594,6990.831,32320.936166789397,26912.72058,35031.875404
2025-12-18 14:45:00+01:00,25536.022484639023,19879.968888,6856.575758422726,6770.285,32392.598243061748,26650.253888,33117.620304
2025-12-18 15:00:00+01:00,25946.807144309372,20181.607896,6929.92467328588,6792.76,32876.73181759525,26974.367896000003,31824.608248000004
2025-12-18 15:15:00+01:00,26199.832743401395,20737.048952,6949.443650293606,6628.847,33149.276393695,27365.895952,30716.958844
2025-12-18 15:30:00+01:00,26578.98424751567,21467.806316,6960.3810898021375,6647.43,33539.36533731781,28115.236316,30144.347468
2025-12-18 15:45:00+01:00,26910.532399401283,22725.602464,6949.592352602671,6713.44,33860.124752003954,29439.042464,30422.043172
2025-12-18 16:00:00+01:00,27132.102106104903,23835.745492,6878.39367548443,6666.057,34010.495781589336,30501.802492,30829.795044
2025-12-18 16:15:00+01:00,27521.249910588318,24689.116356,6874.351099246006,6610.982,34395.601009834325,31300.098356,31390.736675999997
2025-12-18 16:30:00+01:00,28046.359146026454,25748.166656,6900.380189657391,6682.345,34946.739335683844,32430.511656,32485.605296
2025-12-18 16:45:00+01:00,28388.754040073403,26947.510644,6919.307598376454,7012.899,35308.06163844986,33960.409644,34010.908356
2025-12-18 17:00:00+01:00,29795.539939791026,28117.9289,6897.05948936185,7279.473,36692.59942915288,35397.4019,35437.933988
2025-12-18 17:15:00+01:00,30060.188665968377,29183.739852,6931.976259268157,7494.985,36992.16492523653,36678.724852,36709.877772
2025-12-18 17:30:00+01:00,30316.668990021837,29790.019508,6971.803469298255,7706.58,37288.472459320095,37496.599508,37526.694012
2025-12-18 17:45:00+01:00,30535.58369128902,30795.370808,7002.995352317433,7811.278,37538.57904360645,38606.648808,38638.460512
2025-12-18 18:00:00+01:00,31871.56697355037,31856.513076,7009.371567255935,7820.408,38880.9385408063,39676.921076,39700.591616
2025-12-18 18:15:00+01:00,32022.13507794648,32780.507068,7025.727150402561,7761.3,39047.86222834904,40541.807068,40562.568748000005
2025-12-18 18:30:00+01:00,32169.940932482208,33478.819356,7030.518883735895,7822.294,39200.45981621811,41301.113356,41321.695136
2025-12-18 18:45:00+01:00,32270.942777948872,34251.390624,7016.859883735895,7962.036,39287.802661684764,42213.426624,42232.512908
2025-12-18 19:00:00+01:00,31983.922045696803,34880.60158,6662.140215158669,7525.001,38646.06226085547,42405.602580000006,42423.291428
2025-12-18 19:15:00+01:00,32022.496071369114,35464.773592,6675.148715158669,7384.766,38697.64478652778,42849.539592,42866.238284
2025-12-18 19:30:00+01:00,32062.269666336146,36169.688404,6678.423316564598,7412.985,38740.69298290074,43582.673404,43597.377652
2025-12-18 19:45:00+01:00,32135.180610974934,36915.046812,6675.800202574229,7350.103,38810.98081354916,44265.149812,44279.519892
2025-12-18 20:00:00+01:00,32759.861755290127,37500.084464,6522.267818651919,6908.584,39282.129573942046,44408.668464,44421.977592
2025-12-18 20:15:00+01:00,32800.12164255778,37910.868488,6531.132518651919,6810.799,39331.2541612097,44721.667488,44734.83
2025-12-18 20:30:00+01:00,32782.441790291115,37884.436728,6509.444051985252,6762.905,39291.885842276366,44647.341728,44659.960084
2025-12-18 20:45:00+01:00,32762.45772869037,37610.962072,6480.820017842543,6814.158,39243.27774653291,44425.120072000005,44437.45572400001
2025-12-18 21:00:00+01:00,32926.969472087156,37528.251856,6370.155211550032,6818.129,39297.12468363719,44346.380856,44358.645708
2025-12-18 21:15:00+01:00,32924.99622343531,37590.073196,6358.275010871117,6921.544,39283.27123430643,44511.617196,44524.035024
2025-12-18 21:30:00+01:00,32887.93878234185,37576.578008,6359.525433776189,6848.487,39247.46421611804,44425.065008,44436.146316
2025-12-18 21:45:00+01:00,32843.622197280194,37352.478956,6366.07272942039,6524.961,39209.694926700584,43877.439956,43888.543624000005
2025-12-18 22:00:00+01:00,32053.92684525774,35343.815888,6470.354189769104,6129.903,38524.28103502685,41473.718888,41484.79126
2025-12-18 22:15:00+01:00,32024.16102627913,35143.312276,6507.25109696062,6062.21,38531.41212323975,41205.522276,41216.660092
2025-12-18 22:30:00+01:00,31980.688809745796,35159.766292,6503.590602999458,6058.063,38484.27941274525,41217.829292,41228.984240000005
2025-12-18 22:45:00+01:00,31924.721087345795,35267.149444,6487.196846268462,5980.876,38411.917933614255,41248.025444,41259.35612
2025-12-18 23:00:00+01:00,30794.186705400833,35270.609288,6086.075305122556,6271.627,36880.26201052339,41542.236288,41553.515068
2025-12-18 23:15:00+01:00,30758.5681820675,35323.379868,6074.644776350055,6285.677,36833.21295841756,41609.056868,41620.066008
2025-12-18 23:30:00+01:00,30714.305233800835,35355.195724,6075.244209683388,6351.945,36789.549443484226,41707.140724,41718.134031999994
2025-12-18 23:45:00+01:00,30683.5069872675,35167.9853,6047.111243016721,6388.912,36730.61823028422,41556.8973,41568.044083999994
2025-12-19 00:00:00+01:00,31793.13012691576,34755.527892,5825.633963817502,5648.554,37618.76409073326,40404.081892,40414.929220000005
2025-12-19 00:15:00+01:00,31779.037714037382,35053.583396,5822.811889026265,5747.502,37601.849603063645,40801.085396,40811.656692
2025-12-19 00:30:00+01:00,31752.75986138119,35286.445988,5814.459236611906,5822.919,37567.2190979931,41109.364988,41119.97314
2025-12-19 00:45:00+01:00,31709.11270027704,35299.73976,5813.3343321606235,5793.821,37522.44703243767,41093.56075999999,41104.54475999999
2025-12-19 01:00:00+01:00,31333.88117217393,35304.341012,5818.8208353249465,6189.177,37152.702007498876,41493.518012,41504.58664
2025-12-19 01:15:00+01:00,31322.500230348352,35291.676864,5809.325509704434,6334.591,37131.82574005279,41626.267864,41637.31076
2025-12-19 01:30:00+01:00,31303.2515600136,35158.709144,5812.17992350546,6255.994,37115.43148351906,41414.703144,41425.748928
2025-12-19 01:45:00+01:00,31275.7949707698,35230.757664,5812.640310442327,6250.885,37088.43528121213,41481.642664,41492.723304
2025-12-19 02:00:00+01:00,31148.62425858419,35029.234576,5816.1170409865645,6256.944,36964.74129957076,41286.178576000006,41296.88822000001
2025-12-19 02:15:00+01:00,31096.97809639925,34870.531452,5826.572557422069,6273.373,36923.550653821316,41143.904452,41154.174956
2025-12-19 02:30:00+01:00,31079.50733986776,34754.993452,5824.1665806413475,6310.935,36903.67392050911,41065.928452,41076.230052
2025-12-19 02:45:00+01:00,31077.424663445683,34626.929268,5812.662326965275,6330.742,36890.08699041096,40957.671268,40968.192692
2025-12-19 03:00:00+01:00,30980.726358339638,34598.212852,5618.822005611482,6452.908,36599.54836395112,41051.120852,41062.293132
2025-12-19 03:15:00+01:00,31000.32901706643,34145.042352,5621.248713298298,6503.901,36621.57773036473,40648.943351999995,40659.584628
2025-12-19 03:30:00+01:00,31016.923616084277,33896.608936,5609.047709165182,6436.412,36625.97132524946,40333.020936,40343.795388
2025-12-19 03:45:00+01:00,31020.729836031733,33273.434456,5571.606811752387,6172.383,36592.33664778412,39445.817456,39456.889732
2025-12-19 04:00:00+01:00,31794.52395301043,33275.344656,5514.584570717419,6330.081,37309.108523727846,39605.425656,39616.128128
2025-12-19 04:15:00+01:00,31779.313345058188,33428.641372,5481.803106290753,6284.33,37261.11645134894,39712.971372,39723.30582
2025-12-19 04:30:00+01:00,31801.953869220353,33403.95598,5469.447264849934,6245.179,37271.401134070285,39649.13498,39659.381392
2025-12-19 04:45:00+01:00,31806.6285481637,33282.475128,5465.643533477627,6206.042,37272.27208164133,39488.517128,39498.903192
2025-12-19 05:00:00+01:00,32112.940290345905,32807.522668,5611.263814701785,6053.358,37724.20410504769,38860.880668,38871.145648
2025-12-19 05:15:00+01:00,32148.74775904859,32885.107488,5614.177957815804,6078.824,37762.925716864396,38963.931488,38974.6108
2025-12-19 05:30:00+01:00,32166.875105704697,32665.051336,5626.903349462983,6028.735,37793.77845516768,38693.786336,38703.791536
2025-12-19 05:45:00+01:00,32169.64321963852,32414.97506,5592.1287403204315,5941.931,37761.771959958955,38356.90606,38366.980392
2025-12-19 06:00:00+01:00,32389.796571928062,33445.918416,5827.297305373883,5610.21,38217.093877301944,39056.128416,39065.645964
2025-12-19 06:15:00+01:00,32386.96986326076,33056.130288,5867.234165377124,5696.763,38254.20402863788,38752.893288,38762.114968
2025-12-19 06:30:00+01:00,32397.13974582821,32220.372228,5859.614195394836,5576.694,38256.75394122305,37797.066228,37806.482516
2025-12-19 06:45:00+01:00,32406.20460012962,31552.82562,5819.8894983300115,5434.842,38226.09409845963,36987.66762,36997.877716
2025-12-19 07:00:00+01:00,30916.739771563116,31178.347764,5721.774480580706,5914.945,36638.514252143825,37093.292764,37104.7246
2025-12-19 07:15:00+01:00,30891.56729037815,30981.746748,5691.647237858095,6024.294,36583.21452823625,37006.040748,37019.429424
2025-12-19 07:30:00+01:00,30896.456118036775,30648.234788,5717.4744394352665,5880.446,36613.93055747204,36528.680788,36545.284684
2025-12-19 07:45:00+01:00,30879.675843704135,30180.289576,5697.789167948567,5723.177,36577.465011652705,35903.466576,35921.327368
2025-12-19 08:00:00+01:00,29897.86659197102,29750.641464,5668.221002463581,6341.165,35566.0875944346,36091.806464,36142.46092
2025-12-19 08:15:00+01:00,29806.538763073895,29300.975232,5658.262945654892,6204.688,35464.80170872879,35505.663232,35756.878948
2025-12-19 08:30:00+01:00,29672.12258206249,28914.86084,5682.374332176478,6161.645,35354.49691423897,35076.50584,35909.01108
2025-12-19 08:45:00+01:00,29574.349554752178,28468.630356,5699.058401913325,5906.887,35273.407956665505,34375.517356000004,35893.249084
2025-12-19 09:00:00+01:00,28693.926722875825,28087.001684,5661.141679267651,5912.897,34355.06840214348,33999.898684,36298.043196
2025-12-19 09:15:00+01:00,28458.54919303782,27837.04658,5691.533455267651,5685.649,34150.08264830547,33522.69558,36603.597868
2025-12-19 09:30:00+01:00,28285.698487972273,27310.163128,5657.164911267651,5336.677,33942.86339923993,32646.840128,36337.226992
2025-12-19 09:45:00+01:00,28124.125795492273,26921.120248,5638.983179709195,5106.483,33763.10897520147,32027.603248,36385.863976
2025-12-19 10:00:00+01:00,27164.536902458072,26458.0072,5375.275638585083,5018.55,32539.812541043153,31476.5572,36424.386352
2025-12-19 10:15:00+01:00,26944.961810490073,25998.54264,5381.496388265736,5014.003,32326.45819875581,31012.54564,36503.496712
2025-12-19 10:30:00+01:00,26688.501857779993,25410.935376,5397.551885612828,4747.685,32086.053743392822,30158.620376000003,36125.391648
2025-12-19 10:45:00+01:00,26483.10913841999,24535.8117,5393.075362437406,4751.926,31876.184500857395,29287.7377,35605.804744
2025-12-19 11:00:00+01:00,24300.54301984541,24040.162176,5164.737573955366,4904.235,29465.280593800773,28944.397176,35597.899324
2025-12-19 11:15:00+01:00,24101.62363475741,23486.179352,5164.766789955366,4741.814,29266.390424712776,28227.993352,35074.093492
2025-12-19 11:30:00+01:00,23928.68199251741,23001.236724,5155.8534779553665,4636.494,29084.535470472776,27637.730723999997,34476.769651999995
2025-12-19 11:45:00+01:00,23769.43382483741,22343.424092,5132.836133955367,4598.039,28902.26995879278,26941.463092,33687.428776
2025-12-19 12:00:00+01:00,21773.84418048317,22019.240184,4899.691013026327,4882.332,26673.5351935095,26901.572183999997,33522.910723999994
2025-12-19 12:15:00+01:00,21628.65093005117,21798.23696,4876.321553229249,4921.989,26504.97248328042,26720.225959999996,33130.487872
2025-12-19 12:30:00+01:00,21511.58190694717,21509.942004,4857.283505229249,4397.493,26368.86541217642,25907.435004,32112.007252
2025-12-19 12:45:00+01:00,21410.976752899172,21223.360496,4826.5140012292495,4354.355,26237.490754128423,25577.715496,31461.857224
2025-12-19 13:00:00+01:00,20002.523982588915,20583.58402,5279.1285232398395,4184.699,25281.652505828755,24768.28302,30223.074268
2025-12-19 13:15:00+01:00,19905.978980918,19811.083636,5260.459652404265,4237.82,25166.438633322265,24048.903636,28982.057568
2025-12-19 13:30:00+01:00,19815.562143798,19077.818496,5304.128382112676,4353.795,25119.69052591068,23431.613496,27897.672032
2025-12-19 13:45:00+01:00,19756.36192782122,18677.529452,5323.990904315391,4597.78,25080.35283213661,23275.309452,27253.49022
2025-12-19 14:00:00+01:00,17676.01444345451,18392.392428,6203.802079348578,4848.687,23879.81652280309,23241.079427999997,26714.210276
2025-12-19 14:15:00+01:00,17663.465128962263,17913.511548,6190.5138553485785,5013.394,23853.97898431084,22926.905548,25863.739988
2025-12-19 14:30:00+01:00,17665.83671590626,17526.13108,6176.142497620486,5290.508,23841.97921352675,22816.63908,25204.677916
2025-12-19 14:45:00+01:00,17751.022468634004,17317.727584,6195.271374078871,5505.892,23946.293842712876,22823.619584,24664.41094
2025-12-19 15:00:00+01:00,16931.646580997007,17080.098636,6625.700130454576,5628.733,23557.34671145158,22708.831636,24020.486672
2025-12-19 15:15:00+01:00,17189.17116289067,16837.880388,6636.820623000864,5618.954,23825.991785891536,22456.834388000003,23322.800224
2025-12-19 15:30:00+01:00,17532.392984249585,16600.947744,6652.597599062607,5702.25,24184.990583312192,22303.197744,22769.15
2025-12-19 15:45:00+01:00,17864.20623475852,16371.577508,6648.088763351118,5748.708,24512.29499810964,22120.285508,22337.308328
2025-12-19 16:00:00+01:00,17153.673204018327,16199.54138,6814.396271646901,5916.714,23968.06947566523,22116.25538,22205.293972000003
2025-12-19 16:15:00+01:00,17458.86383856151,16056.344176,6816.821606458015,6007.813,24275.685445019524,22064.157176,22102.436
2025-12-19 16:30:00+01:00,18028.661118874887,15807.298784,6844.39459551338,6020.19,24873.05571438827,21827.488784,21860.31116
2025-12-19 16:45:00+01:00,18381.968534471955,15737.320424,6869.62525988368,6010.825,25251.593794355635,21748.145424,21787.95946
2025-12-19 17:00:00+01:00,18306.004448826327,15844.981756,7065.454749685596,6043.882,25371.459198511922,21888.863756,21946.159832
2025-12-19 17:15:00+01:00,18597.09211177391,15943.161748,7105.689758243901,6124.626,25702.78187001781,22067.787748,22155.440112000004
2025-12-19 17:30:00+01:00,18966.60259039908,15989.97272,7175.647843932999,6115.032,26142.25043433208,22105.00472,22190.47646
2025-12-19 17:45:00+01:00,19196.270105459058,16008.777216,7209.991218591581,6195.736,26406.26132405064,22204.513216,22237.963748
2025-12-19 18:00:00+01:00,18543.349946216353,16131.532436,7297.965186612698,5976.41,25841.31513282905,22107.942436,22177.003987999997
2025-12-19 18:15:00+01:00,18688.66214154062,16127.018028,7317.237593838912,5953.769,26005.89973537953,22080.787028,22107.68758
2025-12-19 18:30:00+01:00,18846.775139910238,16085.673116,7320.118120646785,6332.209,26166.893260557023,22417.882116,22437.362656
2025-12-19 18:45:00+01:00,18947.185218886236,16116.985252,7306.0946646467855,6397.043,26253.27988353302,22514.028252,22532.022152
2025-12-19 19:00:00+01:00,18385.327961415423,16139.338096,7268.083411321925,6401.635,25653.411372737348,22540.973096,22558.925776
2025-12-19 19:15:00+01:00,18420.48905793284,16100.884456,7280.391571321926,6384.013,25700.880629254763,22484.897456,22505.665024
2025-12-19 19:30:00+01:00,18459.76418103719,15990.1603,7289.662932671617,6259.302,25749.427113708807,22249.4623,22263.785
2025-12-19 19:45:00+01:00,18525.799197330427,15786.116612,7301.238535240863,6261.799,25827.03773257129,22047.915612,22060.668452
2025-12-19 20:00:00+01:00,18192.881611822526,15491.680052,7146.838647547107,6196.515,25339.720259369635,21688.195052,21699.351496
2025-12-19 20:15:00+01:00,18232.670112239477,15144.326656,7162.236375547107,6213.147,25394.906487786582,21357.473656,21368.627876
2025-12-19 20:30:00+01:00,18220.107036473997,15057.747512,7147.655831547107,6218.959,25367.762868021106,21276.706512,21287.555132
2025-12-19 20:45:00+01:00,18208.54592658528,14838.6687,7122.415176286197,6223.552,25330.96110287148,21062.2207,21072.371468
2025-12-19 21:00:00+01:00,17817.866250487285,14609.538096,7032.614008973219,6230.117,24850.480259460503,20839.655096,20849.334324000003
2025-12-19 21:15:00+01:00,17822.582672517514,14259.170292,7031.06952832146,6144.213,24853.652200838973,20403.383292,20412.558296
2025-12-19 21:30:00+01:00,17792.13356849179,13808.289644,7044.432611650785,6002.035,24836.566180142574,19810.324644,19818.175624
2025-12-19 21:45:00+01:00,17760.45325074539,13476.313888,7052.0452496218895,5901.256,24812.49850036728,19377.569888,19385.523920000003
2025-12-19 22:00:00+01:00,16803.274071116848,12639.012228,6889.212071396943,5920.573,23692.486142513793,18559.585228,18567.402252
2025-12-19 22:15:00+01:00,16771.329592763566,12406.797088,6931.553724106563,5797.51,23702.88331687013,18204.307088,18211.87948
2025-12-19 22:30:00+01:00,16733.54251474757,12025.039588,6930.095681903847,5664.358,23663.638196651416,17689.397588,17696.428888
2025-12-19 22:45:00+01:00,16676.324605627568,11651.944092,6919.765099442091,5558.922,23596.08970506966,17210.866092,17217.695896
2025-12-19 23:00:00+01:00,14168.274497948316,11340.751696,5750.18663042367,5590.478,19918.461128371986,16931.229696,16938.437712
2025-12-19 23:15:00+01:00,14143.387820572316,11090.507672,5745.464522802069,5558.886,19888.852343374383,16649.393672,16655.941251999997
2025-12-19 23:30:00+01:00,14115.130850076317,10872.316348,5749.551850802069,5274.475,19864.682700878388,16146.791348,16153.51386
2025-12-19 23:45:00+01:00,14090.615026460317,10642.778148,5724.993962802068,5044.963,19815.608989262386,15687.741148,15694.394808
2025-12-20 00:00:00+01:00,11576.921497002091,10303.012448,4968.340171141998,4450.913,16545.26166814409,14753.925447999998,14760.793407999998
2025-12-20 00:15:00+01:00,11572.599852508201,9922.575304,4968.638027262768,4253.918,16541.237879770968,14176.493304,14182.86298
2025-12-20 00:30:00+01:00,11554.973489051308,9585.488372,4963.076796120478,4087.487,16518.050285171787,13672.975372,13679.241456000002
2025-12-20 00:45:00+01:00,11514.630028228177,9391.89778,4961.164722336319,3848.273,16475.794750564495,13240.17078,13247.402356
2025-12-20 01:00:00+01:00,9162.820559220869,9248.891576,4592.796564620809,3856.569,13755.617123841677,13105.460576,13111.232536
2025-12-20 01:15:00+01:00,9151.823112835518,8966.278624,4588.242823671293,3925.165,13740.065936506811,12891.443624,12897.57682
2025-12-20 01:30:00+01:00,9129.917902893452,8728.825596,4588.578143218917,3820.533,13718.49604611237,12549.358596,12555.518252
2025-12-20 01:45:00+01:00,9106.426523895534,8476.929404,4588.856459915548,3711.927,13695.282983811081,12188.856404,12195.204868
2025-12-20 02:00:00+01:00,8406.907747482364,8207.835024,3822.49383326584,3721.572,12229.401580748205,11929.407024,11935.598516
2025-12-20 02:15:00+01:00,8354.002347991234,7952.347108,3832.7391004574956,3560.604,12186.74144844873,11512.951108,11518.67606
2025-12-20 02:30:00+01:00,8334.272960413698,7760.345984,3831.60647027697,3444.788,12165.879430690668,11205.133984,11211.82452
2025-12-20 02:45:00+01:00,8328.534634745683,7525.558036,3821.4560409200426,3385.561,12149.990675665726,10911.119036,10918.036136
2025-12-20 03:00:00+01:00,7374.959125460968,7415.556348,3370.685380256526,3392.951,10745.644505717493,10808.507348,10815.496108
2025-12-20 03:15:00+01:00,7379.827666198567,7298.183824,3374.4612111345905,3366.853,10754.288877333158,10665.036824,10671.970323999998
2025-12-20 03:30:00+01:00,7387.95496851152,6972.053532,3361.0739332029425,3273.344,10749.028901714462,10245.397532,10252.279564
2025-12-20 03:45:00+01:00,7373.04301142544,6663.667108,3319.681813544084,3097.766,10692.724824969524,9761.433108,9768.277295999998
2025-12-20 04:00:00+01:00,6579.894562220199,6448.770136,3106.4404196112023,3206.16,9686.334981831402,9654.930136,9661.479364
2025-12-20 04:15:00+01:00,6570.240119716626,6217.434316,3074.488800961128,3250.283,9644.728920677755,9467.717316,9474.305608
2025-12-20 04:30:00+01:00,6590.639856579092,5905.754468,3061.796652653401,3095.71,9652.436509232493,9001.464468,9008.308132
2025-12-20 04:45:00+01:00,6591.403457607695,5664.171004,3057.0868885577656,2877.522,9648.490346165461,8541.693004,8548.592076
2025-12-20 05:00:00+01:00,5027.583603297924,5398.767528,3019.7093602617515,2809.974,8047.292963559676,8208.741528,8215.814912
2025-12-20 05:15:00+01:00,5063.302716901914,5134.17266,3023.183775316317,2768.962,8086.486492218231,7903.13466,7909.921076
2025-12-20 05:30:00+01:00,5071.4464882676975,4874.503844,3033.576689001833,2702.403,8105.023177269531,7576.906843999999,7583.918951999999
2025-12-20 05:45:00+01:00,5066.620393835563,4620.149548,2998.548416765081,2650.237,8065.168810600644,7270.386548,7277.583488
2025-12-20 06:00:00+01:00,5130.733175622566,4395.142068,2930.5345402400703,2573.183,8061.267715862636,6968.325068,6975.340788
2025-12-20 06:15:00+01:00,5116.545636333084,4154.991724,2968.9010655830507,2423.702,8085.446701916135,6578.693724000001,6585.993648000001
2025-12-20 06:30:00+01:00,5101.274324951593,3910.957832,2958.231493599582,2291.208,8059.505818551175,6202.165832000001,6210.027468
2025-12-20 06:45:00+01:00,5089.955696877351,3722.711152,2916.9520874501904,2142.915,8006.907784327542,5865.626152,5873.777188
2025-12-20 07:00:00+01:00,4827.056191895283,3564.80166,2383.0204827951234,2044.579,7210.076674690406,5609.38066,5618.736652
2025-12-20 07:15:00+01:00,4797.736660833757,3414.159348,2358.141693291056,1947.484,7155.878354124813,5361.643348,5371.954076
2025-12-20 07:30:00+01:00,4792.417730796621,3346.867544,2377.984918466787,1972.295,7170.4026492634075,5319.162544000001,5333.042496000001
2025-12-20 07:45:00+01:00,4762.891098100974,3352.387432,2354.9521761903125,1977.031,7117.843274291286,5329.418432,5350.5172680000005
2025-12-20 08:00:00+01:00,4235.341047560769,3274.204832,1936.2967212347237,1930.47,6171.637768795493,5204.674832,5249.495943999999
2025-12-20 08:15:00+01:00,4092.3383946036824,3263.662676,1922.9389621479559,1949.702,6015.277356751638,5213.364676,5413.84228
2025-12-20 08:30:00+01:00,4020.3099431061755,3307.013912,1899.2146905073591,1932.334,5919.524633613535,5239.347912,5940.034452
2025-12-20 08:45:00+01:00,3941.493322565061,3247.187296,1909.3117071217362,1895.816,5850.805029686797,5143.003296,6519.493952
2025-12-20 09:00:00+01:00,3848.833718180832,3174.167752,1671.603372789808,1798.301,5520.4370909706395,4972.468752,7167.29756
2025-12-20 09:15:00+01:00,3588.8233573116972,3025.237632,1700.8750025333977,1698.215,5289.698359845095,4723.4526319999995,7791.027803999999
2025-12-20 09:30:00+01:00,3414.3755555335943,2933.549756,1670.407448687244,1581.638,5084.783004220838,4515.187755999999,8535.034028
2025-12-20 09:45:00+01:00,3238.1801227376964,2914.709936,1657.5645828156019,1386.386,4895.744705553298,4301.095936,9257.570232
2025-12-20 10:00:00+01:00,3633.6655251991474,2926.77716,1582.2331735473535,1358.606,5215.898698746501,4285.38316,10164.569552
2025-12-20 10:15:00+01:00,3418.9126441301555,2935.6661,1591.671965750525,1317.392,5010.584609880681,4253.0581,11033.488948
2025-12-20 10:30:00+01:00,3176.618147319164,2858.235924,1610.0465549513478,1186.819,4786.664702270512,4045.054924,11645.517328
2025-12-20 10:45:00+01:00,2968.43068164942,2750.518236,1606.9062399485515,1108.529,4575.336921597971,3859.047236,12168.470692
2025-12-20 11:00:00+01:00,3946.2213208657727,2600.872312,1089.8497097542502,1115.368,5036.071030620023,3716.240312,12761.314084
2025-12-20 11:15:00+01:00,3735.19014935808,2488.392636,1101.310663600404,1069.995,4836.500812958484,3558.387636,13039.586332
2025-12-20 11:30:00+01:00,3553.036354662696,2439.143708,1092.5294379593784,999.383,4645.565792622074,3438.5267080000003,13208.354796
2025-12-20 11:45:00+01:00,3382.769066359106,2355.238952,1065.337184626045,995.756,4448.106250985151,3350.994952,13332.704392
2025-12-20 12:00:00+01:00,3944.856684682647,2307.690132,879.428795108357,959.388,4824.285479791004,3267.078132,13480.177848
2025-12-20 12:15:00+01:00,3795.26772633598,2248.25172,864.1896926046629,849.236,4659.457418940643,3097.48772,13341.30948
2025-12-20 12:30:00+01:00,3662.255193728801,2044.322656,851.394820809791,829.72,4513.650014538592,2874.042656,13001.824864
2025-12-20 12:45:00+01:00,3547.524110668288,1946.6674,822.931938758509,804.653,4370.456049426797,2751.3204,12681.299432
2025-12-20 13:00:00+01:00,3196.679325214338,1907.473372,788.5997565914395,735.006,3985.2790818057774,2642.479372,12179.133304
2025-12-20 13:15:00+01:00,3099.991714297142,1905.334228,773.6770620327325,619.66,3873.6687763298746,2524.994228,11445.307
2025-12-20 13:30:00+01:00,3008.150272360732,1885.340384,810.4848511221521,507.516,3818.635123482884,2392.856384,10662.949392
2025-12-20 13:45:00+01:00,2948.90041046847,1904.023176,825.8328293233939,457.846,3774.733239791864,2361.869176,9919.26978
2025-12-20 14:00:00+01:00,3069.592269435635,1959.759508,787.62545186732,433.206,3857.217721302955,2392.965508,9133.739516
2025-12-20 14:15:00+01:00,3054.4173317057907,2065.353748,772.672904209043,385.314,3827.090235914834,2450.667748,8240.344336
2025-12-20 14:30:00+01:00,3057.7600386145086,2192.320196,759.7311637566498,369.688,3817.4912023711586,2562.008196,7336.611188000001
2025-12-20 14:45:00+01:00,3135.7200437952674,2367.716684,742.7547088756453,387.384,3878.4747526709125,2755.100684,6533.899484
2025-12-20 15:00:00+01:00,4721.771374961798,2620.610008,967.5137942801948,343.784,5689.285169241993,2964.394008,5801.281204000001
2025-12-20 15:15:00+01:00,4983.528979906102,2857.685324,966.3074027756793,307.667,5949.836382681781,3165.352324,5133.569024
2025-12-20 15:30:00+01:00,5312.205502146724,3093.678688,995.1999646147858,300.087,6307.40546676151,3393.765688,4597.38688
2025-12-20 15:45:00+01:00,5661.2806880996795,3371.797188,1028.4113638152933,261.227,6689.692051914973,3633.024188,4253.97358
2025-12-20 16:00:00+01:00,5945.2587844141335,3664.87522,1092.0663865562647,251.341,7037.325170970398,3916.21622,4107.5400039999995
2025-12-20 16:15:00+01:00,6278.361380232332,3999.194808,1115.381941759047,246.887,7393.743321991378,4246.081808,4299.052884
2025-12-20 16:30:00+01:00,6780.482974215387,4351.955632,1143.2893207611637,247.083,7923.77229497655,4599.038632,4648.042484
2025-12-20 16:45:00+01:00,7146.569307488048,4680.133656,1186.1925685592826,247.407,8332.76187604733,4927.540656,4985.920224
2025-12-20 17:00:00+01:00,7256.9452871500225,4996.990152,1365.0029482538055,230.382,8621.948235403828,5227.372152,5293.369872
2025-12-20 17:15:00+01:00,7536.360774877504,5362.219664,1422.7540395403214,230.624,8959.114814417826,5592.843664,5645.568404
2025-12-20 17:30:00+01:00,7838.813049748168,5714.013908,1487.6415673146078,224.508,9326.454617062776,5938.521908,6005.401352
2025-12-20 17:45:00+01:00,8074.540235371191,6025.111084,1532.2260877850763,245.593,9606.766323156267,6270.704084,6325.655564
2025-12-20 18:00:00+01:00,10688.090512774366,6305.574004,1987.2417538175534,299.46,12675.33226659192,6605.034004,6692.346412
2025-12-20 18:15:00+01:00,10851.611497127818,6578.504224,2003.4509582074795,420.416,12855.062455335297,6998.920224,7028.558568
2025-12-20 18:30:00+01:00,11013.546743399293,6835.973188,2007.949996035562,490.435,13021.496739434855,7326.408188,7350.464440000001
2025-12-20 18:45:00+01:00,11130.758570800319,7084.359532,1999.1859344971006,513.849,13129.944505297419,7598.208532000001,7613.998708000001
2025-12-20 19:00:00+01:00,13025.777231023229,7423.845664,2684.913701900414,562.19,15710.690932923642,7986.035664000001,8036.580152
2025-12-20 19:15:00+01:00,13076.373608023136,7766.392496,2692.033286515799,680.659,15768.406894538934,8447.051496,8460.089468
2025-12-20 19:30:00+01:00,13134.604033070642,8035.575688,2701.715577001089,789.709,15836.31961007173,8825.284688,8835.582864
2025-12-20 19:45:00+01:00,13218.78993222525,8197.145952,2710.991844517375,923.59,15929.781776742626,9120.735952,9132.960512
2025-12-20 20:00:00+01:00,13306.99254404902,8393.704712,3131.9797143611013,1104.151,16438.972258410122,9497.855712,9514.379468
2025-12-20 20:15:00+01:00,13356.651460195544,8629.636376,3143.5036928226396,1219.993,16500.155153018182,9849.629376,9865.437692
2025-12-20 20:30:00+01:00,13344.302290183097,8809.609112,3128.677614873922,1387.427,16472.97990505702,10197.036112,10208.076912
2025-12-20 20:45:00+01:00,13325.386127770122,8930.805244,3106.865508942822,1513.25,16432.251636712943,10444.055244,10451.854324
2025-12-20 21:00:00+01:00,13683.565852979302,8965.760728,3355.585617152323,1667.382,17039.151470131626,10633.142728,10642.624964
2025-12-20 21:15:00+01:00,13690.063784582271,8953.855288,3357.64808423883,1804.027,17047.7118688211,10757.882288,10770.02054
2025-12-20 21:30:00+01:00,13661.510792345029,8949.556176,3368.210820581485,1892.177,17029.721612926514,10841.733176,10848.202316
2025-12-20 21:45:00+01:00,13625.517180144618,9070.93738,3368.8804155383195,1952.13,16994.397595682938,11023.06738,11029.706372
2025-12-20 22:00:00+01:00,13336.09385495215,9046.959836,3762.484637797043,2032.398,17098.578492749195,11079.357836,11096.335904
2025-12-20 22:15:00+01:00,13309.975366755847,9156.341384,3799.9796144119387,2165.071,17109.954981167786,11321.412384,11335.082724
2025-12-20 22:30:00+01:00,13275.485521972258,9247.8656,3798.562681338902,2294.015,17074.04820331116,11541.8806,11548.89318
2025-12-20 22:45:00+01:00,13225.494482415335,9287.24176,3786.7588676404744,2520.749,17012.25335005581,11807.99076,11814.242664
2025-12-20 23:00:00+01:00,11733.410818166063,9244.982644,3441.450932607062,2733.74,15174.861750773125,11978.722644,11985.007352
2025-12-20 23:15:00+01:00,11712.20098540709,9240.15288,3437.6944607792916,2911.339,15149.895446186381,12151.49188,12157.646504
2025-12-20 23:30:00+01:00,11687.371707753755,9226.895876,3443.6451551382656,3093.853,15131.01686289202,12320.748876,12326.81794
2025-12-20 23:45:00+01:00,11658.986118047089,9202.230544,3422.034877189548,3258.563,15081.020995236637,12460.793544,12466.871208
2025-12-21 00:00:00+01:00,9377.271951268443,9204.260668,2657.1727749256693,3348.991,12034.444726194113,12553.251668,12560.419072
2025-12-21 00:15:00+01:00,9362.358494092017,9212.516308,2651.823054581533,3451.709,12014.18154867355,12664.225308,12670.323344
2025-12-21 00:30:00+01:00,9336.234198800212,9275.564696,2641.864159726961,3506.281,11978.098358527173,12781.845696,12787.703928
2025-12-21 00:45:00+01:00,9292.953086401425,9293.895088,2633.240319257498,3567.333,11926.193405658923,12861.228088,12867.266824
2025-12-21 01:00:00+01:00,9896.283805969211,9256.83886,2633.039898347197,3662.286,12529.323704316408,12919.12486,12925.356088
2025-12-21 01:15:00+01:00,9877.918682508633,9167.670752,2630.7387836015787,3645.176,12508.657466110211,12812.846752,12819.279416
2025-12-21 01:30:00+01:00,9850.6372924057,9140.055888,2628.063061178284,3703.714,12478.700353583983,12843.769888,12850.387584
2025-12-21 01:45:00+01:00,9821.459039429075,9128.426824,2625.220457515846,3785.831,12446.679496944922,12914.257824,12921.046048
2025-12-21 02:00:00+01:00,10218.094901793464,9306.2887,2774.887001035783,3805.355,12992.981902829248,13111.6437,13118.526355999998
2025-12-21 02:15:00+01:00,10161.290908955334,9304.276328,2779.8745581936896,3896.598,12941.165467149023,13200.874328,13207.438464
2025-12-21 02:30:00+01:00,10137.34409275064,9206.685644,2775.505711381912,3975.505,12912.849804132551,13182.190643999998,13189.503048
2025-12-21 02:45:00+01:00,10125.266432361283,9222.065868,2764.3156096265016,4004.977,12889.582041987784,13227.042868,13234.264432
2025-12-21 03:00:00+01:00,10414.08472917543,9270.49374,2862.859029239165,4062.88,13276.943758414596,13333.37374,13340.817523999998
2025-12-21 03:15:00+01:00,10415.28679160847,9372.96316,2862.9241059482674,4175.53,13278.210897556739,13548.493159999998,13556.069691999995
2025-12-21 03:30:00+01:00,10413.573616144162,9411.081736,2847.7257530265106,4146.289,13261.299369170672,13557.370736,13564.9266
2025-12-21 03:45:00+01:00,10390.809244185044,9462.391228,2802.848684847939,4136.574,13193.657929032983,13598.965228,13606.817032
2025-12-21 04:00:00+01:00,10172.027197071311,9466.737672,2906.3536545667903,4159.057,13078.380851638101,13625.794672,13632.818528
2025-12-21 04:15:00+01:00,10156.38380244297,9568.696656,2877.7167256870785,4152.702,13034.100528130048,13721.398656,13728.285608000002
2025-12-21 04:30:00+01:00,10166.566989135707,9598.542924,2861.424129770562,4189.457,13027.99111890627,13787.999924,13794.480956
2025-12-21 04:45:00+01:00,10160.37911684104,9713.093088,2850.783193366789,4182.854,13011.16231020783,13895.947088,13902.043432
2025-12-21 05:00:00+01:00,10363.25570258102,9776.53658,2684.0535688369287,4163.149,13047.30927141795,13939.68558,13945.828268
2025-12-21 05:15:00+01:00,10389.118734081896,9815.813948,2686.1328572094153,4153.752,13075.251591291311,13969.565948,13975.513724000002
2025-12-21 05:30:00+01:00,10389.31986825988,9821.954484,2693.9559693008623,4239.323,13083.275837560741,14061.277484,14067.211852
2025-12-21 05:45:00+01:00,10377.536757155525,9883.696116,2659.689057422187,4388.987,13037.225814577712,14272.683116,14278.809172
2025-12-21 06:00:00+01:00,9966.42153854234,10087.236488,2470.2932031411237,4122.477,12436.714741683463,14209.713488,14216.109104
2025-12-21 06:15:00+01:00,9946.284616950039,10264.679228,2501.922423283484,4061.314,12448.207040233523,14325.993228,14332.74278
2025-12-21 06:30:00+01:00,9925.022635814501,10444.889684,2488.153209498953,3917.256,12413.175845313453,14362.145684,14369.686296
2025-12-21 06:45:00+01:00,9909.053157259317,10454.585304,2445.290536602022,3836.547,12354.34369386134,14291.132304,14299.337728
2025-12-21 07:00:00+01:00,9375.86474253869,10456.75818,2334.5167225421164,3721.271,11710.381465080805,14178.02918,14187.500048000002
2025-12-21 07:15:00+01:00,9344.125972416834,10516.671364,2308.4631409347394,3654.261,11652.589113351572,14170.932364,14181.202076
2025-12-21 07:30:00+01:00,9337.226350624944,10748.799972,2327.7396159206014,3661.615,11664.965966545546,14410.414972,14424.676268
2025-12-21 07:45:00+01:00,9309.755569688303,10902.612928,2306.3228642190434,3566.993,11616.078433907347,14469.605928,14487.405932
2025-12-21 08:00:00+01:00,9679.902479939175,11082.148932,2333.7048394541134,3575.066,12013.60731939329,14657.214932,14696.776488
2025-12-21 08:15:00+01:00,9573.686874372808,11439.86506,2323.839690190749,3122.987,11897.526564563557,14562.85206,14704.911352
2025-12-21 08:30:00+01:00,9507.19246222355,11690.5526,2317.875697865263,3145.167,11825.068160088813,14835.7196,15540.775916
2025-12-21 08:45:00+01:00,9427.437099945699,12000.192732,2319.5560229091275,3188.216,11746.993122854827,15188.408732,16593.396784
2025-12-21 09:00:00+01:00,9505.244607311111,12153.572904,2529.7927008190313,3155.902,12035.037308130142,15309.474904,17528.466332
2025-12-21 09:15:00+01:00,9270.368728908297,12198.47642,2550.3464249869326,3139.731,11820.71515389523,15338.20742,18474.11526
2025-12-21 09:30:00+01:00,9091.89209765725,12280.635044,2511.6857151795252,3152.138,11603.577812836775,15432.773044,19585.845156000003
2025-12-21 09:45:00+01:00,8915.482564223572,12356.132648,2493.0366660159725,3196.623,11408.519230239544,15552.755648,20713.740684
2025-12-21 10:00:00+01:00,9349.383280111762,12355.61436,2273.5822075739807,3248.148,11622.965487685742,15603.76236,21799.456836
2025-12-21 10:15:00+01:00,9135.476373362895,12286.200424,2282.352370445756,3182.34,11417.828743808652,15468.540424,22645.743952
2025-12-21 10:30:00+01:00,8892.343974617796,12147.295288,2291.67979716219,3118.046,11184.023771779986,15265.341288,23414.164012
2025-12-21 10:45:00+01:00,8672.023275627967,11952.349316,2288.9140871054356,3062.456,10960.937362733403,15014.805316,24129.189256
2025-12-21 11:00:00+01:00,9089.834886172179,11794.401468,2154.4516512053483,2968.697,11244.286537377528,14763.098468,24740.678764
2025-12-21 11:15:00+01:00,8876.0992857896,11484.55362,2160.674785546089,2926.954,11036.774071335689,14411.50762,25126.996516
2025-12-21 11:30:00+01:00,8691.447454282637,11139.402504,2149.3622960251014,2958.879,10840.809750307739,14098.281504,25439.601604
2025-12-21 11:45:00+01:00,8512.714081417847,10893.253624,2122.7197511559652,3024.555,10635.433832573814,13917.808624,25756.37502
2025-12-21 12:00:00+01:00,8976.743458953635,10724.93162,2139.185688938485,3058.126,11115.92914789212,13783.05762,26019.966208
2025-12-21 12:15:00+01:00,8830.448610958534,10502.9377,2126.3784482992855,3136.281,10956.82705925782,13639.2187,26075.810488000003
2025-12-21 12:30:00+01:00,8697.28910747322,10554.075816,2099.0809287338534,3206.238,10796.370036207074,13760.313816,26200.047928
2025-12-21 12:45:00+01:00,8581.296913297852,10552.754364,2071.30575354373,3303.786,10652.602666841583,13856.540364,26117.60578
2025-12-21 13:00:00+01:00,9416.02984939976,10658.815076,2021.652294959811,3620.876,11437.68214435957,14279.691076,26170.382744
2025-12-21 13:15:00+01:00,9302.894953484561,10774.223748,2009.409400076184,3664.564,11312.304353560745,14438.787748,25801.970808
2025-12-21 13:30:00+01:00,9195.407689312315,11037.202536,2046.996345726487,3764.756,11242.404035038802,14801.958536,25494.282388
2025-12-21 13:45:00+01:00,9128.245931104262,11333.807512,2068.4165462994542,3857.115,11196.662477403715,15190.922512,24999.202044
2025-12-21 14:00:00+01:00,10211.908158708522,11613.898628,2624.761156947447,3942.169,12836.669315655969,15556.067628,24334.310308
2025-12-21 14:15:00+01:00,10183.478024138813,11961.392768,2615.6363399135507,4072.57,12799.114364052362,16033.962768,23706.367588
2025-12-21 14:30:00+01:00,10175.148718052571,12308.760348,2611.81052637356,4121.146,12786.95924442613,16429.906348,22905.130336
2025-12-21 14:45:00+01:00,10241.522374930999,12852.433944,2601.2777957041963,3947.857,12842.800170635195,16800.290944,22023.693852
2025-12-21 15:00:00+01:00,11934.726178142493,13499.672176,3050.1881962899083,3718.251,14984.914374432401,17217.923176,21153.810172
2025-12-21 15:15:00+01:00,12167.215825490888,14321.554164,3056.442932853902,3708.269,15223.65875834479,18029.823164,20763.341623999997
2025-12-21 15:30:00+01:00,12465.461443966666,15279.636332,3098.922881350145,3755.82,15564.38432531681,19035.456332,20762.64842
2025-12-21 15:45:00+01:00,12783.395661405868,16410.312888,3134.9887457556374,3742.509,15918.384407161506,20152.821888,21037.042608
2025-12-21 16:00:00+01:00,15744.908361769569,17334.997776,3486.8231571826022,3751.275,19231.731518952172,21086.272776,21386.067272
2025-12-21 16:15:00+01:00,16102.569573359458,18214.62846,3509.706940980976,3797.56,19612.276514340436,22012.18846,22081.725488
2025-12-21 16:30:00+01:00,16499.300908989982,18992.516276,3558.909648825176,3813.796,20058.21055781516,22806.312275999997,22841.577583999995
2025-12-21 16:45:00+01:00,16846.275352225686,19750.843804,3591.8908090701925,3871.003,20438.166161295878,23621.846804,23650.316572
2025-12-21 17:00:00+01:00,18318.774884229035,20500.384308,4340.994218241951,3981.667,22659.769102470986,24482.051308,24535.263328
2025-12-21 17:15:00+01:00,18582.125867345938,21204.624464,4444.542367136864,3898.069,23026.6682344828,25102.693464,25155.88452
2025-12-21 17:30:00+01:00,18883.59574725162,21929.89616,4570.686684775824,4050.863,23454.282432027445,25980.75916,26007.109952000003
2025-12-21 17:45:00+01:00,19104.344503212753,22360.974388,4612.078570328591,4251.517,23716.423073541344,26612.491388,26635.053072
2025-12-21 18:00:00+01:00,19607.788045935406,22671.025672,5100.552657015386,4722.383,24708.34070295079,27393.408672,27415.263028
2025-12-21 18:15:00+01:00,19760.81339076986,23097.41254,5114.919641769353,4961.745,24875.733032539214,28059.15754,28080.166544
2025-12-21 18:30:00+01:00,19932.592268710352,23728.509192,5130.379736661347,5154.215,25062.9720053717,28882.724192,28902.346072
2025-12-21 18:45:00+01:00,20043.415570860197,24125.214032,5124.2767872094955,5268.052,25167.692358069693,29393.266032,29411.354228
2025-12-21 19:00:00+01:00,19895.465200188242,24483.318664,5654.505969758497,5455.332,25549.971169946737,29938.650664,29953.871628
2025-12-21 19:15:00+01:00,19942.00645992097,24845.342184,5660.475046499238,5514.647,25602.481506420205,30359.989184,30373.65102
2025-12-21 19:30:00+01:00,19993.635779474735,25103.724212,5665.828885889527,5546.904,25659.464665364263,30650.628212000003,30663.76604
2025-12-21 19:45:00+01:00,20066.7013503853,25473.157196,5674.492592310565,5563.076,25741.193942695867,31036.233196,31049.540316
2025-12-21 20:00:00+01:00,21404.09328761739,25895.689196,6269.522633482297,5679.783,27673.61592109969,31575.472196,31587.065212
2025-12-21 20:15:00+01:00,21440.442113642428,26139.45934,6280.656368948964,5702.822,27721.09848259139,31842.28134,31853.25042
2025-12-21 20:30:00+01:00,21426.35725160868,26184.7303,6266.983628524273,5709.159,27693.34088013295,31893.8893,31904.684932
2025-12-21 20:45:00+01:00,21401.99301514844,26437.774104,6246.863338524278,5731.855,27648.85635367272,32169.629104,32180.3629
2025-12-21 21:00:00+01:00,22626.37561622632,26517.07698,6263.346191466847,5716.856,28889.721807693168,32233.93298,32244.556604
2025-12-21 21:15:00+01:00,22622.11186959125,26561.635408,6262.832729569461,5758.965,28884.94459916071,32320.600408,32331.263799999997
2025-12-21 21:30:00+01:00,22582.159164652443,26555.680248,6268.395628763742,5846.194,28850.554793416184,32401.874248,32411.302124
2025-12-21 21:45:00+01:00,22538.601006585275,26500.279056,6265.828819819327,5898.032,28804.4298264046,32398.311056,32406.310004
2025-12-21 22:00:00+01:00,22067.12932664603,25369.715376,6447.255057471992,5860.653,28514.38438411802,31230.368376,31238.2234
2025-12-21 22:15:00+01:00,22036.044244334134,25372.778508,6478.460452650495,5855.325,28514.50469698463,31228.103508,31235.16926
2025-12-21 22:30:00+01:00,21992.640085002262,25487.470984,6473.19395538617,5810.13,28465.834040388432,31297.600984,31304.364352
2025-12-21 22:45:00+01:00,21935.141229521374,25467.748964,6459.00938167544,5793.496,28394.150611196812,31261.244964,31267.793879999997
2025-12-21 23:00:00+01:00,22416.43340500193,25248.271908,6000.493023422921,5704.388,28416.926428424853,30952.659908,30958.968019999997
2025-12-21 23:15:00+01:00,22389.331866889614,25150.46234,5996.079535222005,5670.688,28385.41140211162,30821.15034,30827.45846
2025-12-21 23:30:00+01:00,22359.794507564064,25015.188564,5993.261734886202,5645.116,28353.056242450264,30660.304564,30667.023252
2025-12-21 23:45:00+01:00,22326.385498916636,24756.880804,5966.379123172622,5748.518,28292.764622089257,30505.398804,30513.20776
2025-12-22 00:00:00+01:00,21437.987816870365,24584.815108,6010.831818169416,6154.476,27448.81963503978,30739.291108,30749.64778
2025-12-22 00:15:00+01:00,21424.22776434627,24458.95292,6008.6477494328465,6186.23,27432.875513779116,30645.18292,30653.962048
2025-12-22 00:30:00+01:00,21401.464242913953,24264.741676,6000.812427362352,6223.006,27402.276670276304,30487.747676000003,30496.888544
2025-12-22 00:45:00+01:00,21361.3752103744,24218.08858,5994.408052853061,6275.751,27355.783263227462,30493.83958,30502.619136
2025-12-22 01:00:00+01:00,20181.23548686388,24067.778412,6379.988976019809,6405.826,26561.22446288369,30473.604412,30481.287264
2025-12-22 01:15:00+01:00,20161.550457742233,23813.11608,6377.358689085989,6430.188,26538.90914682822,30243.30408,30251.654964
2025-12-22 01:30:00+01:00,20135.20060594914,23703.954632,6376.463887364829,6474.445,26511.66449331397,30178.399632,30186.217924
2025-12-22 01:45:00+01:00,20107.512615184856,23610.279872,6376.063017722819,6535.257,26483.575632907676,30145.536871999997,30153.881663999997
2025-12-22 02:00:00+01:00,18784.63205803845,23438.437748,6236.344519869055,6336.162,25020.976577907502,29774.599748,29782.514348
2025-12-22 02:15:00+01:00,18731.298316562687,23465.977644,6243.539552789574,6406.79,24974.83786935226,29872.767644,29881.782116
2025-12-22 02:30:00+01:00,18706.14569766725,23209.91754,6241.6186206074935,6506.643,24947.76431827474,29716.56054,29725.908003999997
2025-12-22 02:45:00+01:00,18695.241967205508,23201.669696,6231.936097581729,6586.096,24927.178064787237,29787.765696,29796.285696000003
2025-12-22 03:00:00+01:00,18546.51926873671,23237.697832,6229.445161693873,6605.45,24775.964430430584,29843.147832,29851.091716000003
2025-12-22 03:15:00+01:00,18550.47346301873,23405.5009,6228.147496067789,6596.407,24778.62095908652,30001.9079,30009.900484
2025-12-22 03:30:00+01:00,18549.91816950738,23417.347052,6213.08584091359,6670.272,24763.00401042097,30087.619052,30095.910284
2025-12-22 03:45:00+01:00,18529.982192828484,23375.356832,6170.977751157133,6581.522,24700.959943985617,29956.878832,29964.861596
2025-12-22 04:00:00+01:00,18637.175524430917,23385.449188,6393.307648908264,6675.241,25030.48317333918,30060.690188,30068.600588
2025-12-22 04:15:00+01:00,18625.31576075192,23339.269296,6366.272874234879,6670.019,24991.5886349868,30009.288296,30017.029524
2025-12-22 04:30:00+01:00,18635.690232905108,23419.091292,6352.005473926974,6691.574,24987.695706832084,30110.665292,30118.733464
2025-12-22 04:45:00+01:00,18633.046439966663,23436.971796,6341.84285771378,6718.772,24974.88929768044,30155.743796,30164.469404000003
2025-12-22 05:00:00+01:00,18658.32356872283,23385.216608,6433.518990847157,6768.001,25091.84255956999,30153.217608,30161.799032
2025-12-22 05:15:00+01:00,18683.664822213304,23127.27638,6435.209992355144,6902.199,25118.874814568448,30029.47538,30038.230748
2025-12-22 05:30:00+01:00,18684.022866297484,23078.13932,6444.908111282294,6909.71,25128.930977579777,29987.84932,29996.545179999997
2025-12-22 05:45:00+01:00,18682.432847936037,22891.15726,6416.896773244364,6974.069,25099.3296211804,29865.22626,29874.505624
2025-12-22 06:00:00+01:00,19014.467420712324,23290.486924,6359.10141869457,6889.779,25373.568839406893,30180.265924,30189.627648
2025-12-22 06:15:00+01:00,19000.475349149892,22793.108232,6387.845023537388,6955.743,25388.32037268728,29748.851232,29758.212256000003
2025-12-22 06:30:00+01:00,18985.504400112422,23016.579852,6370.956436815345,6971.437,25356.460836927767,29988.016852,29997.958364
2025-12-22 06:45:00+01:00,18970.79359595032,22868.419592,6328.5277505120175,7044.667,25299.321346462337,29913.086592,29923.752124
2025-12-22 07:00:00+01:00,17371.173761574577,22792.09042,6271.417018735511,6988.362,23642.59078031009,29780.45242,29796.671552
2025-12-22 07:15:00+01:00,17343.05776157063,22678.460084,6245.132004262386,7079.13,23588.189765833016,29757.590084,29771.851636
2025-12-22 07:30:00+01:00,17342.98993997272,22510.455032,6263.414877352573,7073.192,23606.404817325292,29583.647032,29597.045972
2025-12-22 07:45:00+01:00,17321.46735801835,22559.646608,6240.717179204905,6923.685,23562.184537223256,29483.331608,29499.707628
2025-12-22 08:00:00+01:00,17283.832959695123,22646.757696,6329.68646254246,6925.839,23613.519422237583,29572.596696,29596.905068
2025-12-22 08:15:00+01:00,17317.932637975762,22627.591484,6306.788860947818,6824.499,23624.72149892358,29452.090484,29526.680456
2025-12-22 08:30:00+01:00,17184.642482706713,22628.114928,6277.186915034902,6898.877,23461.829397741614,29526.991928,29788.285748
2025-12-22 08:45:00+01:00,17111.704787261096,22567.039528,6277.475370852503,6902.901,23389.1801581136,29469.940528,30052.767064
2025-12-22 09:00:00+01:00,16360.040654867415,22244.700528,6160.514707055648,7033.1,22520.555361923063,29277.800528,30293.233964
2025-12-22 09:15:00+01:00,16134.741670448399,21865.712328,6176.638437367736,7124.347,22311.380107816134,28990.059328000003,30458.553056000004
2025-12-22 09:30:00+01:00,15965.003773907121,21367.889828,6136.898197306197,7124.791,22101.90197121332,28492.680828,30429.929912
2025-12-22 09:45:00+01:00,15799.390455604527,20954.886444,6113.703496066247,7072.473,21913.093951670773,28027.359444,30424.921676
2025-12-22 10:00:00+01:00,15291.76200166711,20584.990484,6168.051238954229,7062.133,21459.81324062134,27647.123484000003,30507.928088000004
2025-12-22 10:15:00+01:00,15091.88439361839,20463.137108,6175.060959089064,7054.399,21266.945352707455,27517.536108,30807.661044
2025-12-22 10:30:00+01:00,14862.145703994498,20314.769696,6179.799618017031,7116.701,21041.94532201153,27431.470696,31132.869436
2025-12-22 10:45:00+01:00,14652.564166473443,20028.17632,6174.9855494623835,7120.018,20827.549715935827,27148.19432,31215.912428
2025-12-22 11:00:00+01:00,14027.65251435253,19901.95726,6049.965750537237,7123.585,20077.618264889767,27025.54226,31389.02702
2025-12-22 11:15:00+01:00,13824.366085283837,19568.827496,6054.3428028273465,7132.438,19878.708888111185,26701.265496,31296.377456
2025-12-22 11:30:00+01:00,13650.10624395056,19293.425396,6041.667737236138,7199.143,19691.7739811867,26492.568396,31277.187644
2025-12-22 11:45:00+01:00,13480.223706753903,19071.087788,6016.650004778995,7219.017,19496.8737115329,26290.104788,31185.465932
2025-12-22 12:00:00+01:00,12509.94432745276,18812.194376,5624.298260982825,7251.88,18134.242588435583,26064.074376,31037.609304
2025-12-22 12:15:00+01:00,12371.450025353102,18768.695572,5609.236624723703,7224.406,17980.686650076805,25993.101572,30938.398908
2025-12-22 12:30:00+01:00,12241.020031809612,18554.71392,5582.721984336889,7259.874,17823.7420161465,25814.58792,30669.240831999996
2025-12-22 12:45:00+01:00,12129.65829677081,18573.060564,5556.035804890736,7268.796,17685.694101661546,25841.856564,30571.749752000003
2025-12-22 13:00:00+01:00,13239.180555327204,18577.737212,5465.734317882063,7346.074,18704.914873209265,25923.811212,30524.224576
2025-12-22 13:15:00+01:00,13132.78757617804,18488.131324,5451.059431945957,7404.009,18583.847008123998,25892.140324,30261.19312
2025-12-22 13:30:00+01:00,13031.191931381558,18620.148524,5483.048221277623,7431.69,18514.240152659182,26051.838524,30116.023184
2025-12-22 13:45:00+01:00,12968.655454649286,18765.657156,5501.845758167235,7250.062,18470.50121281652,26015.719156,29745.230272
2025-12-22 14:00:00+01:00,14502.910998956451,18851.935304,5625.295738034889,7190.234,20128.206736991342,26042.169304,29373.794736
2025-12-22 14:15:00+01:00,14478.946774270798,19032.774976,5615.555680113868,7171.213,20094.502454384667,26203.987976,29083.636216
2025-12-22 14:30:00+01:00,14474.447050290244,19327.507288,5611.789809641802,7087.731,20086.236859932047,26415.238288,28828.837512
2025-12-22 14:45:00+01:00,14541.234118932134,19293.12338,5602.623889492945,6993.916,20143.85800842508,26287.03938,28250.307784
2025-12-22 15:00:00+01:00,15549.024058624967,19381.834956,6415.462092926731,7001.474,21964.486151551697,26383.308956,27887.22528
2025-12-22 15:15:00+01:00,15773.929064013708,19651.194996,6412.747297928488,6966.639,22186.676361942194,26617.833996,27695.631219999996
2025-12-22 15:30:00+01:00,16055.256485961989,19982.06782,6418.315006385488,6986.992,22473.571492347477,26969.05982,27672.513652
2025-12-22 15:45:00+01:00,16359.667547029765,20267.291228,6415.880522320529,6865.32,22775.548069350294,27132.611228,27505.253075999997
2025-12-22 16:00:00+01:00,16925.310977357796,20315.628512,6505.545950524809,6929.229,23430.856927882603,27244.857512,27375.709288
2025-12-22 16:15:00+01:00,17178.982091258826,20327.857416,6507.993476212576,6970.24,23686.975567471403,27298.097415999997,27335.536208
2025-12-22 16:30:00+01:00,17443.63795788742,20515.671772,6528.090308061834,6793.211,23971.728265949252,27308.882772,27342.675724
2025-12-22 16:45:00+01:00,17770.398293501472,20636.44132,6549.367812093751,6725.092,24319.766105595223,27361.53332,27401.196396000003
2025-12-22 17:00:00+01:00,18121.383613506314,20752.401612,6777.214682132835,6704.724,24898.59829563915,27457.125612000003,27531.577520000003
2025-12-22 17:15:00+01:00,18377.78103363397,20928.487388,6818.844336134475,6639.918,25196.625369768448,27568.405388,27613.26514
2025-12-22 17:30:00+01:00,18605.873818838387,21094.054348,6855.144073633911,6641.239,25461.017892472297,27735.293348,27777.943384
2025-12-22 17:45:00+01:00,18820.892118954536,21224.406564,6894.469224233222,6580.569,25715.36134318776,27804.975564,27833.087112
2025-12-22 18:00:00+01:00,18390.6624888628,21368.579652,6865.317462391381,6453.142,25255.97995125418,27821.721652,27851.654128
2025-12-22 18:15:00+01:00,18541.34862097164,21179.813076,6882.164106135851,6407.033,25423.51272710749,27586.846076,27614.03938
2025-12-22 18:30:00+01:00,18688.74780129112,20939.589948,6898.9440537009,6405.724,25587.69185499202,27345.313948000003,27371.879192000004
2025-12-22 18:45:00+01:00,18799.360971695587,20816.893888,6893.9784399162845,6408.001,25693.339411611872,27224.894888,27246.824112
2025-12-22 19:00:00+01:00,19052.299303299904,20800.222236,6976.436674264118,6432.516,26028.73597756402,27232.738236,27251.253792
2025-12-22 19:15:00+01:00,19105.519816756467,20723.404212,6985.373981560821,6483.483,26090.893798317287,27206.887212,27221.220308
2025-12-22 19:30:00+01:00,19161.332453953382,20700.280348,6993.375689816163,6534.844,26154.708143769545,27235.124348,27247.213684
2025-12-22 19:45:00+01:00,19233.999522041297,20592.919644,7005.290113364556,6514.428,26239.289635405854,27107.347644,27118.132884
2025-12-22 20:00:00+01:00,18960.355494439522,20336.198432,7018.649990562253,6482.908,25979.005485001777,26819.106432,26829.439576
2025-12-22 20:15:00+01:00,19000.728226616622,20196.756864,7032.366607520496,6456.364,26033.09483413712,26653.120863999997,26663.256604
2025-12-22 20:30:00+01:00,18992.64130697015,20257.950304,7024.389610052363,6410.967,26017.030917022512,26668.917304,26679.229256
2025-12-22 20:45:00+01:00,18973.150430223865,20354.112772,7009.206047721828,6329.524,25982.356477945694,26683.636772,26693.132032
2025-12-22 21:00:00+01:00,19049.757828686194,20400.46434,6769.686775165164,6287.919,25819.444603851356,26688.38334,26697.553404
2025-12-22 21:15:00+01:00,19038.341634886554,20335.477196,6773.036866418785,6468.095,25811.37850130534,26803.572196,26812.317104
2025-12-22 21:30:00+01:00,19000.50878027377,20350.509872,6780.61786960348,6533.723,25781.12664987725,26884.232872,26891.40206
2025-12-22 21:45:00+01:00,18963.00269402901,20508.026128,6779.836543979742,6605.959,25742.839238008753,27113.985128,27120.874092
2025-12-22 22:00:00+01:00,18976.837337484827,19739.045128,6721.690399044407,6647.47,25698.527736529235,26386.515128000003,26393.924240000004
2025-12-22 22:15:00+01:00,18950.733866289676,19820.83454,6756.7031566394135,6600.172,25707.43702292909,26421.00654,26428.336748
2025-12-22 22:30:00+01:00,18912.48025724205,19903.886188,6755.349346650901,6528.543,25667.829603892947,26432.429188,26438.991584000003
2025-12-22 22:45:00+01:00,18859.588280872817,20151.40086,6748.48673096408,6575.075,25608.075011836896,26726.47586,26733.239240000003
2025-12-22 23:00:00+01:00,18197.53219617021,20282.97664,6841.210572112184,6692.974,25038.742768282395,26975.950640000003,26983.26806
2025-12-22 23:15:00+01:00,18171.866572097875,20273.825992,6842.136293399237,6675.952,25014.00286549711,26949.777992,26957.13448
2025-12-22 23:30:00+01:00,18143.71475485262,20512.425964,6844.463794665171,6664.095,24988.17854951779,27176.520964,27183.742356
2025-12-22 23:45:00+01:00,18111.60521816279,20785.233612,6823.864712739896,6556.964,24935.469930902684,27342.197612,27349.863636
2025-12-23 00:00:00+01:00,22358.625202104646,20980.157812,6659.175275007896,6665.147,29017.80047711254,27645.304812,27652.96884
2025-12-23 00:15:00+01:00,22342.334427718662,21154.967048,6657.969023728854,6644.837,29000.303451447515,27799.804048,27807.153447999997
2025-12-23 00:30:00+01:00,22315.75775106562,21484.858376,6651.584514315922,6694.51,28967.342265381543,28179.368376,28186.514767999997
2025-12-23 00:45:00+01:00,22276.829977918438,21804.715224,6646.970935610523,6772.9,28923.80091352896,28577.615224,28585.279072
2025-12-23 01:00:00+01:00,22920.832924572653,22490.855664,6658.0160453466415,7012.629,29578.848969919294,29503.484664,29511.573452
2025-12-23 01:15:00+01:00,22895.538001678306,22892.744332,6656.193228962183,7114.755,29551.73123064049,30007.499332,30015.217388
2025-12-23 01:30:00+01:00,22867.85816904613,23209.449964,6656.53230201096,7105.938,29524.39047105709,30315.387964,30323.278852000003
2025-12-23 01:45:00+01:00,22839.333464127707,23401.661904,6657.777137880804,7045.363,29497.11060200851,30447.024904,30455.002684000003
2025-12-23 02:00:00+01:00,23724.35796396338,23713.851868,6544.535358917191,6999.193,30268.89332288057,30713.044868,30720.987712
2025-12-23 02:15:00+01:00,23674.958644202827,23839.60572,6553.182103195812,7011.274,30228.14074739864,30850.87972,30859.019828
2025-12-23 02:30:00+01:00,23644.486913001118,23939.578236,6554.039173611322,6989.293,30198.52608661244,30928.871236,30937.545364
2025-12-23 02:45:00+01:00,23634.01746386041,24124.68506,6547.0563486337705,6988.302,30181.07381249418,31112.98706,31121.427104
2025-12-23 03:00:00+01:00,23590.22401793597,24071.713788,6545.698819612901,6903.273,30135.92283754887,30974.986788,30983.568144
2025-12-23 03:15:00+01:00,23598.41570904107,24178.245476,6551.096154284197,6817.629,30149.511863325268,30995.874476,31004.46688
2025-12-23 03:30:00+01:00,23598.209630527068,24512.276212,6538.907931772583,6788.266,30137.117562299652,31300.542212,31309.361032
2025-12-23 03:45:00+01:00,23578.350073248905,24878.69348,6497.770604815448,6818.484,30076.12067806435,31697.17748,31705.415104000003
2025-12-23 04:00:00+01:00,23389.793602303496,25126.016464,6585.467951648364,6798.098,29975.26155395186,31924.114464,31933.15986
2025-12-23 04:15:00+01:00,23377.413960658574,25369.50798,6559.916010122049,6775.64,29937.32997078062,32145.14798,32153.747084
2025-12-23 04:30:00+01:00,23389.29455104257,25501.04724,6547.079453832618,6725.239,29936.37400487519,32226.28624,32236.659224000003
2025-12-23 04:45:00+01:00,23387.286199120434,25606.443556,6538.251874592215,6711.27,29925.538073712647,32317.713556,32326.586044
2025-12-23 05:00:00+01:00,23687.472661522686,25822.933132,6488.898757827109,6814.549,30176.371419349794,32637.482131999997,32645.806667999997
2025-12-23 05:15:00+01:00,23704.415033723733,25863.956776,6494.06691257795,6874.835,30198.481946301683,32738.791776,32748.171892
2025-12-23 05:30:00+01:00,23721.859659112153,25949.285564,6503.383437702804,7050.59,30225.243096814957,32999.875564,33009.270828
2025-12-23 05:45:00+01:00,23713.970395943357,26206.718844,6478.76901994715,7046.432,30192.739415890508,33253.150843999996,33262.129431999994
2025-12-23 06:00:00+01:00,24100.76916508312,27553.84854,6318.62878902376,7146.594,30419.397954106877,34700.44254,34708.946427999996
2025-12-23 06:15:00+01:00,24074.353186027765,27837.618708,6346.667479157025,7048.191,30421.02066518479,34885.809708,34895.139164
2025-12-23 06:30:00+01:00,24066.239737132542,27779.4224,6331.210714304972,7068.517,30397.450451437515,34847.9394,34857.586736000005
2025-12-23 06:45:00+01:00,24048.460640953497,28035.076416,6293.280549179843,6921.547,30341.74119013334,34956.623416,34967.432956000004
2025-12-23 07:00:00+01:00,24676.05902868875,28353.40218,6049.067501070695,6626.546,30725.126529759444,34979.94818,35001.6431
2025-12-23 07:15:00+01:00,24646.599846391706,28370.496812,6026.780067465956,6525.614,30673.37991385766,34896.110812,34918.61532
2025-12-23 07:30:00+01:00,24642.05595936967,28531.172332,6043.8076215040655,6538.211,30685.863580873738,35069.383332,35093.631195999995
2025-12-23 07:45:00+01:00,24623.136507692565,28789.3903,6018.484931911924,6537.462,30641.62143960449,35326.8523,35352.21834
2025-12-23 08:00:00+01:00,25559.4619829698,29117.59132,5885.738641622884,6825.916,31445.200624592682,35943.50732,35963.859396
2025-12-23 08:15:00+01:00,25545.522057221744,29054.012512,5860.70155204332,6767.604,31406.223609265064,35821.616512,35860.02572
2025-12-23 08:30:00+01:00,25305.31142207067,29037.747772,5841.358817686773,6624.408,31146.670239757445,35662.155772,35796.494608
2025-12-23 08:45:00+01:00,25236.242264084274,28977.625436,5842.7785315784195,6646.561,31079.020795662695,35624.186435999996,35903.90966799999
2025-12-23 09:00:00+01:00,25008.44943305029,28772.135244,6159.134368741104,6615.985,31167.583801791392,35388.120244,35878.860927999995
2025-12-23 09:15:00+01:00,24797.749743775094,28280.153848,6173.689012513661,6591.064,30971.438756288753,34871.217848,35640.712452
2025-12-23 09:30:00+01:00,24641.05481622492,27961.821288,6139.5430132109195,6568.972,30780.597829435843,34530.793288,35632.772732
2025-12-23 09:45:00+01:00,24488.101464413692,27689.649332,6118.889758197548,6523.242,30606.99122261124,34212.891332,35671.45576
2025-12-23 10:00:00+01:00,24154.95286073606,27516.582504,6157.496273451598,6589.58,30312.449134187656,34106.162504,35935.719888
2025-12-23 10:15:00+01:00,23965.95359698554,27448.674224,6162.20695046808,6714.423,30128.16054745362,34163.097224,36318.243963999994
2025-12-23 10:30:00+01:00,23747.012165976128,27545.803084,6164.751271454629,6583.409,29911.763437430756,34129.212084,36618.773248
2025-12-23 10:45:00+01:00,23545.357570493452,27765.025424,6158.645983472397,6534.909,29704.00355396585,34299.934424,37128.25122
2025-12-23 11:00:00+01:00,23183.320855406047,27626.982188,6249.328320755412,6745.765,29432.64917616146,34372.747188,37539.971492
2025-12-23 11:15:00+01:00,22984.392930853723,27165.797604,6252.231236501981,6875.426,29236.6241673557,34041.223604,37515.16766
2025-12-23 11:30:00+01:00,22811.71448309765,26967.168692,6241.186000469668,6802.447,29052.90048356732,33769.615692,37447.077808
2025-12-23 11:45:00+01:00,22645.830226297145,27221.80844,6219.577666921231,6787.985,28865.407893218377,34009.79344,37819.272808
2025-12-23 12:00:00+01:00,23845.470902420606,27381.067524,6299.040168243714,7036.34,30144.51107066432,34417.407523999995,38306.603127999995
2025-12-23 12:15:00+01:00,23709.664015648388,27678.37754,6287.007201942195,7071.877,29996.671217590585,34750.25454,38635.483524
2025-12-23 12:30:00+01:00,23588.81568035082,27809.731628,6264.089742798111,7177.852,29852.90542314893,34987.583628,38823.679876
2025-12-23 12:45:00+01:00,23484.45733595957,27730.617252,6241.780967476035,7442.413,29726.238303435606,35173.030252,38937.705316
2025-12-23 13:00:00+01:00,23450.087393910977,27692.070072,6330.3160543585,7550.401,29780.403448269477,35242.471072,38897.75872
2025-12-23 13:15:00+01:00,23353.667788330134,27908.093132,6317.690120210084,7524.592,29671.35790854022,35432.685132,38918.621783999995
2025-12-23 13:30:00+01:00,23265.795194793453,28279.20864,6350.302883822719,7562.108,29616.09807861617,35841.316640000005,39064.946308000006
2025-12-23 13:45:00+01:00,23215.450092685274,28441.03444,6370.409162183089,7586.544,29585.859254868363,36027.57844,38923.19368
2025-12-23 14:00:00+01:00,24571.68445498851,28497.068444,6526.5685665654255,7625.083,31098.253021553937,36122.151444,38646.131544
2025-12-23 14:15:00+01:00,24610.515869037183,28374.93936,6521.013360766754,7759.67,31131.529229803935,36134.60936,38286.763124000005
2025-12-23 14:30:00+01:00,24615.983635844543,28521.71328,6518.822915167242,7800.283,31134.806551011785,36321.99628,38040.928528
2025-12-23 14:45:00+01:00,24693.615484462985,28661.272736,6505.483233110948,7833.324,31199.098717573936,36494.596736,37794.236164
2025-12-23 15:00:00+01:00,25919.335151899275,28944.728696,6581.349945778345,7853.869,32500.68509767762,36798.597696,37695.199316
2025-12-23 15:15:00+01:00,26154.17372086806,29342.251216,6578.280854426551,7759.78,32732.45457529461,37102.031216,37644.081848
2025-12-23 15:30:00+01:00,26446.722174334238,30099.0041,6592.991077270405,7845.989,33039.71325160464,37944.9931,38227.77008
2025-12-23 15:45:00+01:00,26779.66310426877,30264.15624,6589.2784205344315,7890.973,33368.9415248032,38155.12924,38305.114312000005
2025-12-23 16:00:00+01:00,26532.23388373717,30459.319776,6583.901211183533,7804.726,33116.135094920704,38264.045776,38331.925296
2025-12-23 16:15:00+01:00,26800.57745760691,30527.904876,6586.909890225559,7743.602,33387.487347832466,38271.506876,38304.685584
2025-12-23 16:30:00+01:00,27071.109988866945,30794.591324,6609.837221030169,7839.501,33680.94720989712,38634.092324,38666.477655999995
2025-12-23 16:45:00+01:00,27397.950398005043,31375.463148,6638.723725318152,8012.79,34036.674123323195,39388.253148,39420.037752
2025-12-23 17:00:00+01:00,28728.367254667442,31580.783776,6677.31157302804,8099.218,35405.67882769548,39680.001776,39708.427396
2025-12-23 17:15:00+01:00,28988.085844387475,31500.9458,6710.969822293973,8118.568,35699.05566668145,39619.5138,39647.778308
2025-12-23 17:30:00+01:00,29206.069883535572,31853.115256,6736.319921067624,8147.222,35942.3898046032,40000.337256,40026.361136
2025-12-23 17:45:00+01:00,29419.475951841894,31873.610852,6767.8971169833185,8126.285,36187.37306882521,39999.895852,40023.976652000005
2025-12-23 18:00:00+01:00,29480.515904939824,31898.793524,6878.042734023482,8122.229,36358.55863896331,40021.022524,40045.68758
2025-12-23 18:15:00+01:00,29633.54697106327,31872.661304,6900.515218059413,8130.321,36534.062189122684,40002.982304000005,40023.58018
2025-12-23 18:30:00+01:00,29835.486987056214,31525.039272,6921.5995786079575,8133.474,36757.08656566417,39658.513272,39678.428248
2025-12-23 18:45:00+01:00,29950.172297456393,31401.783064,6920.113881145621,8160.533,36870.286178602015,39562.316064,39585.961552
2025-12-23 19:00:00+01:00,29953.977189632617,31493.468428,6919.626050185989,8166.76,36873.60323981861,39660.228428,39682.243508
2025-12-23 19:15:00+01:00,30014.06547187391,31638.173632,6929.726786148579,8112.712,36943.79225802249,39750.885632000005,39767.407524
2025-12-23 19:30:00+01:00,30073.657058366003,31621.435036,6938.194729584349,8128.642,37011.85178795035,39750.077036,39764.580952
2025-12-23 19:45:00+01:00,30151.994018260248,31718.240964,6949.905436281528,8112.93,37101.89945454177,39831.170964,39845.32762800001
2025-12-23 20:00:00+01:00,30222.220599425596,31583.208452,7039.124428085481,8082.729,37261.34502751108,39665.937452,39680.696972
2025-12-23 20:15:00+01:00,30266.92313581659,31295.28458,7052.696479342634,8016.079,37319.61961515922,39311.36358,39326.103835999995
2025-12-23 20:30:00+01:00,30260.752477455408,31161.868264,7045.546543592016,8046.422,37306.29902104742,39208.290264,39222.50683200001
2025-12-23 20:45:00+01:00,30245.148626847757,30919.307996,7032.067691410809,8090.922,37277.216318258565,39010.229996,39025.071168
2025-12-23 21:00:00+01:00,30531.92811723165,31146.101332,6979.746353574623,8057.05,37511.674470806276,39203.151332,39217.508248
2025-12-23 21:15:00+01:00,30528.79756148264,31316.900412,6984.156716492529,8026.72,37512.954277975165,39343.620412,39356.78758
2025-12-23 21:30:00+01:00,30493.20715137206,31223.248028,6993.729163727565,7965.196,37486.93631509962,39188.444028,39199.956716
2025-12-23 21:45:00+01:00,30441.444584626894,31062.51776,6994.475602682422,7948.139,37435.92018730931,39010.65676,39021.8926
2025-12-23 22:00:00+01:00,30119.50332873159,29876.329708,6804.230802975736,7787.528,36923.73413170732,37663.857708,37675.74132
2025-12-23 22:15:00+01:00,30095.24199693798,30028.983408,6834.901884782112,7790.068,36930.14388172009,37819.051408,37830.378872
2025-12-23 22:30:00+01:00,30062.668764349422,30082.875704,6832.493281959115,7847.618,36895.162046308535,37930.493704,37941.831656
2025-12-23 22:45:00+01:00,30012.642768833775,30011.849148,6825.799737812136,7805.354,36838.44250664591,37817.203148,37828.473228
2025-12-23 23:00:00+01:00,29771.48186418849,30009.68558,6413.278192583361,7783.619,36184.76005677185,37793.30458,37804.52512400001
2025-12-23 23:15:00+01:00,29744.75069529416,30111.138508,6413.364088672954,7628.409,36158.11478396711,37739.547508,37750.937676
2025-12-23 23:30:00+01:00,29714.652763700822,30392.009228,6414.983629214843,7375.113,36129.636392915665,37767.122228,37778.678328
2025-12-23 23:45:00+01:00,29677.446348928504,30336.325624,6398.688918713574,7147.271,36076.13526764208,37483.596624,37495.194584
2025-12-24 00:00:00+01:00,32408.385727817204,30296.012232,6495.381466829545,6913.134,38903.767194646745,37209.146232,37226.287464
2025-12-24 00:15:00+01:00,32400.929339094844,29992.156872,6492.533382251278,6703.79,38893.46272134612,36695.946872,36715.192652
2025-12-24 00:30:00+01:00,32388.812422245883,29782.786524,6487.519473089358,6554.818,38876.33189533524,36337.604524,36349.956432
2025-12-24 00:45:00+01:00,32367.01565382263,29684.332716,6485.161296482769,6481.752,38852.176950305395,36166.084716,36178.018207999994
2025-12-24 01:00:00+01:00,33936.77722352485,29461.161336,6537.384854594361,6486.182,40474.16207811921,35947.343336,35959.16588
2025-12-24 01:15:00+01:00,33923.83131766768,29207.41554,6540.456939980155,6539.371,40464.28825764784,35746.78654,35758.978516
2025-12-24 01:30:00+01:00,33906.965487505695,29130.66374,6540.877531080965,6234.932,40447.84301858666,35365.59574,35377.572316
2025-12-24 01:45:00+01:00,33883.93978751843,29280.255364,6540.294313754282,6163.541,40424.23410127271,35443.796364,35455.816292
2025-12-24 02:00:00+01:00,32990.24729888873,29244.027304,6172.606105957703,6041.468,39162.853404846435,35285.495304,35297.143412
2025-12-24 02:15:00+01:00,32946.7220322418,29294.422816,6177.825683722228,5914.256,39124.54771596403,35208.678816,35220.556232
2025-12-24 02:30:00+01:00,32920.47357184547,29350.135012,6176.280592259992,5842.066,39096.75416410546,35192.201012,35204.079648
2025-12-24 02:45:00+01:00,32915.47205638851,29092.8195,6172.783243175539,5989.232,39088.25529956405,35082.0515,35094.105124
2025-12-24 03:00:00+01:00,32718.790871688194,28959.354884,5940.693519788206,6079.837,38659.4843914764,35039.191884,35051.106248
2025-12-24 03:15:00+01:00,32730.393488150494,28749.776532,5941.848232201601,6061.976,38672.241720352096,34811.752532,34823.077339999996
2025-12-24 03:30:00+01:00,32738.121736316865,28507.82684,5927.643588956963,5734.612,38665.76532527383,34242.43884,34253.798804000005
2025-12-24 03:45:00+01:00,32729.640179926122,28744.628816,5886.872910718684,5591.548,38616.5130906448,34336.176816,34347.728404
2025-12-24 04:00:00+01:00,33320.373793371335,29027.41886,5568.553764632579,5695.008,38888.92755800391,34722.42686,34734.05636
2025-12-24 04:15:00+01:00,33311.499947183605,29056.413016,5542.431288213632,5700.77,38853.931235397235,34757.183015999995,34769.072636
2025-12-24 04:30:00+01:00,33323.3067811307,29177.579488,5527.771319080275,5716.391,38851.07810021097,34893.970488,34905.915928
2025-12-24 04:45:00+01:00,33318.37776787315,29133.640076,5518.668955286284,5802.249,38837.04672315943,34935.889076,34948.464652
2025-12-24 05:00:00+01:00,33521.90065346235,29130.738568,5468.009725453068,5865.641,38989.91037891542,34996.379568000004,35008.456812000004
2025-12-24 05:15:00+01:00,33536.72920037804,29038.212396,5474.327742743887,5623.902,39011.05694312193,34662.114396,34674.223783999994
2025-12-24 05:30:00+01:00,33534.90393031347,28901.928232,5488.349347198746,5615.756,39023.253277512216,34517.684232,34529.878596
2025-12-24 05:45:00+01:00,33526.656683272995,28839.645644,5464.546780583242,5799.299,38991.20346385624,34638.944644,34651.76628
2025-12-24 06:00:00+01:00,33886.86967827825,29519.887812,5599.521020384301,5828.964,39486.39069866255,35348.851812,35365.082056
2025-12-24 06:15:00+01:00,33868.37147840255,29530.724448,5620.519346742628,5832.563,39488.89082514518,35363.287448,35376.096856000004
2025-12-24 06:30:00+01:00,33857.4302516112,29474.953068,5602.392223362037,5546.09,39459.82247497324,35021.043068,35034.261236
2025-12-24 06:45:00+01:00,33844.2299155436,29124.221032,5562.377449306912,5520.196,39406.60736485051,34644.417032,34658.31102
2025-12-24 07:00:00+01:00,33915.74815820314,28945.945452,5412.2133757467855,5655.923,39327.96153394993,34601.868452,34616.986280000005
2025-12-24 07:15:00+01:00,33888.2116823695,28863.657176,5387.149767038173,5665.627,39275.361449407676,34529.284176,34545.4372
2025-12-24 07:30:00+01:00,33881.99881398805,28894.638396,5404.267439635267,5578.524,39286.26625362332,34473.162396,34491.267116
2025-12-24 07:45:00+01:00,33865.88577936195,28649.944916,5381.492821765582,5689.754,39247.37860112754,34339.698916,34360.475976
2025-12-24 08:00:00+01:00,32864.95070177805,28574.286824,5531.28089454891,5592.008,38396.23159632696,34166.294824,34191.31566
2025-12-24 08:15:00+01:00,32865.53673684222,28678.709992,5500.507700691468,5495.559,38366.04443753369,34174.268992,34219.752111999995
2025-12-24 08:30:00+01:00,32726.59448883813,28692.665056,5472.292124613785,5557.386,38198.88661345192,34250.051056000004,34401.302344
2025-12-24 08:45:00+01:00,32669.16944923923,28700.794324,5472.066998344946,5730.724,38141.236447584175,34431.518324,34892.348836
2025-12-24 09:00:00+01:00,28162.118728822257,28623.954832,5512.145240693838,5792.084,33674.2639695161,34416.038832,35327.194043999996
2025-12-24 09:15:00+01:00,27954.67839108101,28423.828784,5528.487036733647,5696.159,33483.16542781466,34119.987784,35582.54678
2025-12-24 09:30:00+01:00,27796.052011012438,28286.359208,5492.246748394753,5715.723,33288.29875940719,34002.082208,36119.297944
2025-12-24 09:45:00+01:00,27643.751998961277,28519.554696,5469.361816174208,5748.489,33113.11381513548,34268.043696,37093.384356
2025-12-24 10:00:00+01:00,26170.97287678769,28762.663944,5644.705748128883,5699.76,31815.678624916574,34462.423944,37948.954708000005
2025-12-24 10:15:00+01:00,25991.5817700592,28923.939156,5647.976322520955,5544.267,31639.558092580155,34468.206156,38628.618912
2025-12-24 10:30:00+01:00,25793.435273604937,29124.269412,5645.299870382714,5371.177,31438.73514398765,34495.446412000005,39333.060408000005
2025-12-24 10:45:00+01:00,25601.300237226285,29412.692352,5634.592073946817,5314.819,31235.892311173102,34727.511352,40205.944676
2025-12-24 11:00:00+01:00,28366.32626228969,29598.366508,5520.281395922534,5370.326,33886.607658212226,34968.692508,41055.741208
2025-12-24 11:15:00+01:00,28164.58372844271,29491.455132,5524.124172295583,5300.082,33688.70790073829,34791.537132,41392.690208
2025-12-24 11:30:00+01:00,27996.134961164797,30058.919136,5515.09816565889,5197.083,33511.23312682369,35256.002136,42392.676764
2025-12-24 11:45:00+01:00,27830.693503073166,30476.065028,5497.047286798925,5057.358,33327.74078987209,35533.423028000005,43110.961152
2025-12-24 12:00:00+01:00,31565.26406958704,30575.328136,5421.089349219588,4776.526,36986.353418806626,35351.854136,43322.328388
2025-12-24 12:15:00+01:00,31427.2061181555,30671.58416,5409.547352194182,4770.012,36836.75347034968,35441.59616,43687.952092
2025-12-24 12:30:00+01:00,31291.140757576377,30540.81176,5388.244531405597,4669.944,36679.385288981975,35210.75576,43533.897528
2025-12-24 12:45:00+01:00,31185.31989906206,30677.058236,5369.330298964794,4720.787,36554.65019802685,35397.845236,43585.149284
2025-12-24 13:00:00+01:00,33179.70194227715,30685.617348,5428.516204218799,4785.443,38608.21814649595,35471.060348,43397.501088
2025-12-24 13:15:00+01:00,33112.5280094718,30584.523,5414.89617037207,4817.082,38527.42417984387,35401.605,42987.2052
2025-12-24 13:30:00+01:00,33060.34003444363,30547.394152,5444.907174279003,4873.998,38505.247208722634,35421.392152,42469.535548
2025-12-24 13:45:00+01:00,33001.395531307375,30241.303772,5457.419810242419,4918.391,38458.815341549795,35159.694772,41656.18716
2025-12-24 14:00:00+01:00,33205.02541207438,30042.384812,5636.119270440335,4944.303,38841.144682514714,34986.687812000004,40770.47824
2025-12-24 14:15:00+01:00,33200.01073558692,29915.438848,5624.633307618795,4955.084,38824.64404320571,34870.522848,39853.420464
2025-12-24 14:30:00+01:00,33189.99791900064,29520.97364,5615.870196377134,4976.897,38805.86811537777,34497.87064,38591.281656
2025-12-24 14:45:00+01:00,33238.83897836641,29130.364252,5599.042677635291,5087.628,38837.8816560017,34217.992252,37414.509055999995
2025-12-24 15:00:00+01:00,32243.264511995254,28916.635024,5477.958478904955,5166.275,37721.222990900205,34082.910024,36401.262575999994
2025-12-24 15:15:00+01:00,32453.322675810676,29136.613652,5471.565050863457,5290.353,37924.88772667413,34426.966652,35975.272412000006
2025-12-24 15:30:00+01:00,32775.22839140541,29707.032064,5485.3518775671855,5328.373,38260.5802689726,35035.405064,35904.537372
2025-12-24 15:45:00+01:00,33055.514909793,30129.830788,5477.315234184727,5470.018,38532.83014397773,35599.848788,36013.781424
2025-12-24 16:00:00+01:00,32518.996962297933,30331.127032,5391.647355593025,5637.564,37910.64431789096,35968.691032,36104.734672000006
2025-12-24 16:15:00+01:00,32747.183490653064,30493.254584,5396.125923581595,5827.355,38143.30941423466,36320.609584,36373.928288
2025-12-24 16:30:00+01:00,32995.808707463366,30791.482776,5412.693810748984,5900.009,38408.50251821235,36691.491776,36730.805128
2025-12-24 16:45:00+01:00,33294.13384875004,31368.28662,5438.418921822294,5965.97,38732.552770572336,37334.25662,37392.1979
2025-12-24 17:00:00+01:00,33572.50276671129,31623.08498,5407.200238440288,6068.907,38979.703005151576,37691.99198,37729.081616
2025-12-24 17:15:00+01:00,33814.85663499332,31675.313364,5407.727143656987,6189.526,39222.5837786503,37864.839364,37902.366052
2025-12-24 17:30:00+01:00,33876.67651617279,32127.813472,5434.667725137227,6201.061,39311.34424131001,38328.874472,38402.946016
2025-12-24 17:45:00+01:00,34085.12354657246,32515.952732,5463.130708938418,6245.701,39548.25425551088,38761.653732,38793.559708
2025-12-24 18:00:00+01:00,34010.265577127415,32682.365396,5478.72537849676,6342.84,39488.99095562418,39025.205396000005,39051.941008
2025-12-24 18:15:00+01:00,34155.45046426855,32742.929868,5501.374534429395,6395.061,39656.82499869794,39137.990868,39161.612964
2025-12-24 18:30:00+01:00,34311.89845016984,32822.028324,5523.867420562351,6390.364,39835.7658707322,39212.392324,39234.234156
2025-12-24 18:45:00+01:00,34442.143175455414,32799.415948,5527.092222790625,6377.735,39969.23539824604,39177.150948,39197.447056000005
2025-12-24 19:00:00+01:00,33389.12443611783,32585.864896,5554.83223124537,6362.049,38943.9566673632,38947.913896,38967.198703999995
2025-12-24 19:15:00+01:00,33452.1519610368,32293.513756,5568.857151834258,6339.697,39021.009112871056,38633.210756,38651.417868
2025-12-24 19:30:00+01:00,33521.55032158798,32007.182772,5578.723021606065,6327.698,39100.27334319404,38334.880772,38351.82902800001
2025-12-24 19:45:00+01:00,33595.96579756256,31983.185468,5588.15735799846,6206.369,39184.12315556102,38189.554468,38205.082164
2025-12-24 20:00:00+01:00,32562.093793119348,31947.531524,5499.652455266406,6171.356,38061.74624838575,38118.887524000005,38133.19404
2025-12-24 20:15:00+01:00,32611.97623571235,31698.20386,5508.88752398678,6161.574,38120.86375969913,37859.77786,37872.929384
2025-12-24 20:30:00+01:00,32627.243048237968,31425.1553,5500.270222649076,6027.927,38127.513270887044,37453.082299999995,37466.21827199999
2025-12-24 20:45:00+01:00,32641.51477190932,31150.578976,5486.15988253216,5969.758,38127.67465444148,37120.336976,37133.795996
2025-12-24 21:00:00+01:00,31322.271617325372,30758.152808,5408.519257967346,5966.999,36730.79087529272,36725.151807999995,36738.005812
2025-12-24 21:15:00+01:00,31318.432093492935,30476.646516,5418.462501126532,5825.591,36736.894594619465,36302.237516,36315.117328
2025-12-24 21:30:00+01:00,31300.178979476605,30266.045448,5430.9145068944035,5740.096,36731.093486371006,36006.141448,36017.651168000004
2025-12-24 21:45:00+01:00,31286.239646298505,29994.589796,5432.443427161038,5543.226,36718.68307345954,35537.815796,35548.944016
2025-12-24 22:00:00+01:00,31098.327551809045,28716.527272,5515.7445785875625,5413.552,36614.072130396606,34130.079272,34142.7462
2025-12-24 22:15:00+01:00,31085.804957758748,28293.35714,5541.824522253386,5261.935,36627.62948001213,33555.29214,33566.910588
2025-12-24 22:30:00+01:00,31071.412002054265,27844.459644,5539.252879705935,5090.45,36610.664881760196,32934.909644,32946.477664
2025-12-24 22:45:00+01:00,31042.998432259148,27513.914352,5537.040924957213,4988.425,36580.03935721636,32502.339352,32514.273824
2025-12-24 23:00:00+01:00,30857.711907844878,27240.415508,5570.622443089536,4971.709,36428.33435093441,32212.124507999997,32224.672344
2025-12-24 23:15:00+01:00,30840.763088414613,26821.138092,5567.261946867762,4809.601,36408.02503528238,31630.739092,31642.386744
2025-12-24 23:30:00+01:00,30828.83867233149,26606.066752,5566.05867220771,4727.602,36394.897344539204,31333.668752,31354.910384
2025-12-24 23:45:00+01:00,30812.634176143718,26256.9833,5551.186584656102,4738.034,36363.82076079982,30995.0173,31009.411336
2025-12-25 00:00:00+01:00,27270.399827453515,26091.059244,5519.698392026015,4640.599,32790.09821947953,30731.658244,30744.039772
2025-12-25 00:15:00+01:00,27264.413293683756,25746.690608,5512.111003036503,4610.671,32776.52429672026,30357.361608,30368.974328
2025-12-25 00:30:00+01:00,27253.021697604097,25417.872876,5501.9339181189,4580.19,32754.955615722996,29998.062876,30011.7257
2025-12-25 00:45:00+01:00,27242.13761463213,25089.505728,5493.405399555154,4575.794,32735.543014187286,29665.299728,29676.884263999997
2025-12-25 01:00:00+01:00,25913.41803233045,24935.437288,5336.568632362842,4611.67,31249.986664693293,29547.107288,29559.68986
2025-12-25 01:15:00+01:00,25905.61937313614,24785.364796,5340.970688805015,4634.624,31246.590061941155,29419.988796,29431.680712
2025-12-25 01:30:00+01:00,25897.003466978476,24702.259644,5332.29347747647,4602.213,31229.296944454945,29304.472644,29321.579928000003
2025-12-25 01:45:00+01:00,25887.870061390873,24727.886016,5332.252159278498,4502.835,31220.12222066937,29230.721016,29245.36626
2025-12-25 02:00:00+01:00,24266.366727591016,24618.438712,4804.532355816288,4450.935,29070.899083407305,29069.373712,29081.282312
2025-12-25 02:15:00+01:00,24234.489795627997,24548.821548,4805.298718173759,4356.23,29039.788513801755,28905.051548,28916.781344
2025-12-25 02:30:00+01:00,24219.656019041115,24381.842492,4797.957202483849,4315.935,29017.613221524964,28697.777492,28709.364124
2025-12-25 02:45:00+01:00,24218.03902100968,24234.10262,4796.017268712729,4323.244,29014.056289722408,28557.34662,28569.278204
2025-12-25 03:00:00+01:00,21213.89855960721,24047.991192,4590.345117025833,4346.985,25804.243676633043,28394.976192,28406.649168000004
2025-12-25 03:15:00+01:00,21219.958014243846,23959.436576,4588.190210441538,4332.628,25808.148224685385,28292.064576,28303.955324
2025-12-25 03:30:00+01:00,21218.189775579114,23910.890604,4565.779211016757,4298.298,25783.96898659587,28209.188604,28221.344268
2025-12-25 03:45:00+01:00,21213.46682207879,23794.121428,4492.850521586505,4337.508,25706.317343665294,28131.629428,28143.711784
2025-12-25 04:00:00+01:00,20051.936985158096,23729.84598,5143.099378471221,4292.499,25195.03636362932,28022.34498,28034.211044
2025-12-25 04:15:00+01:00,20053.567695935377,23665.057844,5133.831288090113,4277.385,25187.39898402549,27942.442843999997,27954.196736
2025-12-25 04:30:00+01:00,20054.27345889721,23488.753284,5115.298084200891,4251.933,25169.5715430981,27740.686284,27752.526364
2025-12-25 04:45:00+01:00,20042.72815308653,23378.906472,5107.657010108073,4254.072,25150.3851631946,27632.978472,27644.8419
2025-12-25 05:00:00+01:00,19493.57547758384,23312.841724,5291.173482474186,4272.874,24784.748960058027,27585.715724,27597.227832
2025-12-25 05:15:00+01:00,19507.667223355107,23279.28102,5294.187659303916,4210.554,24801.854882659023,27489.83502,27500.785708
2025-12-25 05:30:00+01:00,19499.44188777275,23196.543056,5312.646394306645,4266.719,24812.088282079396,27463.262056,27474.106556
2025-12-25 05:45:00+01:00,19488.84397350669,23202.719908,5301.328829284992,4258.256,24790.172802791683,27460.975908,27472.822532
2025-12-25 06:00:00+01:00,19714.360112919512,23997.59414,5237.166037716349,4363.131,24951.526150635862,28360.72514,28372.54042
2025-12-25 06:15:00+01:00,19697.0950483804,23980.497704,5253.04396989735,4512.015,24950.13901827775,28492.512704,28503.901172
2025-12-25 06:30:00+01:00,19681.132412170155,23746.391528,5232.883616770439,4484.745,24914.016028940594,28231.136528,28242.72406
2025-12-25 06:45:00+01:00,19660.25838085102,23555.609304,5194.982365126113,4444.424,24855.240745977135,28000.033304,28012.7571
2025-12-25 07:00:00+01:00,19719.676593222925,23483.338096,4571.207170095077,4373.294,24290.883763318,27856.632096,27870.246048
2025-12-25 07:15:00+01:00,19693.243062883845,23610.448368,4556.139737618695,4293.404,24249.38280050254,27903.852368,27918.90266
2025-12-25 07:30:00+01:00,19693.814790702425,23305.53926,4572.733418946533,4232.275,24266.548209648958,27537.81426,27554.828488
2025-12-25 07:45:00+01:00,19680.295648365478,23194.122272,4563.710772602713,4159.806,24244.00642096819,27353.928272,27382.788052
2025-12-25 08:00:00+01:00,20235.101052712293,22998.633072,4377.75770876308,4002.835,24612.85876147537,27001.468072,27045.711936
2025-12-25 08:15:00+01:00,20299.374236095482,22754.219184,4346.883746741836,3906.403,24646.25798283732,26660.622184,26827.494432
2025-12-25 08:30:00+01:00,20379.60347927088,22420.140528,4337.471317468989,3863.393,24717.07479673987,26283.533528,26876.6456
2025-12-25 08:45:00+01:00,20331.745079456075,21869.049256,4333.282695644517,3869.491,24665.027775100592,25738.540256,27132.800644
2025-12-25 09:00:00+01:00,19155.73584441773,21230.907008,4285.498856158025,3887.962,23441.234700575755,25118.869008,27603.71496
2025-12-25 09:15:00+01:00,18952.802045427303,20053.293816,4303.7939585765225,3816.371,23256.596004003826,23869.664816,27642.051024
2025-12-25 09:30:00+01:00,18797.41232767851,19167.926012,4276.499849528739,3766.148,23073.91217720725,22934.074012,28165.429324
2025-12-25 09:45:00+01:00,18651.30200599456,18446.349796,4254.0239726189075,3771.473,22905.325978613466,22217.822796,29030.458984
2025-12-25 10:00:00+01:00,17125.055923401673,17658.822916,3799.78828539905,3760.161,20924.84420880072,21418.983916,29883.626564
2025-12-25 10:15:00+01:00,16960.37324039044,16886.38226,3813.811448011358,3669.839,20774.184688401798,20556.22126,30692.263571999996
2025-12-25 10:30:00+01:00,16789.208480085777,15965.018724,3809.9690835700394,3532.986,20599.177563655816,19498.004724,31226.783144
2025-12-25 10:45:00+01:00,16620.633285348027,15100.578792,3796.7518330095145,3484.022,20417.385118357543,18584.600792,31806.122684
2025-12-25 11:00:00+01:00,16215.739416377399,14400.720712,3380.3761368400324,3454.938,19596.11555321743,17855.658712,32488.046368000003
2025-12-25 11:15:00+01:00,16021.93751647669,13893.915884,3388.634336226968,3192.332,19410.57185270366,17086.247884,32959.358036
2025-12-25 11:30:00+01:00,15863.094383619633,13573.275092,3378.059922308408,3103.581,19241.15430592804,16676.856092,33524.656352000005
2025-12-25 11:45:00+01:00,15718.541957384567,13338.520572,3358.6058802359867,3008.067,19077.147837620552,16346.587572,33999.241
2025-12-25 12:00:00+01:00,16029.263295319734,13094.75004,3390.268494982113,2937.614,19419.531790301848,16032.36404,34222.676996
2025-12-25 12:15:00+01:00,15910.56694716467,12911.92302,3386.903903923646,2811.247,19297.470851088317,15723.17002,34188.996516
2025-12-25 12:30:00+01:00,15789.660836110994,12664.80652,3374.038006145932,2621.3,19163.698842256927,15286.10652,33751.844456000006
2025-12-25 12:45:00+01:00,15694.956873717814,12602.67338,3366.3841813002205,2429.302,19061.341055018034,15031.97538,33216.392132
2025-12-25 13:00:00+01:00,15986.400742178415,12582.229916,3270.666482289966,2333.768,19257.06722446838,14915.997916,32625.236452
2025-12-25 13:15:00+01:00,15898.627344127119,12468.665072,3255.3939776611232,2215.008,19154.02132178824,14683.673072,31619.291012
2025-12-25 13:30:00+01:00,15822.235300503078,12402.673568,3289.973622571846,2175.172,19112.208923074926,14577.845568,30448.484252
2025-12-25 13:45:00+01:00,15770.703313838774,12328.391616,3306.4222232701486,2152.866,19077.12553710892,14481.257616,29090.07594
2025-12-25 14:00:00+01:00,16473.0615322997,12270.03138,3351.759624572668,2026.971,19824.821156872367,14297.00238,27476.835496
2025-12-25 14:15:00+01:00,16452.353789215806,12267.562204,3350.826688117989,1921.555,19803.180477333794,14189.117204,25663.950748
2025-12-25 14:30:00+01:00,16449.2757551176,12362.715756,3342.626237444589,1953.03,19791.90199256219,14315.745756,23911.034328
2025-12-25 14:45:00+01:00,16499.518431900793,12347.2152,3328.686017850652,1929.921,19828.204449751443,14277.1362,21925.468932
2025-12-25 15:00:00+01:00,16118.62180694758,12365.745352,3432.784527300263,1924.059,19551.406334247844,14289.804352,19962.263412
2025-12-25 15:15:00+01:00,16327.192940314231,12737.238428,3429.3519701441755,2037.898,19756.544910458408,14775.136428,18665.730168
2025-12-25 15:30:00+01:00,16596.335378642518,13447.943408,3440.169513846135,2162.75,20036.504892488654,15610.693408,17973.800155999998
2025-12-25 15:45:00+01:00,16870.00152149097,14432.482948,3429.8706265115666,2233.203,20299.872148002534,16665.685948000002,17854.275016000003
2025-12-25 16:00:00+01:00,18955.75009272775,15276.241956,3715.532274366877,2205.969,22671.282367094627,17482.210956,17925.044051999997
2025-12-25 16:15:00+01:00,19147.668840018603,16031.150964,3721.9935546577367,2242.692,22869.66239467634,18273.842964,18406.05922
2025-12-25 16:30:00+01:00,19343.169151435588,16799.905804,3742.03326718224,2218.08,23085.202418617828,19017.985804000004,19085.259868000005
2025-12-25 16:45:00+01:00,19648.38216976673,17490.408332,3772.924598826915,2192.443,23421.306768593644,19682.851332,19756.891064
2025-12-25 17:00:00+01:00,20624.33667318869,17847.677564,3649.8713010635806,2203.368,24274.20797425227,20051.045564,20093.973148
2025-12-25 17:15:00+01:00,20857.9463519612,18221.180712,3681.604481180907,2172.802,24539.550833142108,20393.982712,20436.999772
2025-12-25 17:30:00+01:00,20925.034332469193,18674.073888,3684.3267497461575,2184.34,24609.36108221535,20858.413888,20911.255964
2025-12-25 17:45:00+01:00,21129.302395688,18980.40078,3703.428625040673,2157.9,24832.731020728672,21138.30078,21183.168296
2025-12-25 18:00:00+01:00,21616.049401075405,19160.79824,3823.717417821976,2155.213,25439.76681889738,21316.01124,21366.930684
2025-12-25 18:15:00+01:00,21756.63014470969,19305.997168,3842.3722983329303,2199.044,25599.00244304262,21505.041168000003,21576.245364
2025-12-25 18:30:00+01:00,21898.93676964964,19249.063972,3866.564153830065,2201.949,25765.500923479707,21451.012972,21485.30698
2025-12-25 18:45:00+01:00,22023.007830317278,19065.381452,3877.5156511607483,2252.873,25900.523481478027,21318.254452,21355.658208
2025-12-25 19:00:00+01:00,20007.182652043564,18780.057884,3813.705486501801,2267.094,23820.888138545364,21047.151884000003,21074.852908000004
2025-12-25 19:15:00+01:00,20075.114716246786,18542.125724,3824.6478488572375,2294.859,23899.76256510402,20836.984724,20870.156812
2025-12-25 19:30:00+01:00,20147.569027080615,18258.198892,3835.4821786393927,2398.638,23983.051205720007,20656.836892,20687.454328
2025-12-25 19:45:00+01:00,20227.487737044317,17938.959404,3847.767502433245,2424.579,24075.255239477563,20363.538404000003,20380.949516000004
2025-12-25 20:00:00+01:00,19108.79347707268,17705.982308,3594.821066791382,2311.943,22703.61454386406,20017.925308,20033.210688
2025-12-25 20:15:00+01:00,19155.760541502354,17407.426248,3605.119278925351,2122.88,22760.879820427705,19530.306248,19544.801792
2025-12-25 20:30:00+01:00,19169.280719279315,17096.791448,3599.8479068497327,2046.016,22769.128626129048,19142.807448,19157.023864
2025-12-25 20:45:00+01:00,19182.100509554457,16723.81522,3587.5208729998844,1996.679,22769.621382554342,18720.49422,18733.474856
2025-12-25 21:00:00+01:00,18505.528197159514,16292.294768,3599.8208654977493,1970.276,22105.349062657264,18262.570768,18277.966292
2025-12-25 21:15:00+01:00,18511.694212409806,15882.871396,3611.0255299420933,1918.205,22122.7197423519,17801.076396,17816.442788
2025-12-25 21:30:00+01:00,18494.78358330687,15661.7193,3622.6593289650855,1880.036,22117.442912271956,17541.7553,17561.829152000002
2025-12-25 21:45:00+01:00,18477.361557574015,15421.915164,3625.057434465449,1795.329,22102.418992039464,17217.244164,17229.260916
2025-12-25 22:00:00+01:00,18073.80576775952,14671.891236,3419.137408050227,1739.153,21492.94317580975,16411.044235999998,16440.14868
2025-12-25 22:15:00+01:00,18075.63845204836,14361.330524,3441.8383425627703,1757.281,21517.476794611128,16118.611524,16132.14572
2025-12-25 22:30:00+01:00,18074.892320746316,14184.141308,3436.90439940354,1783.645,21511.796720149854,15967.786308,15980.851032
2025-12-25 22:45:00+01:00,18054.88662889646,14082.351472,3431.18214242439,1750.926,21486.06877132085,15833.277472,15845.22264
2025-12-25 23:00:00+01:00,16748.78990542228,13804.709812,2584.118497298624,1752.263,19332.908402720903,15556.972812,15573.344408
2025-12-25 23:15:00+01:00,16740.84758940979,13434.929852,2572.512955667482,1796.25,19313.360545077274,15231.179852,15242.927972
2025-12-25 23:30:00+01:00,16744.894106612002,13267.680372,2567.8835847112246,1749.721,19312.777691323226,15017.401372,15028.060608
2025-12-25 23:45:00+01:00,16732.574094583466,13055.061412,2548.5807581389627,1706.695,19281.15485272243,14761.756412,14770.415791999998
2025-12-26 00:00:00+01:00,15393.357865303107,12789.201248,1661.8339042329417,1648.055,17055.19176953605,14437.256248,14449.098908
2025-12-26 00:15:00+01:00,15383.038446353872,12608.91336,1654.2352189498154,1675.146,17037.273665303688,14284.05936,14297.507488
2025-12-26 00:30:00+01:00,15366.49109987634,12538.095116,1644.6187496300156,1732.908,17011.109849506356,14271.003116,14284.040668
2025-12-26 00:45:00+01:00,15350.411256983627,12396.759884,1637.3093915613026,1738.535,16987.720648544928,14135.294884,14147.841955999998
2025-12-26 01:00:00+01:00,13644.49660365996,12250.061536,1405.719589632031,1716.489,15050.216193291992,13966.550536,13976.306492
2025-12-26 01:15:00+01:00,13636.7632947375,12102.651112,1410.818444569079,1655.938,15047.581739306579,13758.589112,13767.78236
2025-12-26 01:30:00+01:00,13630.133561864039,11985.290212,1399.241025542628,1596.691,15029.374587406666,13581.981212,13590.060644
2025-12-26 01:45:00+01:00,13630.221973812104,11773.127276,1393.3950224966022,1555.775,15023.616996308707,13328.902276,13336.80474
2025-12-26 02:00:00+01:00,12831.65943195001,11693.605044,1299.891606554757,1570.029,14131.551038504766,13263.634044,13272.274416
2025-12-26 02:15:00+01:00,12808.665223079339,11677.36476,1299.0948659160283,1507.756,14107.760088995366,13185.12076,13195.220652
2025-12-26 02:30:00+01:00,12795.779379874983,11649.127304,1291.740735682232,1420.357,14087.520115557214,13069.484304,13083.574772
2025-12-26 02:45:00+01:00,12796.643733025536,11545.335308,1287.4248629849606,1415.034,14084.068596010497,12960.369308,12970.373016
2025-12-26 03:00:00+01:00,12502.7006862485,11556.720952,1210.929854161203,1361.991,13713.630540409702,12918.711952,12928.549488
2025-12-26 03:15:00+01:00,12510.59416033483,11570.886912,1202.3717184191548,1365.78,13712.965878753985,12936.666912,12946.63264
2025-12-26 03:30:00+01:00,12511.728930381154,11532.498432,1171.9218656457015,1382.057,13683.650796026855,12914.555432,12924.430656
2025-12-26 03:45:00+01:00,12508.117306094171,11546.119816,1128.0908505452505,1354.215,13636.20815663942,12900.334816,12909.686932
2025-12-26 04:00:00+01:00,12362.668397661042,11547.619276,972.4560290388193,1338.485,13335.124426699862,12886.104276,12894.515384
2025-12-26 04:15:00+01:00,12366.448557100777,11531.710156,963.7162344012071,1432.634,13330.164791501984,12964.344156,12972.97394
2025-12-26 04:30:00+01:00,12367.651457263628,11519.535428,945.2837553806386,1602.71,13312.935212644266,13122.245427999998,13130.773291999998
2025-12-26 04:45:00+01:00,12359.1470972079,11653.023764,932.9901232636286,1764.362,13292.13722047153,13417.385764,13426.784912
2025-12-26 05:00:00+01:00,12023.970351820331,11773.169272,958.0672581660481,1809.165,12982.037609986379,13582.334272,13591.857316
2025-12-26 05:15:00+01:00,12039.919415091032,11809.527552,960.1216295381518,1824.907,13000.041044629183,13634.434552,13643.850971999998
2025-12-26 05:30:00+01:00,12047.152860833894,11768.151844,979.8632249408079,1840.681,13027.016085774701,13608.832844,13617.979444
2025-12-26 05:45:00+01:00,12041.185766254926,11791.205604,969.1043949863988,1897.245,13010.290161241326,13688.450604,13698.485740000002
2025-12-26 06:00:00+01:00,12182.579641698703,12202.184208,928.534573917183,1851.207,13111.114215615886,14053.391208,14063.871024
2025-12-26 06:15:00+01:00,12166.486958594167,12217.576524,950.1664023068637,1778.964,13116.653360901031,13996.540524,14006.21338
2025-12-26 06:30:00+01:00,12145.295849216192,12230.05068,927.484078264573,1577.078,13072.779927480766,13807.12868,13817.52676
2025-12-26 06:45:00+01:00,12119.883961132236,12207.84842,886.4203799974289,1423.984,13006.304341129666,13631.83242,13643.742408
2025-12-26 07:00:00+01:00,11887.376188882628,12163.733024,829.9001055186171,1367.61,12717.276294401245,13531.343024,13544.69088
2025-12-26 07:15:00+01:00,11866.230811935793,12110.608992,812.9346597575113,1340.98,12679.165471693304,13451.588992,13465.58686
2025-12-26 07:30:00+01:00,11859.486197679213,12198.17634,824.7395762499402,1303.881,12684.225773929153,13502.05734,13517.966496
2025-12-26 07:45:00+01:00,11844.19964145689,12216.351424,811.6414804752897,1250.415,12655.841121932179,13466.766424,13489.302108000002
2025-12-26 08:00:00+01:00,11819.97091021465,12196.730856,914.6410244772884,1214.718,12734.611934691939,13411.448856,13455.252336
2025-12-26 08:15:00+01:00,11734.229986533228,12189.79754,883.660341443278,1189.667,12617.890327976505,13379.46454,13522.253956
2025-12-26 08:30:00+01:00,11643.22456784984,12212.5176,885.7245865264954,1147.123,12528.949154376336,13359.6406,13961.709392
2025-12-26 08:45:00+01:00,11592.516516537215,12190.138412,884.3663681853025,1071.332,12476.882884722518,13261.470412,14659.292096
2025-12-26 09:00:00+01:00,11573.495937111733,11899.779204,737.7363270270647,956.241,12311.232264138798,12856.020204,15352.814544
2025-12-26 09:15:00+01:00,11358.009762631818,11539.895292,751.2015316237741,874.336,12109.211294255592,12414.231292,16197.603248
2025-12-26 09:30:00+01:00,11205.212337311512,11251.434744,725.0788788060289,832.45,11930.29121611754,12083.884744,17356.598532
2025-12-26 09:45:00+01:00,11071.533813587592,10972.967352,702.9491793367642,817.041,11774.482992924357,11790.008352,18647.185672
2025-12-26 10:00:00+01:00,10894.50068452624,10743.779808,821.0255952929632,784.27,11715.526279819203,11528.049808,20078.684084
2025-12-26 10:15:00+01:00,10740.698373452346,10448.9669,830.7094593013519,819.432,11571.407832753697,11268.3989,21458.355352
2025-12-26 10:30:00+01:00,10581.249537615415,10253.15846,820.51201767764,775.352,11401.761555293055,11028.51046,22819.647184
2025-12-26 10:45:00+01:00,10425.865858253628,10117.3796,806.15194770845,705.414,11232.017805962078,10822.7936,24034.411716
2025-12-26 11:00:00+01:00,9434.360133887232,9644.542216,813.8556066786965,663.668,10248.215740565929,10308.210216,24810.886696
2025-12-26 11:15:00+01:00,9243.440844134026,9147.392916,825.4279915449965,626.392,10068.868835679023,9773.784916,25293.72444
2025-12-26 11:30:00+01:00,9105.423270429463,8627.138764,814.666322637104,612.446,9920.089593066567,9239.584764,25649.709032
2025-12-26 11:45:00+01:00,8976.989375010719,8242.365276,792.2778772228883,604.985,9769.267252233607,8847.350276000001,25889.979808
2025-12-26 12:00:00+01:00,6654.916872975003,7758.088952,790.8825532098156,596.752,7445.799426184818,8354.840952,25847.428648
2025-12-26 12:15:00+01:00,6543.004004418051,7216.774084,790.1223482761868,598.775,7333.126352694238,7815.549083999999,25459.944104
2025-12-26 12:30:00+01:00,6422.334458125178,6756.827128,776.2256041753993,565.091,7198.560062300577,7321.918128,24826.126336
2025-12-26 12:45:00+01:00,6334.679298449635,6328.33046,773.088089190124,506.256,7107.767387639759,6834.58646,23974.231172
2025-12-26 13:00:00+01:00,5255.489490436538,5916.756352,810.5582310266401,485.478,6066.047721463178,6402.234352,22964.473784
2025-12-26 13:15:00+01:00,5167.201376600562,5679.848548,797.0007618142588,508.377,5964.202138414821,6188.225548,21956.463704
2025-12-26 13:30:00+01:00,5090.615148673849,5451.204428,828.0699514447905,533.668,5918.68510011864,5984.872428,20807.76974
2025-12-26 13:45:00+01:00,5031.024327889167,5371.124168,845.4403552889294,517.859,5876.464683178096,5888.983168000001,19594.838756
2025-12-26 14:00:00+01:00,3824.6714975652008,5409.144412,877.6663318002275,477.168,4702.337829365428,5886.312411999999,18198.847492
2025-12-26 14:15:00+01:00,3799.2907008119955,5441.451776,877.2995184578662,479.349,4676.590219269861,5920.800776,16688.594096
2025-12-26 14:30:00+01:00,3783.234657460998,5433.634216,876.4818294738919,449.804,4659.71648693489,5883.4382160000005,14979.808892
2025-12-26 14:45:00+01:00,3823.7361327444273,5500.804016,867.1046886851011,418.245,4690.840821429529,5919.049016,13285.778232
2025-12-26 15:00:00+01:00,3813.909712025854,5667.826376,893.5770288768387,351.427,4707.486740902693,6019.253376,11561.422324
2025-12-26 15:15:00+01:00,4015.869875884424,6067.12146,892.6371875772252,295.708,4908.5070634616495,6362.82946,10191.799556
2025-12-26 15:30:00+01:00,4264.177391237388,6541.789116,905.0624680865369,324.239,5169.239859323925,6866.0281159999995,9189.489528
2025-12-26 15:45:00+01:00,4527.260038433543,7175.01034,901.7786329832084,298.116,5429.038671416751,7473.12634,8634.288919999999
2025-12-26 16:00:00+01:00,5304.040522967036,7811.399812,772.8692276913134,276.115,6076.909750658349,8087.514811999999,8514.999103999999
2025-12-26 16:15:00+01:00,5545.416807831965,8316.327048,784.5025198997296,236.8,6329.919327731695,8553.127047999998,8668.588311999998
2025-12-26 16:30:00+01:00,5771.099344403877,8686.364064,803.0593665713392,199.533,6574.158710975216,8885.897063999999,8942.821151999999
2025-12-26 16:45:00+01:00,6081.469724978566,9107.479376,833.722750324337,168.03,6915.1924753029025,9275.509376,9326.489604
2025-12-26 17:00:00+01:00,6992.533648249339,9496.835604,824.2488012103942,138.913,7816.7824494597335,9635.748604,9695.023248
2025-12-26 17:15:00+01:00,7220.917771522068,9817.24742,858.9839571955554,138.498,8079.901728717623,9955.74542,10016.63028
2025-12-26 17:30:00+01:00,7349.899774612368,9986.609156,862.0075120761842,135.052,8211.907286688553,10121.661156,10172.689616
2025-12-26 17:45:00+01:00,7556.502066937596,10114.438788,887.5784785458771,130.184,8444.080545483474,10244.622788,10318.241451999998
2025-12-26 18:00:00+01:00,8086.507274408643,10328.234116,938.7023611943529,144.43,9025.209635602996,10472.664116,10559.623792
2025-12-26 18:15:00+01:00,8222.61764719765,10347.783108,959.4028925761311,187.111,9182.020539773781,10534.894108,10584.544432
2025-12-26 18:30:00+01:00,8362.324469271362,10311.708964,983.153316731667,198.114,9345.477786003028,10509.822964,10557.97598
2025-12-26 18:45:00+01:00,8481.504791034567,10239.1131,994.086143656053,188.826,9475.590934690621,10427.9391,10467.551128
2025-12-26 19:00:00+01:00,7031.22992879648,10291.642124,814.2704107322779,200.889,7845.500339528758,10492.531124,10528.081092
2025-12-26 19:15:00+01:00,7092.180604865297,10330.360116,827.2795338990557,209.57,7919.460138764352,10539.930116,10614.684616
2025-12-26 19:30:00+01:00,7154.973865706024,10330.189996,843.7258866145759,239.575,7998.6997523206,10569.764996,10596.978976
2025-12-26 19:45:00+01:00,7232.751053794566,10406.0128,854.86823339653,260.946,8087.619287191096,10666.9588,10701.391184
2025-12-26 20:00:00+01:00,6741.34099353495,10435.388636,709.7665840064257,287.672,7451.107577541376,10723.060636,10788.139092
2025-12-26 20:15:00+01:00,6779.906543189646,10424.259408,720.2654287274194,329.521,7500.171971917065,10753.780408,10773.345128
2025-12-26 20:30:00+01:00,6784.462862634865,10362.25988,711.2611546197375,350.004,7495.724017254603,10712.26388,10726.062916
2025-12-26 20:45:00+01:00,6794.773225701025,10345.47888,701.7498542903559,364.443,7496.523079991381,10709.92188,10723.744648
2025-12-26 21:00:00+01:00,6826.910159437353,10427.09558,672.7106298159539,378.22,7499.6207892533075,10805.31558,10822.245587999998
2025-12-26 21:15:00+01:00,6823.219188641644,10515.658316,683.5227687826036,456.648,7506.741957424248,10972.306315999998,10985.608499999998
2025-12-26 21:30:00+01:00,6799.574443070193,10564.102624,698.3199055775165,516.61,7497.89434864771,11080.712624,11092.00302
2025-12-26 21:45:00+01:00,6768.588883442897,10581.452692,700.0567582556155,505.406,7468.645641698513,11086.858692000002,11095.768812000002
2025-12-26 22:00:00+01:00,5960.604741833249,10221.360772,691.0817696863248,493.007,6651.686511519574,10714.367772,10735.26124
2025-12-26 22:15:00+01:00,5948.965332826923,10140.710336,712.831032125318,501.008,6661.796364952241,10641.718336,10652.733308
2025-12-26 22:30:00+01:00,5934.497883999488,10063.625896,707.315892898431,540.811,6641.8137768979195,10604.436896,10613.497452
2025-12-26 22:45:00+01:00,5904.970060006049,10088.769504,698.6451657054527,609.026,6603.615225711501,10697.795504,10706.441948
2025-12-26 23:00:00+01:00,5775.429630691545,10146.7145,723.1404173119413,654.672,6498.570048003487,10801.3865,10810.424616
2025-12-26 23:15:00+01:00,5755.768753559892,10105.93962,709.1322686800208,705.886,6464.901022239912,10811.82562,10821.137992
2025-12-26 23:30:00+01:00,5752.486202405775,10080.083816,702.4128639212822,775.356,6454.899066327057,10855.439816,10865.076156
2025-12-26 23:45:00+01:00,5726.184563568626,10100.150088,684.1764949366509,801.813,6410.361058505277,10901.963088,10911.214232
2025-12-27 00:00:00+01:00,5530.2654971855445,10017.858176,644.6318017208021,795.004,6174.897298906347,10812.862176,10821.801188
2025-12-27 00:15:00+01:00,5512.013545941623,10008.293272,639.3296147118926,723.004,6151.343160653516,10731.297272000002,10740.667896
2025-12-27 00:30:00+01:00,5490.890048490159,9986.668788,632.9167579072873,755.727,6123.806806397446,10742.395788000002,10751.504012
2025-12-27 00:45:00+01:00,5469.66586178125,9921.572224,626.9561293870734,766.384,6096.621991168324,10687.956224,10697.212712
2025-12-27 01:00:00+01:00,5019.610571331672,9888.367976,743.2085048365774,756.567,5762.819076168249,10644.934976,10654.43686
2025-12-27 01:15:00+01:00,5004.132148727144,9865.573088,749.0442969753041,819.873,5753.176445702448,10685.446088,10694.675915999998
2025-12-27 01:30:00+01:00,4992.222693423642,9874.9248,737.4388891228919,919.918,5729.661582546534,10794.8428,10804.542172
2025-12-27 01:45:00+01:00,4984.480713799758,9886.098032,730.5160594914269,967.631,5714.996773291185,10853.729032,10863.653348
2025-12-27 02:00:00+01:00,4981.039024155609,9854.451008,873.9186855152707,1076.349,5854.95770967088,10930.800008,10941.223696
2025-12-27 02:15:00+01:00,4959.641337548157,9713.433048,871.8069246269082,1234.438,5831.448262175065,10947.871048,10957.573652
2025-12-27 02:30:00+01:00,4948.633222215916,9647.87646,862.6447711993465,1373.282,5811.277993415262,11021.15846,11031.501248
2025-12-27 02:45:00+01:00,4946.805115069122,9585.685804,858.9567794037274,1434.621,5805.761894472849,11020.306804,11031.028508
2025-12-27 03:00:00+01:00,5549.962702507733,9752.661092,1163.1527475083365,1625.5,6713.11545001607,11378.161092,11388.397512
2025-12-27 03:15:00+01:00,5555.858568965093,9793.060536,1154.810242052743,1925.897,6710.668811017836,11718.957536000002,11728.184880000004
2025-12-27 03:30:00+01:00,5551.686204663517,9616.856492,1124.9746253532485,2128.49,6676.660830016765,11745.346492,11753.63078
2025-12-27 03:45:00+01:00,5543.787610784187,9552.977536,1080.111477322143,2314.987,6623.899088106329,11867.964536,11876.104284
2025-12-27 04:00:00+01:00,5651.727165029353,9444.704828,1537.1284757173914,2486.617,7188.855640746745,11931.321828,11939.794164
2025-12-27 04:15:00+01:00,5655.917480964029,9314.585528,1530.1424622701154,2622.66,7186.059943234144,11937.245528,11945.832932
2025-12-27 04:30:00+01:00,5654.132656429204,9335.346944,1516.4932760234287,2675.352,7170.625932452633,12010.698944,12020.021816
2025-12-27 04:45:00+01:00,5647.178063734962,9450.860668,1508.3529940962057,2594.807,7155.531057831167,12045.667667999998,12054.378275999998
2025-12-27 05:00:00+01:00,6977.980095212287,9601.49506,2606.8528878215093,2874.842,9584.832983033797,12476.33706,12485.822332
2025-12-27 05:15:00+01:00,6994.939387729103,9864.11172,2608.7269620702805,3012.386,9603.666349799383,12876.49772,12886.058052
2025-12-27 05:30:00+01:00,6991.075276257054,9856.093768,2628.4167015955327,3194.615,9619.491977852587,13050.708768,13060.108836
2025-12-27 05:45:00+01:00,6985.607694706859,9709.337192,2619.1014102308422,3480.811,9604.709104937701,13190.148192,13199.51246
2025-12-27 06:00:00+01:00,8750.51662938013,10110.861752,2963.903448995405,3020.568,11714.420078375535,13131.429752,13141.482112
2025-12-27 06:15:00+01:00,8737.249813131713,10200.082664,2981.7325875611878,3232.164,11718.982400692901,13432.246664,13441.835476
2025-12-27 06:30:00+01:00,8717.977442457151,10238.894716,2955.213478011466,3521.297,11673.190920468618,13760.191716,13769.869576
2025-12-27 06:45:00+01:00,8693.269588935435,10346.524992,2910.256812525557,3446.002,11603.526401460991,13792.526992,13803.063080000002
2025-12-27 07:00:00+01:00,8735.586722076132,10448.998756,3028.1772185295144,3394.291,11763.763940605646,13843.289756000002,13854.690988000002
2025-12-27 07:15:00+01:00,8715.677578484889,10729.453696,3012.0678838333847,3629.658,11727.745462318273,14359.111696,14370.410124
2025-12-27 07:30:00+01:00,8710.026026368483,11042.553136,3023.4302958860158,4001.739,11733.456322254498,15044.292136,15057.006268
2025-12-27 07:45:00+01:00,8695.790114312089,11344.418368,3008.9991093320223,4623.596,11704.789223644111,15968.014368,15985.047624
2025-12-27 08:00:00+01:00,8350.657406168279,11705.31248,3501.7887819979496,5076.758,11852.446188166228,16782.070480000002,16831.976636000003
2025-12-27 08:15:00+01:00,8317.97881013963,11851.192656,3471.8279571781795,5169.17,11789.806767317808,17020.362655999998,17212.146068
2025-12-27 08:30:00+01:00,8268.762274815072,12122.458848,3454.6307775540477,5151.259,11723.39305236912,17273.717848,18074.458664
2025-12-27 08:45:00+01:00,8214.713664138879,12172.033976,3452.910066021806,5171.614,11667.623730160685,17343.647976,19098.15772
2025-12-27 09:00:00+01:00,9290.632290788835,12020.1745,4327.944661640266,5393.027,13618.5769524291,17413.2015,20333.228056
2025-12-27 09:15:00+01:00,9055.034966972553,11999.396688,4338.6989668599135,5363.238,13393.733933832467,17362.634688000002,21649.996952
2025-12-27 09:30:00+01:00,8884.38392284591,12096.344028,4312.033117050383,5251.797,13196.417039896292,17348.141028,23096.75022
2025-12-27 09:45:00+01:00,8740.256624768443,12260.262832,4293.728490047596,5088.717,13033.985114816038,17348.979832,24577.438264
2025-12-27 10:00:00+01:00,10989.041929087523,12348.58718,4759.163726310472,4286.332,15748.205655397996,16634.91918,25388.706068
2025-12-27 10:15:00+01:00,10824.451736496698,12514.269952,4766.751530660591,3966.461,15591.203267157289,16480.730952,26664.570896
2025-12-27 10:30:00+01:00,10648.861356944033,12843.221648,4750.840140469742,4029.78,15399.701497413775,16873.001648,28424.099196000003
2025-12-27 10:45:00+01:00,10479.946314678462,13379.5805,4734.56760844705,3930.286,15214.513923125513,17309.8665,30084.983928
2025-12-27 11:00:00+01:00,12274.2436723018,13807.520132,4720.064143552283,4220.098,16994.30781585408,18027.618132,31865.287664
2025-12-27 11:15:00+01:00,12080.028485607923,14053.763248,4724.260716021702,4666.512,16804.289201629625,18720.275248,33404.268295999995
2025-12-27 11:30:00+01:00,11941.196544147693,14376.509724,4712.424493015011,5084.92,16653.621037162702,19461.429724,34792.875084
2025-12-27 11:45:00+01:00,11813.702750969916,14511.1089,4687.895938416586,5463.04,16501.598689386505,19974.1489,35855.490576
2025-12-27 12:00:00+01:00,14973.52236344374,14528.091156,5413.844254054644,5924.45,20387.366617498385,20452.541156,36628.33946
2025-12-27 12:15:00+01:00,14861.536306366928,14738.089816,5407.531099908835,6188.152,20269.067406275764,20926.241816,37166.907884
2025-12-27 12:30:00+01:00,14737.946606889329,15420.202348,5386.684118505364,6247.135,20124.630725394694,21667.337348,37769.450504
2025-12-27 12:45:00+01:00,14650.041747307392,15903.518984,5376.499840067557,6263.007,20026.541587374948,22166.525984,37922.955572
2025-12-27 13:00:00+01:00,15399.548552508522,15858.519268,6015.846385820908,6271.492,21415.39493832943,22130.011268,37240.415152
2025-12-27 13:15:00+01:00,15308.824633708444,15802.68412,5999.749233977598,6018.312,21308.573867686042,21820.99612,36078.997808
2025-12-27 13:30:00+01:00,15230.993327261016,16351.198588,6025.122957541627,5804.433,21256.116284802643,22155.631588,35499.558924
2025-12-27 13:45:00+01:00,15172.659514660176,16648.507324,6038.072462056158,5712.864,21210.731976716335,22361.371324,34634.573984
2025-12-27 14:00:00+01:00,15700.53470060446,16629.957412,6168.540418293192,5863.475,21869.07511889765,22493.432412,33490.030548
2025-12-27 14:15:00+01:00,15673.416655384603,16300.397328,6165.4364169909595,5926.109,21838.85307237556,22226.506328,31810.018568
2025-12-27 14:30:00+01:00,15658.0703728639,16077.959616,6165.5477887152165,6067.196,21823.618161579117,22145.155616,30246.142916
2025-12-27 14:45:00+01:00,15689.659405063674,16243.44138,6159.259537502519,6083.958,21848.918942566193,22327.39938,28921.59436
2025-12-27 15:00:00+01:00,16560.438183363585,16289.691572,6768.784309374481,6485.358,23329.222492738067,22775.049572,27816.792112
2025-12-27 15:15:00+01:00,16778.465468199403,16460.610852,6769.698950847709,6591.07,23548.164419047112,23051.680852,26630.5795
2025-12-27 15:30:00+01:00,17050.452936833237,16763.084492,6783.02275428938,6598.817,23833.475691122618,23361.901492,25667.93324
2025-12-27 15:45:00+01:00,17332.450256312404,16677.710128,6782.756380783648,6880.417,24115.206637096053,23558.127128,24842.422976
2025-12-27 16:00:00+01:00,16745.871978960866,16256.995752,6716.013619390607,7150.609,23461.885598351473,23407.604752,23915.6543
2025-12-27 16:15:00+01:00,17016.209011745454,16203.013016,6729.990131453069,7499.618,23746.199143198523,23702.631016,23867.15886
2025-12-27 16:30:00+01:00,17286.0265492909,16216.228504,6747.792586055037,7526.896,24033.819135345933,23743.124504,23815.05034
2025-12-27 16:45:00+01:00,17599.85930015672,16258.891588,6776.65805721094,7479.852,24376.51735736766,23738.743588,23798.826312
2025-12-27 17:00:00+01:00,16641.765338627793,16209.698404,6701.152967692976,7926.797,23342.918306320767,24136.495404,24179.460964
2025-12-27 17:15:00+01:00,16869.387372405694,16304.876672,6737.612019927097,8074.453,23606.999392332793,24379.329672,24432.28124
2025-12-27 17:30:00+01:00,17077.95666362819,16239.682044,6767.07552378342,7994.811,23845.03218741161,24234.493044,24301.208468
2025-12-27 17:45:00+01:00,17288.638690706,16222.67222,6787.770444152935,7876.577,24076.409134858935,24099.24922,24161.328184
2025-12-27 18:00:00+01:00,15687.775367142485,16428.211168,6190.939597004894,7897.698,21878.71496414738,24325.909168,24409.362736000003
2025-12-27 18:15:00+01:00,15823.560086424342,16514.446668,6210.198559269128,7777.034,22033.75864569347,24291.480668,24335.017676
2025-12-27 18:30:00+01:00,15958.695427313502,16412.73666,6234.21067016957,7645.798,22192.90609748307,24058.53466,24095.54298
2025-12-27 18:45:00+01:00,16069.162546741049,16343.708304,6246.636255788282,7426.101,22315.79880252933,23769.809304,23802.841004
2025-12-27 19:00:00+01:00,14052.823058488533,16401.605696,5915.7516983451405,7450.233,19968.574756833674,23851.838696,23869.832692
2025-12-27 19:15:00+01:00,14103.895565576015,16323.360052,5925.945252895216,7286.984,20029.84081847123,23610.344052,23625.832292
2025-12-27 19:30:00+01:00,14152.358611800057,16334.55418,5943.27424478916,7178.151,20095.632856589218,23512.705179999997,23528.09656
2025-12-27 19:45:00+01:00,14215.745067298449,16146.936264,5954.140030914732,7078.531,20169.88509821318,23225.467264,23240.647056
2025-12-27 20:00:00+01:00,12529.130896796421,15963.248916,4993.430815277038,7133.263,17522.56171207346,23096.511916,23109.6904
2025-12-27 20:15:00+01:00,12552.746549170299,15467.750492,4995.595281732268,7065.929,17548.341830902566,22533.679492,22543.449096
2025-12-27 20:30:00+01:00,12547.804778083739,14942.259448,4984.446962716327,6993.173,17532.251740800064,21935.432448,21945.07874
2025-12-27 20:45:00+01:00,12542.004242563822,14520.037676,4973.154063320734,6823.77,17515.158305884557,21343.807676,21354.349444
2025-12-27 21:00:00+01:00,9909.901824246275,14163.752848,3853.157821048786,6595.194,13763.059645295061,20758.946848,20768.504368
2025-12-27 21:15:00+01:00,9893.633175355948,13771.213696,3857.9942441037156,6390.69,13751.627419459663,20161.903696,20172.504304
2025-12-27 21:30:00+01:00,9861.50471958044,13504.96098,3865.0162967876495,6094.795,13726.52101636809,19599.75598,19608.198512000003
2025-12-27 21:45:00+01:00,9810.76453350704,12906.305328,3860.646334188219,5861.368,13671.410867695258,18767.673328,18775.727736
2025-12-27 22:00:00+01:00,9263.11824400361,12390.594868,3118.0840974728567,5555.645,12381.202341476466,17946.239868,17955.48588
2025-12-27 22:15:00+01:00,9237.240560974951,12276.732324,3128.291403097711,5259.727,12365.531964072663,17536.459324,17545.865256
2025-12-27 22:30:00+01:00,9217.990471907571,12009.459864,3117.34597264763,4905.141,12335.336444555202,16914.600864,16922.396676
2025-12-27 22:45:00+01:00,9182.005094144473,11879.409784,3098.677514612697,4659.161,12280.68260875717,16538.570784,16545.689712
2025-12-27 23:00:00+01:00,9440.80018174023,11822.857244,3009.7554589046067,4472.802,12450.555640644836,16295.659244,16303.196172
2025-12-27 23:15:00+01:00,9409.582920719264,11827.535708,2990.782139007338,4459.959,12400.365059726602,16287.494707999998,16294.349015999998
2025-12-27 23:30:00+01:00,9398.407474525085,11624.75908,2969.090330688772,4373.11,12367.497805213858,15997.86908,16004.77746
2025-12-27 23:45:00+01:00,9358.709044295621,11668.7826,2940.947391402686,4424.467,12299.656435698307,16093.2496,16100.242292
2025-12-28 00:00:00+01:00,11082.635678258368,11447.505912,2543.6676250679707,4557.944,13626.303303326338,16005.449912,16012.38534
2025-12-28 00:15:00+01:00,11051.721835900951,11466.971468,2533.7278430459655,4648.136,13585.449678946916,16115.107468,16122.169328
2025-12-28 00:30:00+01:00,11022.027092217275,11327.43712,2526.7337024228164,4710.614,13548.760794640091,16038.05112,16045.082356
2025-12-28 00:45:00+01:00,10990.250408620605,11195.753628,2516.966237329808,4473.34,13507.216645950411,15669.093628,15676.64818
2025-12-28 01:00:00+01:00,11022.204009335415,11216.527804,2472.2799803695857,4155.791,13494.483989705,15372.318804,15381.004676
2025-12-28 01:15:00+01:00,11000.218359067008,11270.178228,2478.6359380512795,3805.854,13478.854297118287,15076.032228,15084.639536
2025-12-28 01:30:00+01:00,10982.3255704116,11398.401492,2467.883261074932,3387.255,13450.208831486532,14785.656492000002,14793.421952000002
2025-12-28 01:45:00+01:00,10965.614767737687,11515.398648,2460.666266900306,3099.369,13426.281034637992,14614.767648,14622.772028
2025-12-28 02:00:00+01:00,12695.735634074998,11597.278508,2549.9265655673125,2797.856,15245.66219964231,14395.134508,14403.946591999998
2025-12-28 02:15:00+01:00,12662.541287270411,11526.558492,2551.0022649693065,2528.729,15213.543552239717,14055.287492,14062.3674
2025-12-28 02:30:00+01:00,12643.198053733697,11415.587628,2546.521715633146,2262.532,15189.719769366842,13678.119628,13685.192124
2025-12-28 02:45:00+01:00,12631.555526297483,11353.564436,2544.6261614157793,2080.049,15176.181687713262,13433.613436,13441.943932
2025-12-28 03:00:00+01:00,13661.677853787125,11256.436344,2664.647284184231,1939.312,16326.325137971357,13195.748344,13203.21276
2025-12-28 03:15:00+01:00,13658.149246685622,10911.875556,2664.660485683929,1850.088,16322.809732369551,12761.963556,12769.55512
2025-12-28 03:30:00+01:00,13637.205100632087,10522.193196,2641.3862454297546,1765.584,16278.591346061841,12287.777196,12295.305344
2025-12-28 03:45:00+01:00,13615.884098376207,10242.590716,2601.186061346145,1705.431,16217.070159722352,11948.021716,11956.318332
2025-12-28 04:00:00+01:00,13610.592747287348,10008.73638,2558.353592638172,1639.497,16168.94633992552,11648.23338,11655.130992
2025-12-28 04:15:00+01:00,13599.339172237098,9641.158496,2554.0311262161567,1589.695,16153.370298453254,11230.853496,11237.5239
2025-12-28 04:30:00+01:00,13582.477396783202,9273.91906,2540.258603187252,1566.497,16122.735999970455,10840.41606,10848.076564
2025-12-28 04:45:00+01:00,13563.821974880806,9054.696856,2531.1058221114213,1549.417,16094.927796992228,10604.113856,10610.47866
2025-12-28 05:00:00+01:00,12501.777855178107,8806.316228,2507.2419446151384,1545.633,15009.019799793245,10351.949228,10358.2956
2025-12-28 05:15:00+01:00,12507.23752816114,8694.189792,2516.889430217276,1571.107,15024.126958378416,10265.296792,10273.564012
2025-12-28 05:30:00+01:00,12482.513191014243,8477.216312,2545.6268300218544,1543.79,15028.140021036097,10021.006312,10027.740912
2025-12-28 05:45:00+01:00,12463.348590305388,8241.27244,2549.876933644789,1478.459,15013.225523950177,9719.73144,9728.793344000002
2025-12-28 06:00:00+01:00,12419.324453207335,8013.633432,2530.524376737103,1504.152,14949.848829944438,9517.785432,9524.358816
2025-12-28 06:15:00+01:00,12395.639940645542,7805.968944,2547.6144182744647,1474.696,14943.254358920007,9280.664944,9289.62776
2025-12-28 06:30:00+01:00,12367.693259002303,7654.791296,2521.676046316564,1488.738,14889.369305318867,9143.529296,9151.069676
2025-12-28 06:45:00+01:00,12340.050503974498,7362.450732,2479.2815319102797,1467.34,14819.332035884778,8829.790732,8850.463484
2025-12-28 07:00:00+01:00,12298.40668219194,7094.443544,2273.4214141131847,1354.498,14571.828096305126,8448.941544,8470.40412
2025-12-28 07:15:00+01:00,12283.11601813467,6945.23218,2262.5344389451657,1373.036,14545.650457079835,8318.26818,8330.830539999999
2025-12-28 07:30:00+01:00,12272.251270928035,6819.86842,2282.573480009726,1371.152,14554.824750937762,8191.02042,8211.203496
2025-12-28 07:45:00+01:00,12251.351512309957,6724.158384,2287.569898430506,1434.198,14538.921410740462,8158.356384000001,8175.280608000001
2025-12-28 08:00:00+01:00,12333.032358612865,6683.327236,2194.41588493572,1359.773,14527.448243548584,8043.100236,8075.179372
2025-12-28 08:15:00+01:00,12290.359763143066,6665.137192,2164.6314021111434,1313.98,14454.991165254209,7979.117192,8114.86208
2025-12-28 08:30:00+01:00,12150.756300089633,6616.292828,2109.16542198919,1129.19,14259.921722078823,7745.482828,8427.470868
2025-12-28 08:45:00+01:00,12066.37366860174,6442.69128,2109.8141785491184,928.919,14176.187847150859,7371.61028,9011.217852
2025-12-28 09:00:00+01:00,12109.207988149241,6082.370672,2096.2124845316375,785.028,14205.420472680878,6867.398672,9782.846696
2025-12-28 09:15:00+01:00,11827.85823516398,5847.376508,2105.1825634175825,615.472,13933.040798581562,6462.848508,10872.858584
2025-12-28 09:30:00+01:00,11634.778077583916,5560.462004,2083.7017247202657,466.614,13718.479802304182,6027.076004,12129.856836
2025-12-28 09:45:00+01:00,11484.230544795386,5324.550604,2077.508123909735,460.428,13561.73866870512,5784.978604,13661.307084
2025-12-28 10:00:00+01:00,11495.675434443892,5103.69538,2003.408236760911,478.029,13499.083671204804,5581.72438,15147.048812
2025-12-28 10:15:00+01:00,11321.429807786139,4820.447392,2004.4205965866597,531.311,13325.850404372799,5351.758392,16550.068064
2025-12-28 10:30:00+01:00,11142.43493493109,4428.4888,1983.7266552382366,538.561,13126.161590169328,4967.0498,17644.417656
2025-12-28 10:45:00+01:00,10965.871323268602,4106.563444,1967.238787214694,603.275,12933.110110483296,4709.838444,18703.464584
2025-12-28 11:00:00+01:00,10783.297717724452,3973.195984,1720.7910435130739,728.37,12504.088761237526,4701.565984,19893.881284
2025-12-28 11:15:00+01:00,10566.257741782389,3918.964616,1719.5328467448019,854.818,12285.79058852719,4773.782616,20951.804040000003
2025-12-28 11:30:00+01:00,10404.939904865732,3791.079632,1706.1542973631563,944.017,12111.09420222889,4735.096632,21656.390876
2025-12-28 11:45:00+01:00,10260.6323841133,3720.328052,1681.4949136727098,932.475,11942.12729778601,4652.803052,22066.309072
2025-12-28 12:00:00+01:00,10231.827362000855,3728.575148,1789.8184898388079,893.774,12021.645851839663,4622.349148,22356.775904
2025-12-28 12:15:00+01:00,10109.183185987682,3815.475364,1785.510351516235,889.618,11894.693537503917,4705.093364,22527.481824
2025-12-28 12:30:00+01:00,9965.456064338852,3924.531544,1768.9229768465786,978.747,11734.379041185432,4903.278544,22620.89128
2025-12-28 12:45:00+01:00,9854.602491147964,4050.49148,1756.7104091669858,1129.72,11611.31290031495,5180.21148,22613.35216
2025-12-28 13:00:00+01:00,9650.309882344312,4057.927496,1960.7408607349153,1287.825,11611.050743079228,5345.752496,22229.538212
2025-12-28 13:15:00+01:00,9550.971764753502,4138.406032,1936.8497632147055,1470.792,11487.821527968208,5609.198032,21798.89112
2025-12-28 13:30:00+01:00,9467.083437614396,4228.785644,1954.7732470647888,1738.04,11421.856684679184,5966.825644,21216.338016
2025-12-28 13:45:00+01:00,9405.387942429414,4309.036856,1964.7439542318948,1887.164,11370.131896661309,6196.2008559999995,20266.773864
2025-12-28 14:00:00+01:00,9577.615380010011,4544.877808,2396.3603511157417,2067.222,11973.975731125753,6612.099808000001,19265.309472
2025-12-28 14:15:00+01:00,9548.31073798195,4808.12086,2392.299682595368,2402.963,11940.610420577319,7211.083860000001,18362.806068
2025-12-28 14:30:00+01:00,9522.830933677827,5065.727712,2390.387983670907,2788.633,11913.218917348735,7854.360712,17309.00192
2025-12-28 14:45:00+01:00,9544.381240589519,5466.30796,2380.475349375433,2979.301,11924.856589964951,8445.60896,16115.154568
2025-12-28 15:00:00+01:00,9585.85889045351,6032.535236,2698.334610173958,3010.499,12284.193500627469,9043.034236,14910.099751999998
2025-12-28 15:15:00+01:00,9844.598794533133,6733.368444,2696.8893055213866,2981.642,12541.48810005452,9715.010444,13855.800024
2025-12-28 15:30:00+01:00,10138.715223443945,7823.643104,2710.6149770869392,2936.351,12849.330200530885,10759.994104,13337.853964
2025-12-28 15:45:00+01:00,10437.312944233923,8637.99184,2709.7453162737124,2852.124,13147.058260507636,11490.11584,12835.41382
2025-12-28 16:00:00+01:00,11088.710189490039,9380.889792,3346.765300401897,2797.248,14435.475489891936,12178.137792,12687.911016
2025-12-28 16:15:00+01:00,11390.481924877728,10045.280004,3366.5556802655055,2515.265,14757.037605143232,12560.545004,12693.16384
2025-12-28 16:30:00+01:00,11672.864068127254,10717.987036,3383.2348563386017,2293.013,15056.098924465856,13011.000036,13054.382252
2025-12-28 16:45:00+01:00,11983.424009156533,11339.079804,3404.539020356491,2246.132,15387.963029513025,13585.211804,13625.671836
2025-12-28 17:00:00+01:00,14055.859369475178,11801.251732,4074.0805703406854,2293.982,18129.939939815864,14095.233732,14163.977432
2025-12-28 17:15:00+01:00,14281.992846031764,12186.20992,4110.880622810314,2579.994,18392.873468842077,14766.20392,14831.103448
2025-12-28 17:30:00+01:00,14507.15561108448,12558.939948,4143.489127331166,2788.839,18650.644738415645,15347.778948,15444.350524
2025-12-28 17:45:00+01:00,14712.301349601597,12926.571424,4161.908517591173,2865.802,18874.20986719277,15792.373424,15859.356684
2025-12-28 18:00:00+01:00,16436.12935701417,13318.564432,4846.173695574603,3020.052,21282.303052588773,16338.616432,16410.019927999998
2025-12-28 18:15:00+01:00,16568.071473019092,13724.034716,4868.518188007615,3404.693,21436.58966102671,17128.727716,17152.423188
2025-12-28 18:30:00+01:00,16697.339800775182,14021.138232,4890.08562513825,3587.874,21587.425425913432,17609.012232,17627.47152
2025-12-28 18:45:00+01:00,16802.71878895409,14495.999344,4905.9764844969795,3893.444,21708.69527345107,18389.443344,18406.279252
2025-12-28 19:00:00+01:00,19259.453443366292,14796.532516,5209.856617343231,4169.216,24469.310060709522,18965.748516,18981.314276
2025-12-28 19:15:00+01:00,19315.99316875745,15001.948644,5214.868320219741,4360.96,24530.861488977192,19362.908644,19374.882331999997
2025-12-28 19:30:00+01:00,19365.771183720808,15175.375068,5231.734626521532,4430.537,24597.50581024234,19605.912068,19616.92276
2025-12-28 19:45:00+01:00,19430.925507796066,15332.66274,5244.703327218636,4413.824,24675.6288350147,19746.48674,19756.92346
2025-12-28 20:00:00+01:00,20948.752645926426,15301.819424,5516.525741412582,4265.985,26465.278387339007,19567.804424,19595.309284
2025-12-28 20:15:00+01:00,20973.89047955121,15268.130888,5519.162625944473,4327.35,26493.05310549568,19595.480888,19613.513912
2025-12-28 20:30:00+01:00,20971.061073721336,15264.191116,5508.773073110813,4365.677,26479.83414683215,19629.868116,19659.912608
2025-12-28 20:45:00+01:00,20967.216653096144,15482.7649,5498.052402689824,4413.922,26465.269055785968,19896.6869,19909.516572
2025-12-28 21:00:00+01:00,21546.939957779803,15843.602152,5216.30536385478,4285.195,26763.245321634582,20128.797152,20136.978756
2025-12-28 21:15:00+01:00,21534.95928822177,15954.195016,5227.663799223577,4356.808,26762.623087445347,20311.003016,20322.183764
2025-12-28 21:30:00+01:00,21506.263214834442,16201.233944,5234.912799857997,4377.568,26741.17601469244,20578.801944,20588.493388
2025-12-28 21:45:00+01:00,21470.602532561163,16600.579156,5229.024008383621,4319.242,26699.626540944784,20919.821156,20927.473811999997
2025-12-28 22:00:00+01:00,21826.362737611893,16215.12186,5311.908376300253,4363.216,27138.271113912146,20578.33786,20591.702264
2025-12-28 22:15:00+01:00,21796.90943143858,16649.86236,5323.8848333061005,4512.152,27120.79426474468,21162.01436,21169.837816
2025-12-28 22:30:00+01:00,21775.892675800922,17040.182772,5317.9639860071065,4768.985,27093.85666180803,21809.167772,21816.557512
2025-12-28 22:45:00+01:00,21740.37098366523,17275.177472,5303.351961825773,4897.681,27043.722945491005,22172.858472,22180.483432
2025-12-28 23:00:00+01:00,20234.3532255683,17325.884196,5736.083435274497,5092.541,25970.436660842795,22418.425196,22426.195944
2025-12-28 23:15:00+01:00,20206.453809433726,17655.881508,5714.104547063626,5299.564,25920.558356497353,22955.445507999997,22963.053375999996
2025-12-28 23:30:00+01:00,20196.521843492075,18016.997012,5693.714267152198,5395.44,25890.236110644273,23412.437012,23420.034664
2025-12-28 23:45:00+01:00,20159.97434420984,18403.827788,5667.481517355343,5382.787,25827.455861565184,23786.614788,23794.071248
2025-12-29 00:00:00+01:00,18639.440441759863,18706.875664,5423.643419382595,5908.857,24063.08386114246,24615.732664,24623.260652
2025-12-29 00:15:00+01:00,18613.35048234531,19049.591504,5418.704298214509,6132.163,24032.05478055982,25181.754504,25188.974868
2025-12-29 00:30:00+01:00,18582.860517106532,19258.183888,5415.6907213413115,6282.458,23998.551238447842,25540.641888,25547.592824
2025-12-29 00:45:00+01:00,18555.129477125774,19479.360392,5404.329908650783,6254.849,23959.459385776558,25734.209391999997,25741.329808
2025-12-29 01:00:00+01:00,18828.055186684058,19693.655768,6102.607213403397,6643.137,24930.662400087454,26336.792768,26343.883524
2025-12-29 01:15:00+01:00,18812.40117018281,19807.30768,6099.582745546912,6766.048,24911.98391572972,26573.35568,26580.521908
2025-12-29 01:30:00+01:00,18802.594949331542,19593.367632,6079.037393289933,6662.476,24881.632342621473,26255.843632,26261.63266
2025-12-29 01:45:00+01:00,18797.098970728934,19520.439672,6063.574398959964,6796.165,24860.6733696889,26316.604672,26322.300052
2025-12-29 02:00:00+01:00,18816.088436768387,19554.721176,6135.215364284646,6937.537,24951.303801053033,26492.258176,26498.004964
2025-12-29 02:15:00+01:00,18786.281602678588,19656.00114,6127.10096503592,6962.312,24913.382567714507,26618.31314,26623.721916
2025-12-29 02:30:00+01:00,18767.74682091619,19519.730012,6115.628030348724,7042.487,24883.37485126491,26562.217012,26567.831264
2025-12-29 02:45:00+01:00,18758.34436582149,19629.096284,6108.43046872023,7027.089,24866.77483454172,26656.185284,26661.805904
2025-12-29 03:00:00+01:00,19723.182844811527,19779.83232,6152.211018177054,7017.105,25875.39386298858,26796.93732,26802.532912
2025-12-29 03:15:00+01:00,19711.66573443273,19811.635008,6150.748151904943,7009.178,25862.413886337672,26820.813008,26826.364852
2025-12-29 03:30:00+01:00,19682.371007953956,19757.198468,6125.212756528256,6943.676,25807.583764482213,26700.874468,26706.383135999997
2025-12-29 03:45:00+01:00,19658.423437971564,19614.035412,6084.266897353543,6892.396,25742.690335325107,26506.431412,26511.88422
2025-12-29 04:00:00+01:00,19786.514445887544,19471.903508,6070.44559908683,6855.806,25856.960044974374,26327.709508,26332.7054
2025-12-29 04:15:00+01:00,19768.630105585304,19422.944672,6064.443438436068,6738.033,25833.073544021372,26160.977672,26165.870956
2025-12-29 04:30:00+01:00,19746.84588798351,19177.343436,6050.851495036785,6760.351,25797.697383020295,25937.694436,25942.6212
2025-12-29 04:45:00+01:00,19724.963451091844,18943.000204,6040.546281456311,6632.945,25765.509732548155,25575.945204,25581.022596
2025-12-29 05:00:00+01:00,19315.14116611734,18659.254248,5919.339469009065,6353.167,25234.480635126405,25012.421248,25017.73716
2025-12-29 05:15:00+01:00,19320.65656643416,18233.4597,5928.030434995146,6064.988,25248.68700142931,24298.4477,24304.35598
2025-12-29 05:30:00+01:00,19296.257090825937,17860.8674,5954.673557471602,5860.789,25250.930648297537,23721.6564,23727.898864
2025-12-29 05:45:00+01:00,19274.07690388029,17481.376384,5957.335178331259,5845.202,25231.41208221155,23326.578384,23332.899828
2025-12-29 06:00:00+01:00,19630.865922099227,17586.896828,5597.579551228928,5993.074,25228.445473328153,23579.970828,23586.405576
2025-12-29 06:15:00+01:00,19605.184523152413,17297.544236,5596.158018712907,6242.82,25201.34254186532,23540.364236,23546.659984
2025-12-29 06:30:00+01:00,19584.15477328633,16917.200004,5569.3680303315505,6262.449,25153.52280361788,23179.649004,23186.28822
2025-12-29 06:45:00+01:00,19558.978888205933,16587.74246,5527.7294229761,6164.011,25086.708311182032,22751.75346,22761.274848
2025-12-29 07:00:00+01:00,19485.79745772098,16377.00758,5620.662420914882,5888.458,25106.459878635862,22265.46558,22273.847212
2025-12-29 07:15:00+01:00,19476.738696349712,16343.74194,5610.4186984180105,5717.632,25087.157394767724,22061.37394,22070.119295999997
2025-12-29 07:30:00+01:00,19470.422266348585,16579.072004,5630.73355516558,5806.171,25101.155821514163,22385.243004000004,22394.452616
2025-12-29 07:45:00+01:00,19449.843475383586,16525.551388,5639.192949095139,5796.536,25089.036424478727,22322.087388,22335.86864
2025-12-29 08:00:00+01:00,19521.527274635668,16453.341872,5531.624562479147,5784.436,25053.151837114816,22237.777872,22261.52672
2025-12-29 08:15:00+01:00,19540.155997271424,16253.01262,5502.514768148942,5935.79,25042.670765420364,22188.80262,22269.098039999997
2025-12-29 08:30:00+01:00,19670.709337210068,16105.865072,5517.304710378899,5732.001,25188.014047588968,21837.866072,22285.432352
2025-12-29 08:45:00+01:00,19616.776675569865,16150.33518,5519.752603808683,5578.257,25136.52927937855,21728.59218,22812.288404
2025-12-29 09:00:00+01:00,19849.13121004239,16094.813616,5377.049991552788,5613.803,25226.181201595176,21708.616616,23652.528924
2025-12-29 09:15:00+01:00,19628.033746456233,16042.58428,5384.723841329226,5683.541,25012.757587785458,21726.12528,24631.963984
2025-12-29 09:30:00+01:00,19462.06339233236,15995.224468,5363.090226074931,5694.91,24825.15361840729,21690.134468,25635.326496
2025-12-29 09:45:00+01:00,19326.49403571148,16038.044892,5352.210021871373,5586.988,24678.70405758285,21625.032892,26613.492908
2025-12-29 10:00:00+01:00,19832.383376840025,16015.601692,5513.090781019904,5491.915,25345.474157859928,21507.516692,27564.390088
2025-12-29 10:15:00+01:00,19676.982336460638,16064.19068,5505.051449691167,5585.245,25182.033786151806,21649.43568,28680.661763999997
2025-12-29 10:30:00+01:00,19519.675514856073,16144.201568,5483.498043244561,5586.918,25003.173558100636,21731.119568,29608.589216
2025-12-29 10:45:00+01:00,19373.036821104357,16424.614252,5464.189858863024,5597.9,24837.22667996738,22022.514252,30658.382868
2025-12-29 11:00:00+01:00,19334.369033976123,16518.820568,5461.727064572149,5798.918,24796.096098548274,22317.738568,31579.243444
2025-12-29 11:15:00+01:00,19139.21834031527,16633.756708,5472.197872701273,5810.152,24611.416213016542,22443.908708000003,32230.260548
2025-12-29 11:30:00+01:00,19001.348564018204,16988.425544,5471.891439816363,5772.285,24473.240003834566,22760.710544,33018.761676
2025-12-29 11:45:00+01:00,18871.4567758224,17382.60522,5458.604099011391,5842.136,24330.06087483379,23224.741220000004,33716.086972000005
2025-12-29 12:00:00+01:00,18834.967488583523,17740.089104,5814.137180348456,5414.821,24649.104668931977,23154.910104,33824.713952
2025-12-29 12:15:00+01:00,18730.11317455868,17806.275568,5816.608853174733,5670.736,24546.722027733413,23477.011568,34193.431648
2025-12-29 12:30:00+01:00,18618.43209526785,17953.351324,5801.940015923104,5654.52,24420.372111190954,23607.871324,34248.18096
2025-12-29 12:45:00+01:00,18530.91214281026,18199.647864,5791.3749869590365,5823.688,24322.287129769295,24023.335864,34441.549704000005
2025-12-29 13:00:00+01:00,19756.779980548406,18209.238756,6078.440300405659,6015.759,25835.220280954065,24224.997755999997,34218.731056
2025-12-29 13:15:00+01:00,19664.681756662427,18236.29868,6050.042889832852,6386.948,25714.724646495277,24623.24668,34082.643704
2025-12-29 13:30:00+01:00,19605.632858446006,18335.658828,6063.079512343238,6693.336,25668.712370789246,25028.994828,33866.899004
2025-12-29 13:45:00+01:00,19559.42581187685,18486.118116,6070.171419385805,6819.752,25629.597231262655,25305.870116,33444.690364
2025-12-29 14:00:00+01:00,21346.278495348193,18596.965448,6335.789725400036,7116.29,27682.06822074823,25713.255448,33002.101603999996
2025-12-29 14:15:00+01:00,21312.61390146413,18762.435212,6338.4266293293795,7265.367,27651.04053079351,26027.802212,32369.081380000003
2025-12-29 14:30:00+01:00,21307.67338153299,18692.330396,6342.989113093819,7203.452,27650.66249462681,25895.782396,31256.027156000004
2025-12-29 14:45:00+01:00,21342.316155479974,18563.606244,6333.343555204716,7152.469,27675.65971068469,25716.075244,30050.81174
2025-12-29 15:00:00+01:00,21124.695541867066,18341.776644,6732.063662249351,7290.474,27856.759204116417,25632.250644,28958.98168
2025-12-29 15:15:00+01:00,21325.35399557748,18472.940332,6749.968657420289,7509.974,28075.32265299777,25982.914332,28376.233628
2025-12-29 15:30:00+01:00,21617.296354487367,19063.532032,6772.228183914429,7611.253,28389.524538401798,26674.785032,28258.188612
2025-12-29 15:45:00+01:00,21893.499403002606,19394.237544,6778.087195473774,7608.951,28671.58659847638,27003.188544,27881.726204
2025-12-29 16:00:00+01:00,22585.39853297651,19775.439968,6699.73593936878,7685.498,29285.13447234529,27460.937968,27788.914104
2025-12-29 16:15:00+01:00,22811.62074971505,19921.407916,6727.343932692735,7746.049,29538.964682407786,27667.456916,27752.988416
2025-12-29 16:30:00+01:00,23063.67218051399,20223.972708,6744.105795415928,7706.02,29807.777975929916,27929.992708,27977.13312
2025-12-29 16:45:00+01:00,23356.732751864212,20646.964144,6764.250498160552,7687.415,30120.983250024765,28334.379144,28371.568776000004
2025-12-29 17:00:00+01:00,22455.466846496336,20993.670936,6640.64420724332,7766.841,29096.111053739656,28760.511936,28793.222064
2025-12-29 17:15:00+01:00,22671.00934534332,21067.676116,6701.238984666401,7713.77,29372.24833000972,28781.446116,28808.929952
2025-12-29 17:30:00+01:00,22934.673121587297,21002.50948,6741.35336222666,7743.907,29676.026483813956,28746.41648,28803.968028
2025-12-29 17:45:00+01:00,23122.26790619882,21233.166728,6756.208009855783,7766.798,29878.475916054602,28999.964728,29035.231664
2025-12-29 18:00:00+01:00,22410.984096689353,21180.210748,6727.330023733024,7979.32,29138.31412042238,29159.530748,29195.057788
2025-12-29 18:15:00+01:00,22527.968973872703,20949.474412,6745.684531000127,7955.336,29273.65350487283,28904.810412,28936.82792
2025-12-29 18:30:00+01:00,22636.582440804268,20765.68642,6759.403440933509,7971.915,29395.985881737775,28737.601420000003,28765.040224000004
2025-12-29 18:45:00+01:00,22725.790101661034,20685.6125,6767.604794482067,7998.324,29493.3948961431,28683.9365,28703.989496
2025-12-29 19:00:00+01:00,23575.098300353267,20744.642176,6748.410826304392,8013.412,30323.50912665766,28758.054176,28812.0478
2025-12-29 19:15:00+01:00,23624.203464367536,20673.558044,6752.754789745038,8190.935,30376.958254112575,28864.493044000003,28912.22904
2025-12-29 19:30:00+01:00,23671.159203289513,20469.973628,6763.852121758459,8152.584,30435.011325047974,28622.557628,28637.638811999997
2025-12-29 19:45:00+01:00,23724.65206729585,20466.887884,6775.862124907272,8171.243,30500.51419220312,28638.130884,28650.231431999997
2025-12-29 20:00:00+01:00,24689.06068070847,20203.748616,7133.984238822427,8066.576,31823.044919530897,28270.324616,28283.344576000003
2025-12-29 20:15:00+01:00,24695.84389208846,20144.75088,7137.14900014176,8078.169,31832.992892230217,28222.91988,28234.961596
2025-12-29 20:30:00+01:00,24681.73075315752,19907.663972,7124.301690591298,8052.781,31806.03244374882,27960.444972,27971.072975999996
2025-12-29 20:45:00+01:00,24660.64477094034,19565.863564,7109.626231188119,8079.908,31770.27100212846,27645.771564,27655.77752
2025-12-29 21:00:00+01:00,22212.870366052954,19398.302696,7373.203269959972,7959.3,29586.073636012927,27357.602696,27367.586032
2025-12-29 21:15:00+01:00,22189.91818865741,19178.712172,7370.706086529853,7947.43,29560.624275187263,27126.142172,27136.238608
2025-12-29 21:30:00+01:00,22151.380002932856,18948.05518,7370.0062857109215,7824.49,29521.38628864378,26772.54518,26782.31486
2025-12-29 21:45:00+01:00,22100.269381922935,18995.359176,7363.184290634116,7724.273,29463.45367255705,26719.632176000003,26729.554876
2025-12-29 22:00:00+01:00,21169.145055104233,18305.726016,7210.098010706279,7830.543,28379.24306581051,26136.269016,26146.962452
2025-12-29 22:15:00+01:00,21138.60099193861,18521.01376,7213.238928246613,7826.144,28351.839920185223,26347.15776,26357.626832
2025-12-29 22:30:00+01:00,21111.33446937867,18566.346628,7198.689734201414,7956.972,28310.024203580084,26523.318628,26534.115680000003
2025-12-29 22:45:00+01:00,21077.979940546786,18757.4568,7177.964564034837,8003.507,28255.944504581625,26760.9638,26771.517955999996
2025-12-29 23:00:00+01:00,18831.15277475198,18983.181728,6743.621579122902,7823.145,25574.774353874884,26806.326728,26817.374832
2025-12-29 23:15:00+01:00,18811.05478143178,19306.670296,6723.499389391956,7802.439,25534.554170823736,27109.109296,27119.156564
2025-12-29 23:30:00+01:00,18802.185789674793,19645.094916,6700.972966261729,7787.053,25503.15875593652,27432.147916,27442.63602
2025-12-29 23:45:00+01:00,18772.979158095444,19440.411204,6676.904766514146,7755.151,25449.88392460959,27195.562204,27205.884012
2025-12-30 00:00:00+01:00,16627.40211720225,19205.478916,6434.486151388427,8328.544,23061.88826859068,27534.022916,27544.206152
2025-12-30 00:15:00+01:00,16621.376579105417,19086.609588,6436.3454601181575,8367.555,23057.722039223576,27454.164588,27464.096384
2025-12-30 00:30:00+01:00,16605.244387339677,18840.664748,6438.284698628244,8243.035,23043.529085967923,27083.699748,27094.741748
2025-12-30 00:45:00+01:00,16590.310206131737,18662.673904,6426.937134276131,8173.158,23017.247340407866,26835.831904,26847.122251999997
2025-12-30 01:00:00+01:00,15636.160872345206,18587.387076,6122.959637312843,8149.225,21759.12050965805,26736.612076,26748.905575999997
2025-12-30 01:15:00+01:00,15631.84048220399,18469.87054,6122.408621932532,8062.317,21754.24910413652,26532.18754,26543.533804
2025-12-30 01:30:00+01:00,15628.274116415427,18195.0964,6099.282905735739,7975.6,21727.557022151166,26170.6964,26181.324104
2025-12-30 01:45:00+01:00,15634.672060228886,18032.053616,6086.895724587903,7917.097,21721.56778481679,25949.150616,25959.733064
2025-12-30 02:00:00+01:00,15187.97010565426,18198.129772,5692.338636992576,7827.282,20880.308742646834,26025.411772,26035.902436
2025-12-30 02:15:00+01:00,15174.599698606857,18384.812424,5684.794301723816,7904.112,20859.39400033067,26288.924424,26299.304464
2025-12-30 02:30:00+01:00,15163.150479024785,18317.233364,5674.693071961611,7974.566,20837.843550986396,26291.799364,26303.288183999997
2025-12-30 02:45:00+01:00,15166.10776651928,18312.65514,5667.8470356225625,7978.602,20833.954802141845,26291.25714,26301.883327999996
2025-12-30 03:00:00+01:00,16640.99903350092,18223.052456,5563.700187159261,7943.249,22204.699220660183,26166.301456,26176.88668
2025-12-30 03:15:00+01:00,16641.15893022556,18123.305636,5559.387237321073,7966.233,22200.546167546632,26089.538636,26100.143412
2025-12-30 03:30:00+01:00,16620.004898212886,18259.002216,5534.008385821098,8111.231,22154.013284033987,26370.233216,26381.246892
2025-12-30 03:45:00+01:00,16602.566496496693,18477.918448,5496.790842891044,8212.008,22099.357339387738,26689.926448,26700.381444
2025-12-30 04:00:00+01:00,16234.232935531676,18533.729668,5370.4425831714,8219.309,21604.675518703076,26753.038668,26763.800644000003
2025-12-30 04:15:00+01:00,16224.137588410827,18431.778048,5363.101600137991,8163.64,21587.239188548818,26595.418048,26605.556244
2025-12-30 04:30:00+01:00,16206.986333838415,18396.656016,5350.634917333405,8105.025,21557.62125117182,26501.681016,26511.88168
2025-12-30 04:45:00+01:00,16192.843205237195,18421.61924,5334.190509448409,8074.76,21527.033714685604,26496.37924,26506.529316000004
2025-12-30 05:00:00+01:00,15359.340192541631,18511.460068,5346.257205283591,8099.144,20705.597397825222,26610.604068,26620.182236
2025-12-30 05:15:00+01:00,15361.248665810002,18648.666824,5352.098385510043,8058.495,20713.347051320045,26707.161824,26715.561788
2025-12-30 05:30:00+01:00,15334.406582210762,18785.5718,5375.466438053794,7936.357,20709.873020264557,26721.9288,26729.130256
2025-12-30 05:45:00+01:00,15303.895365195656,18832.031788,5377.092926381391,7833.343,20680.988291577047,26665.374788,26671.878172
2025-12-30 06:00:00+01:00,15168.130173340973,19352.562636,5649.047091534951,7767.664,20817.17726487592,27120.226636,27126.723732
2025-12-30 06:15:00+01:00,15135.286301222057,19234.554108,5651.7910456272975,7695.918,20787.077346849353,26930.472108,26937.125788
2025-12-30 06:30:00+01:00,15102.335256152399,19014.858884,5621.221691040951,7650.921,20723.55694719335,26665.779884000003,26672.661852000005
2025-12-30 06:45:00+01:00,15069.617857394147,19027.646496,5576.216006548312,7623.073,20645.83386394246,26650.719496,26658.57092
2025-12-30 07:00:00+01:00,14603.32382647003,18936.75046,5670.723476962902,7533.459,20274.047303432933,26470.20946,26479.183528
2025-12-30 07:15:00+01:00,14588.411345485723,18689.936788,5657.632173732613,7459.857,20246.043519218336,26149.793788,26160.044252
2025-12-30 07:30:00+01:00,14571.758671982165,18836.00386,5678.677140966914,7301.241,20250.43581294908,26137.24486,26148.270544
2025-12-30 07:45:00+01:00,14544.272209071833,18649.170184,5685.356577725018,7212.302,20229.62878679685,25861.472184,25875.114228
2025-12-30 08:00:00+01:00,14019.130425580355,18449.756248,5557.595605678842,7077.769,19576.726031259197,25527.525248,25547.758428
2025-12-30 08:15:00+01:00,13979.469965945105,18269.692604,5528.711885864109,6991.935,19508.181851809215,25261.627604,25317.893896
2025-12-30 08:30:00+01:00,14045.535835492146,18298.68308,5499.570870368518,7021.384,19545.106705860664,25320.06708,25595.787584
2025-12-30 08:45:00+01:00,13984.28950802926,18090.283376,5493.3462739621655,6987.232,19477.635781991426,25077.515376,25932.164884
2025-12-30 09:00:00+01:00,14272.578668066246,17716.934208,5308.284573155619,6884.181,19580.863241221865,24601.115208,26290.724
2025-12-30 09:15:00+01:00,14052.49124488089,16917.140848,5316.0128483420995,6644.561,19368.50409322299,23561.701847999997,26322.95574
2025-12-30 09:30:00+01:00,13883.442330357653,16175.671184,5289.79376656911,6507.508,19173.23609692676,22683.179184,26772.661168
2025-12-30 09:45:00+01:00,13746.765949868874,15669.500612,5277.373634112049,6507.684,19024.139583980923,22177.184612,27804.958304
2025-12-30 10:00:00+01:00,13342.892768940848,15284.595924,5098.418030892001,6435.156,18441.31079983285,21719.751924,28952.616592
2025-12-30 10:15:00+01:00,13189.809623365816,14875.631444,5095.04638618876,6390.226,18284.856009554576,21265.857444,30163.15298
2025-12-30 10:30:00+01:00,13027.607950584836,14498.629172,5072.697750537973,6262.441,18100.30570112281,20761.070172,31327.466124
2025-12-30 10:45:00+01:00,12876.798740189328,14057.673656,5057.409286653637,5978.3,17934.208026842964,20035.973656,32128.015140000003
2025-12-30 11:00:00+01:00,13173.449624484158,13664.600048,5432.4248795812055,5338.586,18605.874504065363,19003.186048,32622.624883999997
2025-12-30 11:15:00+01:00,12985.344884476879,13371.653404,5447.405900034971,5224.874,18432.75078451185,18596.527404,33525.849556
2025-12-30 11:30:00+01:00,12852.514849777515,13309.018036,5448.418765064038,5034.857,18300.933614841553,18343.875036,34333.319643999996
2025-12-30 11:45:00+01:00,12730.875059947297,13295.237436,5433.42155898156,4879.22,18164.296618928856,18174.457436,34880.994612
2025-12-30 12:00:00+01:00,13243.153566148852,13226.549132,5380.169959360433,4883.082,18623.323525509284,18109.631132,35090.021072
2025-12-30 12:15:00+01:00,13148.92290398644,13541.203684,5383.840449795608,4752.801,18532.763353782047,18294.004684,35364.457008
2025-12-30 12:30:00+01:00,13047.62647235489,13808.952704,5372.197333224521,4625.74,18419.82380557941,18434.692704,35375.251172000004
2025-12-30 12:45:00+01:00,12969.028853612908,13905.641076,5366.491326817132,4566.131,18335.52018043004,18471.772076,35049.212252
2025-12-30 13:00:00+01:00,13189.869193135568,14210.194568,5241.797465286138,4531.753,18431.666658421706,18741.947568,34648.135312
2025-12-30 13:15:00+01:00,13102.741768741747,14406.490984,5221.527781541474,4733.71,18324.26955028322,19140.200984,34162.622663999995
2025-12-30 13:30:00+01:00,13049.854153039512,14501.952096,5243.744280359444,4956.106,18293.598433398955,19458.058096,33465.4215
2025-12-30 13:45:00+01:00,13003.93296432373,14663.7147,5256.188692031884,4912.251,18260.121656355615,19575.9657,32456.654624000003
2025-12-30 14:00:00+01:00,13050.690300519851,14614.957008,5405.310083908181,5211.281,18456.000384428033,19826.238008,31433.267324
2025-12-30 14:15:00+01:00,13020.13651894001,14981.25844,5418.207530417396,5456.43,18438.344049357405,20437.68844,30632.744324
2025-12-30 14:30:00+01:00,13020.535443872433,14980.24598,5435.096598979751,5569.28,18455.632042852187,20549.52598,29207.282908
2025-12-30 14:45:00+01:00,13061.416790589787,14876.30976,5434.724623594847,5731.63,18496.141414184633,20607.93976,27646.720868
2025-12-30 15:00:00+01:00,12649.006986346547,14619.328888,6047.0547464890715,6194.361,18696.061732835617,20813.689888,26159.431868
2025-12-30 15:15:00+01:00,12842.103750563443,14588.191676,6055.465135456878,6290.911,18897.568886020323,20879.102676,24640.516996
2025-12-30 15:30:00+01:00,13125.691085803279,14669.338428,6068.299233776438,6433.817,19193.990319579716,21103.155428,23487.239968
2025-12-30 15:45:00+01:00,13400.77403953496,14883.892688,6073.580470461665,6392.642,19474.354509996625,21276.534688,22549.85742
2025-12-30 16:00:00+01:00,14221.168492541969,15180.64536,6445.69916541708,6052.64,20666.867657959046,21233.28536,21748.408636
2025-12-30 16:15:00+01:00,14431.33964974311,15510.7649,6462.652168951694,6059.77,20893.991818694805,21570.5349,21726.739972
2025-12-30 16:30:00+01:00,14752.848112332587,15939.647392,6467.574275093561,6213.636,21220.422387426148,22153.283392,22215.162364
2025-12-30 16:45:00+01:00,15037.315415571658,16232.503464,6480.487690554931,6256.393,21517.80310612659,22488.896464,22602.882939999996
2025-12-30 17:00:00+01:00,14418.453925615067,16542.784004,6457.650312646847,5540.323,20876.104238261913,22083.107004,22146.40624
2025-12-30 17:15:00+01:00,14609.912397638289,16728.72246,6495.889910995853,5412.03,21105.80230863414,22140.75246,22204.329456
2025-12-30 17:30:00+01:00,14787.740889706864,17018.060576,6551.192257423563,5375.425,21338.933147130425,22393.485576,22476.914812
2025-12-30 17:45:00+01:00,14964.649160593777,17112.517028,6583.145458858677,5381.605,21547.794619452456,22494.122028,22585.880503999997
2025-12-30 18:00:00+01:00,15358.358727913219,17322.901712,6684.47670585823,5195.463,22042.835433771448,22518.364712,22593.673612
2025-12-30 18:15:00+01:00,15472.333944075743,17422.66516,6713.713406437526,5314.069,22186.04735051327,22736.73416,22768.788288
2025-12-30 18:30:00+01:00,15574.191719979552,17489.882516,6733.447366381096,5418.616,22307.639086360647,22908.498516,22944.438108
2025-12-30 18:45:00+01:00,15664.38323627966,17594.052108,6748.977965188723,5334.476,22413.361201468382,22928.528108,22973.21474
2025-12-30 19:00:00+01:00,15419.688379680385,17365.462512,6655.2026619457465,4881.54,22074.89104162613,22247.002512,22279.943892
2025-12-30 19:15:00+01:00,15467.309332574663,16995.037884,6666.253088755317,4329.278,22133.56242132998,21324.315884000003,21352.008316000003
2025-12-30 19:30:00+01:00,15512.191228989082,16630.462708,6675.086921561911,3972.998,22187.278150550992,20603.460708,20650.598052
2025-12-30 19:45:00+01:00,15554.077689136859,16353.959848,6685.5610708983895,4092.831,22239.638760035246,20446.790848,20488.637896
2025-12-30 20:00:00+01:00,15239.059787801887,16082.999756,6908.190053474852,4492.112,22147.249841276738,20575.111756,20630.082116
2025-12-30 20:15:00+01:00,15239.30417011636,15855.16012,6915.19564556572,4330.19,22154.49981568208,20185.35012,20206.237964
2025-12-30 20:30:00+01:00,15218.92696094625,15542.961692,6904.671082300325,4159.887,22123.598043246573,19702.848692,19718.600144
2025-12-30 20:45:00+01:00,15204.792820235225,15274.792536,6893.629502823337,4306.608,22098.422323058563,19581.400536,19592.7226
2025-12-30 21:00:00+01:00,16016.546796883717,15085.9196,6660.435499758598,4527.286,22676.982296642316,19613.2056,19623.816368
2025-12-30 21:15:00+01:00,15994.206327448397,14828.356404,6667.167595257913,4211.223,22661.37392270631,19039.579404,19047.761552
2025-12-30 21:30:00+01:00,15964.447541596595,14701.22122,6665.7961806283765,4098.353,22630.243722224972,18799.57422,18816.851747999997
2025-12-30 21:45:00+01:00,15932.997100574763,14748.43118,6652.202884490608,4845.039,22585.19998506537,19593.47018,19609.28438
2025-12-30 22:00:00+01:00,16823.640375893385,14621.471576,6726.806122054128,4692.491,23550.446497947512,19313.962576,19339.72582
2025-12-30 22:15:00+01:00,16805.85826103599,14883.921836,6732.303438189294,4309.538,23538.161699225286,19193.459836,19213.129115999996
2025-12-30 22:30:00+01:00,16787.82448064537,15108.953784,6724.257798552343,4182.439,23512.08227919771,19291.392784,19304.508328
2025-12-30 22:45:00+01:00,16757.574252065504,15509.183972,6707.7040773287,4324.943,23465.278329394205,19834.126972,19845.453792
2025-12-30 23:00:00+01:00,16718.788701159843,15842.126648,6724.431396195747,4354.394,23443.22009735559,20196.520648,20206.522859999997
2025-12-30 23:15:00+01:00,16705.64482756749,16192.660028,6708.88807234648,4587.702,23414.532899913967,20780.362028,20789.466288
2025-12-30 23:30:00+01:00,16701.812874650277,16549.37198,6685.868277627603,4748.001,23387.68115227788,21297.37298,21306.524244
2025-12-30 23:45:00+01:00,16679.51577993388,16945.717384,6660.6569813226915,4895.879,23340.172761256574,21841.596384,21850.457
2025-12-31 00:00:00+01:00,17453.23106626029,17457.326804,7417.570579115265,4964.727,24870.801645375555,22422.053804,22431.62158
2025-12-31 00:15:00+01:00,17440.036059419373,17801.474856,7422.662889296922,5128.356,24862.698948716294,22929.830856,22939.19404
2025-12-31 00:30:00+01:00,17417.16387511405,18189.760876,7420.538334780073,5718.268,24837.702209894123,23908.028876,23917.8958
2025-12-31 00:45:00+01:00,17401.15650449832,18539.910136,7406.4462521440155,5493.408,24807.602756642336,24033.318136,24042.875136
2025-12-31 01:00:00+01:00,17187.871422244396,18920.465264,7217.185342049799,5382.011,24405.056764294197,24302.476263999997,24312.167636
2025-12-31 01:15:00+01:00,17177.60822106695,19411.892748,7215.610753746296,5858.551,24393.218974813244,25270.443748,25279.939356
2025-12-31 01:30:00+01:00,17163.564439966078,19844.613208,7189.368949981418,5645.952,24352.933389947495,25490.565208,25500.511848
2025-12-31 01:45:00+01:00,17164.37564469118,19959.16314,7176.147586997524,5493.88,24340.523231688705,25453.04314,25462.852784
2025-12-31 02:00:00+01:00,18725.679843538866,19873.869868,7101.263326834495,5854.857,25826.94317037336,25728.726868,25738.59488
2025-12-31 02:15:00+01:00,18716.532402332727,19953.502784,7094.027693839569,6244.873,25810.560096172296,26198.375784,26207.991908
2025-12-31 02:30:00+01:00,18705.181452606175,20186.126596,7084.841670204357,6774.964,25790.023122810533,26961.090596,26971.20342
2025-12-31 02:45:00+01:00,18716.23992806082,20326.059632,7080.0104374429975,6933.926,25796.250365503816,27259.985632,27270.058272
2025-12-31 03:00:00+01:00,20886.809552295956,20570.718668,7047.816274208371,7159.696,27934.62582650433,27730.414668,27740.211736
2025-12-31 03:15:00+01:00,20886.48340964127,21030.717,7044.383130235548,7511.566,27930.86653987682,28542.283,28552.1015
2025-12-31 03:30:00+01:00,20871.347918108935,21540.8467,7023.189714775573,7543.313,27894.53763288451,29084.159699999997,29094.188511999997
2025-12-31 03:45:00+01:00,20858.274282305174,22013.289836,6989.191546323653,7593.016,27847.465828628825,29606.305836,29617.094632
2025-12-31 04:00:00+01:00,22657.418997862012,22377.078916,6945.594586211097,7729.573,29603.01358407311,30106.651916,30117.290168
2025-12-31 04:15:00+01:00,22653.172569104157,22615.259592,6937.665682725246,7659.977,29590.838251829402,30275.236591999997,30284.744315999997
2025-12-31 04:30:00+01:00,22638.353243560345,23041.614852,6923.8864667849775,7511.588,29562.239710345322,30553.202852,30562.98286
2025-12-31 04:45:00+01:00,22630.425157215155,23371.009244,6905.705509776915,7304.799,29536.13066699207,30675.808244,30685.784248
2025-12-31 05:00:00+01:00,25364.11071937541,23738.329036,6628.962189869274,7293.651,31993.072909244685,31031.980036,31042.366592
2025-12-31 05:15:00+01:00,25372.373282316625,23986.646508,6634.568305095601,7345.244,32006.941587412228,31331.890508,31341.971512
2025-12-31 05:30:00+01:00,25354.97727798569,24379.1823,6653.176969571518,7295.503,32008.15424755721,31674.6853,31684.11792
2025-12-31 05:45:00+01:00,25332.363953157652,24588.234672,6652.358166186726,6996.283,31984.722119344377,31584.517672,31595.28926
2025-12-31 06:00:00+01:00,26181.648184486214,26029.437524,6494.940061349132,5603.07,32676.588245835344,31632.507524,31642.530004
2025-12-31 06:15:00+01:00,26155.383425437136,26371.156556,6496.5458291196655,5346.767,32651.929254556802,31717.923556,31728.373488
2025-12-31 06:30:00+01:00,26127.634580609334,26221.18734,6467.247271565022,5312.061,32594.881852174356,31533.24834,31544.278568
2025-12-31 06:45:00+01:00,26095.96990053797,26253.628164,6424.22712532552,5155.089,32520.19702586349,31408.717164,31420.203444
2025-12-31 07:00:00+01:00,27483.192214605522,26310.138212,6098.647045695994,5192.093,33581.839260301516,31502.231212,31514.759276
2025-12-31 07:15:00+01:00,27465.001480051174,26590.030924,6085.318323865712,5352.439,33550.319803916886,31942.469923999997,31955.390227999997
2025-12-31 07:30:00+01:00,27466.52242518351,26806.079584,6101.163558640431,5351.191,33567.68598382394,32157.270584,32171.929664
2025-12-31 07:45:00+01:00,27441.886254655023,26946.979952,6105.535063751652,5159.007,33547.421318406676,32105.986952,32126.883036
2025-12-31 08:00:00+01:00,27867.480680427758,26766.02034,6375.390414101113,5609.931,34242.87109452887,32375.95134,32406.647364
2025-12-31 08:15:00+01:00,27869.815945162278,26812.990564,6347.358260148106,5609.088,34217.17420531038,32422.078564,32532.403388
2025-12-31 08:30:00+01:00,27722.670899747412,26936.413112,6286.16634239301,5554.882,34008.83724214042,32491.295112,33016.888788
2025-12-31 08:45:00+01:00,27643.03993329597,27186.549796,6278.324121340319,5441.877,33921.36405463629,32628.426796,33695.254064
2025-12-31 09:00:00+01:00,29016.19983997877,27339.23694,6359.795895722336,5723.173,35375.99573570111,33062.40994,34755.643319999996
2025-12-31 09:15:00+01:00,28817.922237429208,27250.09774,6370.12715436326,5791.165,35188.04939179247,33041.26274,35404.756499999996
2025-12-31 09:30:00+01:00,28659.904767378353,27273.018792,6346.410296459354,5774.966,35006.315063837705,33047.984792,36110.76758
2025-12-31 09:45:00+01:00,28532.159344037736,27455.74128,6332.443883047958,5698.077,34864.603227085696,33153.81828,36988.254572
2025-12-31 10:00:00+01:00,28298.823012637775,27992.160284,6427.967217561824,5600.008,34726.7902301996,33592.168284,38198.01636
2025-12-31 10:15:00+01:00,28158.178586080106,28484.840056,6426.7932371711,5929.513,34584.97182325121,34414.353056,39836.97082
2025-12-31 10:30:00+01:00,28007.859476835365,28537.616492,6405.305859937927,5993.282,34413.165336773294,34530.898492,40804.80908
2025-12-31 10:45:00+01:00,27876.324445798527,28832.638372,6393.5026149330815,6022.377,34269.82706073161,34855.015372,41835.677736
2025-12-31 11:00:00+01:00,29913.865796424496,29155.995512,6691.429244206492,5953.969,36605.29504063099,35109.964512,42845.627596
2025-12-31 11:15:00+01:00,29743.54241337338,29249.8807,6710.763566504971,6078.07,36454.30597987835,35327.9507,43616.495596
2025-12-31 11:30:00+01:00,29629.907997882212,29615.564024,6712.278153820518,6163.244,36342.18615170273,35778.808024,44500.301532
2025-12-31 11:45:00+01:00,29526.8527476436,29965.789744,6701.026308863695,6183.805,36227.87905650729,36149.594744,45142.994976
2025-12-31 12:00:00+01:00,31803.65281176225,30341.742848,6724.113240145299,6356.775,38527.76605190755,36698.517848,45885.315244000005
2025-12-31 12:15:00+01:00,31716.690445048796,30693.85276,6738.202001674921,6620.354,38454.892446723716,37314.20676,46554.207012
2025-12-31 12:30:00+01:00,31627.366099025272,30690.589544,6731.346218545258,6623.982,38358.71231757053,37314.571544,46444.370628
2025-12-31 12:45:00+01:00,31561.08794357867,30593.44758,6738.328737074809,6698.27,38299.41668065348,37291.71758,46348.019239999994
2025-12-31 13:00:00+01:00,31942.665564263043,30554.736372,6380.783181124271,6648.455,38323.448745387315,37203.191372,46116.188404
2025-12-31 13:15:00+01:00,31851.44335476263,30543.566572,6374.063881119547,6818.511,38225.50723588218,37362.077572,45955.442996
2025-12-31 13:30:00+01:00,31804.796019066365,30621.69748,6400.471673109644,6907.471,38205.26769217601,37529.16848,45615.829368
2025-12-31 13:45:00+01:00,31760.802287139013,30341.51798,6415.047803625277,6854.85,38175.85009076429,37196.36798,44791.339168000006
2025-12-31 14:00:00+01:00,32402.121832372977,29712.022224,6734.036750168306,6873.008,39136.158582541284,36585.030224,43563.562004
2025-12-31 14:15:00+01:00,32371.89982938304,29762.01954,6752.743992431195,6714.69,39124.643821814236,36476.70954,42718.713108
2025-12-31 14:30:00+01:00,32370.168664713565,29395.918312,6769.091916613841,6592.517,39139.260581327406,35988.435312,41355.333692
2025-12-31 14:45:00+01:00,32392.694824927265,29001.175468,6764.654860891424,6696.615,39157.349685818685,35697.790468,40230.675232
2025-12-31 15:00:00+01:00,31830.76713388714,28624.400116,6711.4699358220505,6717.685,38542.23706970919,35342.085116,38864.930928
2025-12-31 15:15:00+01:00,32017.386963912388,28329.512728,6727.454401596244,6595.454,38744.84136550863,34924.966728,37513.836024
2025-12-31 15:30:00+01:00,32295.317302748317,28460.826536,6745.3083868449785,6586.386,39040.6256895933,35047.212536,36778.774952
2025-12-31 15:45:00+01:00,32592.58599716673,28636.5676,6750.0960232113275,6475.55,39342.68202037806,35112.1176,36118.894256
2025-12-31 16:00:00+01:00,34512.06944344698,28614.217032,6709.563199095729,6722.201,41221.6326425427,35336.418032,35774.591028
2025-12-31 16:15:00+01:00,34862.0934705011,28362.856132,6726.67344419382,6507.309,41588.76691469492,34870.165132,34996.316652
2025-12-31 16:30:00+01:00,35181.652496974595,28184.859492,6727.835001912653,6340.593,41909.48749888725,34525.452492,34563.132247999994
2025-12-31 16:45:00+01:00,35452.94786985918,28156.521508,6734.004894539689,6094.731,42186.95276439887,34251.252508000005,34288.714076000004
2025-12-31 17:00:00+01:00,34231.65921406248,27873.266948,6624.984919445814,6120.988,40856.64413350829,33994.254948,34035.10314
2025-12-31 17:15:00+01:00,34410.26667734509,27808.183364,6667.642407137308,6331.242,41077.909084482395,34139.425364,34183.864348
2025-12-31 17:30:00+01:00,34639.13196243799,27693.5339,6707.001142260098,6325.399,41346.13310469809,34018.9329,34120.02604
2025-12-31 17:45:00+01:00,34806.778877611476,27657.454804,6726.4916904369575,6227.796,41533.270568048436,33885.250804,33978.694412000004
2025-12-31 18:00:00+01:00,34299.692387375115,27574.7491,6633.893867452164,6131.809,40933.58625482728,33706.5581,33789.177464
2025-12-31 18:15:00+01:00,34400.992207863615,27440.811496,6669.531324571223,6161.434,41070.52353243484,33602.245495999996,33672.873616
2025-12-31 18:30:00+01:00,34501.022452959405,27402.214612,6687.562721482149,6093.799,41188.585174441556,33496.013612,33530.781088
2025-12-31 18:45:00+01:00,34589.26341707036,27368.6427,6704.0365381229185,6015.386,41293.29995519328,33384.0287,33430.532864
2025-12-31 19:00:00+01:00,34835.840917530324,27321.571968,6720.757488152874,5710.184,41556.598405683195,33031.755968,33059.519607999995
2025-12-31 19:15:00+01:00,34882.90747792255,27249.765424,6730.942978039943,5773.705,41613.85045596249,33023.470424,33041.465176
2025-12-31 19:30:00+01:00,34916.14243688974,27260.677688,6739.80411109371,5787.823,41655.946547983454,33048.500688,33062.928752
2025-12-31 19:45:00+01:00,34962.10496081107,27284.63098,6746.1628672398765,5648.337,41708.26782805094,32932.96798,32946.86834
2025-12-31 20:00:00+01:00,33735.89592146918,27638.058764,6393.235782308646,5610.765,40129.13170377782,33248.823764,33274.443136
2025-12-31 20:15:00+01:00,33734.98906175938,28274.303696,6398.422649949324,5359.321,40133.4117117087,33633.624696,33647.050984
2025-12-31 20:30:00+01:00,33712.35348864253,28718.52642,6388.284274533597,5229.783,40100.63776317613,33948.30942,33961.310044
2025-12-31 20:45:00+01:00,33691.69605774589,29052.335752,6377.31906635049,5044.241,40069.015124096375,34096.576752,34109.51908
2025-12-31 21:00:00+01:00,33750.03003626656,29580.582736,6270.688959147432,4969.936,40020.71899541399,34550.518736,34563.353956
2025-12-31 21:15:00+01:00,33731.18612642836,30074.000224,6269.686041200485,4838.695,40000.87216762884,34912.695223999996,34924.787392
2025-12-31 21:30:00+01:00,33705.90603811378,30533.017192,6271.308855559058,4654.593,39977.21489367284,35187.610192,35199.52478
2025-12-31 21:45:00+01:00,33684.707302251685,30879.303512,6254.231159095627,4325.369,39938.93846134731,35204.672512,35216.339488
2025-12-31 22:00:00+01:00,35083.91485153102,29536.254796,6287.504551530828,3643.344,41371.41940306185,33179.598796,33191.651183999995
2025-12-31 22:15:00+01:00,35079.644529643716,29937.002412,6294.077180285572,3551.635,41373.72170992929,33488.637412000004,33500.83532400001
2025-12-31 22:30:00+01:00,35067.672053158196,30497.695796,6287.098194277454,3633.342,41354.77024743565,34131.037796,34148.423292
2025-12-31 22:45:00+01:00,35042.89845400817,30611.677448,6274.185644227832,3615.296,41317.084098236,34226.973448,34241.293015999996
2025-12-31 23:00:00+01:00,34712.49111515909,30593.507096,6216.867507663096,2899.554,40929.35862282219,33493.061096000005,33510.267656
2025-12-31 23:15:00+01:00,34715.996334016956,31025.405352,6204.647499392614,2942.241,40920.64383340957,33967.646352,33978.799592
2025-12-31 23:30:00+01:00,34725.20588454131,31758.601108,6182.548157725605,3071.847,40907.75404226692,34830.448108,34841.545812
2025-12-31 23:45:00+01:00,34700.99980046159,32304.691988,6158.645280724075,3099.615,40859.64508118566,35404.306988,35415.216468
2026-01-01 00:00:00+01:00,34038.92183126939,32324.420908,5892.080880132324,2832.919,39931.002711401714,35157.339908,35175.147808
2026-01-01 00:15:00+01:00,34036.2877702109,32723.66452,5893.981908126301,3178.024,39930.26967833721,35901.688519999996,35917.006572
2026-01-01 00:30:00+01:00,34030.18486634039,33610.820868,5907.537581729902,3234.816,39937.722448070286,36845.636868,36860.91102
2026-01-01 00:45:00+01:00,34021.24323243441,34111.11852,5888.663741297472,3401.854,39909.906973731886,37512.97252,37527.78906
2026-01-01 01:00:00+01:00,34765.33694052649,34408.820148,5738.622793968133,3729.761,40503.95973449462,38138.581148,38153.8788
2026-01-01 01:15:00+01:00,34770.091437727104,34773.9148,5753.679661352723,3956.222,40523.77109907983,38730.1368,38745.436388
2026-01-01 01:30:00+01:00,34774.25813974893,35023.73204,5723.900839021575,4189.619,40498.1589787705,39213.35104,39228.496852
2026-01-01 01:45:00+01:00,34786.03121666802,34888.473528,5702.436445717251,4299.33,40488.46766238527,39187.803528,39202.735796
2026-01-01 02:00:00+01:00,34865.27177414515,35300.986156,5835.80533723112,4747.325,40701.07711137627,40048.311156,40063.257847999994
2026-01-01 02:15:00+01:00,34864.410902144504,35525.544164,5835.299161116058,4834.761,40699.71006326056,40360.305164,40375.183015999995
2026-01-01 02:30:00+01:00,34864.62823897066,35460.159656,5836.043804777785,4935.962,40700.67204374845,40396.121656,40411.0939
2026-01-01 02:45:00+01:00,34883.166944839846,35857.702772,5831.732987543418,5040.709,40714.89993238326,40898.411772,40913.961528
2026-01-01 03:00:00+01:00,34827.977783922295,36334.183384,6143.977903954512,5197.398,40971.955687876805,41531.581384000005,41550.661552000005
2026-01-01 03:15:00+01:00,34838.65563120507,36584.570684,6149.854230487631,5335.626,40988.5098616927,41920.196683999995,41935.35541999999
2026-01-01 03:30:00+01:00,34836.96831982026,36771.00156,6130.414426106588,5467.189,40967.38274592685,42238.190559999995,42253.287143999994
2026-01-01 03:45:00+01:00,34834.41747313127,37098.452152,6102.262342146719,5577.422,40936.67981527799,42675.874152,42691.151456
2026-01-01 04:00:00+01:00,35715.32462771783,37155.38296,6087.499042536304,5249.089,41802.82367025414,42404.47196,42417.998252000005
2026-01-01 04:15:00+01:00,35719.53225337393,37335.955128,6078.675843143409,5349.974,41798.20809651734,42685.929128,42699.280548
2026-01-01 04:30:00+01:00,35720.47633960462,37079.0841,6059.4430596282145,5352.318,41779.91939923284,42431.4021,42443.23664
2026-01-01 04:45:00+01:00,35724.16906868197,37307.3014,6033.342368140367,5352.934,41757.51143682234,42660.2354,42672.11554
2026-01-01 05:00:00+01:00,36400.63900101026,37499.7237,5879.567601780953,4599.71,42280.206602791215,42099.4337,42111.443136
2026-01-01 05:15:00+01:00,36410.66270552638,37649.193344,5887.538060601244,4498.597,42298.20076612763,42147.790344,42161.980536
2026-01-01 05:30:00+01:00,36409.07893568985,37889.014172,5904.756894024471,4412.938,42313.83582971433,42301.952172000005,42313.85536
2026-01-01 05:45:00+01:00,36398.9716617639,38164.208456,5894.437098729939,4276.583,42293.40876049384,42440.791456,42453.034256
2026-01-01 06:00:00+01:00,37598.28745016263,40413.070748,5644.006947485581,3411.504,43242.294397648206,43824.574748,43836.960624
2026-01-01 06:15:00+01:00,37580.94696517688,40335.419472,5638.366595957029,3349.661,43219.31356113391,43685.080472,43697.269796
2026-01-01 06:30:00+01:00,37545.23024645116,40534.809952,5609.973688009234,3036.06,43155.20393446039,43570.869952,43583.595152
2026-01-01 06:45:00+01:00,37493.232084582916,41038.763984,5564.39549233612,2909.013,43057.62757691904,43947.776984,43960.918584
2026-01-01 07:00:00+01:00,38192.28658226488,41362.762052,5389.925758895177,2502.79,43582.21234116006,43865.552052,43879.63244
2026-01-01 07:15:00+01:00,38179.28696756531,41567.810376,5383.209491232769,2474.577,43562.49645879808,44042.387376,44058.06142
2026-01-01 07:30:00+01:00,38180.81403565412,41801.779624,5398.782506413496,2512.026,43579.596542067615,44313.805624,44331.774964
2026-01-01 07:45:00+01:00,38155.18185665973,41758.198788,5399.317518055085,2544.526,43554.49937471481,44302.724788,44322.323228
2026-01-01 08:00:00+01:00,38514.15291411005,41975.118172,5581.031108563749,3368.242,44095.1840226738,45343.360172,45373.074436
2026-01-01 08:15:00+01:00,38345.76115595829,41831.99424,5556.983705382821,3537.076,43902.74486134111,45369.07024,45465.5325
2026-01-01 08:30:00+01:00,38338.03944848763,41813.834588,5558.4480852639435,3440.853,43896.48753375158,45254.687588,45796.189624
2026-01-01 08:45:00+01:00,38245.834056152766,41755.07094,5551.595535836255,3318.682,43797.42959198902,45073.75294,46225.391191999995
2026-01-01 09:00:00+01:00,38779.17394451712,41497.854784,5506.2108036059435,4104.265,44285.38474812306,45602.119784,47493.187496
2026-01-01 09:15:00+01:00,38548.09918591123,41333.997696,5510.5293374141365,4512.165,44058.62852332537,45846.162696,48507.589376
2026-01-01 09:30:00+01:00,38381.306793557575,41253.819972,5488.338109352244,4606.021,43869.644902909815,45859.840972,49323.336599999995
2026-01-01 09:45:00+01:00,38245.46683693389,41778.088548,5478.4377409741455,4568.326,43723.90457790803,46346.414548,50583.378024
2026-01-01 10:00:00+01:00,39223.64382821612,41212.049876,5470.74425807943,5003.019,44694.38808629555,46215.068876,51148.435596
2026-01-01 10:15:00+01:00,39086.33539066742,41386.076112,5465.2136767834045,5004.147,44551.54906745082,46390.223112,52070.898732
2026-01-01 10:30:00+01:00,38939.42102494767,41587.080932,5440.732269765231,5033.37,44380.1532947129,46620.450932,52960.30344
2026-01-01 10:45:00+01:00,38802.46769063898,41643.555252,5422.883023764091,5056.883,44225.350714403074,46700.438252,53576.46346
2026-01-01 11:00:00+01:00,39684.77161408015,41515.284344,5679.644143670441,5237.861,45364.41575775059,46753.145344,54329.112168
2026-01-01 11:15:00+01:00,39512.06106060165,41667.33782,5697.367817128817,5374.883,45209.42887773047,47042.22082,55064.353488
2026-01-01 11:30:00+01:00,39395.99558719874,42099.564184,5695.841277133217,5376.99,45091.836864331955,47476.554184,55882.635448
2026-01-01 11:45:00+01:00,39291.97650716234,42015.7631,5682.473299930393,5314.462,44974.44980709274,47330.2251,55900.29816399999
2026-01-01 12:00:00+01:00,40770.314393382774,41510.67866,5566.83574700039,5396.384,46337.150140383164,46907.06266,55621.149324
2026-01-01 12:15:00+01:00,40685.989970342765,41774.806404,5577.437350173181,5350.594,46263.42732051595,47125.400404,55899.159632
2026-01-01 12:30:00+01:00,40600.79986938494,41869.10536,5571.177956466168,5301.431,46171.97782585111,47170.53636,55850.755552
2026-01-01 12:45:00+01:00,40533.00681271742,42231.875352,5583.273826896612,5436.851,46116.28063961404,47668.726352000005,56147.29318000001
2026-01-01 13:00:00+01:00,39516.21483079966,42251.392664,5434.580340223547,5548.496,44950.79517102321,47799.888664,56018.447556
2026-01-01 13:15:00+01:00,39426.69730489632,42798.687644,5443.211734942813,5593.449,44869.909039839134,48392.136644,56131.101208
2026-01-01 13:30:00+01:00,39373.2452660746,42960.314076,5473.776864896552,5534.833,44847.02213097115,48495.147076,55647.832668
2026-01-01 13:45:00+01:00,39329.75977041527,42984.725916,5488.727502259613,5558.782,44818.48727267489,48543.507916,55032.620812
2026-01-01 14:00:00+01:00,39436.71060871348,43949.38206,5600.572420091472,5439.749,45037.28302880495,49389.13106,55175.145284
2026-01-01 14:15:00+01:00,39409.95598000161,44352.149416,5624.811760381693,5441.826,45034.7677403833,49793.975416,54823.875888
2026-01-01 14:30:00+01:00,39405.08366882365,44288.969916,5633.629586121239,5409.775,45038.713254944894,49698.744916,53899.359812
2026-01-01 14:45:00+01:00,39421.929546126186,44296.922904,5629.09177717148,5441.569,45051.02132329767,49738.491904,53194.65414
2026-01-01 15:00:00+01:00,39758.635551641826,44770.643184,5796.6031128406,5273.402,45555.23866448243,50044.045184,52765.778844
2026-01-01 15:15:00+01:00,39964.31406341145,44567.124616,5823.870401988964,5199.729,45788.184465400416,49766.853616,51801.419272
2026-01-01 15:30:00+01:00,40206.66636176191,44967.082272,5842.896650395446,5211.235,46049.563012157356,50178.317272,51551.077096
2026-01-01 15:45:00+01:00,40529.552269338856,45154.76918,5845.835976784271,5170.385,46375.388246123126,50325.154180000005,51117.74892400001
2026-01-01 16:00:00+01:00,40278.448552660404,45360.203088,5933.868370598625,4996.391,46212.31692325903,50356.594088,50711.53728
2026-01-01 16:15:00+01:00,40873.13690884868,45517.134788,5950.258505254381,4932.816,46823.39541410306,50449.950788,50558.538236
2026-01-01 16:30:00+01:00,41115.02726546431,45488.315732,5956.458300829261,4862.904,47071.48556629357,50351.219732000005,50397.00043200001
2026-01-01 16:45:00+01:00,41356.252916990576,45482.33848,5960.067106133225,4787.544,47316.3200231238,50269.88248,50306.393468
2026-01-01 17:00:00+01:00,40918.85258942415,45405.702148,5769.325943207828,4801.963,46688.17853263197,50207.665148,50244.089992
2026-01-01 17:15:00+01:00,41075.11313662336,45181.047448,5801.505466308086,4834.557,46876.61860293145,50015.604448,50048.526736
2026-01-01 17:30:00+01:00,41286.42611625021,44742.008396,5818.817717720529,4880.86,47105.24383397074,49622.868396,49655.786256
2026-01-01 17:45:00+01:00,41429.0633408613,44351.03678,5844.538694599042,4983.182,47273.60203546034,49334.21878,49363.475012
2026-01-01 18:00:00+01:00,40843.034320909406,43836.60298,6067.375959618386,5214.295,46910.410280527794,49050.89798,49078.772892
2026-01-01 18:15:00+01:00,40928.76885708998,43410.666096,6096.947633774334,5212.478,47025.71649086431,48623.144096,48650.107172
2026-01-01 18:30:00+01:00,41010.81400756773,43235.597572,6118.805542135092,5204.595,47129.619549702824,48440.192572,48476.329892
2026-01-01 18:45:00+01:00,41083.20600449799,43156.326668,6127.091369843238,5197.398,47210.29737434123,48353.724668,48389.893584000005
2026-01-01 19:00:00+01:00,40741.33244420164,43242.091836,6056.614194101805,4619.607,46797.946638303445,47861.698836,47885.24073599999
2026-01-01 19:15:00+01:00,40774.686499953634,43608.33136,6051.413354973437,4574.291,46826.09985492707,48182.622359999994,48212.6689
2026-01-01 19:30:00+01:00,40793.68136024477,44112.184148,6049.971623673919,4560.706,46843.65298391869,48672.890148,48703.27098
2026-01-01 19:45:00+01:00,40834.910810814676,44223.652644,6056.272306734941,4647.858,46891.18311754962,48871.510644,48903.221296
2026-01-01 20:00:00+01:00,40487.567085384595,44222.253084,5795.176431518091,5397.603,46282.74351690269,49619.85608400001,49649.639968
2026-01-01 20:15:00+01:00,40479.72211261785,44460.730184,5793.536386273505,5621.014,46273.25849889135,50081.744184,50099.188008000005
2026-01-01 20:30:00+01:00,40450.04689285742,44660.780412,5781.699157430616,5658.484,46231.746050288035,50319.264412,50335.620856
2026-01-01 20:45:00+01:00,40422.01530727694,44576.973004,5773.89184109515,5627.705,46195.90714837209,50204.678004,50220.523804
2026-01-01 21:00:00+01:00,40095.68471092422,43732.611964,5867.936952798256,5628.323,45963.62166372248,49360.934964,49376.492712
2026-01-01 21:15:00+01:00,40070.226051994585,43451.525772,5830.7939118478125,5614.997,45901.019963842395,49066.522772,49080.900728
2026-01-01 21:30:00+01:00,40043.988392310406,43252.482424,5824.357799394666,5546.796,45868.34619170507,48799.278424,48813.35214
2026-01-01 21:45:00+01:00,40012.635155212854,42935.817608,5825.0664054325825,5477.527,45837.70156064544,48413.344608,48429.919384
2026-01-01 22:00:00+01:00,39745.781152212156,40879.916504,5674.226289028523,5157.159,45420.007441240676,46037.075504,46072.951792
2026-01-01 22:15:00+01:00,39749.47071906574,41127.606296,5667.121060786434,5099.072,45416.59177985218,46226.678296,46251.684968
2026-01-01 22:30:00+01:00,39742.41018289445,41310.254324,5657.285264837266,4965.197,45399.69544773171,46275.451324,46292.052012
2026-01-01 22:45:00+01:00,39731.89756428456,41461.166272,5646.13777510025,4545.527,45378.03533938481,46006.693272,46022.442252
2026-01-01 23:00:00+01:00,40129.35768173551,41304.466564,5852.094313054905,4186.014,45981.45199479042,45490.480564000005,45504.58738
2026-01-01 23:15:00+01:00,40147.510680830404,41392.03636,5847.279141304402,4117.422,45994.78982213481,45509.45836,45523.455916
2026-01-01 23:30:00+01:00,40173.328670331786,41461.755328,5829.817973284811,4072.956,46003.146643616594,45534.711328,45548.356496
2026-01-01 23:45:00+01:00,40170.032926740794,41394.50066,5810.706166526175,3758.625,45980.739093266966,45153.12566,45167.833456
2026-01-02 00:00:00+01:00,40228.376662991854,41527.26572,4256.142221215376,3816.519,44484.51888420723,45343.78472,45364.286916000005
2026-01-02 00:15:00+01:00,40245.40102158825,41666.216096,4262.671743250897,3808.766,44508.07276483915,45474.982096,45490.556408
2026-01-02 00:30:00+01:00,40268.93942928762,41650.07982,4275.591425558401,3800.743,44544.530854846016,45450.82282,45464.704192000005
2026-01-02 00:45:00+01:00,40281.615414525804,41704.312156,4260.345660870837,3771.886,44541.96107539664,45476.198156,45490.059508
2026-01-02 01:00:00+01:00,39981.34018801983,41772.555572,4703.282961140632,3801.608,44684.62314916046,45574.163572,45587.44494
2026-01-02 01:15:00+01:00,39998.58084806843,41824.723368,4723.577698728301,3857.112,44722.15854679673,45681.835368,45694.149136
2026-01-02 01:30:00+01:00,40015.44611099633,41871.97282,4700.908524992649,3982.293,44716.35463598898,45854.26582,45867.631304
2026-01-02 01:45:00+01:00,40029.23871514425,41789.598768,4682.800275509774,4020.421,44712.03899065403,45810.019768000006,45823.50421600001
2026-01-02 02:00:00+01:00,40772.47172355964,41808.820228,4743.194985784281,4286.377,45515.66670934392,46095.197228,46108.437776
2026-01-02 02:15:00+01:00,40778.20739769235,41921.966148,4744.649187698954,4338.151,45522.8565853913,46260.117148,46273.076168
2026-01-02 02:30:00+01:00,40779.55242953648,41855.867888,4748.591947529702,4421.488,45528.144377066186,46277.355888,46290.260112
2026-01-02 02:45:00+01:00,40814.30594762249,41602.48656,4747.3711355229125,4481.056,45561.6770831454,46083.542559999994,46096.37714399999
2026-01-02 03:00:00+01:00,40016.608940040234,41282.32308,4715.817325342866,4464.802,44732.4262653831,45747.12508,45760.13972
2026-01-02 03:15:00+01:00,40026.7281695288,41386.490376,4725.5299098351015,4461.944,44752.2580793639,45848.434376000005,45861.39991200001
2026-01-02 03:30:00+01:00,40030.28502836759,41162.20928,4710.69708690422,4466.87,44740.98211527181,45629.079280000005,45642.132644000005
2026-01-02 03:45:00+01:00,40035.39920980363,40771.554108,4684.397058516614,4445.002,44719.79626832025,45216.556108,45229.37172
2026-01-02 04:00:00+01:00,39933.93976532746,40434.991516,4582.596363621667,4675.8,44516.53612894913,45110.791516000005,45123.44328400001
2026-01-02 04:15:00+01:00,39946.6037464594,39889.909448,4576.525196212583,4619.518,44523.12894267198,44509.427448,44521.794728
2026-01-02 04:30:00+01:00,39941.9694463906,39565.007272,4557.900700257794,4597.624,44499.87014664839,44162.631272,44174.98018
2026-01-02 04:45:00+01:00,39941.630734265884,39254.70264,4532.211493876289,4646.467,44473.84222814217,43901.16964,43914.20386
2026-01-02 05:00:00+01:00,39519.43103583013,39125.261556,4836.153702494945,4601.939,44355.58473832507,43727.200556,43739.832996
2026-01-02 05:15:00+01:00,39531.26107323915,39135.550664,4841.721989080028,4603.498,44372.983062319174,43739.048664,43751.919632000005
2026-01-02 05:30:00+01:00,39538.570946267355,38871.802932,4850.202053611968,4560.4,44388.77299987932,43432.202932,43445.296004
2026-01-02 05:45:00+01:00,39535.73169180609,38258.089228,4834.16307952529,4576.199,44369.89477133138,42834.288228,42846.081516
2026-01-02 06:00:00+01:00,39689.413319393716,38829.071924,4440.592618785815,4370.083,44130.00593817953,43199.154924,43212.181896
2026-01-02 06:15:00+01:00,39669.934553785075,38827.885,4436.743250213407,4275.321,44106.67780399848,43103.206000000006,43116.08888
2026-01-02 06:30:00+01:00,39651.70998361203,38784.693268,4414.8612526968345,4172.744,44066.57123630887,42957.437268,42973.503560000005
2026-01-02 06:45:00+01:00,39638.00100001906,38677.388504,4375.656715575003,4014.034,44013.65771559406,42691.422504,42705.845156
2026-01-02 07:00:00+01:00,39872.72810912942,38671.428752,4331.738415404029,4349.495,44204.46652453345,43020.923752,43036.751212
2026-01-02 07:15:00+01:00,39880.80873016446,38725.992956,4325.6566720742685,4302.018,44206.46540223873,43028.010956,43045.712276
2026-01-02 07:30:00+01:00,39903.3009771309,38726.548568,4339.388086850176,4228.833,44242.68906398107,42955.381568,42978.812876
2026-01-02 07:45:00+01:00,39888.80107042969,38861.426528,4339.261178181322,3846.035,44228.062248611015,42707.461528,42734.720164
2026-01-02 08:00:00+01:00,39658.284064637395,38854.970304,4236.692435853744,4123.174,43894.97650049114,42978.144304,43014.7425
2026-01-02 08:15:00+01:00,39500.03406162362,38663.386996,4214.471950090975,4289.924,43714.5060117146,42953.310996,43013.192672
2026-01-02 08:30:00+01:00,39386.714745021796,38172.133216,4246.38176123255,4282.123,43633.09650625435,42454.256216,42599.663824
2026-01-02 08:45:00+01:00,39236.77386955791,37796.278084,4234.678017902867,4269.501,43471.451887460775,42065.779083999994,42454.367616
2026-01-02 09:00:00+01:00,39280.73018143158,37537.342852,4401.818800970757,4499.511,43682.54898240234,42036.853852,42786.232792
2026-01-02 09:15:00+01:00,39098.31671653085,37737.31488,4406.402596609546,4650.704,43504.71931314039,42388.01888,43480.480771999995
2026-01-02 09:30:00+01:00,38952.745258964795,38113.57306,4386.068081869141,4603.936,43338.813340833934,42717.50906,44252.88129600001
2026-01-02 09:45:00+01:00,38841.63934105395,38374.483152,4376.273738688598,4646.608,43217.91307974255,43021.091152,44941.137576
2026-01-02 10:00:00+01:00,38602.528889191875,39107.845736,4207.954337744327,4700.59,42810.4832269362,43808.435736,46077.65382
2026-01-02 10:15:00+01:00,38504.47826434821,39494.266804,4207.746100734942,5104.663,42712.22436508315,44598.929804,47269.493804
2026-01-02 10:30:00+01:00,38377.90589662894,39492.582128,4181.695711019752,4946.438,42559.60160764869,44439.020128,47583.816832
2026-01-02 10:45:00+01:00,38270.54650061092,39318.314652,4163.11932694978,5158.736,42433.665827560704,44477.050652,48109.497684
2026-01-02 11:00:00+01:00,39185.23800936557,39019.78884,4302.264157831759,5306.141,43487.50216719732,44325.92984,48383.30130399999
2026-01-02 11:15:00+01:00,39041.07713950227,38920.222256,4324.6822775715555,4901.052,43365.75941707382,43821.274256,48359.00066800001
2026-01-02 11:30:00+01:00,38958.93040771291,38810.91488,4326.155638615527,5236.895,43285.08604632844,44047.80988,48979.415652
2026-01-02 11:45:00+01:00,38889.2573878762,38839.4229,4315.267905411512,5884.185,43204.52529328771,44723.607899999995,49853.727287999995
2026-01-02 12:00:00+01:00,38688.81166042517,38852.611724,4263.760815855518,6236.65,42952.572476280686,45089.261724,50274.129772
2026-01-02 12:15:00+01:00,38634.475989791055,38806.4875,4284.483253193009,6386.525,42918.95924298406,45193.0125,50351.865776000006
2026-01-02 12:30:00+01:00,38571.29496386836,38793.919996,4279.408819020608,6374.483,42850.703782888966,45168.402996,50278.952944
2026-01-02 12:45:00+01:00,38523.54702233041,38796.916172,4295.493006181271,6117.956,42819.04002851168,44914.872172,49968.636444
2026-01-02 13:00:00+01:00,37754.11716526944,38978.169484,4331.043976622956,5651.997,42085.16114189239,44630.166484,49683.00364
2026-01-02 13:15:00+01:00,37678.02439549025,39383.174196,4344.6516830664905,5563.794,42022.67607855674,44946.968196,49821.570340000006
2026-01-02 13:30:00+01:00,37638.966670922215,39262.25122,4365.514308413606,5362.093,42004.48097933582,44624.34422,49276.67344
2026-01-02 13:45:00+01:00,37599.35357824019,38677.450748,4381.994624934857,5240.374,41981.34820317505,43917.824748,48378.488584
2026-01-02 14:00:00+01:00,36201.95138599942,38586.088288,4459.450434272532,5050.545,40661.40182027195,43636.633288,47760.156707999995
2026-01-02 14:15:00+01:00,36185.19651379272,38816.11844,4485.484912707225,4820.285,40670.68142649994,43636.403439999995,47386.672704
2026-01-02 14:30:00+01:00,36173.55867512978,38725.761728,4495.02740260725,4775.854,40668.58607773703,43501.615728,46834.302147999995
2026-01-02 14:45:00+01:00,36170.269460145384,38519.852428,4505.12027105673,4478.128,40675.389731202114,42997.980427999995,45851.401492
2026-01-02 15:00:00+01:00,36756.11679688551,38423.746132,4782.825010088276,4113.644,41538.94180697379,42537.390132,44864.334692
2026-01-02 15:15:00+01:00,36911.20371704232,37990.758392,4788.613427900184,4155.776,41699.817144942506,42146.534392,43865.236556
2026-01-02 15:30:00+01:00,37147.00243427728,38000.780552,4807.608199045608,4155.079,41954.61063332289,42155.859551999994,43326.152667999995
2026-01-02 15:45:00+01:00,37499.99514199388,37760.456224,4810.542045810535,4053.402,42310.53718780442,41813.858224,42501.89116000001
2026-01-02 16:00:00+01:00,36158.4744741455,37513.07618,5396.694019648644,4371.743,41555.168493794146,41884.81918,42203.423456
2026-01-02 16:15:00+01:00,36485.66748904587,37568.425104,5410.0123682327285,4511.963,41895.67985727859,42080.388104,42189.65874
2026-01-02 16:30:00+01:00,36679.496455939436,37747.8431,5414.40406566364,4398.342,42093.90052160308,42146.185099999995,42195.611216
2026-01-02 16:45:00+01:00,36907.045487524054,38277.567384,5414.048873929617,4362.897,42321.09436145367,42640.464384,42688.15516
2026-01-02 17:00:00+01:00,36727.1356154327,38367.65938,5300.198493092017,4348.29,42027.334108524716,42715.94938,42750.160727999995
2026-01-02 17:15:00+01:00,36877.02642350688,38533.957252,5346.606077241447,4288.931,42223.63250074833,42822.888252,42857.61936
2026-01-02 17:30:00+01:00,37052.995453568445,38625.726732,5403.557859557864,4061.313,42456.55331312631,42687.039732000005,42724.172824
2026-01-02 17:45:00+01:00,37185.953926423026,38838.980808,5426.226444083508,4071.254,42612.18037050653,42910.234808,42948.419264
2026-01-02 18:00:00+01:00,37401.369972502755,38933.362068,5695.817412750378,3917.084,43097.187385253135,42850.446068000005,42881.016968
2026-01-02 18:15:00+01:00,37485.656246049155,38949.299572,5730.929239813386,3906.125,43216.58548586254,42855.424572,42883.477356
2026-01-02 18:30:00+01:00,37571.335871064475,39061.527348,5756.808930328325,3943.586,43328.1448013928,43005.113348000006,43029.85502
2026-01-02 18:45:00+01:00,37647.12186126064,39169.79882,5770.88557688776,3973.578,43418.0074381484,43143.376820000005,43167.199312
2026-01-02 19:00:00+01:00,36668.619411008054,38972.279864,5717.968578584127,3892.567,42386.58798959218,42864.846864,42889.181944
2026-01-02 19:15:00+01:00,36705.4111029108,38858.240784,5714.341656976116,3860.806,42419.75275988692,42719.046784,42738.949572
2026-01-02 19:30:00+01:00,36728.010106656235,38544.549596,5715.431508213045,3868.064,42443.44161486928,42412.613596,42431.6675
2026-01-02 19:45:00+01:00,36762.782905003245,38127.179168,5720.3713428286555,3844.779,42483.1542478319,41971.958168000005,41989.33599200001
2026-01-02 20:00:00+01:00,36689.65057456169,37983.785352,5619.514256305578,4216.035,42309.16483086727,42199.820351999995,42217.28732
2026-01-02 20:15:00+01:00,36708.5196900628,37651.375824,5614.936228505386,4261.202,42323.45591856819,41912.577824,41928.312912
2026-01-02 20:30:00+01:00,36702.643013119385,37397.773104,5604.518292777414,4255.013,42307.1613058968,41652.786104,41668.040624
2026-01-02 20:45:00+01:00,36696.779951315366,36859.701872,5595.023037357344,4209.908,42291.80298867271,41069.609872,41084.412728
2026-01-02 21:00:00+01:00,35034.68576351451,36632.041352,5762.26081937595,4535.191,40796.946582890465,41167.232352,41181.824248
2026-01-02 21:15:00+01:00,35028.5776600011,36208.650496,5748.4866704379065,4539.491,40777.06433043901,40748.141496,40762.471296
2026-01-02 21:30:00+01:00,35024.401245346286,35558.697136,5740.324789444657,4494.613,40764.72603479094,40053.310136,40067.979728
2026-01-02 21:45:00+01:00,35022.193467798235,34949.13016,5738.117807000628,4416.689,40760.31127479886,39365.81916,39380.098948
2026-01-02 22:00:00+01:00,33161.56183438485,33360.113124,5718.829236832683,4630.414,38880.39107121753,37990.527124,38005.881012
2026-01-02 22:15:00+01:00,33183.56135056152,33290.452292,5709.778639521498,4361.581,38893.33999008302,37652.033292,37667.499996
2026-01-02 22:30:00+01:00,33198.946237851895,33102.472972,5704.788112151865,3943.45,38903.73435000376,37045.922972,37060.469272
2026-01-02 22:45:00+01:00,33198.29965596339,32745.042344,5696.768858278286,4034.195,38895.06851424168,36779.237344,36793.260744
2026-01-02 23:00:00+01:00,34604.6969050543,32720.885288,5437.080217052013,4457.083,40041.77712210631,37177.968288,37192.26534400001
2026-01-02 23:15:00+01:00,34637.68606031863,32635.72096,5440.768935184834,4376.552,40078.45499550346,37012.27296,37026.595052
2026-01-02 23:30:00+01:00,34687.006988453824,32495.39296,5429.886069580333,4094.005,40116.893058034155,36589.39796,36603.826796
2026-01-02 23:45:00+01:00,34704.29192745813,32114.66888,5414.82223184243,3789.77,40119.11415930056,35904.43888,35918.680592000004
2026-01-03 00:00:00+01:00,34924.28196423396,31918.534496,4998.34783208736,5239.572,39922.62979632132,37158.106496,37172.515332
2026-01-03 00:15:00+01:00,34948.14773620112,31949.035716,5006.135366868601,5392.004,39954.28310306972,37341.039716,37355.44118
2026-01-03 00:30:00+01:00,34974.222299428504,31884.60924,5021.2260443145715,5695.114,39995.448343743075,37579.72324,37593.822496
2026-01-03 00:45:00+01:00,34990.21174319367,31706.621112,5007.209953352009,5573.499,39997.42169654568,37280.120112,37294.197528
2026-01-03 01:00:00+01:00,33692.13549155811,31210.973972,4796.288635217603,5824.55,38488.42412677572,37035.523972,37049.608660000005
2026-01-03 01:15:00+01:00,33713.321293365414,30975.389812,4816.552179802933,5650.762,38529.87347316835,36626.151812,36640.380656
2026-01-03 01:30:00+01:00,33733.88365680191,30736.662772,4797.483837366899,5985.69,38531.36749416881,36722.352772,36736.676888
2026-01-03 01:45:00+01:00,33750.42377870589,30460.199764,4780.607301203568,6019.534,38531.03107990946,36479.733764,36492.7913
2026-01-03 02:00:00+01:00,32100.23532584858,30109.655824,4622.952857868382,5489.989,36723.188183716964,35599.644824,35612.364624
2026-01-03 02:15:00+01:00,32114.23035501775,29796.19626,4628.010281065331,5109.516,36742.24063608308,34905.71226,34918.499388000004
2026-01-03 02:30:00+01:00,32117.408205532698,29273.604084,4634.875367300592,5102.31,36752.28357283329,34375.914084,34389.196048
2026-01-03 02:45:00+01:00,32146.472560789745,28566.510872,4633.225240962178,4939.079,36779.69780175192,33505.589872,33518.451912
2026-01-03 03:00:00+01:00,31118.095176932886,28472.366416,4481.606814799031,4318.161,35599.70199173192,32790.527416,32803.634203999994
2026-01-03 03:15:00+01:00,31134.860260141755,28359.234792,4489.715063704806,3887.448,35624.57532384656,32246.682792,32259.966948
2026-01-03 03:30:00+01:00,31137.676963598176,28381.14452,4471.906910936198,3939.455,35609.58387453437,32320.599520000003,32333.610780000003
2026-01-03 03:45:00+01:00,31137.464616035926,28240.208096,4444.194126386005,3901.688,35581.65874242193,32141.896095999997,32154.889819999997
2026-01-03 04:00:00+01:00,27181.51092758208,28920.925084,3937.773149027969,3841.93,31119.28407661005,32762.855084,32777.05656
2026-01-03 04:15:00+01:00,27181.7658182305,29045.936704,3918.2328101198677,3946.233,31099.998628350368,32992.169704,33005.138708
2026-01-03 04:30:00+01:00,27171.946288190204,28894.146452,3900.276194057206,3680.056,31072.22248224741,32574.202452,32586.923532
2026-01-03 04:45:00+01:00,27165.795529668816,29219.130052,3876.2978198458745,3619.39,31042.09334951469,32838.520052,32851.18898
2026-01-03 05:00:00+01:00,25606.45540650054,29455.004588,3256.4702413545947,3890.602,28862.925647855132,33345.606588,33358.306252
2026-01-03 05:15:00+01:00,25619.73213304532,29218.30566,3265.938493630743,3820.816,28885.670626676063,33039.121660000004,33051.72182400001
2026-01-03 05:30:00+01:00,25621.093203806107,28864.160948,3274.286983108498,3250.045,28895.380186914605,32114.205948000003,32126.976500000004
2026-01-03 05:45:00+01:00,25602.358326370475,28687.27206,3260.4817416641317,3091.03,28862.840068034606,31778.30206,31791.417287999997
2026-01-03 06:00:00+01:00,26005.922047172488,29385.435996,2711.0248425921627,3169.492,28716.94688976465,32554.927996,32567.961936
2026-01-03 06:15:00+01:00,25987.046844043914,29151.56936,2705.2500350294513,3599.937,28692.296879073365,32751.50636,32764.95968
2026-01-03 06:30:00+01:00,25968.07953280882,29046.406396,2681.0547574466536,3538.833,28649.134290255475,32585.239395999997,32599.10162
2026-01-03 06:45:00+01:00,25952.064090538326,28811.72818,2638.3612746480703,3113.524,28590.4253651864,31925.25218,31939.748628
2026-01-03 07:00:00+01:00,23656.18743126217,28568.385168,2543.685845562632,3105.818,26199.8732768248,31674.203168,31690.279916
2026-01-03 07:15:00+01:00,23666.91796053628,28467.986516,2537.0439087216655,2938.681,26203.961869257946,31406.667516,31423.884592
2026-01-03 07:30:00+01:00,23690.134564970278,28326.287764,2548.0769657702153,2618.152,26238.211530740493,30944.439764,30963.757088
2026-01-03 07:45:00+01:00,23682.496926394433,28012.619104,2537.1997879991977,2466.691,26219.69671439363,30479.310104,30500.625184
2026-01-03 08:00:00+01:00,22333.215540210236,27980.058496,2438.886459232553,2622.91,24772.101999442788,30602.968496,30641.176144
2026-01-03 08:15:00+01:00,22290.96154327049,28006.085836,2420.6190797567915,2527.984,24711.58062302728,30534.069836,30596.430979999997
2026-01-03 08:30:00+01:00,22296.148323141362,27966.015632,2392.83059960453,2303.036,24688.978922745893,30269.051632,30440.040203999997
2026-01-03 08:45:00+01:00,22223.454818145594,27694.07768,2379.53685763837,2083.592,24602.991675783964,29777.66968,30180.357984
2026-01-03 09:00:00+01:00,22824.497044318457,27393.11166,3195.789746237802,2069.167,26020.28679055626,29462.27866,30138.900732
2026-01-03 09:15:00+01:00,22601.274782864137,27169.627948,3212.037554737054,2152.623,25813.31233760119,29322.250948,30357.457496000003
2026-01-03 09:30:00+01:00,22460.50785672853,27057.551028,3191.427265794236,2305.235,25651.935122522766,29362.786028,30832.799844
2026-01-03 09:45:00+01:00,22370.888458338344,27237.325636,3181.0966017413652,2539.478,25551.98506007971,29776.803636,31692.339784
2026-01-03 10:00:00+01:00,21940.416244755874,27274.257556,3442.5021175961174,3044.156,25382.918362351993,30318.413556,32782.5741
2026-01-03 10:15:00+01:00,21855.62951898941,27229.666588,3442.358420760416,3594.882,25297.987939749826,30824.548588,33818.803132
2026-01-03 10:30:00+01:00,21744.00497675206,26830.737172,3416.698276756072,3816.178,25160.703253508134,30646.915172,34191.524008
2026-01-03 10:45:00+01:00,21647.885496714975,26584.632072,3399.8383408516493,4097.552,25047.723837566624,30682.184072,34746.139424
2026-01-03 11:00:00+01:00,21572.70838468989,26547.637136,3622.0072152886796,4394.545,25194.71559997857,30942.182136000003,35708.5535
2026-01-03 11:15:00+01:00,21442.473863225998,26341.504068,3647.844847484797,4643.393,25090.318710710795,30984.897068,36381.216752
2026-01-03 11:30:00+01:00,21377.805211585684,26430.425808,3650.352899287268,5052.61,25028.15811087295,31483.035808,37473.38812
2026-01-03 11:45:00+01:00,21310.702466618943,26577.492812,3638.6869861440205,5547.802,24949.389452762964,32125.294812,38640.593024
2026-01-03 12:00:00+01:00,23258.50755704057,26583.767492,4074.4857464080656,6206.112,27332.99330344864,32789.879492,39640.396332
2026-01-03 12:15:00+01:00,23218.10356042135,26415.681712,4093.415422278721,6555.421,27311.518982700072,32971.102712,40026.966456
2026-01-03 12:30:00+01:00,23161.688549642317,26399.48826,4087.088171380996,6466.604,27248.776721023314,32866.09226,40100.082144
2026-01-03 12:45:00+01:00,23127.366867764158,26409.757284,4105.077796598751,6412.229,27232.44466436291,32821.986284,40049.10968
2026-01-03 13:00:00+01:00,23455.815282519707,26501.7106,4875.434895509422,6913.569,28331.250178029128,33415.2796,40677.539284
2026-01-03 13:15:00+01:00,23399.444402337846,26542.816868,4889.186177271045,7460.091,28288.630579608893,34002.907868,40991.591784
2026-01-03 13:30:00+01:00,23367.83424121317,26570.405568,4909.084578343575,7409.278,28276.918819556748,33979.683568,40597.462524
2026-01-03 13:45:00+01:00,23331.09749357003,26577.528,4927.005208316879,7347.136,28258.102701886906,33924.664,40098.581532
2026-01-03 14:00:00+01:00,22588.19122357363,26493.105416,5161.6026460961,7215.064,27749.79386966973,33708.169416,39381.54347999999
2026-01-03 14:15:00+01:00,22619.829225621987,26539.174432,5187.060811695201,7027.74,27806.890037317185,33566.914432,38661.691812
2026-01-03 14:30:00+01:00,22605.314576894994,26544.0566,5196.643554678273,7300.979,27801.95813157327,33845.0356,38252.537568
2026-01-03 14:45:00+01:00,22636.60493197739,26359.63188,5215.610819805404,7434.358,27852.215751782795,33793.98988,37409.612652
2026-01-03 15:00:00+01:00,22276.200749965432,26077.730384,5068.316858102861,7240.116,27344.517608068294,33317.846384,36137.68758
2026-01-03 15:15:00+01:00,22462.72963909776,26135.339996,5085.766165593063,7293.059,27548.495804690825,33428.398995999996,35465.360135999996
2026-01-03 15:30:00+01:00,22699.512521079232,26350.726408,5109.960919742675,7202.755,27809.47344082191,33553.481408,34847.145952
2026-01-03 15:45:00+01:00,22995.54321326086,26440.868932,5111.517626469289,7629.272,28107.060839730148,34070.140932,34758.423324
2026-01-03 16:00:00+01:00,22755.017426802642,27108.042756,4995.887121929958,7311.561,27750.9045487326,34419.603756,34723.125404
2026-01-03 16:15:00+01:00,22916.580959523533,27543.092608,5006.03410128216,7469.842,27922.615060805692,35012.934607999996,35104.657483999996
2026-01-03 16:30:00+01:00,23154.54474312625,27464.388852,5007.11082504204,7648.668,28161.65556816829,35113.056852,35155.256228
2026-01-03 16:45:00+01:00,23368.119556130834,27799.164188,5003.80330764446,7897.947,28371.922863775293,35697.111187999995,35734.047064
2026-01-03 17:00:00+01:00,22256.146534927448,27941.869404,5244.183551116509,8076.748,27500.330086043956,36018.617404000004,36070.69312
2026-01-03 17:15:00+01:00,22390.199970885787,28363.224648,5291.016782675674,8013.141,27681.21675356146,36376.365648,36427.202616
2026-01-03 17:30:00+01:00,22481.58645910935,29000.78298,5351.549844807538,7862.928,27833.136303916886,36863.71098,36916.725816000006
2026-01-03 17:45:00+01:00,22613.05538835964,29654.630232,5374.8654644537755,7788.512,27987.920852813415,37443.142232,37494.055563999995
2026-01-03 18:00:00+01:00,22773.373316073656,30157.354448,5643.504624939365,7612.722,28416.877941013023,37770.076448,37832.13814
2026-01-03 18:15:00+01:00,22840.629728097836,30631.500716,5677.374833404967,7455.294,28518.004561502803,38086.794716,38145.94749599999
2026-01-03 18:30:00+01:00,22947.98822504319,31251.410712,5701.4196298961615,7366.726,28649.407854939353,38618.136712,38659.761828
2026-01-03 18:45:00+01:00,23016.992009199905,32044.122044,5713.578101898131,6812.845,28730.570111098037,38856.967044,38895.737984
2026-01-03 19:00:00+01:00,24857.73569346854,32522.074692,5622.256954021667,6513.651,30479.99264749021,39035.725692,39057.704352
2026-01-03 19:15:00+01:00,24903.415619644984,33279.540216,5617.3038210792665,6319.733,30520.71944072425,39599.273216,39619.488768
2026-01-03 19:30:00+01:00,24937.549907826917,33417.114632,5616.243209731355,6362.437,30553.79311755827,39779.551631999995,39799.169427999994
2026-01-03 19:45:00+01:00,24973.79649984335,33619.356668,5622.186115159076,6372.527,30595.982615002424,39991.883668,40010.958252
2026-01-03 20:00:00+01:00,29785.54203362052,32942.613452,5908.121249219763,5740.19,35693.66328284028,38682.803452,38699.148872
2026-01-03 20:15:00+01:00,29811.512571046223,32251.94646,5908.940739909077,5502.703,35720.4533109553,37754.64946,37770.308068
2026-01-03 20:30:00+01:00,29811.276432468618,31565.087116,5897.466313942288,6003.946,35708.742746410906,37569.033116,37597.050272
2026-01-03 20:45:00+01:00,29802.097129862064,30949.915608,5888.092998283197,5901.054,35690.19012814526,36850.969608,36877.00458
2026-01-03 21:00:00+01:00,29200.827113260388,30601.066332,5559.845356490558,5531.287,34760.67246975095,36132.353332,36165.671731999995
2026-01-03 21:15:00+01:00,29188.30456274697,30233.825116,5545.598697587155,5601.638,34733.903260334126,35835.463116,35864.68456
2026-01-03 21:30:00+01:00,29179.664459697236,30007.49238,5535.457840385716,5525.664,34715.12230008295,35533.15638,35560.455532
2026-01-03 21:45:00+01:00,29122.278959516036,29921.127244,5533.738268112517,5457.59,34656.01722762855,35378.717244,35395.692628
2026-01-03 22:00:00+01:00,26092.805309442887,28931.495728,5638.646175789291,5496.006,31731.451485232177,34427.501728,34442.694628000005
2026-01-03 22:15:00+01:00,26118.43307734774,29220.140592,5623.717484845508,5376.003,31742.15056219325,34596.143592,34610.847052
2026-01-03 22:30:00+01:00,26137.09333722215,29412.192804,5613.038427708955,5213.123,31750.131764931106,34625.315804,34639.696436
2026-01-03 22:45:00+01:00,26138.749457640126,29414.723968,5593.097808035019,5138.842,31731.847265675144,34553.565967999995,34567.906612
2026-01-03 23:00:00+01:00,28872.257941653977,29286.66428,5398.415188282502,4784.289,34270.67312993648,34070.95328,34085.05726
2026-01-03 23:15:00+01:00,28908.387307591554,28958.192344,5398.540931842923,4520.916,34306.92823943448,33479.108344,33493.018544
2026-01-03 23:30:00+01:00,28959.374864540503,28803.355884,5387.778950297446,4419.652,34347.15381483795,33223.007884,33237.172688
2026-01-03 23:45:00+01:00,28977.15250025077,28432.582028,5363.324817573573,4282.511,34340.47731782434,32715.093028000003,32729.246944
2026-01-04 00:00:00+01:00,29099.15009133483,28268.264384,4707.550395817541,4409.085,33806.700487152375,32677.349383999997,32691.826112
2026-01-04 00:15:00+01:00,29123.16245690287,28073.464608,4720.4544496712815,4021.588,33843.616906574156,32095.052608,32111.003687999997
2026-01-04 00:30:00+01:00,29148.851061004192,27891.080236,4745.03764238536,3840.58,33893.88870338955,31731.660236000003,31746.298924
2026-01-04 00:45:00+01:00,29163.392543708953,27755.101308,4728.939607181799,3836.176,33892.332150890754,31591.277308,31605.551492
2026-01-04 01:00:00+01:00,28652.639197931814,27327.023604,4917.455867211141,3508.893,33570.09506514295,30835.916604,30849.201056
2026-01-04 01:15:00+01:00,28668.298319264253,27192.958352,4935.746757274195,3365.343,33604.045076538445,30558.301352,30571.585468
2026-01-04 01:30:00+01:00,28682.974973702443,27042.582624,4925.566530636456,3295.167,33608.5415043389,30337.749624,30351.709172
2026-01-04 01:45:00+01:00,28692.222633902315,26761.97902,4910.769422104146,3084.94,33602.992056006464,29846.91902,29859.884327999996
2026-01-04 02:00:00+01:00,27470.025624330454,26793.100712,4598.309105620766,2888.971,32068.33472995122,29682.071712,29695.194684
2026-01-04 02:15:00+01:00,27477.804116828447,26375.31426,4595.5799562741595,2869.78,32073.384073102607,29245.09426,29257.785276
2026-01-04 02:30:00+01:00,27467.189647596333,25930.08368,4602.711013543147,3038.383,32069.90066113948,28968.46668,28981.537803999996
2026-01-04 02:45:00+01:00,27475.015851086522,25398.915448,4597.248558197605,3432.692,32072.26440928413,28831.607448,28844.739964
2026-01-04 03:00:00+01:00,25924.1447342622,25198.022744,4030.0365133258774,3847.397,29954.18124758808,29045.419744000003,29057.774112000003
2026-01-04 03:15:00+01:00,25937.867796372168,25080.637968,4025.082564035047,3865.95,29962.950360407216,28946.587968,28958.886316
2026-01-04 03:30:00+01:00,25939.594569816418,24757.716192,4008.960591155944,4153.766,29948.555160972363,28911.482192,28924.166384
2026-01-04 03:45:00+01:00,25934.693585335826,24473.328536,3980.54302752709,3904.709,29915.236612862915,28378.037536,28390.502228
2026-01-04 04:00:00+01:00,25669.946539993103,24106.732756,3687.757272436655,3415.355,29357.703812429758,27522.087756,27534.369208
2026-01-04 04:15:00+01:00,25672.452545024233,23696.8991,3682.6379051960294,3131.102,29355.09045022026,26828.0011,26841.053303999997
2026-01-04 04:30:00+01:00,25657.94085365168,23385.66024,3656.8799404886418,3139.806,29314.82079414032,26525.46624,26541.090528
2026-01-04 04:45:00+01:00,25659.37087109086,23411.275368,3628.870749589613,2867.281,29288.241620680474,26278.556368,26296.757056
2026-01-04 05:00:00+01:00,24152.767309957857,23249.81614,3857.516103978205,2970.784,28010.283413936064,26220.60014,26233.699544
2026-01-04 05:15:00+01:00,24159.106206994777,23121.764204,3866.951229526989,2962.599,28026.057436521765,26084.363204,26098.16346
2026-01-04 05:30:00+01:00,24149.59456482861,22901.023984,3860.3290126186707,2881.016,28009.92357744728,25782.039984,25794.576644
2026-01-04 05:45:00+01:00,24126.142484686854,22891.783408,3842.407670946154,2584.894,27968.55015563301,25476.677408,25489.674872
2026-01-04 06:00:00+01:00,23598.12042301185,23337.799132,3200.6440836170254,2478.742,26798.764506628875,25816.541132,25829.378308
2026-01-04 06:15:00+01:00,23570.120072525835,23243.524788,3206.649469243421,2384.688,26776.769541769256,25628.212787999997,25641.468975999996
2026-01-04 06:30:00+01:00,23545.46767849701,22802.70196,3181.525141352788,2356.745,26726.9928198498,25159.446959999997,25173.512403999997
2026-01-04 06:45:00+01:00,23521.722769300395,22239.224624,3127.619884762167,2426.964,26649.342654062562,24666.188624,24681.498344
2026-01-04 07:00:00+01:00,21093.936076372116,21994.18998,2547.0005999573814,2393.78,23640.936676329497,24387.96998,24404.087392
2026-01-04 07:15:00+01:00,21099.837439745585,21891.937996,2536.7484276657024,2434.158,23636.585867411286,24326.095996,24343.99722
2026-01-04 07:30:00+01:00,21112.64253536801,21747.518908,2535.209296526291,2295.954,23647.851831894302,24043.472908,24062.793064
2026-01-04 07:45:00+01:00,21090.06917216752,21687.6766,2516.293667674784,2183.244,23606.362839842306,23870.9206,23891.620732
2026-01-04 08:00:00+01:00,21312.911213580865,21738.560228,2670.2931555968566,2102.348,23983.20436917772,23840.908228,23874.445672
2026-01-04 08:15:00+01:00,21282.40099017702,21884.453976,2650.5263195737816,2029.027,23932.9273097508,23913.480976,24028.852684
2026-01-04 08:30:00+01:00,21103.190073189053,21947.71236,2620.853416595172,1964.06,23724.043489784224,23911.772360000003,24281.193980000004
2026-01-04 08:45:00+01:00,21033.786105753563,21840.470416,2606.627033065692,2092.907,23640.413138819255,23933.377416,24685.062292
2026-01-04 09:00:00+01:00,18787.020581303732,21567.691752,2518.647622793629,2203.447,21305.66820409736,23771.138752,24970.120628
2026-01-04 09:15:00+01:00,18611.276278610807,21643.171428,2537.420402447673,2122.266,21148.696681058478,23765.437428,25465.07616
2026-01-04 09:30:00+01:00,18485.620391525303,21501.986432,2524.8338530259516,2090.613,21010.454244551256,23592.599432000003,25807.802140000003
2026-01-04 09:45:00+01:00,18408.11172058093,21300.206048,2518.686067405648,2014.599,20926.79778798658,23314.805048,26115.136236
2026-01-04 10:00:00+01:00,17220.642809834808,21361.279592,2608.969039438192,2040.555,19829.611849273,23401.834592,26804.273256
2026-01-04 10:15:00+01:00,17153.095302519207,21567.4205,2619.258231899301,2058.49,19772.353534418507,23625.9105,27613.62718
2026-01-04 10:30:00+01:00,17049.515780522386,21508.71942,2588.005022783652,2150.209,19637.520803306037,23658.92842,28290.461804
2026-01-04 10:45:00+01:00,16957.319938775454,21426.007276,2575.2603250604698,2230.109,19532.580263835924,23656.116276,28982.204364
2026-01-04 11:00:00+01:00,18266.242448298854,21351.876836,2490.8447621802934,2141.588,20757.08721047915,23493.464836,29474.591544
2026-01-04 11:15:00+01:00,18140.044447382912,21064.101116,2507.186501418071,2107.424,20647.230948800985,23171.525116,29870.28998
2026-01-04 11:30:00+01:00,18081.18990067472,20762.522412,2518.5146811917434,2061.779,20599.704581866463,22824.301411999997,30107.903408
2026-01-04 11:45:00+01:00,18022.5380532483,20695.421624,2524.6586641368826,1955.306,20547.19671738518,22650.727624,30358.11422
2026-01-04 12:00:00+01:00,18400.566056342814,20534.621772,2412.090264926423,1936.666,20812.656321269238,22471.287772,30713.29598
2026-01-04 12:15:00+01:00,18365.32408407212,20452.870508,2434.163680456734,1993.642,20799.487764528854,22446.512508,30986.592084
2026-01-04 12:30:00+01:00,18312.369403387507,20337.404608,2427.7170484327303,2021.241,20740.086451820236,22358.645608,31075.21024
2026-01-04 12:45:00+01:00,18280.432857441432,20264.277156,2438.61282021157,2047.075,20719.045677653,22311.352156,31038.76258
2026-01-04 13:00:00+01:00,17724.641327284517,19969.888384,3109.296049477755,2080.035,20833.93737676227,22049.923384,30607.339084
2026-01-04 13:15:00+01:00,17682.21150955174,20038.437828,3120.919560027143,2143.326,20803.13106957888,22181.763828,30466.856507999997
2026-01-04 13:30:00+01:00,17647.117044032333,20105.662124,3134.82419861883,2139.889,20781.941242651163,22245.551124,30068.92316
2026-01-04 13:45:00+01:00,17582.94888124069,19828.04614,3148.146143998444,2159.97,20731.095025239134,21988.01614,29164.210312
2026-01-04 14:00:00+01:00,15450.69098636969,19427.134772,3683.105352335502,2158.969,19133.796338705193,21586.103772,28078.021012
2026-01-04 14:15:00+01:00,15450.040498740052,19295.28104,3703.540221977783,2198.423,19153.580720717837,21493.70404,27270.183704000003
2026-01-04 14:30:00+01:00,15428.237298141692,19133.96932,3709.2135169636135,2194.768,19137.450815105305,21328.73732,26252.610008
2026-01-04 14:45:00+01:00,15410.496645892417,18696.032908,3712.2638182544806,2199.402,19122.760464146897,20895.434908000003,24962.184892000005
2026-01-04 15:00:00+01:00,14922.446539176846,18203.025872,4250.872359438165,2265.799,19173.318898615013,20468.824871999997,23707.231527999997
2026-01-04 15:15:00+01:00,15034.496096122122,17964.606704,4266.791102272031,2241.886,19301.28719839415,20206.492704,22626.980396
2026-01-04 15:30:00+01:00,15262.54006747172,17819.212204,4282.803224602229,2370.177,19545.34329207395,20189.389204,21818.129752
2026-01-04 15:45:00+01:00,15525.622674714763,17653.83224,4279.730859693948,2527.89,19805.35353440871,20181.72224,21138.982812
2026-01-04 16:00:00+01:00,16448.632514532677,17644.801792,4509.00922083606,2756.981,20957.641735368736,20401.782792,20845.136272
2026-01-04 16:15:00+01:00,16595.067408239876,17759.309824,4521.52223195146,2903.528,21116.589640191334,20662.837824,20808.754404
2026-01-04 16:30:00+01:00,16794.757557611498,17751.243736,4519.276564058074,2774.172,21314.03412166957,20525.415736,20574.64922
2026-01-04 16:45:00+01:00,17006.460469055128,17912.317084,4511.948224363501,2603.686,21518.408693418627,20516.003084,20555.694212
2026-01-04 17:00:00+01:00,17114.825340138093,17908.005636,3658.4906160378614,2560.34,20773.315956175953,20468.345636,20505.557768
2026-01-04 17:15:00+01:00,17240.084183984043,17790.359844,3688.64278877539,2565.595,20928.726972759432,20355.954844,20390.45832
2026-01-04 17:30:00+01:00,17351.37453136364,17809.63292,3697.50236223989,2811.626,21048.87689360353,20621.25892,20653.027512
2026-01-04 17:45:00+01:00,17463.52514649977,17704.176308,3717.824062313006,3262.662,21181.349208812775,20966.838308,20996.873679999997
2026-01-04 18:00:00+01:00,19437.94365185328,17601.69702,2830.269974548577,3123.649,22268.213626401855,20725.34602,20753.71228
2026-01-04 18:15:00+01:00,19503.497745158937,17644.179568,2859.642505026234,2985.367,22363.14025018517,20629.546568,20656.632496
2026-01-04 18:30:00+01:00,19578.83881228479,17736.833636,2884.5574617790853,3309.213,22463.396274063874,21046.046636,21070.3107
2026-01-04 18:45:00+01:00,19652.550968794712,17644.902892,2895.091640082863,3208.598,22547.642608877577,20853.500891999996,20875.837683999995
2026-01-04 19:00:00+01:00,18754.49718449023,17587.450984,2355.4625661975465,2820.219,21109.959750687776,20407.669984,20428.689924
2026-01-04 19:15:00+01:00,18800.18233402617,17606.5315,2343.952217299505,2900.955,21144.134551325675,20507.4865,20525.752816
2026-01-04 19:30:00+01:00,18829.06927768222,17591.382012,2340.6884376416087,2861.17,21169.75771532383,20452.552012,20469.69984
2026-01-04 19:45:00+01:00,18856.45180105941,17428.219856,2347.369113148899,2983.534,21203.82091420831,20411.753856,20428.001852
2026-01-04 20:00:00+01:00,19444.420395227633,17309.908724,2076.1113494210344,2858.494,21520.531744648666,20168.402724,20184.138084
2026-01-04 20:15:00+01:00,19464.035802074,17164.324212,2078.591089153113,2619.419,21542.62689122711,19783.743212,19798.698068
2026-01-04 20:30:00+01:00,19458.077345618967,17151.51636,2068.4760821029577,2580.937,21526.553427721927,19732.45336,19747.05672
2026-01-04 20:45:00+01:00,19436.471121572526,17293.861308,2059.0196286623504,2315.498,21495.490750234876,19609.359308,19623.571204
2026-01-04 21:00:00+01:00,18417.05581250928,17260.557352,2087.0543041872957,2254.539,20504.110116696575,19515.096352,19529.054264
2026-01-04 21:15:00+01:00,18401.275339113472,17220.41704,2072.3238200270293,2472.003,20473.5991591405,19692.42004,19706.494756
2026-01-04 21:30:00+01:00,18382.77159707491,17188.700948,2064.7798423012664,2454.065,20447.551439376177,19642.765948,19656.758556
2026-01-04 21:45:00+01:00,18289.5380128373,17063.193424,2060.7461841519535,2372.736,20350.284196989254,19435.929424,19449.808172
2026-01-04 22:00:00+01:00,17070.030683186793,16122.767292,2103.8749862192,2570.422,19173.90566940599,18693.189292,18707.008816
2026-01-04 22:15:00+01:00,17098.430726617808,16005.257432,2089.1692129835915,2436.731,19187.599939601398,18441.988432,18455.629628
2026-01-04 22:30:00+01:00,17118.156917766963,15695.381944,2070.309453153787,2403.058,19188.46637092075,18098.439944,18113.262208
2026-01-04 22:45:00+01:00,17117.49667288531,15328.429084,2050.596305754911,2519.316,19168.092978640223,17847.745084,17861.593756
2026-01-04 23:00:00+01:00,15701.911353834297,15116.94488,1773.2098334901175,2912.702,17475.121187324414,18029.64688,18043.449216
2026-01-04 23:15:00+01:00,15738.14164448182,15060.101928,1777.50096413653,3148.619,17515.64260861835,18208.720928,18222.38064
2026-01-04 23:30:00+01:00,15787.967521096007,14944.4783,1761.3668409525555,2665.637,17549.33436204856,17610.1153,17623.411360000002
2026-01-04 23:45:00+01:00,15801.972961964775,14889.828748,1733.204152028349,1987.968,17535.177113993122,16877.796748,16891.34476
2026-01-05 00:00:00+01:00,15571.350023120709,14856.9424,1681.1653633412036,1789.757,17252.515386461913,16646.6994,16660.216472
2026-01-05 00:15:00+01:00,15597.059969446935,14578.126472,1686.4289090921775,1954.349,17283.488878539112,16532.475472,16545.851039999998
2026-01-05 00:30:00+01:00,15626.175701972217,14440.477304,1708.6809766672136,2255.118,17334.85667863943,16695.595304,16709.030563999997
2026-01-05 00:45:00+01:00,15644.504149298185,14494.863088,1691.0357157357475,2317.931,17335.539865033934,16812.794088,16825.051212
2026-01-05 01:00:00+01:00,16984.80472204802,14542.007516,1837.2427518279112,2057.881,18822.04747387593,16599.888516,16611.882751999998
2026-01-05 01:15:00+01:00,17003.22387342493,14473.26572,1852.6699648226174,1965.663,18855.893838247546,16438.92872,16451.107008
2026-01-05 01:30:00+01:00,17018.07871329143,14495.093652,1842.0755042285514,1733.859,18860.154217519983,16228.952652,16242.099036
2026-01-05 01:45:00+01:00,17025.98845476597,14303.983448,1825.05845192377,1907.352,18851.046906689742,16211.335448000002,16223.405752000002
2026-01-05 02:00:00+01:00,18806.91140256949,14172.35298,2377.481966124262,2316.397,21184.393368693753,16488.74998,16500.703036
2026-01-05 02:15:00+01:00,18807.162043427536,14019.301668,2380.2738074268973,2152.018,21187.435850854432,16171.319668,16182.70582
2026-01-05 02:30:00+01:00,18788.124161108277,14045.859532,2394.755743168712,1969.377,21182.87990427699,16015.236532,16026.796248
2026-01-05 02:45:00+01:00,18783.552951385398,14276.86724,2399.518713299052,1894.866,21183.07166468445,16171.73324,16183.378236
2026-01-05 03:00:00+01:00,17722.30539949131,14264.627416,2071.971584214918,1870.151,19794.27698370623,16134.778416,16146.426296
2026-01-05 03:15:00+01:00,17734.492037331675,14138.158016,2068.6151802385093,2140.047,19803.107217570185,16278.205016,16289.73972
2026-01-05 03:30:00+01:00,17730.31014289741,13949.32326,2060.9790466361824,2254.255,19791.289189533592,16203.578259999998,16215.282479999998
2026-01-05 03:45:00+01:00,17720.86986104297,13815.243336,2031.458831095501,1998.653,19752.32869213847,15813.896336,15825.529864
2026-01-05 04:00:00+01:00,15765.690269522282,13550.379672,2116.581552812511,2098.988,17882.27182233479,15649.367671999998,15660.868656
2026-01-05 04:15:00+01:00,15759.152392392582,13473.245308,2104.105422031635,2249.865,17863.257814424218,15723.110308,15735.444908
2026-01-05 04:30:00+01:00,15739.708254923296,13379.715192,2080.936504430931,2176.255,17820.64475935423,15555.970192,15567.612304
2026-01-05 04:45:00+01:00,15743.803986990768,13323.28012,2051.010731955876,2471.427,17794.814718946644,15794.70712,15806.555676
2026-01-05 05:00:00+01:00,15095.984283221276,13377.813748,1759.7896290485437,2791.877,16855.77391226982,16169.690748,16181.315628
2026-01-05 05:15:00+01:00,15101.532800283876,13489.68608,1766.4556045826935,2625.854,16867.98840486657,16115.54008,16127.194479999998
2026-01-05 05:30:00+01:00,15089.214730762142,13441.68588,1755.5872067919304,1996.338,16844.80193755407,15438.02388,15449.727804
2026-01-05 05:45:00+01:00,15068.933900101603,13381.896412,1730.938887564014,1910.882,16799.872787665616,15292.778412,15304.610788
2026-01-05 06:00:00+01:00,14060.646314934675,13450.043096,1629.8099005336753,1972.526,15690.45621546835,15422.569096,15434.388632
2026-01-05 06:15:00+01:00,14032.52469596,13271.723784,1634.7435061525496,1704.014,15667.268202112551,14975.737784,14987.784032
2026-01-05 06:30:00+01:00,13998.86019446528,13171.796828,1609.8416551767332,1525.928,15608.701849642013,14697.724828,14710.554848
2026-01-05 06:45:00+01:00,13962.384387593906,13033.691816,1559.684085428529,1685.331,15522.068473022435,14719.022816,14733.232992
2026-01-05 07:00:00+01:00,13958.138461838815,12898.403748,1899.139539275899,1633.154,15857.278001114713,14531.557748,14562.103876
2026-01-05 07:15:00+01:00,13961.806019042324,12984.827748,1890.4544382453314,1690.192,15852.260457287655,14675.019748,14709.891704
2026-01-05 07:30:00+01:00,13971.449826141485,13059.212756,1885.3357372696375,1768.182,15856.785563411122,14827.394756000002,14873.14628
2026-01-05 07:45:00+01:00,13948.608955293008,13221.992916,1863.9936985208374,1757.297,15812.602653813845,14979.289916,15019.91502
2026-01-05 08:00:00+01:00,13912.134203801614,13258.59754,1551.449362773436,1730.862,15463.58356657505,14989.45954,15033.804352
2026-01-05 08:15:00+01:00,13854.55030525167,13194.900396,1530.9547357109766,1794.584,15385.505040962647,14989.484396,15066.553928
2026-01-05 08:30:00+01:00,13818.697959054618,13208.794648,1515.732127279146,2529.761,15334.430086333763,15738.555648,16029.756976
2026-01-05 08:45:00+01:00,13749.18367096117,13161.283816,1495.0879435280433,3093.982,15244.271614489215,16255.265816,16998.65132
2026-01-05 09:00:00+01:00,11881.933225718252,12751.680428,1278.335079173012,2941.37,13160.268304891264,15693.050428,16959.143076
2026-01-05 09:15:00+01:00,11711.592297024721,12218.675108,1297.0613261788008,2747.635,13008.653623203521,14966.310108,16833.957772
2026-01-05 09:30:00+01:00,11586.580705186996,11862.253092,1287.9097640382606,2500.741,12874.490469225257,14362.994092,16896.745528
2026-01-05 09:45:00+01:00,11519.229876294767,11603.434124,1289.1097760470013,2260.643,12808.339652341769,13864.077124,17078.39972
2026-01-05 10:00:00+01:00,10709.461862497676,11427.629572,1072.957020366034,2070.458,11782.418882863709,13498.087572,17440.465208
2026-01-05 10:15:00+01:00,10646.174552748047,11125.921124,1097.7095975674383,1934.756,11743.884150315485,13060.677124,17724.214132
2026-01-05 10:30:00+01:00,10537.546801516397,10934.920144,1072.634268286392,2101.438,11610.18106980279,13036.358144,18466.032348
2026-01-05 10:45:00+01:00,10443.306264598072,10734.600788,1067.865237760573,2385.456,11511.171502358644,13120.056788,19300.713392
2026-01-05 11:00:00+01:00,9052.221269973628,10668.964256,1109.123703188607,2464.025,10161.344973162235,13132.989256,20013.599728
2026-01-05 11:15:00+01:00,8924.713428436004,10427.643888,1133.8684042968368,2550.367,10058.58183273284,12978.010888,20487.653364
2026-01-05 11:30:00+01:00,8871.216862076508,10197.5192,1160.425134365613,2736.99,10031.64199644212,12934.5092,20967.621372
2026-01-05 11:45:00+01:00,8819.460405573309,9967.840824,1183.1836528457384,2857.583,10002.644058419048,12825.423824,21317.310660000003
2026-01-05 12:00:00+01:00,8754.323368227835,9656.963908,1277.5778567261423,2747.973,10031.901224953977,12404.936908,21225.441896
2026-01-05 12:15:00+01:00,8683.729783957198,9329.927772,1309.5856260255384,2442.637,9993.315409982737,11772.564772,20774.351876
2026-01-05 12:30:00+01:00,8631.558609776834,9157.741308,1301.3502285090585,2222.659,9932.908838285892,11380.400308,20448.420444
2026-01-05 12:45:00+01:00,8600.6273944205,8956.929228,1310.2838313163743,2601.883,9910.911225736874,11558.812228,20565.478656
2026-01-05 13:00:00+01:00,8563.385334220537,8729.677224,1141.7547246490515,2806.443,9705.140058869589,11536.120223999998,20393.195716
2026-01-05 13:15:00+01:00,8522.898760410017,8496.55154,1169.3703396177686,2592.53,9692.269100027785,11089.08154,19650.534864
2026-01-05 13:30:00+01:00,8488.40690929066,8221.938728,1180.016944932895,2351.932,9668.423854223554,10573.870727999998,18733.251063999996
2026-01-05 13:45:00+01:00,8432.972683256485,8044.347984,1191.6914848920478,2243.163,9624.664168148533,10287.510984,18013.958160000002
2026-01-05 14:00:00+01:00,8289.294403086124,7959.227872,1329.5312237891735,2208.253,9618.825626875298,10167.480872,17310.794056
2026-01-05 14:15:00+01:00,8288.37279219998,7928.560976,1343.1887141652794,2003.721,9631.561506365259,9932.281976,16426.63954
2026-01-05 14:30:00+01:00,8264.916234269951,7809.958072,1355.3430213393292,1943.103,9620.25925560928,9753.061072,15459.6507
2026-01-05 14:45:00+01:00,8238.547209652374,7595.216744,1370.4613877913278,1977.281,9609.0085974437,9572.497744,14446.991412
2026-01-05 15:00:00+01:00,7654.611286259157,7551.67892,1691.863270854758,2006.695,9346.474557113916,9558.37392,13576.1258
2026-01-05 15:15:00+01:00,7763.2912401086005,7673.372532,1701.1900442143972,1964.21,9464.481284322997,9637.582532,12705.729852
2026-01-05 15:30:00+01:00,7977.728728867489,7962.757408,1715.14519868036,1908.555,9692.87392754785,9871.312408,12005.428504
2026-01-05 15:45:00+01:00,8220.995567355061,8298.027392,1723.543324621,1913.37,9944.53889197606,10211.397392,11478.487147999998
2026-01-05 16:00:00+01:00,7920.051455410091,8661.54102,1836.751635296926,1885.143,9756.803090707017,10546.68402,11126.370792000002
2026-01-05 16:15:00+01:00,8201.591399980225,8989.872908,1852.2236860546582,1897.405,10053.815086034883,10887.277908,11058.47
2026-01-05 16:30:00+01:00,8389.143846313607,9187.18562,1853.2801223334134,1933.546,10242.423968647021,11120.73162,11172.606732
2026-01-05 16:45:00+01:00,8596.858782557108,9369.134152,1849.4249279463597,2036.417,10446.283710503469,11405.551152,11445.530216
2026-01-05 17:00:00+01:00,9394.508298692032,9555.346384,2575.4785935144687,1993.848,11969.9868922065,11549.194384,11632.25392
2026-01-05 17:15:00+01:00,9519.693380221886,9685.707316,2599.0636539324273,2014.174,12118.757034154314,11699.881316,11838.636592
2026-01-05 17:30:00+01:00,9646.126295504748,9762.82056,2595.3650199930967,2151.488,12241.491315497844,11914.30856,12055.22284
2026-01-05 17:45:00+01:00,9761.991634049926,9806.651148,2610.798316765627,2246.066,12372.789950815553,12052.717148,12168.930316
2026-01-05 18:00:00+01:00,11342.325699936273,9818.864836,2930.4144040009287,2254.058,14272.740103937202,12072.922836000002,12164.237268
2026-01-05 18:15:00+01:00,11409.777285324024,9794.5102,2953.2592067355035,2292.683,14363.036492059528,12087.193200000002,12184.698864000002
2026-01-05 18:30:00+01:00,11491.191634189314,9742.518676,2974.9319897920464,2424.48,14466.12362398136,12166.998676,12225.791476
2026-01-05 18:45:00+01:00,11574.608373646639,9654.581004,2967.247810247494,2494.402,14541.856183894133,12148.983004,12196.316312
2026-01-05 19:00:00+01:00,10815.373710678787,9695.501584,2692.59917615098,2453.973,13507.972886829766,12149.474584,12196.319256
2026-01-05 19:15:00+01:00,10870.160162260576,9630.921224,2671.169024023763,2389.105,13541.32918628434,12020.026224,12046.823868
2026-01-05 19:30:00+01:00,10892.506415027638,9604.433168,2664.5395232996025,2174.401,13557.04593832724,11778.834168,11800.680392
2026-01-05 19:45:00+01:00,10915.795535259547,9678.33656,2670.2942427950934,2426.774,13586.08977805464,12105.11056,12123.690596
2026-01-05 20:00:00+01:00,9334.820820562447,9767.373196,2216.3447553692667,2850.559,11551.165575931715,12617.932196000002,12638.079972
2026-01-05 20:15:00+01:00,9322.549317797067,9831.646892,2207.263157427157,2891.127,11529.812475224224,12722.773892,12737.402748
2026-01-05 20:30:00+01:00,9285.157327289005,9890.040752,2204.622534541603,2771.849,11489.779861830608,12661.889752,12675.772432000002
2026-01-05 20:45:00+01:00,9235.67790132826,9835.714384,2189.008682912281,2673.993,11424.68658424054,12509.707384,12523.204780000002
2026-01-05 21:00:00+01:00,8885.445694930862,9563.545284,2001.2348771934028,2526.109,10886.680572124265,12089.654284,12102.816976
2026-01-05 21:15:00+01:00,8848.083542597493,9440.201164,1989.1836881042805,2400.434,10837.267230701773,11840.635164,11853.874856
2026-01-05 21:30:00+01:00,8806.507860829684,9371.693152,1975.8571133357989,2396.109,10782.364974165483,11767.802152,11780.981752
2026-01-05 21:45:00+01:00,8762.022023610336,9252.072056,1962.4751908352355,2323.035,10724.497214445571,11575.107056,11588.525812
2026-01-05 22:00:00+01:00,6725.008666455196,9036.384868,1532.610627773765,2221.327,8257.619294228962,11257.711868,11272.116616
2026-01-05 22:15:00+01:00,6749.140159414474,8960.299648,1511.8828827793573,2114.648,8261.02304219383,11074.947648,11087.958788000002
2026-01-05 22:30:00+01:00,6762.343303063648,8739.335132,1488.1574969395272,1907.14,8250.500800003176,10646.475132,10659.359832
2026-01-05 22:45:00+01:00,6753.355481011844,8502.856916,1469.2276805250253,1804.946,8222.58316153687,10307.802916,10320.727912
2026-01-05 23:00:00+01:00,9228.221665097757,8330.811052,2576.214250131662,1737.94,11804.43591522942,10068.751052,10081.743616
2026-01-05 23:15:00+01:00,9243.79652849183,8162.721076,2569.359151522275,1655.125,11813.155680014104,9817.846076,9830.826464
2026-01-05 23:30:00+01:00,9276.937866376391,7957.551496,2547.9942140361068,1511.348,11824.932080412498,9468.899496,9480.79512
2026-01-05 23:45:00+01:00,9268.313918673843,7848.928636,2518.1147839456626,1498.25,11786.428702619505,9347.178636,9369.214976
2026-01-06 00:00:00+01:00,12085.19548452724,7659.90176,3280.636176394469,1555.109,15365.831660921709,9215.01076,9226.579016
2026-01-06 00:15:00+01:00,12089.709553671431,7444.148164,3283.8525875920836,1654.339,15373.562141263516,9098.487164,9109.415152
2026-01-06 00:30:00+01:00,12103.059674662709,7306.797152,3307.681240031786,1670.501,15410.740914694496,8977.298152,8990.804648
2026-01-06 00:45:00+01:00,12109.02000168665,7150.900228,3286.767666058492,1646.247,15395.787667745142,8797.147228,8810.50078
2026-01-06 01:00:00+01:00,11419.24020532817,6951.083672,3269.4243855150917,1675.37,14688.664590843262,8626.453672,8639.940448
2026-01-06 01:15:00+01:00,11424.010491868361,6830.078752,3275.8731394966057,1538.117,14699.883631364966,8368.195752,8381.421192
2026-01-06 01:30:00+01:00,11428.881462085092,6662.718912,3256.7532245183816,1434.762,14685.634686603473,8097.480912,8110.776628
2026-01-06 01:45:00+01:00,11419.993454613645,6457.937392,3239.986093608394,1374.75,14659.97954822204,7832.687392,7845.946027999999
2026-01-06 02:00:00+01:00,11200.665500769177,6316.080808,2329.731307310706,1264.976,13530.396808079884,7581.056807999999,7592.931435999999
2026-01-06 02:15:00+01:00,11185.698129337676,6114.158312,2325.2201128452716,1160.962,13510.918242182946,7275.120311999999,7286.802023999999
2026-01-06 02:30:00+01:00,11155.777350013597,6005.953104,2331.4832503006373,1131.614,13487.260600314235,7137.567104,7149.37406
2026-01-06 02:45:00+01:00,11142.131183643327,5841.6494,2331.6547278941684,1064.666,13473.785911537496,6906.3154,6918.191488
2026-01-06 03:00:00+01:00,10389.95467016805,5707.182136,2210.4939128271003,1020.533,12600.44858299515,6727.715136000001,6740.430344
2026-01-06 03:15:00+01:00,10381.75805259934,5584.559336,2214.441199623396,974.52,12596.199252222736,6559.079336000001,6570.621480000001
2026-01-06 03:30:00+01:00,10355.419020203324,5467.828544,2209.106082917131,855.116,12564.525103120455,6322.944544,6334.487204
2026-01-06 03:45:00+01:00,10326.404926238336,5371.12864,2177.268833124201,772.676,12503.673759362537,6143.80464,6155.715688
2026-01-06 04:00:00+01:00,8508.81897820434,5265.939244,1841.637747864269,699.86,10350.456726068609,5965.799244,5977.4378639999995
2026-01-06 04:15:00+01:00,8487.561506118098,5203.104476,1832.8662872375503,675.358,10320.427793355648,5878.462476000001,5890.179052
2026-01-06 04:30:00+01:00,8453.633715247994,5103.281116,1811.4472461453306,658.855,10265.080961393323,5762.136116,5774.0214399999995
2026-01-06 04:45:00+01:00,8444.005544913665,5020.85608,1792.1005076029437,632.758,10236.106052516609,5653.614079999999,5665.513171999999
2026-01-06 05:00:00+01:00,7671.429160218773,4934.320128,1535.4919416999583,805.408,9206.921101918731,5739.728128000001,5751.578616000001
2026-01-06 05:15:00+01:00,7661.406257199705,4869.88684,1536.718931219864,854.79,9198.125188419568,5724.67684,5736.498732
2026-01-06 05:30:00+01:00,7633.733233604547,4742.083232,1509.1474240368545,627.045,9142.880657641403,5369.128232,5382.076828
2026-01-06 05:45:00+01:00,7600.6282370004365,4688.966488,1482.7693533216827,487.843,9083.39759032212,5176.809488,5189.006372
2026-01-06 06:00:00+01:00,6327.126970856767,4647.296492,1263.0728233606667,516.209,7590.199794217434,5163.505492,5175.550664
2026-01-06 06:15:00+01:00,6287.503915708998,4562.8833,1257.5770990427036,668.145,7545.081014751701,5231.0283,5243.302508
2026-01-06 06:30:00+01:00,6239.834782680804,4464.602908,1227.6291828978738,1089.036,7467.463965578678,5553.638908,5566.36478
2026-01-06 06:45:00+01:00,6190.544457699332,4382.321064,1183.206348342955,1032.549,7373.750806042287,5414.870064,5428.256539999999
2026-01-06 07:00:00+01:00,6254.188746177827,4333.032596,1180.221036309149,1096.23,7434.409782486976,5429.2625960000005,5443.862344
2026-01-06 07:15:00+01:00,6259.330663029241,4294.176444,1172.5674046393967,1244.671,7431.898067668638,5538.847444,5554.585848
2026-01-06 07:30:00+01:00,6269.712311752424,4239.425612,1169.5024823563879,1319.232,7439.214794108812,5558.657612,5576.174156
2026-01-06 07:45:00+01:00,6248.444228286574,4152.498628,1147.797004640889,1099.944,7396.241232927463,5252.442628000001,5272.742688
2026-01-06 08:00:00+01:00,6718.09236256261,4060.556844,1079.0484291028029,1012.009,7797.140791665413,5072.565844000001,5106.780872
2026-01-06 08:15:00+01:00,6716.160013465696,3948.131696,1060.5813920953424,1176.523,7776.741405561038,5124.654696,5229.23344
2026-01-06 08:30:00+01:00,6725.994679414604,3875.999388,1018.801511602037,1477.216,7744.796191016641,5353.2153880000005,5663.76608
2026-01-06 08:45:00+01:00,6674.8424578216545,3906.264964,1002.0532005000232,1416.88,7676.895658321678,5323.144964,5969.472384
2026-01-06 09:00:00+01:00,7645.688564286689,3915.357548,982.039324037878,1533.62,8627.727888324567,5448.977548,6491.691016
2026-01-06 09:15:00+01:00,7498.04784631391,3877.901628,994.8828460876932,1506.784,8492.930692401604,5384.685628,6907.024172
2026-01-06 09:30:00+01:00,7376.836328605827,3919.514596,985.512954276028,1446.229,8362.349282881854,5365.743596,7386.481212000001
2026-01-06 09:45:00+01:00,7311.560314801719,3902.877352,982.5392776122254,1657.993,8294.099592413944,5560.870352,8113.487992
2026-01-06 10:00:00+01:00,7149.301881756323,3848.827436,733.5958084307413,1900.63,7882.897690187065,5749.457436000001,8841.764428
2026-01-06 10:15:00+01:00,7103.690296125746,3787.788212,758.8572906677014,2020.427,7862.547586793447,5808.215212,9439.293112
2026-01-06 10:30:00+01:00,7009.645031680214,3777.711908,738.6410568105349,2134.328,7748.286088490749,5912.039908000001,10105.979668
2026-01-06 10:45:00+01:00,6924.585417182494,3867.226448,737.0621144977695,2485.185,7661.6475316802635,6352.411448,11084.45474
2026-01-06 11:00:00+01:00,6121.531916080672,3968.449456,833.5108103958341,2582.095,6955.042726476506,6550.544456,11828.270812
2026-01-06 11:15:00+01:00,6000.407522292451,4015.426212,856.7242635250908,2626.899,6857.131785817542,6642.325212,12212.257788
2026-01-06 11:30:00+01:00,5949.655810518009,4016.268904,880.495995531145,2288.398,6830.151806049154,6304.666904,12098.192312
2026-01-06 11:45:00+01:00,5904.99269303347,4027.40744,902.4179075851978,2316.055,6807.410600618668,6343.462439999999,12313.463056
2026-01-06 12:00:00+01:00,5947.8836035075565,4155.593188,1078.4386373806312,2412.49,7026.3222408881875,6568.083188,12567.298748
2026-01-06 12:15:00+01:00,5910.53591418555,4281.614612,1112.6484090102258,2637.494,7023.1843231957755,6919.108612,12950.589144
2026-01-06 12:30:00+01:00,5854.859097982692,4376.272176,1105.557525480615,3022.267,6960.416623463307,7398.539176,13420.879616
2026-01-06 12:45:00+01:00,5829.324506459354,4550.5543,1114.2708863078249,2991.525,6943.595392767179,7542.079299999999,13517.57348
2026-01-06 13:00:00+01:00,5804.363460272524,4729.688904,1177.158891619219,2753.065,6981.522351891743,7482.753903999999,13160.589292
2026-01-06 13:15:00+01:00,5773.416538151184,4781.44078,1205.279048273454,2992.758,6978.695586424637,7774.19878,13151.558504
2026-01-06 13:30:00+01:00,5749.520828866845,4854.96456,1218.1513038577473,3088.689,6967.672132724592,7943.653560000001,12905.784248
2026-01-06 13:45:00+01:00,5695.632645723475,5060.44844,1225.4805609646696,3201.05,6921.1132066881455,8261.49844,12806.022303999998
2026-01-06 14:00:00+01:00,6051.249472188723,5146.428992,1733.9652476699544,3577.02,7785.214719858677,8723.448992,12804.565144
2026-01-06 14:15:00+01:00,6050.9758001408745,5298.502568,1748.3510956504044,3559.137,7799.326895791279,8857.639568,12316.589668
2026-01-06 14:30:00+01:00,6020.713186503214,5479.464132,1762.4730360662243,3527.044,7783.1862225694385,9006.508131999999,11855.309899999998
2026-01-06 14:45:00+01:00,5976.87454394556,5651.310868,1762.2038189397874,3366.006,7739.078362885347,9017.316868,11197.414624
2026-01-06 15:00:00+01:00,5923.336909971963,5896.356696,1712.4031675351264,3489.659,7635.740077507089,9386.015696,11018.969188
2026-01-06 15:15:00+01:00,6005.806104277505,6067.059236,1713.790513284957,3653.966,7719.596617562462,9721.025236,10886.158892
2026-01-06 15:30:00+01:00,6203.985262386106,6221.533548,1715.5701103986596,3746.337,7919.5553727847655,9967.870548,10757.812592
2026-01-06 15:45:00+01:00,6390.427991695369,6436.412728,1727.4787843367696,3354.94,8117.906776032139,9791.352728,10281.743948
2026-01-06 16:00:00+01:00,7529.853334215355,6634.326672,1793.4322805770205,3044.34,9323.285614792376,9678.666672,9924.070908
2026-01-06 16:15:00+01:00,7644.817081780592,6908.555824,1809.1905103384659,3142.873,9454.007592119058,10051.428824,10170.939092
2026-01-06 16:30:00+01:00,7829.680334066713,7216.806912,1802.0903029729006,3290.571,9631.770637039614,10507.377912,10572.308416
2026-01-06 16:45:00+01:00,8029.922165624641,7526.006512,1791.6588972670766,3263.491,9821.581062891717,10789.497512,10891.071572
2026-01-06 17:00:00+01:00,9550.208069762377,7904.734828,1522.3797719674558,3293.664,11072.587841729834,11198.398828,11257.097352
2026-01-06 17:15:00+01:00,9656.395099434412,8331.108132,1549.6561568879797,3172.305,11206.051256322393,11503.413132,11563.032088
2026-01-06 17:30:00+01:00,9813.927072810005,8642.967292,1596.3430097231399,2906.837,11410.270082533145,11549.804292,11636.478443999998
2026-01-06 17:45:00+01:00,9923.017103020393,8856.768852,1628.8122875890863,2270.075,11551.829390609479,11126.843851999998,11180.782263999998
2026-01-06 18:00:00+01:00,10819.135136663994,9244.409644,1849.9108488647744,2660.066,12669.045985528768,11904.475643999998,11987.406615999998
2026-01-06 18:15:00+01:00,10881.663559864002,9662.422384,1864.3316123361822,3648.129,12745.995172200184,13310.551384,13351.53142
2026-01-06 18:30:00+01:00,10958.567612415094,10149.27106,1894.0339414133355,4171.665,12852.60155382843,14320.93606,14353.15218
2026-01-06 18:45:00+01:00,11034.53660532042,10700.03696,1883.6373983293686,4153.023,12918.174003649789,14853.05996,14880.249868
2026-01-06 19:00:00+01:00,13423.17304145566,11208.238092,1985.3255144026332,4484.258,15408.498555858294,15692.496092,15732.226796
2026-01-06 19:15:00+01:00,13479.804340642335,11542.442436,1968.2552891415692,5093.009,15448.059629783904,16635.451436,16653.797572
2026-01-06 19:30:00+01:00,13500.507432824279,11740.391456,1960.2076582010748,4920.748,15460.715091025353,16661.139455999997,16677.472927999996
2026-01-06 19:45:00+01:00,13514.801239087163,12081.80592,1969.5299176825713,4549.095,15484.331156769735,16630.90092,16646.380636
2026-01-06 20:00:00+01:00,13438.373541826868,12431.893512,2218.8806672684664,4620.085,15657.254209095334,17051.978512,17068.853348
2026-01-06 20:15:00+01:00,13420.546089631243,12596.758324,2205.9276006440923,5096.93,15626.473690275336,17693.688324000002,17708.228712000004
2026-01-06 20:30:00+01:00,13384.5212348047,12686.734964,2204.2418745047494,5173.222,15588.76310930945,17859.956963999997,17878.610803999996
2026-01-06 20:45:00+01:00,13334.94133115536,12973.43216,2184.6793733151685,4702.552,15519.620704470528,17675.98416,17689.956552
2026-01-06 21:00:00+01:00,13692.419551026156,13266.048936,2730.0633282601825,4848.507,16422.482879286337,18114.555935999997,18129.076607999996
2026-01-06 21:15:00+01:00,13654.51348579336,13175.411932,2732.4077307030466,4815.145,16386.92121649641,17990.556932,18004.01188
2026-01-06 21:30:00+01:00,13613.443777219301,13226.922008,2720.346120837344,4959.218,16333.789898056646,18186.140008,18199.505044
2026-01-06 21:45:00+01:00,13576.129350697529,13166.983464,2721.95228471582,4917.68,16298.08163541335,18084.663464,18098.083772
2026-01-06 22:00:00+01:00,13281.27841963318,12705.038836,3285.1229243816842,4969.263,16566.401344014863,17674.301836,17688.405555999998
2026-01-06 22:15:00+01:00,13305.16343845643,12739.113464,3262.140529468266,5042.797,16567.303967924694,17781.910464,17795.228844
2026-01-06 22:30:00+01:00,13310.473470515282,13003.66906,3240.983440451327,5200.817,16551.456910966608,18204.48606,18217.79548
2026-01-06 22:45:00+01:00,13293.998893949869,13330.289352,3226.8126510406405,5388.675,16520.81154499051,18718.964352,18732.230136
2026-01-06 23:00:00+01:00,15376.630408522826,13508.472032,4271.753146029757,5074.173,19648.383554552584,18582.645032,18595.964236
2026-01-06 23:15:00+01:00,15385.34965529214,13798.789088,4280.496357012209,5330.176,19665.846012304348,19128.965088,19142.171472
2026-01-06 23:30:00+01:00,15414.045991008034,14042.397844,4250.2964436138745,5497.713,19664.342434621907,19540.110844,19554.527824
2026-01-06 23:45:00+01:00,15404.863573322898,14175.54288,4207.876067010995,5643.899,19612.739640333893,19819.44188,19832.782396
2026-01-07 00:00:00+01:00,15858.548334701798,14555.471668,4903.034537861087,6021.45,20761.582872562885,20576.921668,20590.512887999997
2026-01-07 00:15:00+01:00,15855.115882002145,15138.49082,4916.555711426765,6332.257,20771.67159342891,21470.74782,21484.440016
2026-01-07 00:30:00+01:00,15864.313811606988,15510.08468,4942.247786468075,6421.563,20806.561598075063,21931.64768,21945.30524
2026-01-07 00:45:00+01:00,15863.112382283623,15720.522184,4925.384601134069,6432.573,20788.49698341769,22153.095184,22166.887084
2026-01-07 01:00:00+01:00,16963.377482926102,15815.0474,5659.400817770928,6702.115,22622.77830069703,22517.1624,22530.941452000003
2026-01-07 01:15:00+01:00,16969.55691318522,16026.759576,5663.954751646268,6663.318,22633.511664831487,22690.077576,22703.88874
2026-01-07 01:30:00+01:00,16966.206778596174,16083.363564,5644.4052610674635,6613.997,22610.612039663636,22697.360564,22711.152296
2026-01-07 01:45:00+01:00,16952.412185584042,16147.835832,5630.752106981742,6500.256,22583.164292565783,22648.091832,22662.070664000003
2026-01-07 02:00:00+01:00,17765.49070796901,16197.170392,5592.961261856502,6902.286,23358.45196982551,23099.456392,23113.37914
2026-01-07 02:15:00+01:00,17750.845392415682,16284.478068,5587.541512576812,6938.128,23338.386904992494,23222.606068,23237.536048
2026-01-07 02:30:00+01:00,17723.220714620245,16516.7038,5597.259046366702,6829.798,23320.47976098695,23346.5018,23360.926492
2026-01-07 02:45:00+01:00,17706.001170499847,16637.139712,5598.4792845577385,6784.579,23304.480455057586,23421.718712,23435.755340000003
2026-01-07 03:00:00+01:00,19778.87988526067,16657.510076,5578.810223613133,7046.096,25357.6901088738,23703.606075999996,23717.541575999996
2026-01-07 03:15:00+01:00,19769.028820693795,16938.890708,5582.060516094861,7101.092,25351.089336788657,24039.982708,24053.972948
2026-01-07 03:30:00+01:00,19744.831600895006,17287.83188,5580.068762500763,7067.313,25324.90036339577,24355.14488,24369.053632
2026-01-07 03:45:00+01:00,19722.270636262416,17784.823684,5553.4995727023115,6968.089,25275.77020896473,24752.912684,24765.566196
2026-01-07 04:00:00+01:00,21095.869109420913,18246.051776,5537.313958955769,7091.379,26633.183068376682,25337.430776,25349.99826
2026-01-07 04:15:00+01:00,21079.70874937444,18642.439956,5523.756222967441,7078.772,26603.46497234188,25721.211956,25734.002752
2026-01-07 04:30:00+01:00,21049.69675836754,18910.099664,5504.740718267181,7075.771,26554.43747663472,25985.870664,25999.473636
2026-01-07 04:45:00+01:00,21044.996867135458,19022.128888,5484.806186085925,7086.646,26529.80305322138,26108.774888,26121.137152
2026-01-07 05:00:00+01:00,22293.285877539718,19070.213844,5542.417612500431,6960.368,27835.70349004015,26030.581844,26042.746248
2026-01-07 05:15:00+01:00,22290.31566505449,19325.354268,5545.9226022998055,7019.804,27836.238267354296,26345.158268,26357.135788
2026-01-07 05:30:00+01:00,22268.809149774297,19560.425188,5509.20020197501,7087.205,27778.009351749308,26647.630188000003,26659.934184
2026-01-07 05:45:00+01:00,22244.246919489364,20128.437392,5482.088773145576,7092.747,27726.33569263494,27221.184392,27233.549811999997
2026-01-07 06:00:00+01:00,24895.78303989067,21407.301376,5455.148017416362,6742.838,30350.931057307032,28150.139376,28162.440468
2026-01-07 06:15:00+01:00,24859.31940445351,21841.709056,5451.281523780766,6753.159,30310.600928234275,28594.868056,28608.061884
2026-01-07 06:30:00+01:00,24819.02062921273,22251.2677,5439.139214534886,6803.104,30258.159843747617,29054.3717,29068.244396
2026-01-07 06:45:00+01:00,24775.762636097432,22512.255888,5400.6086955680985,6735.595,30176.37133166553,29247.850888,29262.276676
2026-01-07 07:00:00+01:00,26281.408099348064,22885.865856,5320.756963464387,5752.711,31602.16506281245,28638.576856,28655.216152
2026-01-07 07:15:00+01:00,26292.725585776774,23334.622652,5317.409295305828,5796.615,31610.134881082602,29131.237651999996,29147.887703999997
2026-01-07 07:30:00+01:00,26308.386500294007,23701.34054,5311.4117842836995,5799.926,31619.798284577708,29501.26654,29518.955212
2026-01-07 07:45:00+01:00,26292.038779800576,23935.721944,5280.9664259739475,5718.038,31573.005205774523,29653.759944,29672.690708
2026-01-07 08:00:00+01:00,26321.958447466553,24096.761964,5108.431456698086,5826.086,31430.38990416464,29922.847964,29947.7506
2026-01-07 08:15:00+01:00,26291.123460771865,24306.967424,5091.771940677491,5761.766,31382.895401449357,30068.733424,30127.65834
2026-01-07 08:30:00+01:00,26371.36301785687,24591.85582,5074.4512128386295,5763.51,31445.8142306955,30355.36582,30635.459811999997
2026-01-07 08:45:00+01:00,26347.44286819423,24744.6373,5071.748175771128,5652.248,31419.19104396536,30396.8853,31121.97344
2026-01-07 09:00:00+01:00,27446.522595790928,24486.425936,5049.851699838465,5394.557,32496.374295629394,29880.982936,31137.35592
2026-01-07 09:15:00+01:00,27241.12954868145,24357.931628,5048.055021970878,5528.644,32289.184570652327,29886.575628,31802.263996
2026-01-07 09:30:00+01:00,27110.041882444348,24465.984296,5029.730718080332,5586.802,32139.77260052468,30052.786296,32734.564855999997
2026-01-07 09:45:00+01:00,27056.864051395885,24561.78672,5019.136820395599,5609.753,32076.000871791482,30171.53972,33714.636564
2026-01-07 10:00:00+01:00,28588.08807868788,24711.134396,5166.286873873045,5555.611,33754.374952560924,30266.745396,34727.160636
2026-01-07 10:15:00+01:00,28550.999709657295,24603.535116,5187.9869332906555,5635.647,33738.98664294795,30239.182116,35753.412184
2026-01-07 10:30:00+01:00,28466.214762142492,24469.927688,5172.291977482621,5727.082,33638.50673962511,30197.009688,36742.213304
2026-01-07 10:45:00+01:00,28382.342642732176,24417.3351,5176.9677118740165,5754.051,33559.31035460619,30171.3861,37790.083404
2026-01-07 11:00:00+01:00,28557.31800577924,24353.55498,5195.731905435552,5823.466,33753.049911214795,30177.02098,38793.880288
2026-01-07 11:15:00+01:00,28444.424271895507,24370.654416,5219.334415085961,5891.501,33663.75868698147,30262.155416,39834.435044
2026-01-07 11:30:00+01:00,28396.16417673788,24425.310124,5246.124968331497,5955.893,33642.28914506938,30381.203124,40851.383052
2026-01-07 11:45:00+01:00,28359.925928894805,24517.566988,5273.92162470334,5966.134,33633.84755359814,30483.700987999997,41615.163772
2026-01-07 12:00:00+01:00,28231.278845506156,24429.208424,5316.75582885084,6151.591,33548.034674357,30580.799424,42239.314216
2026-01-07 12:15:00+01:00,28192.456009488167,24548.900224,5345.645027534244,6228.674,33538.10103702241,30777.574224,42756.242336
2026-01-07 12:30:00+01:00,28139.364347883387,24803.35558,5331.771037729226,6248.973,33471.135385612615,31052.32858,43128.158216
2026-01-07 12:45:00+01:00,28117.16330668712,24850.162244,5349.3025336514065,6145.013,33466.465840338526,30995.175244,43007.244684
2026-01-07 13:00:00+01:00,28164.196411997335,25024.701256,5330.066698868041,6055.26,33494.26311086537,31079.961256,42776.073348000005
2026-01-07 13:15:00+01:00,28142.603298256974,25047.178192,5358.474969454538,6490.616,33501.07826771151,31537.794192,42832.852428
2026-01-07 13:30:00+01:00,28122.95004489317,24998.807236,5362.638049719793,6567.022,33485.58809461296,31565.829236,42263.572292
2026-01-07 13:45:00+01:00,28073.657641888673,25054.803292,5367.15585398735,6639.927,33440.81349587602,31694.730292,41681.15926
2026-01-07 14:00:00+01:00,27639.21547751746,25259.390496,5456.142026654937,6419.989,33095.357504172396,31679.379496,40786.050828
2026-01-07 14:15:00+01:00,27642.753366707853,25260.145264,5461.244799038805,6404.914,33103.998165746656,31665.059264,39795.872464
2026-01-07 14:30:00+01:00,27608.750087302742,25498.6164,5474.343889601547,6548.235,33083.09397690429,32046.8514,39059.891064
2026-01-07 14:45:00+01:00,27569.977409226518,25730.714392,5483.703207025426,6575.621,33053.68061625194,32306.335392,38132.945532
2026-01-07 15:00:00+01:00,27822.83827298092,25798.74412,5441.769947244956,6839.753,33264.60822022588,32638.49712,37239.940376
2026-01-07 15:15:00+01:00,27960.7854909741,26030.72022,5444.127678315644,6806.988,33404.91316928974,32837.70822,36243.372104
2026-01-07 15:30:00+01:00,28182.491357741575,26529.213432,5460.030901692829,6658.811,33642.5222594344,33188.024432,35431.274484
2026-01-07 15:45:00+01:00,28335.406355911353,26834.3486,5480.387103191197,6607.903,33815.79345910255,33442.2516,34710.751280000004
2026-01-07 16:00:00+01:00,27886.014388449596,27527.050824,5436.944602980575,6694.71,33322.95899143017,34221.760824000005,34770.854080000005
2026-01-07 16:15:00+01:00,28067.002758479513,28200.364704,5451.620238238359,7013.369,33518.62299671787,35213.733704,35374.127263999995
2026-01-07 16:30:00+01:00,28303.731129673877,28861.007384,5442.8611222857935,7062.833,33746.59225195967,35923.840384,35973.281780000005
2026-01-07 16:45:00+01:00,28486.30864696302,29271.86918,5439.2201219423705,7015.119,33925.528768905395,36286.98818,36323.999284
2026-01-07 17:00:00+01:00,29024.301736517722,29682.607188,5397.737210981616,7093.17,34422.038947499335,36775.777188,36812.193512
2026-01-07 17:15:00+01:00,29118.235547388933,30163.252616,5438.032627672459,7035.893,34556.26817506139,37199.145616,37236.931468
2026-01-07 17:30:00+01:00,29212.59796220245,30700.350444,5464.412591625738,6856.956,34677.010553828186,37557.306444,37589.720244
2026-01-07 17:45:00+01:00,29310.24813611429,31136.903492,5480.30762641632,6510.158,34790.55576253061,37647.061492,37680.164444
2026-01-07 18:00:00+01:00,29397.120151604016,31298.821528,5613.459548571524,6061.197,35010.57970017554,37360.018528,37390.354992
2026-01-07 18:15:00+01:00,29432.875338241607,31267.64288,5618.040976596795,5868.739,35050.9163148384,37136.38188,37164.68974
2026-01-07 18:30:00+01:00,29478.73613695083,31496.4493,5640.257711658596,5802.797,35118.993848609425,37299.2463,37326.385512
2026-01-07 18:45:00+01:00,29524.33269158147,31435.069968,5622.846139044824,5752.64,35147.17883062629,37187.709968,37214.392068
2026-01-07 19:00:00+01:00,29808.534555365153,31304.785224,5417.988319688541,6032.861,35226.52287505369,37337.646224,37357.373272
2026-01-07 19:15:00+01:00,29832.688515639227,31035.99844,5392.427753796504,5875.583,35225.11626943573,36911.58144,36929.529112
2026-01-07 19:30:00+01:00,29819.978920682766,30933.564904,5369.432909082882,5709.248,35189.411829765646,36642.812904,36660.406056
2026-01-07 19:45:00+01:00,29804.272200153046,30736.102932,5378.788831474849,5668.135,35183.06103162789,36404.237932,36420.739064
2026-01-07 20:00:00+01:00,29329.517875815214,30421.996928,5480.8907319941545,5648.023,34810.40860780937,36070.019928,36085.517616000005
2026-01-07 20:15:00+01:00,29286.639892054496,29976.711292,5466.538040485425,5661.661,34753.17793253992,35638.372292,35652.447092
2026-01-07 20:30:00+01:00,29224.097650041967,29614.524288,5459.9136832532695,5396.97,34684.01133329524,35011.494288,35025.180492
2026-01-07 20:45:00+01:00,29145.8247654812,29198.2134,5437.331646936222,5237.422,34583.15641241742,34435.6354,34448.891932
2026-01-07 21:00:00+01:00,27804.681996146068,28738.946596,5284.398867370808,5332.582,33089.08086351688,34071.528596000004,34084.44570800001
2026-01-07 21:15:00+01:00,27744.897452908677,28160.603512,5283.1035233057855,5506.399,33028.00097621446,33667.002512,33679.833904
2026-01-07 21:30:00+01:00,27685.2813941489,27701.911524,5269.521349985421,5375.894,32954.80274413432,33077.805523999996,33090.608847999996
2026-01-07 21:45:00+01:00,27599.30856049868,27112.751288,5249.117906195137,5016.516,32848.42646669382,32129.267288,32141.888952
2026-01-07 22:00:00+01:00,26805.87964563645,25909.326792,5091.21667872735,4827.922,31897.0963243638,30737.248792,30750.788495999997
2026-01-07 22:15:00+01:00,26810.402005233238,25533.81336,5064.70382160688,4961.361,31875.105826840118,30495.17436,30507.553628
2026-01-07 22:30:00+01:00,26792.921684529356,25223.402864,5023.699107913561,4928.454,31816.620792442918,30151.856864,30164.440536
2026-01-07 22:45:00+01:00,26768.808082255026,24906.582584,5003.229041047646,4852.407,31772.03712330267,29758.989584,29771.52788
2026-01-07 23:00:00+01:00,26419.315399278254,24378.683752,4185.161840251772,4863.778,30604.477239530024,29242.461752000003,29255.178644000003
2026-01-07 23:15:00+01:00,26416.54331596773,24010.900008,4189.924559521015,4655.698,30606.467875488746,28666.598008,28679.239196
2026-01-07 23:30:00+01:00,26437.633181893703,23704.325328,4153.279761639541,4536.478,30590.912943533243,28240.803328,28253.36484
2026-01-07 23:45:00+01:00,26415.10181071071,23427.679116,4111.260141728811,4377.495,30526.361952439518,27805.174116,27817.803296
2026-01-08 00:00:00+01:00,23253.219172590187,23069.68372,4388.874454617189,4059.369,27642.093627207374,27129.05272,27141.870672
2026-01-08 00:15:00+01:00,23254.28075681586,22681.975104,4411.488743554449,3776.381,27665.76950037031,26458.356104,26470.986564000003
2026-01-08 00:30:00+01:00,23271.13389491124,22303.283392,4438.990709927991,3539.418,27710.12460483923,25842.701392000003,25855.497484000003
2026-01-08 00:45:00+01:00,23279.3119192765,21998.41868,4422.665689536225,3362.579,27701.977608812726,25360.99768,25373.618832
2026-01-08 01:00:00+01:00,21966.53571691039,21625.388112,3592.5818004275643,3409.358,25559.117517337956,25034.746112,25048.541256
2026-01-08 01:15:00+01:00,21971.887231055938,21326.745324,3595.851736066229,3340.517,25567.738967122168,24667.262324,24680.001496
2026-01-08 01:30:00+01:00,21965.071400322595,20976.032292,3570.461671902859,3224.231,25535.533072225455,24200.263292,24213.034256
2026-01-08 01:45:00+01:00,21948.371924777453,20678.16542,3552.6857219260905,3121.912,25501.057646703543,23800.07742,23812.882832000003
2026-01-08 02:00:00+01:00,21056.846125812855,20307.165128,3213.819826751804,2991.901,24270.66595256466,23299.066128,23311.666808
2026-01-08 02:15:00+01:00,21045.43575051428,19870.711208,3208.8639374529066,2862.434,24254.299687967185,22733.145208,22745.454080000003
2026-01-08 02:30:00+01:00,21015.892202900057,19578.92018,3215.324337008399,2799.001,24231.216539908455,22377.92118,22390.350152000003
2026-01-08 02:45:00+01:00,20996.748219529538,19327.657312,3217.5795555143413,2755.787,24214.32777504388,22083.444312,22095.897912
2026-01-08 03:00:00+01:00,19907.54153823048,19084.985496,3054.671077022608,2690.833,22962.212615253087,21775.818496,21788.171776
2026-01-08 03:15:00+01:00,19904.393567865387,18903.575292,3059.6157617048234,2581.624,22964.00932957021,21485.199292,21497.561008
2026-01-08 03:30:00+01:00,19891.52712758123,18713.73784,3056.465121539901,2440.887,22947.992249121133,21154.62484,21167.066844
2026-01-08 03:45:00+01:00,19890.050247978845,18247.89174,3029.9948168027418,2341.448,22920.045064781585,20589.33974,20602.078812
2026-01-08 04:00:00+01:00,17938.426633357252,17971.847252,2926.8724540126036,2323.979,20865.299087369855,20295.826252,20308.511332
2026-01-08 04:15:00+01:00,17939.823204512017,17678.52996,2915.299931962286,2231.611,20855.123136474303,19910.14096,19922.282972
2026-01-08 04:30:00+01:00,17921.352529958633,17514.930928,2897.7730007207,2128.916,20819.125530679332,19643.846928000003,19655.118736000004
2026-01-08 04:45:00+01:00,17932.151868679408,17226.839832,2887.7856560642767,2082.35,20819.937524743684,19309.189832,19320.371176
2026-01-08 05:00:00+01:00,16844.529612209153,17013.778616,2893.1977085724743,2011.253,19737.72732078163,19025.031616,19036.285488
2026-01-08 05:15:00+01:00,16847.40205712353,16777.411616,2887.335898643866,1970.519,19734.737955767396,18747.930616,18759.302108
2026-01-08 05:30:00+01:00,16836.96252491661,16473.511176,2839.950895661065,1906.119,19676.913420577675,18379.630176,18390.981524
2026-01-08 05:45:00+01:00,16831.686556824858,16269.185636,2818.453264933749,1862.964,19650.139821758607,18132.149636,18143.509164000003
2026-01-08 06:00:00+01:00,15568.571232591192,16371.831276,2539.383823707334,1779.889,18107.955056298524,18151.720276,18163.027988
2026-01-08 06:15:00+01:00,15559.108239272353,16004.544796,2536.941647614321,1696.788,18096.049886886674,17701.332796,17713.000812
2026-01-08 06:30:00+01:00,15531.129033504665,15555.650612,2527.264759948331,1652.187,18058.393793452997,17207.837612,17219.861428
2026-01-08 06:45:00+01:00,15505.674150605775,15309.421744,2489.5469748206583,1674.7,17995.221125426433,16984.121744,16996.61612
2026-01-08 07:00:00+01:00,14662.127109534447,15107.604624,2574.226221783131,1670.976,17236.35333131758,16778.580624,16792.810975999997
2026-01-08 07:15:00+01:00,14686.764095631725,14932.586072,2572.022099667847,1716.589,17258.786195299574,16649.175072,16664.89088
2026-01-08 07:30:00+01:00,14719.134299468496,14748.391984,2565.9867889396423,1784.712,17285.121088408137,16533.103984,16550.008384
2026-01-08 07:45:00+01:00,14719.383352534893,14587.68888,2534.008531145119,1813.012,17253.39188368001,16400.70088,16419.330304
2026-01-08 08:00:00+01:00,14370.960399477128,14549.787688,2531.5815978422906,1781.972,16902.54199731942,16331.759688,16368.842304
2026-01-08 08:15:00+01:00,14323.732095989835,14418.57962,2513.756015582245,1812.096,16837.48811157208,16230.67562,16285.954196
2026-01-08 08:30:00+01:00,14385.593258007155,14209.132304,2494.1621738183053,1863.594,16879.75543182546,16072.726304,16203.480188
2026-01-08 08:45:00+01:00,14312.62947378434,13990.53328,2491.9690211949983,1892.97,16804.59849497934,15883.50328,16188.66324
2026-01-08 09:00:00+01:00,12033.346059604344,13548.121136,2248.78542029139,1969.409,14282.131479895734,15517.530136,16012.023296
2026-01-08 09:15:00+01:00,11914.7445525771,13103.788724,2247.5626866431194,2067.582,14162.30723922022,15171.370724,15888.985108
2026-01-08 09:30:00+01:00,11814.112585928926,12638.816804,2230.494131492205,2201.359,14044.606717421131,14840.175804,15797.802124
2026-01-08 09:45:00+01:00,11762.630919012994,12201.204632,2228.991673163714,2300.611,13991.622592176707,14501.815632000002,15688.942160000002
2026-01-08 10:00:00+01:00,9440.68711006494,11762.963828,2073.630512128004,2387.422,11514.317622192944,14150.385828,15618.323092
2026-01-08 10:15:00+01:00,9409.903079175887,11215.887496,2092.999965139078,2428.619,11502.903044314964,13644.506496,15338.59902
2026-01-08 10:30:00+01:00,9337.309436831996,10782.788496,2079.51627095469,2370.502,11416.825707786686,13153.290496,15104.505116
2026-01-08 10:45:00+01:00,9269.883971062995,10356.23662,2091.125907202989,2261.25,11361.009878265984,12617.48662,14825.621844
2026-01-08 11:00:00+01:00,7870.90417378436,9933.248228,1995.2455303884742,2179.25,9866.149704172834,12112.498228,14579.700816
2026-01-08 11:15:00+01:00,7771.023334074094,9499.504048,2017.39332409049,2117.389,9788.416658164584,11616.893048000002,14371.669152000002
2026-01-08 11:30:00+01:00,7725.324316979209,9074.131808,2033.0425054186178,2038.682,9758.366822397826,11112.813808,14091.126492
2026-01-08 11:45:00+01:00,7688.78481477709,8631.964476,2060.903660768279,1943.585,9749.688475545368,10575.549476,13776.95094
2026-01-08 12:00:00+01:00,5163.369656690212,8231.725536,2069.8784986534715,1807.617,7233.248155343683,10039.342536,13483.225456
2026-01-08 12:15:00+01:00,5133.427226888002,7901.128104,2101.5600622574384,1726.576,7234.987289145441,9627.704104,13117.379664
2026-01-08 12:30:00+01:00,5085.533068295716,7510.880488,2098.3120002739265,1628.8,7183.8450685696425,9139.680488,12686.139388
2026-01-08 12:45:00+01:00,5071.209404631128,7198.07854,2114.0195690008736,1585.11,7185.228973632002,8783.188540000001,12394.13988
2026-01-08 13:00:00+01:00,5196.3030057647875,6941.671956,1891.461584320089,1533.055,7087.7645900848765,8474.726956,12062.091152
2026-01-08 13:15:00+01:00,5185.005842758809,6611.040016,1918.9309886536907,1497.896,7103.9368314125,8108.936016,11562.201644
2026-01-08 13:30:00+01:00,5180.322226285606,6364.909636,1922.8195239373104,1525.795,7103.141750222916,7890.704636,11180.688076
2026-01-08 13:45:00+01:00,5153.9993902643755,6168.73774,1931.222479732952,1552.381,7085.221869997327,7721.11874,10735.777872
2026-01-08 14:00:00+01:00,5132.184495213492,5958.6517,1963.6497265043517,1559.722,7095.834221717843,7518.3737,10299.158236
2026-01-08 14:15:00+01:00,5152.32952172934,5845.968376,1963.1358410128967,1635.8,7115.465362742237,7481.768376,9995.141676
2026-01-08 14:30:00+01:00,5135.057567279753,5798.641716,1973.733057357272,1712.922,7108.790624637025,7511.563716000001,9707.307792
2026-01-08 14:45:00+01:00,5107.546302068368,5837.28014,1980.4664992277847,1790.104,7088.012801296153,7627.38414,9452.138032
2026-01-08 15:00:00+01:00,5704.348464785477,5939.47072,2010.0698424222826,1855.021,7714.418307207759,7794.49172,9193.34744
2026-01-08 15:15:00+01:00,5824.357877524083,6069.00646,2019.264091175127,1912.272,7843.62196869921,7981.27846,9010.613992
2026-01-08 15:30:00+01:00,6005.886515600767,6271.108948,2035.4073304184524,1907.977,8041.293846019219,8179.085948,8843.414348
2026-01-08 15:45:00+01:00,6194.944891065638,6501.945356,2042.9376374633553,1887.46,8237.882528528993,8389.405356,8787.959407999999
2026-01-08 16:00:00+01:00,8552.421027918337,6813.06036,2402.2861675293884,1945.583,10954.707195447725,8758.64336,8931.996772
2026-01-08 16:15:00+01:00,8702.152836178511,7061.262276,2419.6863205868567,2095.583,11121.839156765367,9156.845276,9226.693812
2026-01-08 16:30:00+01:00,8811.132372080674,7338.699076,2415.0333620788583,2192.216,11226.165734159533,9530.915076,9582.072332
2026-01-08 16:45:00+01:00,8984.648566708052,7588.640608,2409.8274074100796,2270.475,11394.475974118131,9859.115608,9923.524748
2026-01-08 17:00:00+01:00,10216.793312609605,7826.744992,2706.3012487034857,2381.605,12923.09456131309,10208.349992,10283.367384
2026-01-08 17:15:00+01:00,10312.722817007105,8213.769488,2718.5888698843974,2495.492,13031.311686891502,10709.261488,10804.653248
2026-01-08 17:30:00+01:00,10464.48784873145,8617.116408,2750.948736793195,2600.221,13215.436585524647,11217.337408,11301.372328
2026-01-08 17:45:00+01:00,10541.514294258926,8972.849244,2770.7520688675704,2548.228,13312.266363126497,11521.077244,11563.152964
2026-01-08 18:00:00+01:00,12100.41680498377,9311.913216,3414.7336821440863,2462.149,15515.150487127856,11774.062216,11850.907828
2026-01-08 18:15:00+01:00,12146.764448471013,9631.414488,3451.078642321428,2443.81,15597.843090792441,12075.224488,12107.635008
2026-01-08 18:30:00+01:00,12203.357294171929,9906.581428,3487.9440855466173,2470.496,15691.301379718545,12377.077428,12404.972412
2026-01-08 18:45:00+01:00,12257.85689639139,10262.293516,3471.9906520524028,2684.885,15729.847548443791,12947.178516,12967.87942
2026-01-08 19:00:00+01:00,14896.436388803611,10688.709052,3949.21432179129,2899.389,18845.650710594902,13588.098052,13608.084336000002
2026-01-08 19:15:00+01:00,14938.654556965901,11044.104896,3938.8586172857645,3067.113,18877.513174251664,14111.217896,14129.585604
2026-01-08 19:30:00+01:00,14939.969085547915,11327.155064,3914.4447003222263,3283.085,18854.41378587014,14610.240064,14626.478516
2026-01-08 19:45:00+01:00,14937.427911548873,11552.877848,3914.573636245737,3446.597,18852.00154779461,14999.474848,15015.300928
2026-01-08 20:00:00+01:00,18809.614682952128,11821.298232,4297.526866031365,3585.727,23107.14154898349,15407.025232,15421.30502
2026-01-08 20:15:00+01:00,18780.419928989908,12250.193792,4297.618148774342,3690.299,23078.03807776425,15940.492792,15954.406084
2026-01-08 20:30:00+01:00,18735.028388517425,12637.272124,4295.968597780514,3830.735,23030.996986297938,16468.007124,16481.552228
2026-01-08 20:45:00+01:00,18674.607079009053,13201.311064,4261.360837358351,4003.946,22935.967916367405,17205.257063999998,17218.431827999997
2026-01-08 21:00:00+01:00,21807.20050677408,13712.057512,5003.899051239721,4144.806,26811.0995580138,17856.863512,17870.659072
2026-01-08 21:15:00+01:00,21754.854423487934,14266.676532,4998.457719339528,4520.783,26753.31214282746,18787.459532,18799.79344
2026-01-08 21:30:00+01:00,21717.701641102616,14898.421156,4986.489880084424,5026.249,26704.19152118704,19924.670156,19938.43094
2026-01-08 21:45:00+01:00,21670.907949498993,15690.258064,4969.968295253109,5272.919,26640.8762447521,20963.177064,20976.57814
2026-01-08 22:00:00+01:00,25177.34896624121,16262.116344,6082.999332665278,5677.876,31260.348298906487,21939.992344,21954.096768
2026-01-08 22:15:00+01:00,25187.74643880839,17303.431296,6047.072618539349,5987.459,31234.81905734774,23290.890296,23304.467559999997
2026-01-08 22:30:00+01:00,25184.729815978746,18328.448428,6032.059432277079,6279.05,31216.789248255824,24607.498428,24620.964092
2026-01-08 22:45:00+01:00,25176.94568196829,19219.073636,6018.591290636287,6452.095,31195.536972604576,25671.168636,25684.855840000004
2026-01-08 23:00:00+01:00,28096.8798000996,19960.365748,6751.665099337051,6562.152,34848.54489943665,26522.517748,26535.771355999997
2026-01-08 23:15:00+01:00,28107.855257457508,20683.488076,6762.817440372295,6759.831,34870.6726978298,27443.319076,27456.826
2026-01-08 23:30:00+01:00,28145.016938343044,21511.711504,6732.5947642397405,7057.088,34877.611702582784,28568.799504,28582.405288
2026-01-08 23:45:00+01:00,28126.97819197895,22362.323652,6698.863071959435,7457.544,34825.84126393838,29819.867652,29833.283352
2026-01-09 00:00:00+01:00,29233.258181329722,23251.327564,6491.5207458602345,7207.591,35724.77892718995,30458.918564,30477.201056
2026-01-09 00:15:00+01:00,29235.94668789604,24106.501392,6506.186813759167,7446.681,35742.13350165521,31553.182392,31566.363608
2026-01-09 00:30:00+01:00,29256.029461135542,25141.508236,6529.631127696081,7566.559,35785.660588831626,32708.067236000003,32721.272644000004
2026-01-09 00:45:00+01:00,29271.39082959773,26166.31174,6506.20936118143,7615.241,35777.60019077916,33781.55274,33795.04456
2026-01-09 01:00:00+01:00,32544.78217898765,27162.824608,6647.265233636585,7326.25,39192.04741262423,34489.074607999995,34501.958567999995
2026-01-09 01:15:00+01:00,32551.337365929314,28072.297668,6648.197464324886,7222.881,39199.5348302542,35295.178668,35308.594108
2026-01-09 01:30:00+01:00,32549.15288118886,28791.914348,6625.239775205872,7202.389,39174.39265639473,35994.303348,36007.854616000004
2026-01-09 01:45:00+01:00,32537.276850964925,29678.957592,6610.812143895151,7142.514,39148.088994860074,36821.471592,36834.85932
2026-01-09 02:00:00+01:00,35437.84199094797,30715.42332,6386.4623076511,6810.516,41824.30429859907,37525.939320000005,37539.21528
2026-01-09 02:15:00+01:00,35427.50362032402,31729.755508,6382.333188733505,6807.233,41809.83680905753,38536.988507999995,38550.41656
2026-01-09 02:30:00+01:00,35401.87157584618,32537.133412,6390.970244300852,6802.156,41792.84182014703,39339.289412,39352.91568
2026-01-09 02:45:00+01:00,35379.60678072554,33451.304836,6392.247990313303,6805.897,41771.85477103884,40257.201836,40271.266632
2026-01-09 03:00:00+01:00,35439.92474565318,34089.589464,6122.245368635736,6725.503,41562.170114288914,40815.092463999994,40829.190319999994
2026-01-09 03:15:00+01:00,35433.22700041783,34828.645772,6125.343155059758,6717.27,41558.57015547759,41545.91577200001,41560.11103200001
2026-01-09 03:30:00+01:00,35417.11921134125,35368.805512,6116.1561852992345,6717.82,41533.275396640485,42086.625512,42100.666612
2026-01-09 03:45:00+01:00,35405.649967141595,35910.419116,6088.028902021732,6694.076,41493.67886916333,42604.495116,42618.59278
2026-01-09 04:00:00+01:00,37400.15938203173,36371.676024,6121.267422881667,6932.495,43521.4268049134,43304.171024,43318.14328800001
2026-01-09 04:15:00+01:00,37397.66801336904,36491.63102,6114.613021419358,6980.255,43512.28103478839,43471.88602,43485.770747999995
2026-01-09 04:30:00+01:00,37382.99709611041,36768.135148,6098.13394200977,7010.946,43481.131038120184,43779.081148,43792.826667999994
2026-01-09 04:45:00+01:00,37397.388160945295,37100.459848,6089.601806544185,7033.476,43486.98996748948,44133.935848,44147.617892
2026-01-09 05:00:00+01:00,37913.40967361406,37417.524304,5940.380399389755,6899.064,43853.79007300381,44316.588304,44329.959339999994
2026-01-09 05:15:00+01:00,37912.001413437385,37724.488672,5930.71127772591,6898.772,43842.712691163295,44623.260672,44635.537163999994
2026-01-09 05:30:00+01:00,37896.29684859598,37925.123748,5884.27763482265,6773.711,43780.574483418626,44698.834748,44712.209552
2026-01-09 05:45:00+01:00,37883.707702586675,38242.12786,5857.1310609147295,6650.499,43740.83876350141,44892.62686,44906.056036
2026-01-09 06:00:00+01:00,37908.605172208016,39821.355632,5910.551656077635,6017.587,43819.15682828565,45838.942632,45852.568204
2026-01-09 06:15:00+01:00,37887.07672996435,39501.42324,5905.777786807357,5879.919,43792.85451677171,45381.34224,45393.676936
2026-01-09 06:30:00+01:00,37845.458697043796,39728.08102,5898.176954490016,5701.236,43743.63565153381,45429.317019999995,45442.31823999999
2026-01-09 06:45:00+01:00,37814.087799608875,39889.688564,5864.835830299081,5166.86,43678.92362990796,45056.548564,45070.418796
2026-01-09 07:00:00+01:00,37050.816288187794,39833.080888,5745.2220808573275,4817.632,42796.03836904512,44650.712887999995,44666.031191999995
2026-01-09 07:15:00+01:00,37070.59043870914,39966.242472,5744.203481998451,4825.757,42814.7939207076,44791.999472,44808.635416
2026-01-09 07:30:00+01:00,37096.64664596361,39955.466756,5738.551139556332,4675.296,42835.19778551994,44630.762756,44648.881868
2026-01-09 07:45:00+01:00,37094.4449884949,40120.140732,5708.324968636329,4529.967,42802.769957131226,44650.107732,44670.850928
2026-01-09 08:00:00+01:00,35161.19312233825,40143.81186,5825.924429510722,5160.364,40987.11755184897,45304.17586,45329.467332
2026-01-09 08:15:00+01:00,35306.19106988359,40074.202708,5806.373537240823,5146.026,41112.56460712441,45220.228707999995,45272.042411999995
2026-01-09 08:30:00+01:00,35319.80080578329,39829.047328,5817.871534890562,5002.238,41137.67234067385,44831.285328,45157.844156
2026-01-09 08:45:00+01:00,35346.15512788162,39647.784864,5808.435624669117,4935.022,41154.590752550735,44582.806864,45290.763364
2026-01-09 09:00:00+01:00,34115.7386695208,39626.318264,5789.731867995505,4794.877,39905.4705375163,44421.195264,45544.406916
2026-01-09 09:15:00+01:00,34003.63894025136,39714.387956,5786.932601322893,5078.865,39790.57154157425,44793.252956,46369.888424
2026-01-09 09:30:00+01:00,33909.77981017015,39940.905376,5767.482785589648,4836.604,39677.2625957598,44777.509376,46896.120452
2026-01-09 09:45:00+01:00,33863.585872331416,40237.29534,5765.8784209903915,4701.123,39629.464293321806,44938.41834,47569.047115999994
2026-01-09 10:00:00+01:00,34689.389940598914,40264.890452,5659.701785521208,5479.434,40349.091726120125,45744.324452,48831.224776
2026-01-09 10:15:00+01:00,34662.9950369107,40434.918424,5682.871512755245,5591.706,40345.866549665945,46026.624424,49604.206904
2026-01-09 10:30:00+01:00,34596.70972669136,40653.047856,5673.2896104552165,5521.854,40269.99933714658,46174.901856,50252.565396
2026-01-09 10:45:00+01:00,34537.05804043713,40812.428884,5685.565663664634,5543.538,40222.62370410176,46355.966884,50921.788100000005
2026-01-09 11:00:00+01:00,35093.78044547387,40979.5748,5589.807314024556,5590.776,40683.58775949843,46570.3508,51520.017236
2026-01-09 11:15:00+01:00,35005.059685043154,41164.615764,5608.451121253457,5594.882,40613.51080629661,46759.497764,52082.888172
2026-01-09 11:30:00+01:00,34965.72860293193,41180.6608,5625.840259733432,5535.565,40591.56886266536,46716.2258,52356.051732
2026-01-09 11:45:00+01:00,34933.99167672548,41432.475868,5653.14978318318,5499.833,40587.141459908664,46932.308868,52778.756388
2026-01-09 12:00:00+01:00,34902.86015882197,41232.101408,5826.32857462761,5567.325,40729.18873344958,46799.426408,52755.974032
2026-01-09 12:15:00+01:00,34880.43707147543,40778.163824,5860.738243095483,5424.783,40741.175314570915,46202.946824000006,52102.685452000005
2026-01-09 12:30:00+01:00,34847.05224843086,40653.111288,5857.295973934179,5350.261,40704.348222365035,46003.372288,51786.692096
2026-01-09 12:45:00+01:00,34846.74799357169,40555.69742,5867.654508290859,5258.586,40714.40250186255,45814.28342,51513.275396
2026-01-09 13:00:00+01:00,34964.66363559642,40394.23224,5880.002536879897,4933.211,40844.66617247632,45327.44324,50815.467972
2026-01-09 13:15:00+01:00,34965.908363176386,40114.608452,5922.701037197319,4875.341,40888.60940037371,44989.949452,50174.452684
2026-01-09 13:30:00+01:00,34966.828927485636,39931.156256,5927.815915094311,4882.669,40894.644842579946,44813.825256,49641.628104
2026-01-09 13:45:00+01:00,34947.35903058177,40020.38858,5934.789938358434,4802.724,40882.14896894021,44823.11258,49213.070724000005
2026-01-09 14:00:00+01:00,35058.272775932855,40151.891592,5910.563171596291,4847.118,40968.83594752914,44999.009592,49018.66824
2026-01-09 14:15:00+01:00,35113.46600571727,40146.509996,5936.020403723949,4790.464,41049.48640944122,44936.973996,48494.222712
2026-01-09 14:30:00+01:00,35106.57765323748,40246.792076,5947.194334811421,4688.334,41053.7719880489,44935.126076,48060.737208
2026-01-09 14:45:00+01:00,35124.6649893857,40318.79558,5964.01799986203,4681.846,41088.68298924773,45000.64158,47711.708904
2026-01-09 15:00:00+01:00,34633.17200812574,40142.810316,5867.608184779938,4889.068,40500.78019290567,45031.878316,47260.777544
2026-01-09 15:15:00+01:00,34687.858408687105,39885.32966,5866.0486448496285,4892.949,40553.907053536735,44778.27866,46524.145212
2026-01-09 15:30:00+01:00,34880.30364353854,39860.236904,5878.388182909996,4897.76,40758.691826448536,44757.996904,46058.663468
2026-01-09 15:45:00+01:00,35005.71999990359,39820.875284,5883.3028401833435,4615.816,40889.02284008693,44436.691284,45289.823696
2026-01-09 16:00:00+01:00,33800.79307594395,39762.277216,5735.437427826049,4108.109,39536.23050377,43870.386216,44336.764524
2026-01-09 16:15:00+01:00,33776.88016577376,39409.967032,5760.9549838868215,4143.29,39537.835149660576,43553.257032,43721.989728
2026-01-09 16:30:00+01:00,33867.258628009724,39100.55286,5757.060787198204,4096.137,39624.31941520793,43196.689860000006,43256.695228
2026-01-09 16:45:00+01:00,34027.45057010309,38999.47912,5753.29455667683,4054.278,39780.74512677992,43053.75712,43091.142728
2026-01-09 17:00:00+01:00,34156.90404649881,38695.253744,5762.076272552131,4434.502,39918.98031905094,43129.755744,43162.981932
2026-01-09 17:15:00+01:00,34242.61680863531,38297.452284,5773.898436018548,4664.926,40016.515244653856,42962.378284,43000.429752
2026-01-09 17:30:00+01:00,34409.10496880794,38078.051852,5769.01197751594,4683.389,40178.11694632388,42761.440852,42810.176428
2026-01-09 17:45:00+01:00,34477.6693764344,38039.047816,5764.368858592815,4691.594,40242.03823502722,42730.641816,42770.878635999994
2026-01-09 18:00:00+01:00,34821.39584418269,38062.706524,5885.738023117529,4660.394,40707.13386730022,42723.100524,42763.002980000005
2026-01-09 18:15:00+01:00,34844.63746365234,38451.56646,5916.555413156958,4739.75,40761.1928768093,43191.31646,43221.356272000005
2026-01-09 18:30:00+01:00,34887.823200092316,38365.35954,5942.572477483891,4754.8,40830.395677576205,43120.15954,43143.959868
2026-01-09 18:45:00+01:00,34929.37780703921,38327.236156,5926.119721854884,4670.35,40855.49752889409,42997.586156,43019.224356
2026-01-09 19:00:00+01:00,35403.98319589651,38131.01058,5833.674980528564,4361.86,41237.65817642507,42492.87058,42512.165816
2026-01-09 19:15:00+01:00,35420.37423638288,37954.270164,5821.533884737302,4430.243,41241.908121120185,42384.513164,42402.34211600001
2026-01-09 19:30:00+01:00,35412.95062976369,37973.118984,5788.928487627933,4472.53,41201.879117391625,42445.648984,42462.480656
2026-01-09 19:45:00+01:00,35396.49845697459,37955.360992,5789.257177416493,4485.717,41185.75563439108,42441.077992,42456.836308
2026-01-09 20:00:00+01:00,34516.02294364526,37955.740268,5787.592035810782,4109.087,40303.61497945604,42064.827268,42083.701092
2026-01-09 20:15:00+01:00,34459.53272948333,37893.155068,5790.220496250552,4161.67,40249.75322573388,42054.825068,42069.846895999995
2026-01-09 20:30:00+01:00,34395.456972790504,37706.634148,5783.366706835542,4190.046,40178.823679626046,41896.680148,41910.323032
2026-01-09 20:45:00+01:00,34311.55738423554,37423.657424,5744.202699139367,4218.373,40055.7600833749,41642.030424,41655.17986
2026-01-09 21:00:00+01:00,33560.98444616238,37028.490036,5734.574561096912,3569.36,39295.55900725929,40597.850036,40611.150168
2026-01-09 21:15:00+01:00,33480.65631002041,36636.640192,5740.7943996041495,3667.843,39221.45070962456,40304.483192,40317.56036
2026-01-09 21:30:00+01:00,33418.80030972501,36384.001788,5725.971227199263,3771.804,39144.77153692427,40155.805788,40167.39522
2026-01-09 21:45:00+01:00,33282.87488339397,36131.590956,5676.759387311545,3862.189,38959.634270705516,39993.779956,40005.403908
2026-01-09 22:00:00+01:00,32458.145214068692,33946.968976,5835.168540909789,4007.181,38293.31375497848,37954.14997599999,37966.05991199999
2026-01-09 22:15:00+01:00,32453.508973102165,33879.606456,5790.781351815724,4184.681,38244.29032491789,38064.287456,38075.455967999995
2026-01-09 22:30:00+01:00,32436.28096171263,33788.005876,5775.591302482925,4434.0,38211.872264195554,38222.005876,38233.643768
2026-01-09 22:45:00+01:00,32413.00984393043,33405.75278,5759.402555790158,4672.732,38172.41239972059,38078.48478,38100.463524
2026-01-09 23:00:00+01:00,31762.65961558616,33136.299076,5633.426802661574,4149.192,37396.08641824773,37285.491076000006,37297.788828
2026-01-09 23:15:00+01:00,31760.589816869877,32934.053548,5626.923330470203,4202.452,37387.51314734008,37136.505548,37154.801916
2026-01-09 23:30:00+01:00,31783.538166391936,32898.00094,5592.906662555068,4251.222,37376.444828947,37149.22294,37161.039308
2026-01-09 23:45:00+01:00,31754.99912737082,32875.23324,5557.169111513678,4458.743,37312.16823888449,37333.97624,37345.54316
2026-01-10 00:00:00+01:00,30519.56663619722,32938.78926,5429.377200215834,4810.063,35948.943836413055,37748.85226,37760.536236
2026-01-10 00:15:00+01:00,30548.210704721772,32842.762,5453.0788446517345,4944.29,36001.289549373505,37787.052,37797.314152000006
2026-01-10 00:30:00+01:00,30590.256759208223,32673.525208,5478.3774168836635,4982.071,36068.63417609189,37655.596208,37665.292232
2026-01-10 00:45:00+01:00,30632.65394792475,32469.630516,5455.650070809403,5000.005,36088.304018734154,37469.635516,37479.573276
2026-01-10 01:00:00+01:00,29577.788502374235,32185.193976,5573.93239880525,4979.343,35151.720901179484,37164.536976,37175.687752
2026-01-10 01:15:00+01:00,29611.788547797452,32186.281592,5572.194783341863,5118.535,35183.983331139316,37304.816592,37315.092648000005
2026-01-10 01:30:00+01:00,29631.31273113008,31973.530524,5548.099805932689,5268.805,35179.41253706277,37242.335524,37252.2773
2026-01-10 01:45:00+01:00,29632.621018725447,31826.979756,5533.556751456921,5315.627,35166.17777018237,37142.606756,37152.446484
2026-01-10 02:00:00+01:00,29256.10758194299,31848.953544,5788.530432311264,5189.387,35044.638014254255,37038.340544,37048.006632
2026-01-10 02:15:00+01:00,29276.157319335685,31789.812856,5781.7147565648065,5177.338,35057.872075900494,36967.150856,36976.941732
2026-01-10 02:30:00+01:00,29274.911493430584,31658.885564,5787.76514398369,5196.887,35062.676637414275,36855.772564,36865.695656
2026-01-10 02:45:00+01:00,29284.78536761983,31605.371536,5789.445563435808,5205.89,35074.23093105564,36811.261536,36821.20846
2026-01-10 03:00:00+01:00,29635.12307690167,31636.320456,5828.393566999495,5313.42,35463.51664390117,36949.740456,36959.711452
2026-01-10 03:15:00+01:00,29651.20976423259,31794.239824,5834.475385785545,5443.621,35485.68515001814,37237.860824,37247.548768
2026-01-10 03:30:00+01:00,29647.78019161139,31707.6209,5825.961215218634,5498.994,35473.74140683002,37206.6149,37218.498492
2026-01-10 03:45:00+01:00,29650.760550083724,31627.40428,5794.967406161865,5598.002,35445.72795624559,37225.40628,37237.78116
2026-01-10 04:00:00+01:00,31719.73085912252,31326.960876,5974.372718648625,6071.938,37694.103577771144,37398.898876,37411.260892
2026-01-10 04:15:00+01:00,31724.28226669083,30969.0638,5967.744514558644,6247.853,37692.02678124947,37216.9168,37228.500508
2026-01-10 04:30:00+01:00,31720.876118745764,30344.878904,5952.781090599979,6320.88,37673.65720934574,36665.758904,36677.389916
2026-01-10 04:45:00+01:00,31742.170126811725,30126.166144,5946.189918746809,6370.165,37688.36004555853,36496.331144,36508.696216
2026-01-10 05:00:00+01:00,32924.26201418569,30021.312488,6139.738398443548,6471.728,39064.00041262924,36493.040488,36505.36578
2026-01-10 05:15:00+01:00,32934.26638281372,29686.236288,6133.814720024072,6507.85,39068.081102837794,36194.086288,36206.045399999995
2026-01-10 05:30:00+01:00,32921.69841020809,29423.755136,6088.533787598232,6522.952,39010.23219780632,35946.707136,35958.984639999995
2026-01-10 05:45:00+01:00,32925.24473970567,29250.6311,6067.8170156611895,6447.504,38993.061755366856,35698.1351,35710.565755999996
2026-01-10 06:00:00+01:00,32283.40997475458,29742.101636,5869.10501128463,6699.36,38152.51498603921,36441.461636,36454.085212
2026-01-10 06:15:00+01:00,32269.033707717408,29166.173364,5859.954487354692,6650.464,38128.9881950721,35816.637363999995,35829.773303999995
2026-01-10 06:30:00+01:00,32246.26586831474,28319.07094,5845.493029147392,6710.102,38091.75889746213,35029.172940000004,35043.634796000006
2026-01-10 06:45:00+01:00,32234.75581262475,27683.111768,5794.8628149348815,6917.115,38029.618627559634,34600.226768,34614.876464
2026-01-10 07:00:00+01:00,31535.979704191916,27121.472172,5833.470501047758,7018.32,37369.45020523967,34139.792172,34155.617620000005
2026-01-10 07:15:00+01:00,31576.88875480603,26475.793264,5832.540922623441,7078.953,37409.42967742947,33554.746264,33571.045828
2026-01-10 07:30:00+01:00,31618.143846347037,25898.601448,5822.335830088251,7113.894,37440.47967643529,33012.495448,33031.653976
2026-01-10 07:45:00+01:00,31631.115564384163,25320.811704,5790.668650392782,7173.311,37421.78421477695,32494.122704,32516.3482
2026-01-10 08:00:00+01:00,28352.148567232725,24728.448904,6112.172785456333,7406.55,34464.32135268906,32134.998904,32162.536968
2026-01-10 08:15:00+01:00,28343.18071533953,24305.41734,6088.262895850419,7450.513,34431.44361118995,31755.93034,31810.30102
2026-01-10 08:30:00+01:00,28240.079194500402,23957.031964,6102.282334150746,7452.481,34342.36152865115,31409.512964,31549.737016000003
2026-01-10 08:45:00+01:00,28230.394542376613,23440.26512,6094.228469518909,7448.64,34324.62301189552,30888.90512,31210.46706
2026-01-10 09:00:00+01:00,27733.4439448844,22948.162564,6092.374800000426,7581.802,33825.818744884826,30529.964564,31078.726971999997
2026-01-10 09:15:00+01:00,27621.174216903284,22532.402228,6091.187140916711,7577.586,33712.361357819995,30109.988228,30911.553436
2026-01-10 09:30:00+01:00,27537.376030504875,21896.947152,6075.272540497974,7534.711,33612.64857100285,29431.658152,30525.507764
2026-01-10 09:45:00+01:00,27491.713100856923,21239.43792,6077.435443714676,7489.847,33569.148544571595,28729.28492,30126.512919999997
2026-01-10 10:00:00+01:00,23092.915984487958,20625.75554,6124.243730740726,7902.954,29217.159715228685,28528.709539999996,30231.534915999997
2026-01-10 10:15:00+01:00,23059.686519996685,19915.4955,6148.256838581354,7910.523,29207.94335857804,27826.0185,29841.738568
2026-01-10 10:30:00+01:00,22991.754275331656,19032.135228,6143.459341638136,7905.411,29135.21361696979,26937.546228,29251.354487999997
2026-01-10 10:45:00+01:00,22929.2124295676,18109.969924,6154.598246261394,7869.072,29083.810675828994,25979.041924,28580.194532
2026-01-10 11:00:00+01:00,20263.19947585796,17441.753624,6131.584390565872,7792.751,26394.783866423833,25234.504624,28117.057388
2026-01-10 11:15:00+01:00,20168.814350950288,17082.999968,6150.015955209889,7397.919,26318.830306160176,24480.918968,27606.364872
2026-01-10 11:30:00+01:00,20120.522765586506,16776.351924,6164.217116273917,6818.213,26284.739881860423,23594.564924,26967.496268
2026-01-10 11:45:00+01:00,20082.140228075288,16212.19222,6189.621476817468,6685.546,26271.761704892757,22897.73822,26496.239576
2026-01-10 12:00:00+01:00,17707.225361923065,15553.180652,6264.508562593443,6339.123,23971.733924516506,21892.303652,25683.253792
2026-01-10 12:15:00+01:00,17678.921599867623,15065.673072,6292.085856892931,6118.379,23971.007456760555,21184.052072,25139.306795999997
2026-01-10 12:30:00+01:00,17640.11157976353,14630.073148,6281.814568751861,5968.994,23921.92614851539,20599.067148,24684.335408
2026-01-10 12:45:00+01:00,17637.72406994338,14245.902356,6290.320066729867,5885.136,23928.044136673245,20131.038356,24288.452272
2026-01-10 13:00:00+01:00,15815.178027020538,13822.384824,6432.325400888701,6018.695,22247.50342790924,19841.079824,24054.424364
2026-01-10 13:15:00+01:00,15808.646560586873,13416.53282,6474.2328003969205,5874.243,22282.879360983792,19290.775820000003,23497.224588000005
2026-01-10 13:30:00+01:00,15809.708966343656,13001.282664,6479.099928055803,5539.809,22288.80889439946,18541.091664,22583.269436
2026-01-10 13:45:00+01:00,15782.973117897473,12600.809556,6485.957102364601,5237.745,22268.930220262075,17838.554556,21591.735044
2026-01-10 14:00:00+01:00,12406.274341336111,12451.38774,6438.0023168681955,5006.41,18844.276658204308,17457.79774,20923.49316
2026-01-10 14:15:00+01:00,12426.480603814607,12388.552828,6453.868241261261,4986.31,18880.348845075867,17374.862828,20506.82142
2026-01-10 14:30:00+01:00,12420.816788340322,12140.614484,6469.581807759922,4950.698,18890.398596100244,17091.312484000002,19867.43902
2026-01-10 14:45:00+01:00,12376.032588704473,11915.031316,6474.777417148143,4800.17,18850.810005852618,16715.201316,19027.628704
2026-01-10 15:00:00+01:00,11850.451740037663,11798.320284,5834.490434172679,4589.328,17684.94217421034,16387.648284,18230.810168
2026-01-10 15:15:00+01:00,11900.126318526225,11717.426528,5843.835015364301,4283.516,17743.961333890526,16000.942528,17366.928735999998
2026-01-10 15:30:00+01:00,12076.036479538878,11648.235516,5854.184590247324,3984.316,17930.221069786203,15632.551516,16553.668024
2026-01-10 15:45:00+01:00,12235.944757525705,11752.46472,5859.113228906224,3740.501,18095.05798643193,15492.96572,16030.982264
2026-01-10 16:00:00+01:00,12596.845810507397,11950.460028,5529.745622116774,3651.872,18126.59143262417,15602.332028,15855.966203999998
2026-01-10 16:15:00+01:00,12764.60349434669,12222.79552,5553.118413462086,3628.857,18317.721907808776,15851.65252,15947.961676
2026-01-10 16:30:00+01:00,12865.33261542784,12494.043608,5551.118593968647,3690.909,18416.451209396488,16184.952608,16230.197172
2026-01-10 16:45:00+01:00,13010.449441641826,12716.562756,5550.070506705118,3520.025,18560.519948346944,16236.587756,16277.086304
2026-01-10 17:00:00+01:00,12243.925395787042,12877.040648,5143.239895873281,3380.369,17387.165291660323,16257.409648,16304.924536
2026-01-10 17:15:00+01:00,12320.862134298779,13057.653452,5149.29148339053,3348.612,17470.15361768931,16406.265452,16451.453812
2026-01-10 17:30:00+01:00,12445.02106726739,13501.270212,5128.310250332655,3316.474,17573.331317600045,16817.744211999998,16871.231539999997
2026-01-10 17:45:00+01:00,12561.755513874623,13661.710992,5119.380198110926,3276.394,17681.13571198555,16938.104992,16991.843288
2026-01-10 18:00:00+01:00,12451.494388838522,13725.451208,4332.571009193254,3328.445,16784.065398031777,17053.896208000002,17093.289772000004
2026-01-10 18:15:00+01:00,12473.056318170598,13807.292296,4364.3693940233925,3399.881,16837.42571219399,17207.173296,17238.306516
2026-01-10 18:30:00+01:00,12503.159489708476,13874.65996,4391.887963364803,3416.646,16895.04745307328,17291.30596,17324.499052000003
2026-01-10 18:45:00+01:00,12537.94510691138,14004.598048,4385.33679210805,3401.686,16923.28189901943,17406.284048,17432.868876
2026-01-10 19:00:00+01:00,12948.150442619393,14039.929404,3823.62009953712,3386.397,16771.77054215651,17426.326404,17453.862368
2026-01-10 19:15:00+01:00,12962.130750853014,13986.774372,3815.9222507667,3347.406,16778.053001619715,17334.180372,17352.519163999998
2026-01-10 19:30:00+01:00,12951.417257983288,13779.979972,3792.743941021842,3257.183,16744.16119900513,17037.162972,17054.507832
2026-01-10 19:45:00+01:00,12932.646554950687,13911.889844,3800.8229774056153,3156.752,16733.469532356303,17068.641843999998,17084.497607999998
2026-01-10 20:00:00+01:00,12173.664821201648,13964.77,3297.2578973904256,3158.308,15470.922718592074,17123.078,17138.365724000003
2026-01-10 20:15:00+01:00,12125.947063259373,13951.905548,3301.3864879614234,3151.256,15427.333551220796,17103.161548,17116.865736
2026-01-10 20:30:00+01:00,12071.015515281826,13688.32986,3297.9130171945185,3089.282,15368.928532476344,16777.61186,16789.694756
2026-01-10 20:45:00+01:00,12006.326883899497,13381.086132,3264.5137753030926,2936.076,15270.84065920259,16317.162132,16329.660308
2026-01-10 21:00:00+01:00,10852.06899519524,13074.492156,3262.360771411124,2838.14,14114.429766606365,15912.632156,15925.391428
2026-01-10 21:15:00+01:00,10792.07821340599,12804.323652,3275.9789939681655,2780.047,14068.057207374155,15584.370652,15597.87782
2026-01-10 21:30:00+01:00,10752.271165341917,12695.039616,3275.675596439281,2673.726,14027.946761781199,15368.765616,15380.971884
2026-01-10 21:45:00+01:00,10710.979124049665,12536.945104,3249.894715019956,2572.494,13960.873839069622,15109.439104,15121.628296
2026-01-10 22:00:00+01:00,10388.494360687917,12272.896696,3030.7497485868234,2463.347,13419.24410927474,14736.243696,14750.2567
2026-01-10 22:15:00+01:00,10416.862539678159,12061.423656,3000.5029364535635,2382.215,13417.365476131723,14443.638656,14456.206524
2026-01-10 22:30:00+01:00,10430.644210904613,11961.467916,2993.468859675168,2297.682,13424.11307057978,14259.149915999998,14271.608531999998
2026-01-10 22:45:00+01:00,10434.747074750288,11922.60188,2981.837716889733,2236.182,13416.584791640022,14158.78388,14170.800988
2026-01-10 23:00:00+01:00,9163.313302703416,11944.947368,2811.628618596271,2225.865,11974.941921299687,14170.812368,14183.990616
2026-01-10 23:15:00+01:00,9176.356385494502,11903.971976,2816.720130381736,2182.428,11993.076515876239,14086.399976,14098.984908
2026-01-10 23:30:00+01:00,9219.89338679903,11822.429268,2791.8021293943957,2098.52,12011.695516193427,13920.949268,13933.57554
2026-01-10 23:45:00+01:00,9211.117569139682,11868.08246,2768.0864457262564,2036.001,11979.204014865938,13904.08346,13920.682456
2026-01-11 00:00:00+01:00,8971.3254607874,11824.477784,2410.125382545802,1951.198,11381.450843333203,13775.675784,14142.001616
2026-01-11 00:15:00+01:00,8994.487416444632,11616.766684,2433.242929796745,1909.453,11427.730346241377,13526.219684,13539.099848
2026-01-11 00:30:00+01:00,9031.943127078108,11474.888956,2456.4795667691565,1903.339,11488.422693847264,13378.227956,13391.1897
2026-01-11 00:45:00+01:00,9065.300389375529,11379.246984,2435.0343632568756,1869.069,11500.334752632403,13248.315984,13261.743744
2026-01-11 01:00:00+01:00,10809.812933025858,11325.900312,2366.01261040898,1852.216,13175.825543434838,13178.116312,13191.429036
2026-01-11 01:15:00+01:00,10841.389357611124,11360.047004,2368.9569846912823,1812.386,13210.346342302406,13172.433004,13185.93644
2026-01-11 01:30:00+01:00,10852.84917189488,11432.33086,2351.2052066796873,1782.498,13204.054378574569,13214.82886,13227.848228
2026-01-11 01:45:00+01:00,10848.835630167705,11212.43618,2339.2269536566055,1792.366,13188.06258382431,13004.80218,13017.739152
2026-01-11 02:00:00+01:00,10736.33578667214,11184.40458,2398.2144995852327,1809.128,13134.550286257372,12993.53258,13006.483464
2026-01-11 02:15:00+01:00,10758.657133201028,11297.1425,2390.91716185868,1811.434,13149.574295059709,13108.5765,13120.754888
2026-01-11 02:30:00+01:00,10753.631181906729,11270.450576,2398.4225789463935,1795.777,13152.053760853123,13066.227576,13077.38606
2026-01-11 02:45:00+01:00,10763.193697637595,11145.454076,2400.803067213122,1787.757,13163.996764850717,12933.211076,12944.419064
2026-01-11 03:00:00+01:00,9530.4280760899,11053.89128,2503.82689581325,1778.89,12034.25497190315,12832.78128,12844.090196
2026-01-11 03:15:00+01:00,9556.582656878662,11018.902788,2513.712452765004,1767.54,12070.295109643666,12786.442788,12798.050536
2026-01-11 03:30:00+01:00,9560.161446300692,10915.934192,2508.872126746545,1766.482,12069.033573047236,12682.416192,12695.518668
2026-01-11 03:45:00+01:00,9574.475543267097,10898.030204,2483.9794059312903,1784.952,12058.454949198387,12682.982204,12696.343844
2026-01-11 04:00:00+01:00,8998.48643634088,10895.821868,2448.030254008001,1775.054,11446.51669034888,12670.875868,12683.938892
2026-01-11 04:15:00+01:00,9005.016000507367,10883.31432,2443.4122953604196,1776.141,11448.428295867787,12659.45532,12672.610744
2026-01-11 04:30:00+01:00,8994.426404240838,10835.0217,2432.857122707319,1793.438,11427.283526948157,12628.4597,12642.033596
2026-01-11 04:45:00+01:00,9015.002620411706,10786.515624,2429.444328770234,1815.988,11444.44694918194,12602.503624,12616.172551999998
2026-01-11 05:00:00+01:00,8881.594531022198,10802.164716,2268.235909070798,1843.64,11149.830440092996,12645.804716,12659.251256
2026-01-11 05:15:00+01:00,8885.336434246823,10785.51336,2262.200782075841,1838.354,11147.537216322664,12623.86736,12637.298768
2026-01-11 05:30:00+01:00,8870.00068953833,10731.423488,2222.376621181357,1857.464,11092.377310719687,12588.887488,12602.547588
2026-01-11 05:45:00+01:00,8874.6412732893,10759.854572,2201.6535764959685,1872.471,11076.294849785269,12632.325572,12646.060156
2026-01-11 06:00:00+01:00,8956.43419920642,10836.836372,2236.775720063765,1929.183,11193.209919270186,12766.019372,12779.861491999998
2026-01-11 06:15:00+01:00,8932.898481156908,10883.80408,2227.3941909749474,2008.684,11160.292672131854,12892.48808,12906.5321
2026-01-11 06:30:00+01:00,8897.691349044977,10857.818712,2213.5634269057946,2077.822,11111.254775950772,12935.640712,12950.210484
2026-01-11 06:45:00+01:00,8874.25845686672,10836.939712,2170.007911738951,2135.825,11044.266368605671,12972.764712,12988.325336
2026-01-11 07:00:00+01:00,9307.627189573761,10993.201864,2151.980899512892,2180.035,11459.608089086652,13173.236864,13190.020196
2026-01-11 07:15:00+01:00,9332.084016118164,11119.469216,2155.32392317989,2222.745,11487.407939298053,13342.214216,13361.44386
2026-01-11 07:30:00+01:00,9356.064913644745,11256.543672,2145.739446445639,2256.582,11501.804360090384,13513.125672,13533.152992
2026-01-11 07:45:00+01:00,9358.138469280879,11428.954808,2121.9678715420487,2312.382,11480.106340822927,13741.336808,13763.752592
2026-01-11 08:00:00+01:00,9349.51095223349,11640.857292,2639.985444017002,2455.893,11989.496396250492,14096.750292,14122.558488
2026-01-11 08:15:00+01:00,9311.418475658505,11877.343796,2620.541226321489,2504.791,11931.959701979995,14382.134795999998,14432.26806
2026-01-11 08:30:00+01:00,9440.206419282096,12041.315636,2564.7354447732005,2586.89,12004.941864055298,14628.205636,14834.650268
2026-01-11 08:45:00+01:00,9413.789654663482,12151.722488,2548.3389845612655,2621.637,11962.128639224748,14773.359488,15337.714016
2026-01-11 09:00:00+01:00,9078.605936787095,12011.259668,2596.4928822645747,2674.143,11675.09881905167,14685.402668,15679.550172
2026-01-11 09:15:00+01:00,8989.667409902073,11779.250452,2595.730581118055,2735.722,11585.397991020127,14514.972452,16027.043144
2026-01-11 09:30:00+01:00,8923.001935719773,11598.428052,2572.360527340236,2954.086,11495.362463060008,14552.514052,16654.224663999998
2026-01-11 09:45:00+01:00,8888.822759281167,11578.100964,2563.1260337182966,3243.78,11451.948792999465,14821.880964,17567.050828
2026-01-11 10:00:00+01:00,8854.665537049092,11334.047688,3096.209918576698,3531.395,11950.87545562579,14865.442688,18287.60974
2026-01-11 10:15:00+01:00,8833.901265597497,11095.221656,3121.983006355697,3695.317,11955.884271953193,14790.538656,18908.575148
2026-01-11 10:30:00+01:00,8781.719072855758,10950.226468,3114.4700308552383,3782.31,11896.189103710996,14732.536468,19506.010652
2026-01-11 10:45:00+01:00,8731.31968342975,10733.726164,3124.502009872719,3906.291,11855.82169330247,14640.017164,20060.892736
2026-01-11 11:00:00+01:00,8258.453067267907,10574.864164,3533.9963114015027,4017.764,11792.44937866941,14592.628164000002,20636.84054
2026-01-11 11:15:00+01:00,8175.073097682461,10327.26196,3552.755357225413,4144.328,11727.828454907874,14471.58996,21067.16992
2026-01-11 11:30:00+01:00,8129.684491907954,10076.582448,3564.371273089992,4327.385,11694.055764997946,14403.967448,21486.902144
2026-01-11 11:45:00+01:00,8096.53468008519,9915.78466,3587.0992054004464,4532.251,11683.633885485637,14448.03566,21983.17206
2026-01-11 12:00:00+01:00,8170.5969096655435,9805.626136,4511.262160855349,4799.803,12681.859070520892,14605.429136,22434.62566
2026-01-11 12:15:00+01:00,8143.8413686127615,9693.219044,4533.558884990206,4975.454,12677.400253602967,14668.673044,22752.12116
2026-01-11 12:30:00+01:00,8116.006602661624,9453.111472,4521.938528412207,5044.448,12637.945131073831,14497.559472,22718.541976
2026-01-11 12:45:00+01:00,8104.64442533414,9211.54798,4529.822797856235,5038.92,12634.467223190375,14250.46798,22503.391664
2026-01-11 13:00:00+01:00,8686.934960737377,8975.829608,5252.373088773481,5084.716,13939.308049510859,14060.545608,22201.696544
2026-01-11 13:15:00+01:00,8680.984355004954,8803.914288,5293.25683310053,5258.918,13974.241188105483,14062.832288,21998.04738
2026-01-11 13:30:00+01:00,8684.536922408379,8611.472364,5298.848333889087,5395.817,13983.385256297466,14007.289364,21578.907744
2026-01-11 13:45:00+01:00,8668.08110475762,8451.863664,5303.341948935428,5398.302,13971.423053693048,13850.165664,20935.019268
2026-01-11 14:00:00+01:00,8504.164108622108,8243.34356,6162.178592824733,5466.653,14666.34270144684,13709.99656,20169.487616
2026-01-11 14:15:00+01:00,8532.121035878963,8046.356932,6160.054386808586,5627.714,14692.17542268755,13674.070932,19411.721244
2026-01-11 14:30:00+01:00,8540.980169383432,8013.926824,6182.328534518628,5758.231,14723.308703902061,13772.157824,18738.146208
2026-01-11 14:45:00+01:00,8516.125246653839,7937.035668,6155.635543996877,5817.65,14671.760790650715,13754.685668,17854.38164
2026-01-11 15:00:00+01:00,8296.513674906755,8108.996,6309.412785428536,5851.743,14605.926460335291,13960.739,17112.541732
2026-01-11 15:15:00+01:00,8337.01338097941,8275.101744,6312.304558774114,5891.299,14649.317939753524,14166.400744,16453.052315999998
2026-01-11 15:30:00+01:00,8503.341174866115,8486.992064,6326.697563776279,5968.758,14830.038738642394,14455.750064,15975.86884
2026-01-11 15:45:00+01:00,8628.698823734898,8903.48604,6322.741246372466,6033.611,14951.440070107365,14937.09704,15785.410624
2026-01-11 16:00:00+01:00,10162.611357227777,9492.172844,6351.663424035198,6111.16,16514.274781262975,15603.332844,15976.85798
2026-01-11 16:15:00+01:00,10283.754472497818,10043.261068,6382.323346722518,6232.014,16666.077819220336,16275.275068,16392.219316
2026-01-11 16:30:00+01:00,10452.459874135002,10559.942484,6380.408525758419,6355.807,16832.86839989342,16915.749484,16965.698315999998
2026-01-11 16:45:00+01:00,10581.512720815375,10997.308076,6380.696775888584,6576.693,16962.20949670396,17574.001076,17612.546436
2026-01-11 17:00:00+01:00,11282.160445178935,11307.39036,6539.983890975891,6614.178,17822.144336154826,17921.568359999997,17957.822876
2026-01-11 17:15:00+01:00,11331.26734533473,11588.637052,6552.220939497116,6640.559,17883.488284831845,18229.196052,18263.391016
2026-01-11 17:30:00+01:00,11399.790031690523,11892.127976,6553.02591206024,6765.368,17952.815943750764,18657.495976,18690.163463999997
2026-01-11 17:45:00+01:00,11450.833125298945,12146.81442,6546.132442429494,6929.164,17996.96556772844,19075.97842,19105.540372
2026-01-11 18:00:00+01:00,11920.946640362836,12374.901048,6559.429916167988,7008.237,18480.376556530824,19383.138048,19411.144964
2026-01-11 18:15:00+01:00,11949.084092802415,12379.894544,6594.651480927705,7047.59,18543.73557373012,19427.484544,19458.91546
2026-01-11 18:30:00+01:00,11973.593009762639,12321.661104,6624.046627804924,7124.408,18597.63963756756,19446.069104,19474.119524
2026-01-11 18:45:00+01:00,12005.76090804287,12256.618632,6616.192304979316,7155.656,18621.953213022185,19412.274632,19435.868
2026-01-11 19:00:00+01:00,12692.37936716815,12214.460752,6389.131558637247,6821.565,19081.510925805396,19036.025752,19057.327416
2026-01-11 19:15:00+01:00,12705.462491122664,12302.048228,6385.059533198999,6843.07,19090.52202432166,19145.118228,19165.126936
2026-01-11 19:30:00+01:00,12706.769596614848,12576.412436,6363.153124064055,6832.921,19069.922720678904,19409.333436,19431.312356
2026-01-11 19:45:00+01:00,12693.927141879876,12843.624884,6371.617879350213,6834.218,19065.54502123009,19677.842884,19694.886
2026-01-11 20:00:00+01:00,13880.362780314,13114.776144,6298.756608556846,6945.188,20179.119388870848,20059.964144,20075.225015999997
2026-01-11 20:15:00+01:00,13836.214975534813,13457.385992,6309.347503667436,6905.719,20145.56247920225,20363.104992,20377.705956
2026-01-11 20:30:00+01:00,13791.100836639649,13887.897216,6321.608868470601,6918.221,20112.70970511025,20806.118216,20820.53396
2026-01-11 20:45:00+01:00,13728.273780003665,14230.283156,6301.523585412173,6895.668,20029.797365415838,21125.951156,21139.962796
2026-01-11 21:00:00+01:00,14888.736663736023,14581.945188,6197.736465157832,6913.651,21086.473128893856,21495.596188,21509.41194
2026-01-11 21:15:00+01:00,14834.668336792067,14960.667644,6210.768761135363,6873.951,21045.43709792743,21834.618644,21848.24238
2026-01-11 21:30:00+01:00,14799.37156779821,15298.973404,6211.579520086614,6869.472,21010.951087884823,22168.445404,22181.9638
2026-01-11 21:45:00+01:00,14760.494429326145,15680.80122,6206.854165087144,6819.435,20967.348594413288,22500.23622,22513.877527999997
2026-01-11 22:00:00+01:00,14957.784276903174,15361.70236,6145.7847795629095,6830.838,21103.569056466084,22192.54036,22206.977516
2026-01-11 22:15:00+01:00,14991.7109130787,15650.144656,6142.997085345996,6827.408,21134.707998424696,22477.552656,22491.25602
2026-01-11 22:30:00+01:00,15014.99977645383,15951.374404,6147.4261823422985,6806.883,21162.425958796128,22758.257404,22772.334256
2026-01-11 22:45:00+01:00,15023.517693479704,16445.68878,6157.378811879423,6773.404,21180.896505359127,23219.09278,23232.872216
2026-01-11 23:00:00+01:00,16865.105599942894,16770.40072,6118.2663341174,6752.354,22983.371934060295,23522.75472,23537.031704
2026-01-11 23:15:00+01:00,16880.603332077877,16974.39472,6130.809618034681,6722.945,23011.412950112557,23697.33972,23710.74156
2026-01-11 23:30:00+01:00,16932.600705092143,17168.439828,6114.221097541551,6585.14,23046.821802633694,23753.579828,23767.098575999997
2026-01-11 23:45:00+01:00,16931.037954991996,17300.295572,6105.283580798692,6529.318,23036.32153579069,23829.613572,23843.219508
2026-01-12 00:00:00+01:00,18203.258104006607,17319.139416,5701.905375400976,6428.011,23905.163479407584,23747.150416000004,23879.045184
2026-01-12 00:15:00+01:00,18230.58797060631,17270.520272,5730.716961391893,6417.241,23961.304931998202,23687.761272000003,23702.342228000005
2026-01-12 00:30:00+01:00,18274.318855569563,17218.458736,5758.2848613783735,6431.617,24032.60371694794,23650.075736,23664.017851999997
2026-01-12 00:45:00+01:00,18312.53685444572,17190.498532,5741.7877966264205,6407.809,24054.32465107214,23598.307532000003,23611.948600000003
2026-01-12 01:00:00+01:00,19634.122091124726,17300.508668,5688.027514689857,6307.882,25322.149605814582,23608.390668,23621.97718
2026-01-12 01:15:00+01:00,19666.270422041052,17581.433452,5695.3732389912975,6320.269,25361.64366103235,23901.702452,23915.313804
2026-01-12 01:30:00+01:00,19683.32579647724,17832.081332,5679.7414550600115,6308.741,25363.06725153725,24140.822332000003,24154.329692000003
2026-01-12 01:45:00+01:00,19678.478214792205,18078.394416,5669.759102117546,6280.796,25348.237316909752,24359.190416,24372.552876
2026-01-12 02:00:00+01:00,20851.13662898263,17875.881464,5799.944374444323,6264.801,26651.081003426953,24140.682464,24152.81672
2026-01-12 02:15:00+01:00,20885.29592449697,17947.539248,5794.797099057145,6260.803,26680.093023554116,24208.342248,24220.100532
2026-01-12 02:30:00+01:00,20884.876066837187,18215.336384,5805.040638355853,6237.555,26689.91670519304,24452.891384,24464.779875999997
2026-01-12 02:45:00+01:00,20898.790611268563,18369.302936,5806.786526935469,6227.082,26705.577138204033,24596.384936,24608.299372
2026-01-12 03:00:00+01:00,22144.24788852756,18488.935376,5992.315932861984,6453.504,28136.563821389544,24942.439376,24954.28336
2026-01-12 03:15:00+01:00,22182.14191078862,18689.163432,6002.4149149616915,6436.791,28184.55682575031,25125.954432,25137.747592000003
2026-01-12 03:30:00+01:00,22192.878506039397,18969.555072,5998.500490970391,6325.842,28191.378997009786,25295.397072,25307.277948
2026-01-12 03:45:00+01:00,22214.71085098003,19176.102016,5979.148669376877,6257.82,28193.859520356906,25433.922016,25445.754148
2026-01-12 04:00:00+01:00,22733.030903641262,19422.378228,6004.778447142883,6130.299,28737.809350784144,25552.677228,25564.550256
2026-01-12 04:15:00+01:00,22741.33005148331,19385.686008,6002.23528739257,6109.829,28743.56533887588,25495.515008,25507.256788
2026-01-12 04:30:00+01:00,22732.484167223887,19525.940724,5994.190652676885,6065.821,28726.67481990077,25591.761724,25603.552508
2026-01-12 04:45:00+01:00,22754.922625416864,19742.42586,5990.119639911456,5972.435,28745.04226532832,25714.86086,25726.554648
2026-01-12 05:00:00+01:00,23512.403950922966,20096.853352,5841.59479800526,5962.546,29353.998748928225,26059.399352,26070.903708
2026-01-12 05:15:00+01:00,23515.73450824827,20492.512856,5835.827567730168,5996.955,29351.56207597844,26489.467856000003,26501.003624000004
2026-01-12 05:30:00+01:00,23499.146440252003,20621.198984,5795.835117792871,5904.564,29294.981558044874,26525.762984,26536.211312
2026-01-12 05:45:00+01:00,23506.97777899628,20449.226408,5775.352714299093,5869.981,29282.330493295372,26319.207408,26329.431652
2026-01-12 06:00:00+01:00,24794.145312409055,21467.780964,5804.611793466305,5817.282,30598.75710587536,27285.062964,27294.498232
2026-01-12 06:15:00+01:00,24772.726970840864,21506.541292,5798.618032860817,5849.655,30571.34500370168,27356.196292,27366.523048
2026-01-12 06:30:00+01:00,24733.079266571916,21604.424628,5789.200066152302,5859.07,30522.279332724218,27463.494628,27474.76646
2026-01-12 06:45:00+01:00,24705.11408053175,21418.576052,5751.027338056573,5529.271,30456.141418588322,26947.847052,26962.037552
2026-01-12 07:00:00+01:00,25064.82339564464,21023.832244,5743.656118562797,5547.247,30808.479514207436,26571.079244,26595.951924
2026-01-12 07:15:00+01:00,25085.985828307857,20662.214552,5749.040394932008,5474.903,30835.026223239867,26137.117552000003,26163.135504
2026-01-12 07:30:00+01:00,25109.584977633727,20364.583336,5739.205424244004,5452.251,30848.79040187773,25816.834336,25849.832756
2026-01-12 07:45:00+01:00,25110.7161779729,20169.228344,5715.686131337842,5348.466,30826.402309310743,25517.694344,25562.214484
2026-01-12 08:00:00+01:00,25065.64969405696,19762.263164,5923.612930593039,5555.774,30989.26262465,25318.037164,25365.624532
2026-01-12 08:15:00+01:00,25002.725139945804,19510.788248,5904.005710515163,5601.225,30906.73085046097,25112.013248000003,25199.452244000004
2026-01-12 08:30:00+01:00,24944.442080791487,19212.96158,5885.790254479829,5401.308,30830.232335271314,24614.26958,24755.871524
2026-01-12 08:45:00+01:00,24901.597955524543,18964.326152,5870.991709062172,5372.446,30772.589664586714,24336.772152,24553.931804
2026-01-12 09:00:00+01:00,24049.985827644312,18820.509928,5802.097789626781,5706.659,29852.08361727109,24527.168928,24887.88916
2026-01-12 09:15:00+01:00,23961.889353954964,18734.109948,5800.566513558434,5529.576,29762.4558675134,24263.685948,24773.45432
2026-01-12 09:30:00+01:00,23885.543897714688,18513.320784,5784.177248757683,5405.143,29669.72114647237,23918.463784,24603.327476
2026-01-12 09:45:00+01:00,23836.641078176715,18214.36222,5773.18060608149,5346.792,29609.821684258204,23561.15422,24437.544496
2026-01-12 10:00:00+01:00,21884.923928250068,18054.53858,5545.715811995831,5076.197,27430.639740245897,23130.73558,24194.855312
2026-01-12 10:15:00+01:00,21846.13404831547,17923.449424,5573.639214041295,5072.985,27419.773262356764,22996.434424,24234.66298
2026-01-12 10:30:00+01:00,21774.74714519208,17939.63988,5570.099686732374,5006.813,27344.846831924453,22946.452879999997,24371.287252
2026-01-12 10:45:00+01:00,21707.95952364922,17821.394984,5582.560523553351,5153.879,27290.52004720257,22975.273984,24583.19816
2026-01-12 11:00:00+01:00,20101.1114796673,17574.948532,5183.300214491484,5058.941,25284.411694158785,22633.889531999997,24435.431279999997
2026-01-12 11:15:00+01:00,20021.354801582755,17276.174652,5201.668683806155,5261.632,25223.02348538891,22537.806652,24561.185912
2026-01-12 11:30:00+01:00,19978.759134990698,16985.33732,5200.763822813796,5351.925,25179.522957804493,22337.26232,24512.668508
2026-01-12 11:45:00+01:00,19941.26217297514,16907.743948,5220.708214143739,5237.14,25161.97038711888,22144.883948,24473.912728
2026-01-12 12:00:00+01:00,17384.436280437945,16745.781652,5064.962873009777,5207.819,22449.39915344772,21953.600652,24350.201804
2026-01-12 12:15:00+01:00,17355.47966711083,16400.974244,5084.181409715682,5490.667,22439.661076826513,21891.641244,24304.384752
2026-01-12 12:30:00+01:00,17324.959475176358,16011.30606,5068.944785224333,5561.2,22393.90426040069,21572.50606,24010.429176
2026-01-12 12:45:00+01:00,17310.170549319777,15720.08592,5072.993068517244,5728.783,22383.16361783702,21448.86892,23854.574352
2026-01-12 13:00:00+01:00,16185.551944345907,15642.957596,4991.314730714418,5923.081,21176.866675060326,21566.038596,23955.920924
2026-01-12 13:15:00+01:00,16173.916551811653,15382.464316,5027.675953675724,5979.428,21201.592505487377,21361.892316,23709.95948
2026-01-12 13:30:00+01:00,16170.291821621788,15098.736636,5023.514899218519,5962.371,21193.806720840308,21061.107636,23315.71682
2026-01-12 13:45:00+01:00,16147.921767072992,15058.015524,5019.914357732203,6033.634,21167.836124805195,21091.649524,23210.718756
2026-01-12 14:00:00+01:00,15747.141259910148,14981.605532,4875.426992573861,6114.451,20622.56825248401,21096.056532,23039.081
2026-01-12 14:15:00+01:00,15775.062649443458,14924.536332,4877.004468065351,6158.423,20652.06711750881,21082.959332,22795.717987999997
2026-01-12 14:30:00+01:00,15777.957945250666,14942.797244,4897.44182773405,6278.215,20675.399772984718,21221.012244,22718.025188
2026-01-12 14:45:00+01:00,15747.88292154551,14965.103788,4912.032030315966,6327.167,20659.914951861476,21292.270788,22531.634732
2026-01-12 15:00:00+01:00,15697.297709200957,15107.634864,5266.978274289797,6163.796,20964.275983490756,21271.430864,22253.852364
2026-01-12 15:15:00+01:00,15738.144191021931,15146.590616,5269.090219860418,5859.114,21007.23441088235,21005.704616,21742.99698
2026-01-12 15:30:00+01:00,15899.628862312271,15118.934984,5273.478380717545,5769.449,21173.107243029815,20888.383984,21408.768296
2026-01-12 15:45:00+01:00,15993.068550497024,15271.44628,5261.990404316245,5630.381,21255.05895481327,20901.82728,21236.921492
2026-01-12 16:00:00+01:00,16609.831412564847,15503.808428,5492.242752557491,5604.996,22102.074165122336,21108.804428,21299.148876
2026-01-12 16:15:00+01:00,16798.678177706384,15511.412384,5521.78547984995,5786.736,22320.463657556335,21298.148384,21379.733308
2026-01-12 16:30:00+01:00,16935.792901062225,15685.895024,5519.764679719477,5854.833,22455.5575807817,21540.728024,21590.206392
2026-01-12 16:45:00+01:00,17056.04406966773,15816.97156,5511.348821912084,5893.426,22567.392891579813,21710.39756,21758.933552
2026-01-12 17:00:00+01:00,17218.342244114625,16100.815232,5261.0781617794255,5929.317,22479.420405894052,22030.132232,22066.371756
2026-01-12 17:15:00+01:00,17267.724606821823,16488.41682,5274.182807338063,6036.62,22541.907414159887,22525.03682,22557.744076
2026-01-12 17:30:00+01:00,17423.03172410675,17022.558768,5276.045805848962,6083.546,22699.077529955714,23106.104767999997,23141.318171999996
2026-01-12 17:45:00+01:00,17520.482259113513,17577.78008,5276.105207535922,6109.773,22796.587466649435,23687.55308,23720.19074
2026-01-12 18:00:00+01:00,17637.465336259393,18065.791188,4948.479577771202,6218.665,22585.944914030595,24284.456188,24311.812316
2026-01-12 18:15:00+01:00,17666.013172993262,18204.990304,4983.15789608007,6230.506,22649.17106907333,24435.496304,24459.8553
2026-01-12 18:30:00+01:00,17690.585338738645,18302.675248,5014.536944492698,6333.978,22705.122283231343,24636.653248,24659.010884
2026-01-12 18:45:00+01:00,17726.535437923627,18532.569612,5008.097219494864,6373.769,22734.63265741849,24906.338612,24927.561444
2026-01-12 19:00:00+01:00,16480.62327151938,18857.163272,4751.7453075636795,6438.579,21232.36857908306,25295.742272000003,25315.542788
2026-01-12 19:15:00+01:00,16492.300623991585,18898.069444,4746.409305539789,6421.971,21238.709929531375,25320.040444,25339.985299999997
2026-01-12 19:30:00+01:00,16487.04901756293,18925.114416,4725.201691156427,6518.723,21212.25070871936,25443.837416,25459.50628
2026-01-12 19:45:00+01:00,16479.439216484032,18984.91452,4732.90434888717,6618.387,21212.3435653712,25603.301519999997,25618.595764
2026-01-12 20:00:00+01:00,15465.290213704495,18855.80188,4792.8551120278935,6551.886,20258.14532573239,25407.68788,25422.366587999997
2026-01-12 20:15:00+01:00,15423.187084068542,18814.356356,4800.818873605491,6424.576,20224.00595767403,25238.932356,25253.101812
2026-01-12 20:30:00+01:00,15375.738865724483,18754.922164,4814.912499671191,6409.393,20190.65136539567,25164.315164,25178.046472
2026-01-12 20:45:00+01:00,15308.308790699046,18910.132612,4791.802616389077,6372.93,20100.111407088123,25283.062612,25296.740456000003
2026-01-12 21:00:00+01:00,15524.321217212922,19040.465432,4204.9212085026165,6326.111,19729.24242571554,25366.576432,25380.057692
2026-01-12 21:15:00+01:00,15453.897589478438,19297.898692,4210.767953513057,6278.934,19664.665542991497,25576.832692,25591.255088
2026-01-12 21:30:00+01:00,15414.358998693246,19471.781048,4202.170061361657,6220.122,19616.5290600549,25691.903048,25705.021884
2026-01-12 21:45:00+01:00,15375.493081307843,19413.777936,4173.358989260918,5999.151,19548.852070568762,25412.928935999997,25426.216651999996
2026-01-12 22:00:00+01:00,13568.178981123465,18878.085576,3777.9559878401487,5774.758,17346.13496896361,24652.843576,24666.072884
2026-01-12 22:15:00+01:00,13594.782522044088,18962.842776,3767.7956263717383,5668.688,17362.578148415825,24631.530776,24644.499712
2026-01-12 22:30:00+01:00,13616.022331316419,19012.372216,3767.961773761928,5751.178,17383.984105078347,24763.550216,24776.77954
2026-01-12 22:45:00+01:00,13623.952533256896,18872.192548,3770.9304624103743,5850.751,17394.88299566727,24722.943548,24736.143848
2026-01-12 23:00:00+01:00,16222.408669542683,18789.019816,4490.824238039505,5827.783,20713.232907582187,24616.802816,24629.648076
2026-01-12 23:15:00+01:00,16233.53438769722,18681.252008,4501.168934939616,5820.362,20734.703322636837,24501.614008,24514.5194
2026-01-12 23:30:00+01:00,16278.720992344464,18460.367948,4472.792307075706,5667.334,20751.51329942017,24127.701948,24140.71534
2026-01-12 23:45:00+01:00,16274.033090400439,18362.388412,4461.926643675416,5576.733,20735.959734075856,23939.121412,23952.198488
2026-01-13 00:00:00+01:00,17664.02469764818,18167.102664,4844.5644705925,5559.012,22508.58916824068,23726.114663999997,23739.492979999995
2026-01-13 00:15:00+01:00,17687.334035111893,18106.26248,4875.676094290327,5488.798,22563.01012940222,23595.06048,23608.269956
2026-01-13 00:30:00+01:00,17726.50411866279,18014.592328,4904.560823610501,5461.178,22631.06494227329,23475.770328,23489.7237
2026-01-13 00:45:00+01:00,17760.21105047558,17804.692976,4882.2690939185995,5518.925,22642.48014439418,23323.617976,23337.064292
2026-01-13 01:00:00+01:00,17849.36460208183,17689.8527,5028.045239156607,5574.673,22877.409841238437,23264.5257,23277.917587999997
2026-01-13 01:15:00+01:00,17885.382620920387,17556.500436,5035.055850810009,5536.762,22920.4384717304,23093.262435999997,23106.623127999996
2026-01-13 01:30:00+01:00,17907.215959984947,17495.943172,5011.823154450224,5388.624,22919.03911443517,22884.567172,22897.978952
2026-01-13 01:45:00+01:00,17907.277850664846,17324.939064,5000.1476642528905,5433.713,22907.425514917737,22758.652064,22772.229767999997
2026-01-13 02:00:00+01:00,17594.895736852683,17348.169268,4795.847287086749,5341.83,22390.74302393943,22689.999268,22702.0729
2026-01-13 02:15:00+01:00,17625.70276901998,17302.371004,4786.503832376563,5189.522,22412.20660139654,22491.893004,22503.728648
2026-01-13 02:30:00+01:00,17625.866241857788,17371.768088,4787.764804945551,5066.263,22413.63104680334,22438.031088,22450.106196
2026-01-13 02:45:00+01:00,17635.52383822433,17362.86682,4774.396378083005,4971.14,22409.920216307335,22334.00682,22347.247884
2026-01-13 03:00:00+01:00,17345.296060536515,17322.53818,4840.362626349694,4887.42,22185.65868688621,22209.95818,22222.004340000003
2026-01-13 03:15:00+01:00,17378.500507910616,17276.695224,4848.653048926743,4647.658,22227.15355683736,21924.353224,21936.414279999997
2026-01-13 03:30:00+01:00,17391.59411694137,17165.6045,4841.966556241878,4514.65,22233.56067318325,21680.254500000003,21692.42848
2026-01-13 03:45:00+01:00,17414.510101643587,16989.441352,4821.31934322419,4439.601,22235.829444867777,21429.042352,21441.108496
2026-01-13 04:00:00+01:00,17044.86133312057,16620.843076,4777.152105916684,4497.582,21822.013439037255,21118.425076,21130.399456
2026-01-13 04:15:00+01:00,17049.065717553494,16295.457896,4777.530577093047,4568.713,21826.59629464654,20864.170896,20876.110328
2026-01-13 04:30:00+01:00,17038.941197034324,15998.712876,4772.32518596978,4547.151,21811.266383004106,20545.863876,20557.867548
2026-01-13 04:45:00+01:00,17060.153684822155,15712.73792,4770.116146878096,4616.151,21830.26983170025,20328.88892,20341.043403999996
2026-01-13 05:00:00+01:00,16157.314697461512,15579.842184,4477.23282610613,4601.921,20634.547523567642,20181.763184,20193.23376
2026-01-13 05:15:00+01:00,16163.014137951473,15527.02088,4466.3616553050415,4623.095,20629.375793256513,20150.11588,20161.639868
2026-01-13 05:30:00+01:00,16142.280348461773,15342.571748,4419.6825506994055,4729.647,20561.96289916118,20072.218748,20083.85048
2026-01-13 05:45:00+01:00,16136.83462441287,15225.33938,4402.693651298795,4654.113,20539.528275711666,19879.45238,19891.271352
2026-01-13 06:00:00+01:00,15003.892884597068,15417.418352,3704.885761483759,4204.838,18708.778646080827,19622.256352,19634.276856
2026-01-13 06:15:00+01:00,14979.928820830693,15118.000936,3696.146826693418,3964.179,18676.07564752411,19082.179936,19094.4012
2026-01-13 06:30:00+01:00,14934.355194115586,14727.860436,3684.052059437814,3883.542,18618.4072535534,18611.402436,18624.039556
2026-01-13 06:45:00+01:00,14889.53322871649,14509.822132,3647.405484091306,3951.414,18536.938712807794,18461.236132,18475.335367999996
2026-01-13 07:00:00+01:00,14160.197363980307,14307.392124,3361.437615152659,4350.196,17521.634979132967,18657.588124,18672.779068000003
2026-01-13 07:15:00+01:00,14163.39148110584,14086.651624,3365.4889241520245,4457.171,17528.880405257863,18543.822624,18560.749668
2026-01-13 07:30:00+01:00,14170.831576529688,13909.135448,3356.9488593490337,4599.536,17527.78043587872,18508.671448,18526.935196
2026-01-13 07:45:00+01:00,14162.975078086482,13889.640816,3338.3945875870368,5063.031,17501.36966567352,18952.671816,18977.825088
2026-01-13 08:00:00+01:00,14165.899384371167,13821.353432,3222.691748817614,5183.094,17388.59113318878,19004.447432,19034.26954
2026-01-13 08:15:00+01:00,14133.706530547977,13465.247056,3209.5635550123898,5207.465,17343.27008556037,18672.712056,18752.364812
2026-01-13 08:30:00+01:00,14303.836810532202,13182.691412,3214.793392030327,5018.298,17518.63020256253,18200.989412,18479.672683999997
2026-01-13 08:45:00+01:00,14290.072923850956,12851.143572,3197.9078097451174,4726.642,17487.980733596072,17577.785572,18176.838212
2026-01-13 09:00:00+01:00,15451.499990573711,12833.23738,3101.4740814872384,4433.88,18552.974072060948,17267.11738,18270.980872
2026-01-13 09:15:00+01:00,15329.093645453324,12853.878188,3103.7001102781046,4209.396,18432.79375573143,17063.274188,18549.889072
2026-01-13 09:30:00+01:00,15253.041165714627,12747.886384,3095.499840064328,3780.806,18348.541005778956,16528.692383999998,18508.272439999997
2026-01-13 09:45:00+01:00,15209.77898607841,12436.124864,3091.3795972121884,3508.607,18301.1585832906,15944.731864,18481.683548
2026-01-13 10:00:00+01:00,13481.893144167343,12101.594504,3041.7361074364308,3488.842,16523.629251603772,15590.436504,18783.000824
2026-01-13 10:15:00+01:00,13443.223935886585,12011.031212,3070.0702656810954,3732.631,16513.29420156768,15743.662212,19589.539852
2026-01-13 10:30:00+01:00,13376.040261694,11930.672568,3069.6360342480484,3923.019,16445.67629594205,15853.691568,20359.410948
2026-01-13 10:45:00+01:00,13307.076252549097,11993.677652,3085.07485785475,4029.71,16392.151110403847,16023.387652,21229.630616
2026-01-13 11:00:00+01:00,12738.621068568724,12249.20752,3145.7568841532316,4185.969,15884.377952721956,16435.17652,22317.130668
2026-01-13 11:15:00+01:00,12655.322782031364,12362.98906,3155.2216510676817,4349.406,15810.544433099047,16712.39506,23239.51312
2026-01-13 11:30:00+01:00,12608.541221198602,12337.18424,3157.707799292851,4428.929,15766.249020491454,16766.11324,23847.098764
2026-01-13 11:45:00+01:00,12570.094950047122,12456.817216,3181.64722697285,4722.634,15751.742177019973,17179.451216,24733.60148
2026-01-13 12:00:00+01:00,12092.644950930066,12606.820416,3656.3127629677,4824.572,15748.957713897766,17431.392416000002,25425.035772000003
2026-01-13 12:15:00+01:00,12068.372468280268,12740.458944,3676.829293490575,4898.237,15745.201761770842,17638.695944,25910.673876
2026-01-13 12:30:00+01:00,12041.792395240998,12821.677972,3661.1577822841364,4885.943,15702.950177525134,17707.620972,26054.068808
2026-01-13 12:45:00+01:00,12025.092536565862,12853.430308,3664.189727109626,4632.918,15689.282263675488,17486.348308,25799.074112
2026-01-13 13:00:00+01:00,12091.63883195693,13006.945316,3694.272878259553,4462.688,15785.911710216484,17469.633316,25651.863448
2026-01-13 13:15:00+01:00,12083.294851884262,13147.398948,3732.9593220670085,4439.364,15816.25417395127,17586.762948,25427.19414
2026-01-13 13:30:00+01:00,12079.997654290164,13171.758748,3732.2554770243223,4399.086,15812.253131314486,17570.844748,25111.145568
2026-01-13 13:45:00+01:00,12063.99353126277,13073.865096,3724.7505599505207,4111.178,15788.74409121329,17185.043096,24436.343332
2026-01-13 14:00:00+01:00,11575.676084279557,13145.63306,3439.7949697122685,4030.193,15015.471053991827,17175.82606,23984.793952
2026-01-13 14:15:00+01:00,11600.86736779199,13069.721312,3440.4600404305515,4239.921,15041.327408222542,17309.642312,23612.077944
2026-01-13 14:30:00+01:00,11606.955222674937,12883.10518,3463.2650098175945,4364.014,15070.220232492531,17247.11918,22817.977452000003
2026-01-13 14:45:00+01:00,11581.869681417495,12718.020588,3476.5812459780545,4632.798,15058.450927395548,17350.818588,22163.377404
2026-01-13 15:00:00+01:00,11035.344535984694,12684.337156,3475.366303788828,4706.232,14510.710839773521,17390.569155999998,21491.241316
2026-01-13 15:15:00+01:00,11133.414204221428,12796.928268,3479.1465038878473,4462.513,14612.560708109275,17259.441268,20640.073484
2026-01-13 15:30:00+01:00,11288.11260889307,13116.927364,3481.0224715035356,4402.75,14769.135080396605,17519.677364,20121.64056
2026-01-13 15:45:00+01:00,11385.957764492352,13546.823124,3471.50733144441,4421.49,14857.465095936761,17968.313124,19761.35646
2026-01-13 16:00:00+01:00,11558.393320225852,14139.373684,3317.207109451806,4348.715,14875.60042967766,18488.088684,19569.658916
2026-01-13 16:15:00+01:00,11745.828093293048,14872.6988,3353.0585550264177,4211.966,15098.886648319465,19084.6648,19593.57304
2026-01-13 16:30:00+01:00,11927.576146149262,15494.845412,3355.5431523912316,4213.537,15283.119298540494,19708.382412,19844.217136
2026-01-13 16:45:00+01:00,12052.625499287722,16095.072632,3354.0142945802477,4269.26,15406.63979386797,20364.332632,20409.253348
2026-01-13 17:00:00+01:00,12225.592004466947,16634.624112,3534.3374932206216,4563.013,15759.929497687568,21197.637112,21236.385656
2026-01-13 17:15:00+01:00,12277.059161652604,17256.280968,3559.618375994261,4862.137,15836.677537646865,22118.417968,22154.503444
2026-01-13 17:30:00+01:00,12378.248658926273,17956.458576,3621.828547459835,5058.552,16000.077206386108,23015.010576,23050.646596
2026-01-13 17:45:00+01:00,12459.024094371045,18525.821164,3641.231476094751,5380.491,16100.255570465797,23906.312164000003,23936.987020000004
2026-01-13 18:00:00+01:00,13984.547910731671,19219.167724,3624.4092732743193,5559.536,17608.95718400599,24778.703724,24807.647064
2026-01-13 18:15:00+01:00,14012.989809908586,19869.535688,3668.7341629789485,5564.39,17681.723972887536,25433.925688,25459.975268
2026-01-13 18:30:00+01:00,14033.833469681456,20595.223964,3696.4388625122056,5507.209,17730.27233219366,26102.432964,26124.686024
2026-01-13 18:45:00+01:00,14063.731039479395,21195.922112,3687.3396705578352,5288.141,17751.07071003723,26484.063112,26503.550608
2026-01-13 19:00:00+01:00,18640.871278680646,21635.896048,3960.899529162942,5137.333,22601.77080784359,26773.229047999997,26790.066015999997
2026-01-13 19:15:00+01:00,18651.77318850583,21992.112836,3952.0265347373474,5101.196,22603.799723243177,27093.308836,27108.487408
2026-01-13 19:30:00+01:00,18655.46322816015,22613.711668,3927.235593709432,5225.895,22582.698821869584,27839.606668,27854.866816
2026-01-13 19:45:00+01:00,18658.436079625666,23282.392276,3933.012216811592,5477.682,22591.44829643726,28760.074276,28773.536936
2026-01-13 20:00:00+01:00,20099.150610182023,23915.866276,4250.860979049097,5717.057,24350.011589231122,29632.923276,29645.293380000003
2026-01-13 20:15:00+01:00,20063.825432567566,24531.368272,4255.859833175369,5982.123,24319.685265742934,30513.491272,30528.13794
2026-01-13 20:30:00+01:00,20026.081005420616,25030.575984,4268.874994005119,5944.434,24294.955999425736,30975.009984,30986.531852
2026-01-13 20:45:00+01:00,19968.30534541962,25702.090136,4252.903628876342,5910.22,24221.20897429596,31612.310136,31623.668216
2026-01-13 21:00:00+01:00,21181.024656835314,26149.415492,4608.252149457867,5897.16,25789.27680629318,32046.575492,32058.154232
2026-01-13 21:15:00+01:00,21126.513415815032,26694.424632,4614.744044924099,5952.363,25741.257460739133,32646.787632,32657.83074
2026-01-13 21:30:00+01:00,21092.92185203657,27184.210188,4601.870876663699,5869.69,25694.792728700268,33053.900188,33063.369752
2026-01-13 21:45:00+01:00,21062.999752871085,27761.208016,4560.783332856833,5632.286,25623.78308572792,33393.494016,33403.757983999996
2026-01-13 22:00:00+01:00,21780.532913280564,27045.492736,4789.980069719559,5496.228,26570.512983000124,32541.720736,32553.023108
2026-01-13 22:15:00+01:00,21810.95177138255,27601.806316,4774.148306712305,5467.746,26585.100078094856,33069.552316,33080.643848
2026-01-13 22:30:00+01:00,21840.728831099706,28108.689956,4770.585292806045,5664.598,26611.31412390575,33773.287956,33784.661932
2026-01-13 22:45:00+01:00,21862.968423136022,28433.697604,4771.693954651679,5780.258,26634.662377787703,34213.955604,34224.969388000005
2026-01-13 23:00:00+01:00,23177.244273521275,28864.316864,5455.599925752066,6016.847,28632.844199273342,34881.163864,34892.464216
2026-01-13 23:15:00+01:00,23195.85075261002,29128.828936,5463.482518268252,6118.177,28659.33327087827,35247.005936,35258.060496
2026-01-13 23:30:00+01:00,23248.36596081549,29456.030328,5440.445074229756,6062.233,28688.811035045244,35518.263328,35529.391736
2026-01-13 23:45:00+01:00,23250.7718445294,29432.067312,5431.43730094651,5919.312,28682.20914547591,35351.379312,35362.414935999994
2026-01-14 00:00:00+01:00,25619.552424614074,29379.540968,5282.812161055778,6100.611,30902.364585669853,35480.151968,35491.514923999996
2026-01-14 00:15:00+01:00,25643.95767723875,29160.378112,5299.6974214549955,5765.786,30943.655098693747,34926.164112,34937.228696
2026-01-14 00:30:00+01:00,25681.487126988293,29222.240432,5321.895304659965,5309.354,31003.382431648257,34531.594432,34542.348332
2026-01-14 00:45:00+01:00,25709.71321229941,29141.395024,5300.813541093182,4900.104,31010.526753392594,34041.499024000004,34052.792484000005
2026-01-14 01:00:00+01:00,24539.707582467254,28962.512644,4793.757776803359,4584.31,29333.465359270613,33546.822644,33558.815036
2026-01-14 01:15:00+01:00,24571.73339792345,28855.825692,4793.272905479337,4355.324,29365.006303402788,33211.149692,33222.725443999996
2026-01-14 01:30:00+01:00,24589.07013839962,28808.412748,4762.022814355813,4323.35,29351.092952755433,33131.762748,33143.80394
2026-01-14 01:45:00+01:00,24580.512262623863,28695.337088,4749.642670563742,4208.247,29330.154933187605,32903.584088,32915.311924
2026-01-14 02:00:00+01:00,24718.30634436096,28393.85668,4271.688811438903,4029.777,28989.995155799865,32423.63368,32436.338
2026-01-14 02:15:00+01:00,24743.15248415046,28160.591892,4259.599208854322,4231.607,29002.751693004782,32392.198892,32403.836692
2026-01-14 02:30:00+01:00,24738.01306160593,27941.801384,4261.967827836557,4152.574,28999.980889442486,32094.375384,32105.95004
2026-01-14 02:45:00+01:00,24740.49008366936,27690.276072,4260.563704103718,4070.004,29001.05378777308,31760.280072,31770.369416
2026-01-14 03:00:00+01:00,25474.140068538887,27468.6777,4089.415840647891,4166.101,29563.555909186776,31634.7787,31645.726951999997
2026-01-14 03:15:00+01:00,25500.893053849675,27349.528772,4091.3319946495076,4295.538,29592.225048499182,31645.066772,31656.878816
2026-01-14 03:30:00+01:00,25504.171283119613,27223.386588,4074.931189429835,4187.303,29579.102472549446,31410.689588,31422.66832
2026-01-14 03:45:00+01:00,25514.630640816435,27142.606452,4053.3391554259524,4152.007,29567.96979624239,31294.613452,31306.453951999996
2026-01-14 04:00:00+01:00,25916.84996915515,26979.512364,4135.91091439752,4271.716,30052.76088355267,31251.228364,31262.902456
2026-01-14 04:15:00+01:00,25904.080292669867,26706.727436,4138.786146342512,4459.545,30042.86643901238,31166.272436,31178.079264
2026-01-14 04:30:00+01:00,25879.288474137873,26395.606924,4130.1269256492,4499.97,30009.415399787074,30895.576924,30907.434392
2026-01-14 04:45:00+01:00,25886.33276225136,26323.768604,4129.099700933293,4535.437,30015.432463184654,30859.205604,30871.082096
2026-01-14 05:00:00+01:00,24671.95506045173,26387.16266,3978.404428264655,4513.118,28650.359488716385,30900.280660000004,30911.902276000004
2026-01-14 05:15:00+01:00,24670.345399808626,26329.81088,3967.611662018262,4709.332,28637.957061826888,31039.14288,31050.83564
2026-01-14 05:30:00+01:00,24640.279255051988,26374.026084,3925.2744802021093,4805.832,28565.553735254096,31179.858084,31191.918768
2026-01-14 05:45:00+01:00,24624.354476604385,26393.74484,3906.2054714521814,4875.309,28530.559948056565,31269.05384,31282.043432
2026-01-14 06:00:00+01:00,24731.635018257417,26874.440556,4153.805141725224,5127.886,28885.44015998264,32002.326556,32014.032556
2026-01-14 06:15:00+01:00,24690.711571338146,26792.408524,4142.147578284169,5344.823,28832.859149622316,32137.231524,32149.230831999997
2026-01-14 06:30:00+01:00,24624.77350309544,26373.655164,4128.401364621086,5365.264,28753.174867716523,31738.919164,31750.898148
2026-01-14 06:45:00+01:00,24565.011735386986,26194.31998,4095.486911283818,5477.758,28660.498646670803,31672.07798,31684.611836
2026-01-14 07:00:00+01:00,24775.68960590746,26091.209204,3678.565856674505,5497.702,28454.255462581965,31588.911204,31602.326784
2026-01-14 07:15:00+01:00,24771.59380972298,26105.284888,3692.442224100554,5642.748,28464.036033823533,31748.032888,31761.821903999997
2026-01-14 07:30:00+01:00,24769.39327956219,26120.645788,3687.9712010256435,5484.048,28457.364480587836,31604.693788,31619.479484
2026-01-14 07:45:00+01:00,24756.260705470006,25967.61896,3681.1293898439662,5308.678,28437.39009531397,31276.29696,31294.959432
2026-01-14 08:00:00+01:00,24428.48151057387,25743.92878,3650.4481278604335,5109.455,28078.929638434303,30853.383779999996,30891.127987999997
2026-01-14 08:15:00+01:00,24373.210615010372,25408.113316,3638.7473294716033,5025.0,28011.957944481976,30433.113316,30612.429608
2026-01-14 08:30:00+01:00,24390.801925558568,25264.235704,3572.5171089764854,4955.349,27963.319034535052,30219.584704,30729.753956
2026-01-14 08:45:00+01:00,24307.189564903987,25264.8814,3557.2476086298857,4883.205,27864.437173533872,30148.0864,31029.798676
2026-01-14 09:00:00+01:00,24015.680256307805,25083.184052,3506.7483245279504,4807.235,27522.428580835756,29890.419052,31185.202692000003
2026-01-14 09:15:00+01:00,23910.778673487566,24739.299644,3503.895216106909,4774.152,27414.673889594476,29513.451644,31303.751984
2026-01-14 09:30:00+01:00,23826.85928263826,24390.773404,3492.4731876807396,4678.06,27319.332470318997,29068.833404,31383.89714
2026-01-14 09:45:00+01:00,23778.596065527225,24139.241736,3486.698176350702,4602.953,27265.294241877928,28742.194736,31674.042676
2026-01-14 10:00:00+01:00,21476.738502291548,23857.274184,3353.1137592122277,4461.945,24829.852261503776,28319.219184,31914.534976000003
2026-01-14 10:15:00+01:00,21437.07788402278,23494.771052,3381.441202917707,4486.454,24818.519086940487,27981.225052,32315.807544000003
2026-01-14 10:30:00+01:00,21375.012323792216,22893.6558,3380.1677860311133,4463.322,24755.18010982333,27356.9778,32565.780728
2026-01-14 10:45:00+01:00,21309.49574222091,22345.429052,3404.3113313806844,4364.993,24713.807073601594,26710.422052,32760.017416
2026-01-14 11:00:00+01:00,20721.221573205195,21748.158168,3476.4755328647243,4179.511,24197.69710606992,25927.669168,32677.072028
2026-01-14 11:15:00+01:00,20631.25600198051,21255.429332,3490.4288661429077,4012.702,24121.68486812342,25268.131332,32731.126124
2026-01-14 11:30:00+01:00,20579.163888722705,20746.01994,3495.507948464418,3862.53,24074.671837187125,24608.549939999997,32690.167596
2026-01-14 11:45:00+01:00,20540.215988716478,19972.944028,3515.29553086635,3784.421,24055.51151958283,23757.365028,32272.279984
2026-01-14 12:00:00+01:00,18595.884780072793,19466.380928,3584.0054360795543,3750.791,22179.890216152347,23217.171928,32049.167244
2026-01-14 12:15:00+01:00,18562.730347666504,18869.398784,3611.3220621415767,3744.172,22174.05240980808,22613.570784,31661.534068
2026-01-14 12:30:00+01:00,18531.890723066805,18479.458524,3598.6663750590374,3781.705,22130.557098125842,22261.163524000003,31604.66705600001
2026-01-14 12:45:00+01:00,18512.903529270472,18026.106848,3607.4839948281706,3754.926,22120.38752409864,21781.032848,31328.321512
2026-01-14 13:00:00+01:00,16880.95091054264,17433.816184,3316.1149574831175,3758.425,20197.06586802576,21192.241184,30774.396468
2026-01-14 13:15:00+01:00,16875.36758140885,16956.2687,3352.6246778985374,3713.581,20227.992259307386,20669.8497,29980.597484
2026-01-14 13:30:00+01:00,16869.484991544126,16262.69982,3347.2535145770194,3688.265,20216.738506121146,19950.96482,28827.730364000003
2026-01-14 13:45:00+01:00,16860.452492642216,15508.129492,3339.458377958013,3629.815,20199.91087060023,19137.944492,27478.490796
2026-01-14 14:00:00+01:00,15678.100103444462,14877.376344,3165.756376664045,3545.447,18843.85648010851,18422.823344,26128.818032
2026-01-14 14:15:00+01:00,15702.867067135285,14158.4756,3170.556220472218,3546.673,18873.423287607504,17705.1486,24680.051436
2026-01-14 14:30:00+01:00,15711.370472478722,13438.271224,3196.7761316615038,3343.045,18908.146604140227,16781.316224000002,22884.299024
2026-01-14 14:45:00+01:00,15690.853156537283,12619.068452,3230.3673072615193,3139.517,18921.220463798803,15758.585452,20883.9972
2026-01-14 15:00:00+01:00,13145.818544361486,11989.438956,2874.349352492042,3044.477,16020.167896853527,15033.915956,19198.024252000003
2026-01-14 15:15:00+01:00,13173.174812360008,11595.755384,2866.974298920147,2938.948,16040.149111280156,14534.703384,17713.081684
2026-01-14 15:30:00+01:00,13291.287430242082,11131.358212,2866.2843819168775,2813.583,16157.57181215896,13944.941212,16183.095228
2026-01-14 15:45:00+01:00,13418.53139188988,10841.105388,2857.526504267948,2712.532,16276.057896157827,13553.637388,14970.463536
2026-01-14 16:00:00+01:00,12145.213686365132,10710.325488,2290.1076334051277,2644.404,14435.32131977026,13354.729488,14117.582528
2026-01-14 16:15:00+01:00,12259.332220216089,10342.806168,2328.4795283758526,2691.316,14587.811748591941,13034.122167999998,13362.410483999998
2026-01-14 16:30:00+01:00,12488.22160037054,9931.310272,2333.631382401569,2719.208,14821.852982772109,12650.518272,12738.16032
2026-01-14 16:45:00+01:00,12603.309618099192,9543.485436,2337.6387689438925,2662.941,14940.948387043085,12206.426436000002,12244.235412000002
2026-01-14 17:00:00+01:00,9833.527089373585,9238.138236,2144.2543807916927,2604.437,11977.781470165279,11842.575236,11891.649312
2026-01-14 17:15:00+01:00,9891.755395533832,9023.738644,2154.036372342775,2626.007,12045.791767876606,11649.745644,11712.843972
2026-01-14 17:30:00+01:00,10049.048441568606,8793.146976,2162.096838981695,2620.556,12211.145280550301,11413.702976,11508.661492
2026-01-14 17:45:00+01:00,10129.695681731202,8629.542448,2159.9073543761656,2573.666,12289.603036107368,11203.208448,11330.970288
2026-01-14 18:00:00+01:00,8660.28008030001,8447.857488,2200.3158708090805,2514.991,10860.595951109091,10962.848488,11081.996464
2026-01-14 18:15:00+01:00,8693.24423755323,8300.278956,2237.567484203746,2447.266,10930.811721756976,10747.544956,10837.648232
2026-01-14 18:30:00+01:00,8714.463806574504,8300.142988,2267.3666375738962,2444.572,10981.8304441484,10744.714988,10824.752016
2026-01-14 18:45:00+01:00,8749.522165139753,8269.44868,2259.5636035505004,2400.118,11009.085768690253,10669.56668,10787.107008
2026-01-14 19:00:00+01:00,8215.353716543406,8186.27622,2208.8258702473017,2438.543,10424.179586790708,10624.81922,10702.295332
2026-01-14 19:15:00+01:00,8225.929935321083,8126.450888,2197.014144843056,2649.651,10422.94408016414,10776.101888,10806.231568
2026-01-14 19:30:00+01:00,8231.295398380333,8075.824856,2175.4242690395095,2685.322,10406.719667419842,10761.146856,10778.429896
2026-01-14 19:45:00+01:00,8236.775290427333,8028.48176,2183.908294687028,2711.601,10420.68358511436,10740.08276,10757.526608
2026-01-14 20:00:00+01:00,7031.22627222461,8017.826832,2113.532105704597,2721.814,9144.758377929207,10739.640832,10763.655088
2026-01-14 20:15:00+01:00,6996.668033469075,8008.782872,2112.257283649417,2915.726,9108.925317118492,10924.508872,10941.441844
2026-01-14 20:30:00+01:00,6957.2233330626495,8064.173236,2123.2591306566655,3122.77,9080.482463719316,11186.943236,11201.38352
2026-01-14 20:45:00+01:00,6903.449946579597,8055.63426,2109.245858859809,3218.782,9012.695805439405,11274.41626,11287.563836
2026-01-14 21:00:00+01:00,6915.641252271334,7966.241308,2249.6365397073937,3204.326,9165.277791978728,11170.567308,11182.695248
2026-01-14 21:15:00+01:00,6868.051498581659,7895.837912,2254.31023531127,3207.508,9122.361733892929,11103.345912,11114.071936
2026-01-14 21:30:00+01:00,6837.2742637076135,7756.64206,2239.8593813171146,3124.722,9077.133645024729,10881.36406,10890.875132
2026-01-14 21:45:00+01:00,6808.465606014831,7651.720844,2205.9440418777745,3094.849,9014.409647892606,10746.569844,10756.149852000002
2026-01-14 22:00:00+01:00,6735.024517233784,7560.237016,2014.0830382964512,2902.485,8749.107555530234,10462.722016,10476.57158
2026-01-14 22:15:00+01:00,6767.966124331065,7805.177348,1995.417823191774,2864.29,8763.383947522838,10669.467348,10679.189848
2026-01-14 22:30:00+01:00,6797.2367738613975,8024.51364,1994.8263362540602,2694.36,8792.063110115458,10718.87364,10729.365036
2026-01-14 22:45:00+01:00,6813.48236650625,8265.387808,2002.7504368146288,2841.565,8816.23280332088,11106.952808,11116.476124
2026-01-14 23:00:00+01:00,7248.708401383126,8472.639364,2792.118055699377,2811.099,10040.826457082503,11283.738364,11295.070888
2026-01-14 23:15:00+01:00,7263.148230040023,8824.323112,2799.027442783836,2767.159,10062.175672823858,11591.482112,11602.958596
2026-01-14 23:30:00+01:00,7310.528482531086,9129.607024,2772.3515608933094,2796.013,10082.880043424397,11925.620024,11937.24348
2026-01-14 23:45:00+01:00,7319.526836036556,9501.524316,2762.8570748762786,2863.972,10082.383910912835,12365.496316,12378.373092
2026-01-15 00:00:00+01:00,8838.976809817375,10047.528068,3189.9023415925826,3611.972,12028.879151409958,13659.500068,13671.445128
2026-01-15 00:15:00+01:00,8856.671153412064,10632.857012,3198.5280217144877,3609.378,12055.199175126552,14242.235012,14254.178908000002
2026-01-15 00:30:00+01:00,8895.03196791495,11213.15076,3206.543268033992,3688.438,12101.575235948942,14901.58876,14913.417496
2026-01-15 00:45:00+01:00,8915.465394524439,11845.368164,3174.4116314956555,3585.83,12089.877026020094,15431.198164,15443.18242
2026-01-15 01:00:00+01:00,11885.291909643925,12509.003132,3714.2743076152615,3565.193,15599.566217259187,16074.196132,16086.067180000002
2026-01-15 01:15:00+01:00,11911.737061434624,13297.41672,3708.9945795265476,3499.764,15620.73164096117,16797.18072,16808.9498
2026-01-15 01:30:00+01:00,11924.099896404761,13936.467344,3683.418890832984,3608.59,15607.518787237745,17545.057344,17556.779916
2026-01-15 01:45:00+01:00,11909.263427876356,14510.479984,3670.099070875368,3778.601,15579.362498751725,18289.080984,18300.780428
2026-01-15 02:00:00+01:00,13967.54762981884,15111.864856,4183.05447366568,3872.816,18150.60210348452,18984.680856,18996.19334
2026-01-15 02:15:00+01:00,13984.708115640624,15727.467412,4177.598567150021,3974.299,18162.306682790644,19701.766412,19713.40952
2026-01-15 02:30:00+01:00,13971.111757163944,16303.295676,4178.476582959397,3980.453,18149.58834012334,20283.748676,20295.657428
2026-01-15 02:45:00+01:00,13960.377253199018,16878.196276,4177.725395859434,3916.953,18138.10264905845,20795.149276,20807.270156
2026-01-15 03:00:00+01:00,16446.29465212895,17130.623148,4430.745874439877,4014.197,20877.040526568824,21144.820148,21156.888664
2026-01-15 03:15:00+01:00,16462.61810887145,17396.433936,4438.796477668118,4208.431,20901.41458653957,21604.864936,21616.837148
2026-01-15 03:30:00+01:00,16456.71749106752,17609.87728,4431.366632927373,4320.567,20888.084123994893,21930.44428,21942.52596
2026-01-15 03:45:00+01:00,16462.78208669243,17719.337,4415.5782264969275,4405.02,20878.360313189358,22124.357,22137.359224
2026-01-15 04:00:00+01:00,17860.294631082223,17722.16214,5530.4931603463765,4688.161,23390.7877914286,22410.32314,22422.120504
2026-01-15 04:15:00+01:00,17837.708455303215,17970.054844,5541.236412772836,4877.068,23378.94486807605,22847.122844,22859.151
2026-01-15 04:30:00+01:00,17803.843140732075,18105.248864,5536.925011298012,5029.962,23340.768152030087,23135.210864,23147.247088
2026-01-15 04:45:00+01:00,17805.45229881587,18320.713836,5534.532699241196,5069.899,23339.984998057065,23390.612836,23402.432776
2026-01-15 05:00:00+01:00,19261.688119009003,18591.937416,5934.378312954743,5055.177,25196.066431963744,23647.114416,23658.748044
2026-01-15 05:15:00+01:00,19259.075758969713,18882.013112,5926.119327141587,5260.321,25185.1950861113,24142.334112,24154.236844
2026-01-15 05:30:00+01:00,19242.1384117337,19053.10988,5881.540256840532,5527.22,25123.678668574234,24580.32988,24592.31972
2026-01-15 05:45:00+01:00,19228.078153564704,19169.5362,5861.309194990602,5687.943,25089.387348555305,24857.4792,24869.792764
2026-01-15 06:00:00+01:00,20158.762702654276,19844.972968,6096.44146969341,5847.849,26255.204172347687,25692.821967999997,25704.917779999996
2026-01-15 06:15:00+01:00,20117.036579866184,20025.38266,6086.799287302425,5988.561,26203.835867168607,26013.943659999997,26026.446351999995
2026-01-15 06:30:00+01:00,20042.772910883286,20331.515632,6074.852634625165,5997.991,26117.62554550845,26329.506631999997,26342.574859999997
2026-01-15 06:45:00+01:00,19977.68244759372,20678.101164,6047.734860043557,5870.252,26025.41730763728,26548.353164,26561.896804
2026-01-15 07:00:00+01:00,21166.609215691267,20849.240464,6272.43464352393,5877.9,27439.0438592152,26727.140463999996,26741.615771999997
2026-01-15 07:15:00+01:00,21160.188889058372,21028.644604,6295.652361151951,6003.162,27455.841250210324,27031.806604,27047.932856
2026-01-15 07:30:00+01:00,21153.07077900854,21276.588524,6287.404218692371,6026.634,27440.474997700912,27303.222523999997,27320.710716
2026-01-15 07:45:00+01:00,21136.19760699881,21474.877152,6282.931042475539,5930.52,27419.128649474347,27405.397152,27424.944264
2026-01-15 08:00:00+01:00,22391.139067881817,21754.66006,6356.758870036642,6044.69,28747.89793791846,27799.350059999997,27823.712891999996
2026-01-15 08:15:00+01:00,22292.45022189201,21956.506184,6350.798535346468,6112.216,28643.248757238478,28068.722184,28154.471356
2026-01-15 08:30:00+01:00,22252.529803547986,22112.634336,6295.730049681158,6176.045,28548.259853229145,28288.679336,28598.989648
2026-01-15 08:45:00+01:00,22160.205562775478,22432.208916,6268.994948731848,6228.353,28429.200511507326,28660.561916,29376.724823999997
2026-01-15 09:00:00+01:00,22401.258870825794,22469.36842,6271.651059620722,6065.485,28672.909930446516,28534.85342,29850.260056
2026-01-15 09:15:00+01:00,22300.28192659493,22311.248424,6265.264408244524,6229.625,28565.546334839455,28540.873424,30586.342060000003
2026-01-15 09:30:00+01:00,22226.233582579793,22329.335992,6247.222938996665,6486.852,28473.45652157646,28816.187992,31673.630444
2026-01-15 09:45:00+01:00,22182.040312824243,22186.189832,6238.3469136763415,6674.748,28420.387226500585,28860.937832,32666.493108
2026-01-15 10:00:00+01:00,22329.514462843403,21954.1712,6397.569988813527,6480.141,28727.08445165693,28434.3122,33258.435416
2026-01-15 10:15:00+01:00,22304.470464168586,21847.958824,6428.9887109122565,6689.304,28733.459175080843,28537.262824,34392.601616
2026-01-15 10:30:00+01:00,22260.039645184715,21844.64474,6431.323796961748,6788.013,28691.363442146463,28632.65774,35620.237816
2026-01-15 10:45:00+01:00,22216.756584638097,21757.694412,6458.645609246306,6742.444,28675.4021938844,28500.138412,36712.723124
2026-01-15 11:00:00+01:00,19624.246269860927,21528.054824,6616.403660304119,6729.76,26240.649930165047,28257.814824,37648.591408
2026-01-15 11:15:00+01:00,19555.456997189,21001.354132,6633.340282770869,6620.98,26188.797279959872,27622.334132,38304.941832
2026-01-15 11:30:00+01:00,19516.077402795545,20227.026336,6639.327636865478,6514.957,26155.405039661022,26741.983336,38509.929344
2026-01-15 11:45:00+01:00,19498.410172338325,19402.757084,6670.805855745202,6434.894,26169.216028083527,25837.651084,38628.93948
2026-01-15 12:00:00+01:00,17523.095424831976,18806.576628,6412.9414572697015,6699.852,23936.03688210168,25506.428628,39036.423683999994
2026-01-15 12:15:00+01:00,17504.051763257405,18164.958184,6443.4848273173,6633.807,23947.536590574706,24798.765184,39014.714416
2026-01-15 12:30:00+01:00,17485.05818646569,17600.398808,6441.4238831061075,6603.163,23926.482069571797,24203.561808,38905.880368
2026-01-15 12:45:00+01:00,17473.63647081212,17153.668224,6453.561863017986,6556.692,23927.198333830103,23710.360224,38587.217576
2026-01-15 13:00:00+01:00,14515.772067224318,16624.51396,6040.298640342528,6478.361,20556.070707566847,23102.87496,37845.260672
2026-01-15 13:15:00+01:00,14522.693480051152,16175.039292,6079.976033766627,6278.17,20602.66951381778,22453.209292,36922.938864
2026-01-15 13:30:00+01:00,14524.753644989025,15685.194908,6067.913362722148,6078.237,20592.667007711174,21763.431908,35798.217936
2026-01-15 13:45:00+01:00,14517.194070970627,15539.260684,6056.97761691897,5808.251,20574.171687889597,21347.511684,34633.936056
2026-01-15 14:00:00+01:00,13412.233337293304,15273.90186,5608.241468423382,5426.546,19020.474805716687,20700.44786,33060.857728
2026-01-15 14:15:00+01:00,13432.962341935508,14932.011048,5624.055756237926,5062.43,19057.018098173434,19994.441048,31369.882096
2026-01-15 14:30:00+01:00,13435.212208661485,14545.595276,5657.132495857914,4833.578,19092.3447045194,19379.173276,29545.722896
2026-01-15 14:45:00+01:00,13407.677406299563,14195.811488,5708.639878804709,4620.0,19116.317285104273,18815.811488,27697.176332
2026-01-15 15:00:00+01:00,14704.36716635572,13679.40104,6311.62498615448,4532.521,21015.9921525102,18211.92204,25653.125244000003
2026-01-15 15:15:00+01:00,14712.071690147071,13302.8224,6298.75125402648,4143.206,21010.822944173553,17446.0284,23392.606364
2026-01-15 15:30:00+01:00,14803.478401516739,13355.358672,6295.758010337536,4031.943,21099.236411854276,17387.301672,21862.76212
2026-01-15 15:45:00+01:00,14982.803766075394,13546.265944,6280.446768596637,3905.423,21263.25053467203,17451.688944,20535.045832
2026-01-15 16:00:00+01:00,17338.693629967962,14007.126904,6434.584392220202,3776.484,23773.278022188162,17783.610904,19532.055776
2026-01-15 16:15:00+01:00,17487.091878886247,14347.996496,6461.859088692317,3672.028,23948.950967578563,18020.024496,18803.208536
2026-01-15 16:30:00+01:00,17654.764789513807,14674.528244,6466.916057273487,3626.69,24121.680846787294,18301.218244,18548.88036
2026-01-15 16:45:00+01:00,17757.12963082485,15167.598456,6473.242115755424,3738.233,24230.371746580273,18905.831456,19024.289348
2026-01-15 17:00:00+01:00,21133.716506795416,15815.535228,6456.805000768212,3614.075,27590.52150756363,19429.610228,19564.180340000003
2026-01-15 17:15:00+01:00,21196.927329888473,16614.212508,6493.59776319125,3687.742,27690.525093079723,20301.954508000003,20422.160468
2026-01-15 17:30:00+01:00,21301.437219548712,17317.461668,6526.4354155634155,3733.8,27827.87263511213,21051.261668,21133.848196
2026-01-15 17:45:00+01:00,21371.44695668292,18121.41648,6532.060620747031,3791.131,27903.50757742995,21912.54748,21973.36216
2026-01-15 18:00:00+01:00,24100.362868388078,18800.483364,6785.546804705997,3908.279,30885.909673094073,22708.762364,22753.921096
2026-01-15 18:15:00+01:00,24136.61984541573,19600.873472,6815.374674110777,3793.872,30951.99451952651,23394.745472,23437.072979999997
2026-01-15 18:30:00+01:00,24166.781137776008,20273.343192,6853.2789116317335,3600.877,31020.06004940774,23874.220192,23897.839948
2026-01-15 18:45:00+01:00,24208.82062887097,21167.083396,6848.558641524321,3487.201,31057.37927039529,24654.284396000003,24676.239196
2026-01-15 19:00:00+01:00,26040.534329273116,22005.78502,6675.496133998387,3462.123,32716.030463271505,25467.90802,25516.800292
2026-01-15 19:15:00+01:00,26055.17168995906,22842.761972,6675.727249819675,3816.497,32730.898939778737,26659.258972,26686.249428
2026-01-15 19:30:00+01:00,26068.66907302785,23558.593416,6671.438586182416,3805.188,32740.107659210265,27363.781416,27386.744588
2026-01-15 19:45:00+01:00,26077.35040431718,24284.96002,6686.637904985737,3885.765,32763.98830930292,28170.72502,28190.378363999997
2026-01-15 20:00:00+01:00,27478.59521966887,25070.05538,6709.780511713937,4362.142,34188.37573138281,29432.19738,29451.839768
2026-01-15 20:15:00+01:00,27459.126014557874,25699.72444,6715.957141958722,4475.736,34175.08315651659,30175.460440000003,30190.352588
2026-01-15 20:30:00+01:00,27436.24971313481,26295.942288,6723.123536253425,4744.417,34159.373249388234,31040.359288,31054.5004
2026-01-15 20:45:00+01:00,27412.94149564489,26734.259368,6705.249971080811,4798.851,34118.1914667257,31533.110368,31546.923428
2026-01-15 21:00:00+01:00,27912.84326274728,27073.015804,6638.883643389616,4856.203,34551.72690613689,31929.218804,31942.855964
2026-01-15 21:15:00+01:00,27881.148969940925,27599.205112,6646.652223966077,5113.953,34527.801193907,32713.158112,32726.286616
2026-01-15 21:30:00+01:00,27868.846401764215,28178.427992,6631.550229786002,5402.289,34500.39663155022,33580.716992,33591.023032000005
2026-01-15 21:45:00+01:00,27866.654587874014,28556.876172,6577.780433866128,5394.902,34444.435021740144,33951.778172,33963.40326
2026-01-15 22:00:00+01:00,27707.45319747306,27817.0241,6519.51192048503,5868.863,34226.96511795809,33685.8871,33697.990996
2026-01-15 22:15:00+01:00,27762.094465312355,28088.776936,6495.21490944681,6128.089,34257.30937475916,34216.865936,34227.889144
2026-01-15 22:30:00+01:00,27811.594043402216,28358.160816,6494.708912547891,6353.007,34306.30295595011,34711.167816,34721.490788
2026-01-15 22:45:00+01:00,27843.29561011503,28700.173452,6508.763256919614,6372.926,34352.05886703465,35073.099452,35083.295904
2026-01-15 23:00:00+01:00,29149.36169547908,29018.212796,6578.623012981144,6448.21,35727.98470846022,35466.422796,35475.920748
2026-01-15 23:15:00+01:00,29179.679259554217,29447.462736,6591.880273375501,6572.138,35771.55953292972,36019.600736,36029.931688
2026-01-15 23:30:00+01:00,29236.779580122373,30016.261812,6567.310996837761,6418.511,35804.09057696014,36434.772812,36445.362416
2026-01-15 23:45:00+01:00,29250.868031180562,30112.421324,6550.383759738888,6444.311,35801.25179091945,36556.732324,36567.563616
2026-01-16 00:00:00+01:00,29503.894664477335,30192.2897,6580.233476645734,6350.624,36084.12814112307,36542.913700000005,36553.814880000005
2026-01-16 00:15:00+01:00,29538.51069512283,30456.783272,6589.024258631055,6477.948,36127.534953753886,36934.731272000005,36945.596324000006
2026-01-16 00:30:00+01:00,29597.04167030564,30608.904276,6600.646405048706,6518.67,36197.688075354345,37127.574276,37138.782388
2026-01-16 00:45:00+01:00,29638.76421076554,30701.717568,6575.731132151392,6612.598,36214.49534291693,37314.315568,37325.291224
2026-01-16 01:00:00+01:00,30322.516706407554,30810.877456,6762.765323707649,6424.342,37085.2820301152,37235.219456,37245.97864
2026-01-16 01:15:00+01:00,30367.395459057167,31033.461796,6758.1476683679675,6484.923,37125.54312742513,37518.384796,37529.103828
2026-01-16 01:30:00+01:00,30395.331285094766,31275.99874,6737.623198039566,6520.691,37132.95448313433,37796.68974,37807.451268
2026-01-16 01:45:00+01:00,30395.89847684712,31264.41048,6728.129586614153,6605.104,37124.02806346127,37869.51448,37879.953792
2026-01-16 02:00:00+01:00,31141.86963857701,31412.231784,6559.899488902839,6666.519,37701.76912747985,38078.750784,38088.885836
2026-01-16 02:15:00+01:00,31175.133452456877,31550.749096,6559.552753227597,6717.464,37734.68620568448,38268.213096,38277.30832
2026-01-16 02:30:00+01:00,31178.886849672912,31678.188996,6563.87196861539,6674.518,37742.758818288305,38352.706996,38363.096484
2026-01-16 02:45:00+01:00,31187.783350720383,31741.056416,6563.9182798380925,6592.457,37751.70163055848,38333.513416,38343.736452000005
2026-01-16 03:00:00+01:00,31713.55624337209,31808.459632,6503.268952303118,6164.233,38216.82519567521,37972.692632,37982.941624
2026-01-16 03:15:00+01:00,31742.99869422813,31696.545628,6516.272712778606,6050.988,38259.27140700673,37747.533628,37757.74424
2026-01-16 03:30:00+01:00,31746.668343885638,31769.082896,6518.271957230947,5826.356,38264.940301116585,37595.438896,37605.668368
2026-01-16 03:45:00+01:00,31761.868660587214,31900.603788,6514.498948305313,5869.503,38276.36760889253,37770.106788,37778.467979999994
2026-01-16 04:00:00+01:00,32603.47105760353,31937.91914,6327.080493656064,6425.524,38930.551551259596,38363.44314,38371.89654
2026-01-16 04:15:00+01:00,32591.73791659196,31944.658444,6346.841846017819,6454.389,38938.57976260978,38399.047444,38407.687732000006
2026-01-16 04:30:00+01:00,32563.692863209384,32023.058528,6350.605121915656,6445.113,38914.29798512504,38468.171528,38476.872012
2026-01-16 04:45:00+01:00,32578.04097302428,32058.603064,6350.639004847022,6277.418,38928.6799778713,38336.021064,38344.586608
2026-01-16 05:00:00+01:00,31571.36531083967,31829.330232,6236.925220370944,5400.838,37808.290531210616,37230.168232,37238.886808
2026-01-16 05:15:00+01:00,31583.33255784143,31830.294232,6232.562554179472,5359.366,37815.8951120209,37189.660232,37198.229172
2026-01-16 05:30:00+01:00,31565.422677724593,31863.756476,6197.3644724197775,5443.359,37762.78715014437,37307.115476,37315.972568
2026-01-16 05:45:00+01:00,31558.929038493436,31700.322428,6185.906825552513,5419.38,37744.83586404595,37119.702428,37128.185688
2026-01-16 06:00:00+01:00,29956.840170389536,33267.578348,5912.695847188999,5313.047,35869.53601757853,38580.625348,38589.223604
2026-01-16 06:15:00+01:00,29921.997316049128,33334.519724,5910.71274934476,5328.585,35832.71006539389,38663.104724,38672.44334
2026-01-16 06:30:00+01:00,29857.241154399104,33002.711584,5898.136765758695,5332.571,35755.3779201578,38335.282584,38346.752792
2026-01-16 06:45:00+01:00,29805.635360637265,32041.952524,5868.009008571061,5345.42,35673.64436920833,37387.372524,37399.478363999995
2026-01-16 07:00:00+01:00,29505.876065210836,31504.15436,5714.720376307508,5047.572,35220.59644151834,36551.72636,36565.0009
2026-01-16 07:15:00+01:00,29506.318700141488,31034.702968,5739.555088132115,5182.985,35245.8737882736,36217.687968,36231.398316
2026-01-16 07:30:00+01:00,29506.101694679648,30352.043696,5727.46324280479,5201.804,35233.564937484436,35553.847696,35570.330603999995
2026-01-16 07:45:00+01:00,29501.104782616843,29921.860832,5716.939164620407,5248.664,35218.04394723725,35170.524831999996,35191.181575999995
2026-01-16 08:00:00+01:00,27973.255048112518,29346.138224,5785.537076521217,5707.973,33758.792124633736,35054.111224,35118.508212
2026-01-16 08:15:00+01:00,27730.804530363843,28200.61436,5795.218097709573,5728.74,33526.02262807341,33929.35436,34304.622319999995
2026-01-16 08:30:00+01:00,27726.785005299058,27417.539428,5799.220318881928,5731.1,33526.00532418099,33148.639428,34491.687928
2026-01-16 08:45:00+01:00,27622.82495845722,26818.713924,5774.465342080111,5742.413,33397.29030053733,32561.126924,35193.664404
2026-01-16 09:00:00+01:00,25040.540334034136,25842.749484,5763.038649271993,5946.103,30803.578983306128,31788.852484,35961.817603999996
2026-01-16 09:15:00+01:00,24980.05069976933,25102.032768,5746.294618909715,5939.828,30726.345318679043,31041.860768,36869.645272
2026-01-16 09:30:00+01:00,24917.491458729342,24311.2746,5721.311384928786,5925.103,30638.80284365813,30236.3776,37779.96914
2026-01-16 09:45:00+01:00,24882.704642521683,23374.448052,5709.330504748601,5886.68,30592.035147270282,29261.128052,38594.359648
2026-01-16 10:00:00+01:00,22067.523297204996,22296.579056,5867.2372885994555,5929.451,27934.76058580445,28226.030056,39453.891512
2026-01-16 10:15:00+01:00,22050.28568093759,21127.160152,5903.382343285621,5869.486,27953.66802422321,26996.646152,40083.612848
2026-01-16 10:30:00+01:00,22010.273755422153,19776.095736,5907.738433938879,5744.133,27918.012189361034,25520.228735999997,40273.253244
2026-01-16 10:45:00+01:00,21974.205384574052,18448.26754,5934.103348420691,5676.191,27908.308732994745,24124.45854,40379.340932
2026-01-16 11:00:00+01:00,18627.028432713807,17417.997536,5321.005015830283,5482.562,23948.03344854409,22900.559536,40598.729384000006
2026-01-16 11:15:00+01:00,18570.87019748256,16909.783432,5324.548442896256,5132.866,23895.418640378815,22042.649432,40941.581472
2026-01-16 11:30:00+01:00,18545.66829128932,16183.69326,5325.116098168202,5023.162,23870.78438945752,21206.85526,40867.570192
2026-01-16 11:45:00+01:00,18527.906719535724,15105.553824,5356.391928567875,5190.58,23884.2986481036,20296.133824,40601.682816
2026-01-16 12:00:00+01:00,14134.942068665447,13898.722684,4934.27395029037,5148.786,19069.216018955816,19047.508684,39737.335676
2026-01-16 12:15:00+01:00,14115.044061060704,13200.225988,4962.513468584533,4688.514,19077.557529645237,17888.739988,38597.12549200001
2026-01-16 12:30:00+01:00,14098.602129195875,12582.848516,4955.028959385827,4372.038,19053.6310885817,16954.886516,37578.556304
2026-01-16 12:45:00+01:00,14083.197795771168,11892.40106,4961.30377737304,4228.778,19044.501573144207,16121.17906,36534.455928
2026-01-16 13:00:00+01:00,11081.420162429824,11138.870588,4365.496763991552,4274.929,15446.916926421376,15413.799588,35151.048884
2026-01-16 13:15:00+01:00,11078.741189412072,10173.182944,4412.214961608162,4492.662,15490.956151020235,14665.844944,33373.459216
2026-01-16 13:30:00+01:00,11067.188596222075,9306.77332,4401.83535713807,4617.34,15469.023953360145,13924.11332,31719.666012
2026-01-16 13:45:00+01:00,11042.127135497523,8598.640672,4379.838677172658,4178.565,15421.965812670182,12777.205672,29381.242264
2026-01-16 14:00:00+01:00,7834.984586895426,7947.348952,3716.902788851932,3773.55,11551.88737574736,11720.898952,26912.640964
2026-01-16 14:15:00+01:00,7831.521953808229,7409.028132,3728.3582681914895,3505.051,11559.88022199972,10914.079132,24617.281108000003
2026-01-16 14:30:00+01:00,7807.6192873109385,6971.098984,3756.595010261428,3539.282,11564.214297572365,10510.380984,22431.451572
2026-01-16 14:45:00+01:00,7750.880475568089,6594.556548,3758.5311651599054,3259.151,11509.411640727994,9853.707547999998,20042.663168
2026-01-16 15:00:00+01:00,7302.463559289431,6410.657752,3111.840570332635,3261.389,10414.304129622065,9672.046752,17997.855984
2026-01-16 15:15:00+01:00,7280.963574584845,6263.584824,3094.697362805922,2971.699,10375.660937390767,9235.283824,15641.267324
2026-01-16 15:30:00+01:00,7332.731493549817,6210.793596,3089.791592689482,2706.404,10422.5230862393,8917.197596,13600.725068
2026-01-16 15:45:00+01:00,7459.0542675442275,6190.806792,3079.505638422478,2610.474,10538.559905966706,8801.280792000001,11896.993248000002
2026-01-16 16:00:00+01:00,8770.36487519207,6454.385632,2670.3414998697776,2799.682,11440.706375061847,9254.067632,11020.290716
2026-01-16 16:15:00+01:00,9069.774827948071,6754.042412,2700.1521079484733,2592.147,11769.926935896545,9346.189412,10165.404092
2026-01-16 16:30:00+01:00,9207.663887840186,7097.414408,2713.005304852969,2426.676,11920.669192693156,9524.090408,9790.9133
2026-01-16 16:45:00+01:00,9287.600584993197,7537.458428,2731.8813973765705,2293.421,12019.481982369767,9830.879428,9904.13584
2026-01-16 17:00:00+01:00,11238.414103619532,7989.657552,2522.789680301377,2305.977,13761.20378392091,10295.634552,10352.4752
2026-01-16 17:15:00+01:00,11290.939276225408,8469.960584,2553.8057662617884,2345.737,13844.745042487197,10815.697584,10888.395112000002
2026-01-16 17:30:00+01:00,11461.33848790306,8872.413096,2567.855179885419,2226.668,14029.193667788479,11099.081096,11182.02068
2026-01-16 17:45:00+01:00,11612.269908047403,9169.672264,2591.020164162388,2039.681,14203.290072209791,11209.353264,11264.473184
2026-01-16 18:00:00+01:00,11948.114540478733,9469.26888,2459.84633659873,1976.443,14407.960877077463,11445.71188,11508.753056
2026-01-16 18:15:00+01:00,11980.402709747674,9714.576716,2481.8775269327034,1997.517,14462.280236680377,11712.093716,11752.29286
2026-01-16 18:30:00+01:00,12002.810000716257,9963.246128,2514.5914153951735,1984.698,14517.401416111432,11947.944128,12021.104548
2026-01-16 18:45:00+01:00,12043.37117030597,10166.947828,2504.3656013987506,1901.434,14547.736771704722,12068.381828,12165.565836
2026-01-16 19:00:00+01:00,12220.93341702092,10348.957604,2482.671808386391,1790.819,14703.605225407311,12139.776604,12253.869456
2026-01-16 19:15:00+01:00,12243.515239644033,10542.456852,2491.7575097360723,1674.539,14735.272749380107,12216.995852,12257.355428
2026-01-16 19:30:00+01:00,12261.903196200841,10617.10788,2489.8752978451175,1502.723,14751.778494045959,12119.83088,12153.628768
2026-01-16 19:45:00+01:00,12277.433366109566,10702.836536,2505.61409180299,1477.138,14783.047457912557,12179.974536000002,12234.23262
2026-01-16 20:00:00+01:00,12657.534945348121,10632.908896,2483.428231935805,1462.264,15140.963177283926,12095.172896,12125.837332
2026-01-16 20:15:00+01:00,12640.756714326932,10678.697148,2490.7712020993536,1410.627,15131.527916426285,12089.324148,12102.567104
2026-01-16 20:30:00+01:00,12624.414588142667,10726.042444,2501.6973799248913,1356.137,15126.111968067558,12082.179444,12094.603768
2026-01-16 20:45:00+01:00,12611.062805479864,10714.167484,2485.075739491501,1371.19,15096.138544971363,12085.357484,12096.984328
2026-01-16 21:00:00+01:00,12657.702606469393,10746.672116,2373.879078349738,1488.125,15031.581684819132,12234.797116,12245.62628
2026-01-16 21:15:00+01:00,12630.258034095856,10750.675912,2364.543781346308,1694.56,14994.801815442164,12445.235912,12456.05136
2026-01-16 21:30:00+01:00,12623.526738936362,10611.306812,2351.786996931589,1789.259,14975.31373586795,12400.565812,12411.039176
2026-01-16 21:45:00+01:00,12625.56620270236,10535.673992,2302.3532946994014,1853.708,14927.919497401763,12389.381992,12399.905604
2026-01-16 22:00:00+01:00,11645.717916571111,10456.673588,1913.5748376092963,1749.271,13559.292754180407,12205.944588,12224.297904
2026-01-16 22:15:00+01:00,11711.699854007722,10485.520252,1871.8034926893995,1617.288,13583.503346697122,12102.808252,12114.977764
2026-01-16 22:30:00+01:00,11769.212892138123,10551.226416,1867.2620057749677,1549.534,13636.47489791309,12100.760416,12111.623416
2026-01-16 22:45:00+01:00,11808.097457012462,10606.535148,1891.7553266829514,1490.77,13699.852783695413,12097.305148,12109.48822
2026-01-16 23:00:00+01:00,10487.544649274912,10645.542112,1563.2765702895665,1410.133,12050.82121956448,12055.675112,12066.494936
2026-01-16 23:15:00+01:00,10524.113861993997,10696.884872,1580.7217924195245,1338.332,12104.835654413522,12035.216872,12046.02954
2026-01-16 23:30:00+01:00,10584.149067072743,10666.620868,1563.7053953822126,1296.398,12147.854462454956,11963.018868,11974.101724
2026-01-16 23:45:00+01:00,10608.148374254919,10648.355148,1545.1040329799462,1276.469,12153.252407234864,11924.824148,11935.377864
2026-01-17 00:00:00+01:00,9521.210508583477,10609.774776,1388.3364086767745,1227.39,10909.546917260252,11837.164776,11856.021304
2026-01-17 00:15:00+01:00,9555.262404929095,10512.422136,1401.9431237345693,1333.309,10957.205528663664,11845.731136,11862.182848
2026-01-17 00:30:00+01:00,9607.789335158726,10576.780084,1416.5669044699714,1346.218,11024.356239628698,11922.998084,11935.349668
2026-01-17 00:45:00+01:00,9648.12299436903,10627.151544,1393.265301072141,1295.586,11041.388295441171,11922.737544,11933.9324
2026-01-17 01:00:00+01:00,10243.221576265312,10676.36458,1362.0477332286243,1211.967,11605.269309493937,11888.33158,11899.088064
2026-01-17 01:15:00+01:00,10288.850449921601,10702.680592,1358.8673842535563,1238.322,11647.717834175157,11941.002592,11951.661884
2026-01-17 01:30:00+01:00,10317.510655929755,10759.4182,1343.905111356134,1245.246,11661.41576728589,12004.6642,12015.225168
2026-01-17 01:45:00+01:00,10317.794640880535,10836.448252,1338.2801208211763,1218.202,11656.074761701711,12054.650252,12065.066168
2026-01-17 02:00:00+01:00,10182.926904618053,10850.118028,1320.1691248250177,1240.42,11503.09602944307,12090.538028,12101.026912
2026-01-17 02:15:00+01:00,10214.782723534472,10872.232872,1321.1268354763924,1236.013,11535.909559010865,12108.245872,12118.9103
2026-01-17 02:30:00+01:00,10219.298534328997,10917.169492,1325.7590936192537,1201.5,11545.05762794825,12118.669492,12129.278788
2026-01-17 02:45:00+01:00,10223.076518843056,11021.614244,1327.3799576552628,1172.712,11550.456476498319,12194.326244,12204.697
2026-01-17 03:00:00+01:00,9453.021618282584,10959.083432,1364.418168517976,1180.661,10817.43978680056,12139.744432,12150.422548
2026-01-17 03:15:00+01:00,9476.634281713124,10868.542024,1377.5614544002779,1203.446,10854.195736113403,12071.988024,12082.7725
2026-01-17 03:30:00+01:00,9486.313784926433,10814.020144,1375.524613805985,1225.711,10861.838398732418,12039.731144,12050.371448
2026-01-17 03:45:00+01:00,9501.806093808415,10814.785016,1372.6930232470854,1274.575,10874.4991170555,12089.360016,12100.054136
2026-01-17 04:00:00+01:00,9889.879074440767,10891.824344,1281.6756517758859,1333.896,11171.554726216653,12225.720344,12236.410580000002
2026-01-17 04:15:00+01:00,9874.035693484366,11077.561144,1303.295054296882,1323.397,11177.330747781249,12400.958144,12411.774476
2026-01-17 04:30:00+01:00,9844.085780383992,11212.232128,1305.175382954451,1296.074,11149.261163338442,12508.306128,12518.951596
2026-01-17 04:45:00+01:00,9857.2677931016,11331.066828,1301.2042476743138,1276.541,11158.472040775914,12607.607828,12618.408996
2026-01-17 05:00:00+01:00,10617.370109151694,11404.880716,1191.9598704050668,1245.622,11809.329979556762,12650.502716,12661.136572
2026-01-17 05:15:00+01:00,10629.085225708961,11444.291728,1187.8471722505785,1303.313,11816.93239795954,12747.604728,12758.159776
2026-01-17 05:30:00+01:00,10609.90928882144,11565.099316,1155.6254508933653,1387.107,11765.534739714805,12952.206316,12963.195148
2026-01-17 05:45:00+01:00,10596.162445285665,11729.454436,1144.602705648334,1416.816,11740.765150934,13146.270436,13157.61106
2026-01-17 06:00:00+01:00,11032.835222199341,12026.297108,1324.5600439613447,1464.684,12357.395266160685,13490.981108,13502.532556
2026-01-17 06:15:00+01:00,10991.518529957031,12030.71392,1321.7083900767789,1564.621,12313.22692003381,13595.33492,13607.411744
2026-01-17 06:30:00+01:00,10914.146987917233,11986.46512,1308.8543338572988,1626.392,12223.00132177453,13612.85712,13625.441604
2026-01-17 06:45:00+01:00,10832.42004978993,12148.53892,1278.788103327938,1637.289,12111.208153117866,13785.827920000002,13799.547272000002
2026-01-17 07:00:00+01:00,11604.35162772961,12237.090844,1495.7196269349606,1661.668,13100.07125466457,13898.758844,13914.2984
2026-01-17 07:15:00+01:00,11580.957484377415,12411.965684,1525.7334848003911,1744.453,13106.690969177806,14156.418684,14173.967476
2026-01-17 07:30:00+01:00,11556.894368816676,12473.759448,1515.5099974300217,1854.545,13072.404366246697,14328.304448,14348.205316
2026-01-17 07:45:00+01:00,11537.786680696541,12336.781544,1505.2115736576022,2060.29,13042.998254354143,14397.071544,14423.736463999998
2026-01-17 08:00:00+01:00,11953.11178385642,12277.42386,1533.1016588807126,2243.645,13486.213442737133,14521.06886,14582.644232
2026-01-17 08:15:00+01:00,11868.480364920582,12274.073896,1541.599295614543,2320.645,13410.079660535126,14594.718896,14825.47072
2026-01-17 08:30:00+01:00,11859.189925400613,12450.928864,1559.952620804511,2327.633,13419.142546205125,14778.561864,15531.204312
2026-01-17 08:45:00+01:00,11854.065081274292,12573.027632,1538.2073019599165,2281.089,13392.272383234209,14854.116632,16318.211252
2026-01-17 09:00:00+01:00,12169.589321122043,12395.481152,1930.3874047455802,2392.718,14099.976725867622,14788.199152,17085.088344
2026-01-17 09:15:00+01:00,12115.238371905858,12106.287412,1918.0843302833352,2516.915,14033.322702189193,14623.202412,17831.943632
2026-01-17 09:30:00+01:00,12060.717200383531,11797.055968,1900.3562816609674,2491.652,13961.0734820445,14288.707968,18489.8322
2026-01-17 09:45:00+01:00,12029.443984334646,11574.065144,1894.8524228689294,2476.683,13924.296407203576,14050.748144,19310.15574
2026-01-17 10:00:00+01:00,12064.138703669085,11474.827488,2564.2419422311727,2564.812,14628.380645900257,14039.639488,20452.940032
2026-01-17 10:15:00+01:00,12053.831934372021,11133.906312,2605.9571011353037,2601.955,14659.789035507325,13735.861312,21285.231016
2026-01-17 10:30:00+01:00,12030.44335029062,10757.543232,2611.581161828576,2677.984,14642.024512119195,13435.527232,22050.828884
2026-01-17 10:45:00+01:00,11998.834785250703,10318.521676,2635.2996539025385,2764.457,14634.134439153242,13082.978676,22673.912672
2026-01-17 11:00:00+01:00,9057.46512444874,9727.665372,3261.6779010376545,2705.711,12319.143025486394,12433.376372,22876.140132
2026-01-17 11:15:00+01:00,9005.221581208441,9154.785032,3261.905200587303,2652.783,12267.126781795745,11807.568032,22929.243408
2026-01-17 11:30:00+01:00,8976.230831605366,8591.743392,3260.2150805738816,2733.663,12236.445912179248,11325.406392,23023.980792
2026-01-17 11:45:00+01:00,8951.966626871277,8073.753764,3289.131953211354,2778.504,12241.098580082631,10852.257764,22979.033704
2026-01-17 12:00:00+01:00,6617.137145111645,7681.780016,3122.607047905545,2782.482,9739.74419301719,10464.262016,22906.433476
2026-01-17 12:15:00+01:00,6591.2132032055115,7326.959008,3150.0419766811538,2627.575,9741.255179886666,9954.534008,22526.720472
2026-01-17 12:30:00+01:00,6566.524638093556,7086.762336,3143.451976288274,2572.86,9709.97661438183,9659.622336,22232.930188
2026-01-17 12:45:00+01:00,6544.852070176535,6885.357868,3149.965636208952,2555.595,9694.817706385487,9440.952868,21910.867388
2026-01-17 13:00:00+01:00,6648.146915784838,6786.014472,3254.722938214124,2509.611,9902.869853998962,9295.625472,21366.421135999997
2026-01-17 13:15:00+01:00,6631.778521502897,6640.225328,3291.461402776607,2356.875,9923.239924279504,8997.100328,20590.377236
2026-01-17 13:30:00+01:00,6606.714946218062,6585.006604,3274.9958030249836,2303.638,9881.710749243046,8888.644604000001,19887.092340000003
2026-01-17 13:45:00+01:00,6575.101605935399,6648.831212,3243.4929643231076,2438.988,9818.594570258507,9087.819212,19303.329448
2026-01-17 14:00:00+01:00,8296.707043732173,6727.192032,3074.312987382783,2561.158,11371.020031114957,9288.350032,18610.200232000003
2026-01-17 14:15:00+01:00,8282.33684902726,6782.571148,3079.562570898125,2541.119,11361.899419925387,9323.690148,17730.355664
2026-01-17 14:30:00+01:00,8242.666627034081,6914.381484,3098.419320150961,2469.273,11341.085947185042,9383.654484,16788.545516
2026-01-17 14:45:00+01:00,8175.133708053622,7076.725108,3084.3114479626747,2450.082,11259.445156016296,9526.807108,15789.381304
2026-01-17 15:00:00+01:00,8791.298339897334,7205.520796,3065.3037817403024,2318.551,11856.602121637636,9524.071796,14595.306872
2026-01-17 15:15:00+01:00,8741.167833927526,7434.272844,3032.1014832770243,2221.25,11773.269317204551,9655.522844,13598.481108
2026-01-17 15:30:00+01:00,8785.136574915347,7750.979536,3020.139502886702,2210.877,11805.27607780205,9961.856536,12840.14478
2026-01-17 15:45:00+01:00,8842.49628370304,8275.856632,3001.7440380470325,2279.167,11844.240321750072,10555.023632,12557.0563
2026-01-17 16:00:00+01:00,10485.755405006088,8799.654164,3214.1285923029445,2256.295,13699.883997309033,11055.949164,12271.007844
2026-01-17 16:15:00+01:00,10608.560606260653,9417.323956,3234.868863927237,2132.132,13843.42947018789,11549.455956,12164.284872
2026-01-17 16:30:00+01:00,10650.902081678369,9916.128672,3231.825900655254,2180.783,13882.727982333623,12096.911672,12354.949588
2026-01-17 16:45:00+01:00,10720.402791374521,10400.96314,3235.2543837338567,2290.752,13955.657175108377,12691.71514,12788.339016
2026-01-17 17:00:00+01:00,12408.0212285767,10866.411432,3370.847955992977,2364.967,15778.869184569676,13231.378432,13283.975816000002
2026-01-17 17:15:00+01:00,12471.445356131733,11373.438224,3401.189250858878,2445.082,15872.63460699061,13818.520224,13862.373216
2026-01-17 17:30:00+01:00,12594.14025239779,11780.130916,3392.112176215311,2467.257,15986.252428613101,14247.387916,14298.104096
2026-01-17 17:45:00+01:00,12664.648660172086,11946.71726,3443.8718656441656,2604.56,16108.520525816251,14551.27726,14595.329996
2026-01-17 18:00:00+01:00,13848.331447715542,11972.265056,3960.1589473830454,2709.172,17808.490395098586,14681.437056,14742.355456
2026-01-17 18:15:00+01:00,13901.03810412855,12060.326252,3975.53063787137,2841.329,17876.56874199992,14901.655252,14983.42396
2026-01-17 18:30:00+01:00,13933.67433529683,12301.2788,4003.3572518437163,3103.726,17937.031587140547,15405.0048,15484.237168
2026-01-17 18:45:00+01:00,13994.758018235649,12443.672512,3990.9109487468086,3332.831,17985.668966982455,15776.503512,15813.80416
2026-01-17 19:00:00+01:00,15530.834071883313,12401.303292,4467.261155834832,3468.96,19998.095227718146,15870.263292,15905.446384
2026-01-17 19:15:00+01:00,15577.713166101297,12393.886968,4486.271488472202,3524.525,20063.984654573498,15918.411968,15946.907216
2026-01-17 19:30:00+01:00,15614.534069221723,12353.023044,4478.9130741988265,3522.903,20093.447143420548,15875.926044,15918.078288
2026-01-17 19:45:00+01:00,15653.275807481086,12316.305272,4484.305569706952,3504.752,20137.58137718804,15821.057272,15841.506288
2026-01-17 20:00:00+01:00,15559.066039354606,12323.970976,5015.897534529888,3611.353,20574.963573884495,15935.323976,16022.42668
2026-01-17 20:15:00+01:00,15559.213166819236,12355.574864,5020.266142479787,3631.419,20579.479309299022,15986.993864,16045.971508
2026-01-17 20:30:00+01:00,15556.1481357824,12346.65894,5033.026874945472,3637.535,20589.17501072787,15984.19394,16008.827136
2026-01-17 20:45:00+01:00,15548.958784388284,12404.124648,5016.088422516842,3572.161,20565.047206905125,15976.285648,15989.91514
2026-01-17 21:00:00+01:00,14154.424616721939,12550.342948,4755.83400384133,3461.066,18910.25862056327,16011.408948,16024.851036
2026-01-17 21:15:00+01:00,14136.671022356852,12753.78388,4771.54721335081,3400.349,18908.21823570766,16154.13288,16167.611404
2026-01-17 21:30:00+01:00,14141.838671091888,12794.017516,4761.020470154852,3348.443,18902.85914124674,16142.460516,16153.180996
2026-01-17 21:45:00+01:00,14145.013372695556,12891.922588,4726.811815740416,3256.782,18871.82518843597,16148.704588,16159.367836
2026-01-17 22:00:00+01:00,12202.41664548028,12709.327064,4236.320398841809,3215.952,16438.73704432209,15925.279063999998,15935.984663999998
2026-01-17 22:15:00+01:00,12268.46065387305,12714.152304,4198.895514614478,3068.225,16467.356168487528,15782.377304,15792.888416
2026-01-17 22:30:00+01:00,12328.637526318213,12660.54786,4198.800179338637,3113.165,16527.43770565685,15773.71286,15784.277084
2026-01-17 22:45:00+01:00,12379.090065186681,12700.317564,4218.793711436366,3107.656,16597.883776623046,15807.973564,15818.402724
2026-01-17 23:00:00+01:00,12677.310940696003,12561.253092,3661.615935041284,2956.187,16338.926875737287,15517.440092,15527.89458
2026-01-17 23:15:00+01:00,12716.861818075085,12555.442268,3676.7251775741565,2796.578,16393.586995649242,15352.020268,15363.749128
2026-01-17 23:30:00+01:00,12778.740902751952,12566.693864,3653.1210916137475,2686.521,16431.8619943657,15253.214864,15263.688264000002
2026-01-17 23:45:00+01:00,12800.650365877349,12517.186036,3638.64063308359,2555.848,16439.29099896094,15073.034036,15083.554012
2026-01-18 00:00:00+01:00,13245.336957415593,12485.015084,3022.8407670739707,2555.547,16268.177724489564,15040.562084,15061.3428
2026-01-18 00:15:00+01:00,13262.66277407592,12331.204432,3038.5177117196768,2498.288,16301.180485795596,14829.492432,14841.683684
2026-01-18 00:30:00+01:00,13295.429901287349,12372.4201,3052.4670388390236,2572.155,16347.896940126373,14944.5751,14956.364564
2026-01-18 00:45:00+01:00,13321.39417337964,12490.369376,3031.7440931673573,2445.474,16353.138266546997,14935.843376,14947.61848
2026-01-18 01:00:00+01:00,12432.900230275316,12468.366292,2810.846583216801,2478.751,15243.746813492116,14947.117292,14958.854304
2026-01-18 01:15:00+01:00,12468.177012978935,12397.531808,2806.8479168632903,2828.714,15275.024929842224,15226.245808,15238.150872
2026-01-18 01:30:00+01:00,12487.759083118768,12250.865824,2791.915134393355,3155.47,15279.674217512124,15406.335824,15417.97262
2026-01-18 01:45:00+01:00,12482.6482393117,12201.6413,2784.9240612482645,3430.417,15267.572300559965,15632.0583,15643.654492
2026-01-18 02:00:00+01:00,12784.602717741822,11986.438124,2756.4732926820384,3577.099,15541.07601042386,15563.537124,15575.321304
2026-01-18 02:15:00+01:00,12802.628936867843,11926.045688,2746.521148534913,3526.83,15549.150085402756,15452.875688,15464.7484
2026-01-18 02:30:00+01:00,12797.946992525127,12049.576572,2748.2351194674648,3532.08,15546.182111992592,15581.656572,15593.563048
2026-01-18 02:45:00+01:00,12788.59655707906,12132.12058,2752.1433859132367,3597.19,15540.739942992295,15729.31058,15742.479388000002
2026-01-18 03:00:00+01:00,12591.455900812238,12142.885452,2735.7965321780207,3631.715,15327.252432990259,15774.600452,15786.718088
2026-01-18 03:15:00+01:00,12598.03120225741,12211.424172,2748.820395340218,3590.03,15346.85159759763,15801.454172000002,15813.650828000002
2026-01-18 03:30:00+01:00,12591.36049103623,12407.563184,2750.176836767877,3530.049,15341.537327804108,15937.612184,15949.673068000002
2026-01-18 03:45:00+01:00,12587.910814514453,12407.039792,2747.4394793139977,3408.787,15335.350293828451,15815.826792,15827.929104
2026-01-18 04:00:00+01:00,12082.816084021899,12368.788352,2437.301727966109,3379.371,14520.117811988008,15748.159352,15760.17218
2026-01-18 04:15:00+01:00,12050.821262373913,12487.930204,2456.5705427007674,3404.269,14507.39180507468,15892.199204,15904.19006
2026-01-18 04:30:00+01:00,12004.54504353034,12575.302092,2455.8019485693835,3512.417,14460.346992099723,16087.719092,16099.656704
2026-01-18 04:45:00+01:00,12006.748510886802,12621.353344,2450.181205419384,3619.658,14456.929716306186,16241.011344,16253.174339999998
2026-01-18 05:00:00+01:00,12369.012437108537,12645.027308,2359.8512480503514,3646.306,14728.863685158889,16291.333308,16303.4773
2026-01-18 05:15:00+01:00,12363.355444526394,12673.5905,2358.9096156989517,3634.451,14722.265060225345,16308.0415,16320.295084
2026-01-18 05:30:00+01:00,12333.586204308931,12635.143352,2333.9065892614863,3435.796,14667.492793570418,16070.939352,16083.244536
2026-01-18 05:45:00+01:00,12311.532986205493,12562.85198,2326.960145280613,3304.675,14638.493131486106,15867.52698,15880.259732
2026-01-18 06:00:00+01:00,13387.857141252134,12727.443612,2283.4361001582,2820.766,15671.293241410334,15548.209612,15561.545208
2026-01-18 06:15:00+01:00,13343.288941216231,12740.401044,2283.2490251946533,2677.824,15626.537966410884,15418.225044,15431.472476
2026-01-18 06:30:00+01:00,13263.60972975948,12800.997324,2273.4777041167404,2605.092,15537.08743387622,15406.089324,15420.584072
2026-01-18 06:45:00+01:00,13183.62024648013,12927.090528,2248.55601138917,2535.376,15432.1762578693,15462.466528,15476.913224000002
2026-01-18 07:00:00+01:00,14228.311365600768,12975.721632,2257.0583607035173,2485.629,16485.369726304285,15461.350632,15477.005736
2026-01-18 07:15:00+01:00,14207.277486255532,13161.737608,2281.97668504704,2408.687,16489.25417130257,15570.424608,15587.886476
2026-01-18 07:30:00+01:00,14184.21725863363,13383.151004,2271.193629671568,2292.682,16455.410888305196,15675.833004,15695.4959
2026-01-18 07:45:00+01:00,14160.295812213833,13705.857976,2266.826289972579,2274.584,16427.12210218641,15980.441975999998,16006.562799999998
2026-01-18 08:00:00+01:00,14832.364346048327,13766.983984,2455.5910261728977,2278.244,17287.955372221226,16045.227984,16113.897648
2026-01-18 08:15:00+01:00,14746.028074714604,14048.295564,2465.4494255812806,2252.036,17211.477500295885,16300.331564,16580.318004
2026-01-18 08:30:00+01:00,14702.80126407603,14189.594932,2455.568389758576,2216.57,17158.369653834605,16406.164932,17203.034912
2026-01-18 08:45:00+01:00,14633.279333634697,14247.664588,2440.1483706687686,2206.254,17073.427704303467,16453.918588,18003.641916
2026-01-18 09:00:00+01:00,14490.115703533991,14023.875316,2391.7914010616805,2182.433,16881.907104595673,16206.308316,18701.706356
2026-01-18 09:15:00+01:00,14412.957634327917,13886.630668,2379.733404218625,2131.397,16792.69103854654,16018.027668,19603.489084
2026-01-18 09:30:00+01:00,14345.740465496076,13839.46698,2359.9760241198687,2099.527,16705.716489615945,15938.99398,20805.619224
2026-01-18 09:45:00+01:00,14308.264909973377,13658.492296,2349.5831145638804,2112.882,16657.848024537256,15771.374296,21910.174088
2026-01-18 10:00:00+01:00,13271.763032371477,13350.264748,2309.5894453185474,2562.963,15581.352477690023,15913.227748,23439.96806
2026-01-18 10:15:00+01:00,13232.920145088472,13112.178496,2345.553642187677,2505.082,15578.473787276149,15617.260496,24545.003396
2026-01-18 10:30:00+01:00,13175.781778920593,13049.069956,2344.966697430373,2440.232,15520.748476350966,15489.301956,25795.997496
2026-01-18 10:45:00+01:00,13118.12660227005,13009.131852,2365.0400025768076,2328.093,15483.166604846858,15337.224852,26996.418564
2026-01-18 11:00:00+01:00,12007.893375948071,12699.124252,2438.529484882411,2070.898,14446.422860830482,14770.022252,27773.097631999997
2026-01-18 11:15:00+01:00,11960.89745812105,12431.721272,2418.76209678886,1836.169,14379.65955490991,14267.890272,28478.521108
2026-01-18 11:30:00+01:00,11926.794535877787,12197.268748,2414.2189334116147,1905.184,14341.013469289403,14102.452748,29354.191512
2026-01-18 11:45:00+01:00,11888.649055712534,11968.301084,2451.428175785188,1958.53,14340.077231497722,13926.831084,29985.6469
2026-01-18 12:00:00+01:00,11770.90837932822,11654.960316,2420.913673788422,2143.976,14191.822053116643,13798.936316,30495.334808
2026-01-18 12:15:00+01:00,11735.212116921988,11359.783104,2428.388980341057,2190.96,14163.601097263045,13550.743104,30530.269044
2026-01-18 12:30:00+01:00,11712.277063467915,11210.782348,2408.3342307766475,2087.365,14120.611294244562,13298.147348,30547.191668
2026-01-18 12:45:00+01:00,11688.116385561689,10978.478972,2409.7158037643453,1739.669,14097.832189326034,12718.147972,29917.51212
2026-01-18 13:00:00+01:00,12183.067688505105,10677.460524,2361.050222780177,1758.825,14544.117911285282,12436.285524,29482.095372000003
2026-01-18 13:15:00+01:00,12143.590532336559,10547.918968,2397.6755182049324,1927.362,14541.266050541491,12475.280968,29194.962283999997
2026-01-18 13:30:00+01:00,12099.33974800685,10587.338676,2394.3365650934074,1937.239,14493.676313100259,12524.577676,28673.7652
2026-01-18 13:45:00+01:00,12050.968961515875,10583.591652,2362.823055807765,1944.552,14413.79201732364,12528.143652,27857.505124
2026-01-18 14:00:00+01:00,13118.767827985583,10632.98014,2191.858012324495,1878.13,15310.625840310078,12511.11014,26753.593048
2026-01-18 14:15:00+01:00,13092.429666699276,10696.032656,2194.3455998461654,1783.759,15286.77526654544,12479.791656,25432.473948
2026-01-18 14:30:00+01:00,13040.38558638786,10830.2287,2212.5815461646553,1797.696,15252.967132552516,12627.9247,24117.7797
2026-01-18 14:45:00+01:00,12967.571315134577,11004.680796,2206.92042193978,1906.278,15174.491737074357,12910.958796,22791.516684
2026-01-18 15:00:00+01:00,14816.719780325422,11382.26684,2072.0679572239874,2009.534,16888.78773754941,13391.80084,21602.999411999997
2026-01-18 15:15:00+01:00,14767.568981306356,11706.089368,2036.4073190237282,2098.854,16803.976300330083,13804.943368,20283.531968
2026-01-18 15:30:00+01:00,14792.18036713108,12054.118396,2017.0512754506465,2263.799,16809.231642581726,14317.917396,19060.164744
2026-01-18 15:45:00+01:00,14817.457770308938,12421.465864,1994.1746303921507,2393.13,16811.632400701088,14814.595864,17939.120228
2026-01-18 16:00:00+01:00,16735.824087573485,13263.348036,2325.329595236745,2495.853,19061.15368281023,15759.201036,17505.718564
2026-01-18 16:15:00+01:00,16804.274701952712,14103.694872,2340.93019281091,2583.105,19145.20489476362,16686.799872,17447.104508
2026-01-18 16:30:00+01:00,16811.268493965366,14971.240364,2331.717350739117,2680.416,19142.985844704483,17651.656364,17868.369772
2026-01-18 16:45:00+01:00,16867.06322376894,15844.764384,2321.5972539430177,2715.428,19188.660477711957,18560.192384,18617.67828
2026-01-18 17:00:00+01:00,19486.87016676377,16666.8454,2716.232020513805,2688.053,22203.102187277575,19354.8984,19390.86738
2026-01-18 17:15:00+01:00,19539.994035934564,17297.816464,2725.0431333046554,2765.172,22265.03716923922,20062.988464,20097.666024
2026-01-18 17:30:00+01:00,19621.524769120242,18090.648696,2717.3982907565583,2846.123,22338.9230598768,20936.771696,20967.169244
2026-01-18 17:45:00+01:00,19674.37500169793,18605.742168,2696.2102837253638,2839.063,22370.58528542329,21444.805168,21476.491244
2026-01-18 18:00:00+01:00,20379.57267295676,18977.712304,2973.5117169212003,2783.085,23353.08438987796,21760.797304,21790.462484
2026-01-18 18:15:00+01:00,20416.819847414656,19349.216884,2990.9387561767703,2865.129,23407.758603591425,22214.345884,22244.180996000003
2026-01-18 18:30:00+01:00,20440.511407895134,19461.890144,3015.958883111072,2823.418,23456.470291006204,22285.308144,22310.955384
2026-01-18 18:45:00+01:00,20487.56946622366,19553.593932,2997.2659817795825,2828.49,23484.835448003243,22382.083932,22404.268988
2026-01-18 19:00:00+01:00,20625.886722807292,19580.514724,3322.522195755262,2894.337,23948.408918562556,22474.851724,22497.875688
2026-01-18 19:15:00+01:00,20662.42980155077,19474.24662,3342.30157111402,2868.404,24004.73137266479,22342.65062,22367.751484
2026-01-18 19:30:00+01:00,20682.45406617217,19378.090892,3329.567206862628,2865.828,24012.0212730348,22243.918892,22261.374096000003
2026-01-18 19:45:00+01:00,20704.58203954133,19289.482896,3335.4820497376986,2801.832,24040.064089279025,22091.314896,22107.612908
2026-01-18 20:00:00+01:00,20779.778180729416,19275.359324,3449.890695965015,2710.778,24229.66887669443,21986.137324,22001.35358
2026-01-18 20:15:00+01:00,20771.429924643395,19360.444332,3455.5743309448853,2586.351,24227.00425558828,21946.795332,21961.08518
2026-01-18 20:30:00+01:00,20770.36321994911,19427.518796,3467.2533904590605,2509.166,24237.61661040817,21936.684796,21949.990704
2026-01-18 20:45:00+01:00,20770.207452473947,19464.660892,3448.985216824657,2538.844,24219.192669298605,22003.504892,22015.959952
2026-01-18 21:00:00+01:00,20535.172768339424,19505.774084,2925.9301509646875,2592.96,23461.10291930411,22098.734084,22110.912856
2026-01-18 21:15:00+01:00,20516.526864449417,19364.768628,2944.4150872693276,2594.075,23460.941951718745,21958.843628,21970.59992
2026-01-18 21:30:00+01:00,20517.385546069036,19343.887848,2938.9025015166735,2641.043,23456.28804758571,21984.930848,21995.15848
2026-01-18 21:45:00+01:00,20523.37708031194,19281.61314,2915.476220063032,2607.635,23438.853300374973,21889.248140000003,21899.782916000004
2026-01-18 22:00:00+01:00,19671.89289889475,18811.573856,2817.895673371097,2600.39,22489.788572265847,21411.963856,21423.708948
2026-01-18 22:15:00+01:00,19741.622494034684,18662.071192,2785.6248745958037,2602.522,22527.247368630487,21264.593192,21275.17414
2026-01-18 22:30:00+01:00,19800.37224629602,18595.79254,2783.799166711777,2590.566,22584.1714130078,21186.358539999997,21197.511175999996
2026-01-18 22:45:00+01:00,19846.771634618988,18528.137372,2799.5062655572588,2601.701,22646.277900176246,21129.838372,21139.504496
2026-01-18 23:00:00+01:00,17918.736816551816,18426.54564,2197.579057135905,2576.756,20116.315873687723,21003.30164,21014.161512
2026-01-18 23:15:00+01:00,17956.256919970834,18348.37794,2209.5234237818127,2649.887,20165.780343752645,20998.264939999997,21009.686164
2026-01-18 23:30:00+01:00,18013.546266348512,18378.37768,2183.4204090040425,2629.341,20196.966675352556,21007.71868,21020.223964
2026-01-18 23:45:00+01:00,18038.604616378314,18340.746364,2167.1074648390045,2634.928,20205.71208121732,20975.674364,20987.247723999997
2026-01-19 00:00:00+01:00,16937.782575304955,18294.063552,2532.8321366770742,2650.05,19470.61471198203,20944.113552,20968.199451999997
2026-01-19 00:15:00+01:00,16942.220808350914,18324.37594,2543.8502541377948,2652.365,19486.071062488707,20976.740940000003,20989.371140000003
2026-01-19 00:30:00+01:00,16968.302818125874,18503.545392,2557.1635284695762,2619.505,19525.46634659545,21123.050392,21135.476244
2026-01-19 00:45:00+01:00,16995.201598772925,18645.545256,2534.3609838971206,2532.671,19529.562582670045,21178.216256,21191.112448
2026-01-19 01:00:00+01:00,16681.877025463935,18725.571716,2301.0808924611088,2488.82,18982.957917925043,21214.391716,21227.503316
2026-01-19 01:15:00+01:00,16714.35839322011,18868.996092,2302.3902885271445,2510.52,19016.748681747256,21379.516092,21392.390428
2026-01-19 01:30:00+01:00,16732.539689907288,18862.347608,2298.741244624435,2393.586,19031.280934531722,21255.933608,21269.86716
2026-01-19 01:45:00+01:00,16723.59901171524,18887.898204,2299.41703708153,2313.394,19023.01604879677,21201.292204,21214.072928
2026-01-19 02:00:00+01:00,16562.877425623086,18908.820164,2531.337983284375,2364.952,19094.21540890746,21273.772164,21286.580724000003
2026-01-19 02:15:00+01:00,16581.66733292748,19001.547908,2522.6249129061734,2377.64,19104.292245833654,21379.187908,21391.711868
2026-01-19 02:30:00+01:00,16583.019523833063,19054.2282,2523.3673652330376,2329.358,19106.3868890661,21383.5862,21396.2256
2026-01-19 02:45:00+01:00,16579.47911374764,18944.530004,2528.0727111422266,2267.451,19107.551824889866,21211.981004,21224.439664
2026-01-19 03:00:00+01:00,16046.005054462408,18815.18326,2265.223857423161,2186.129,18311.22891188557,21001.31226,21013.732716
2026-01-19 03:15:00+01:00,16066.839997968422,18624.52856,2275.4937164393486,2048.83,18342.33371440777,20673.35856,20685.758884
2026-01-19 03:30:00+01:00,16072.64495976695,18420.017364,2276.6888393187196,1922.788,18349.33379908567,20342.805364,20355.402644
2026-01-19 03:45:00+01:00,16085.992802831019,18341.741328,2276.833174132603,1877.971,18362.82597696362,20219.712328,20232.363824
2026-01-19 04:00:00+01:00,16009.253828022562,18089.826492,1891.8774565817112,1794.108,17901.13128460427,19883.934492,19896.66812
2026-01-19 04:15:00+01:00,15976.795789033129,17992.868576,1911.642237205401,1730.442,17888.43802623853,19723.310576,19736.180416
2026-01-19 04:30:00+01:00,15935.345544136375,17837.096464,1914.4926231457657,1721.306,17849.83816728214,19558.402464,19571.179184
2026-01-19 04:45:00+01:00,15942.082433241821,17611.876724,1912.8237469765043,1736.231,17854.906180218324,19348.107724,19360.750848
2026-01-19 05:00:00+01:00,15496.5632242911,17525.770508,1833.744993721181,1797.759,17330.30821801228,19323.529508,19336.238368
2026-01-19 05:15:00+01:00,15490.704707263218,17350.661812,1831.9109553821925,1839.107,17322.61566264541,19189.768812,19202.671307999997
2026-01-19 05:30:00+01:00,15467.055616135718,17264.343912,1803.9522600936511,1905.352,17271.00787622937,19169.695912,19183.466352
2026-01-19 05:45:00+01:00,15450.405230993274,17074.44292,1795.0819450417996,1927.391,17245.487176035072,19001.83392,19014.855888
2026-01-19 06:00:00+01:00,14103.371372093676,17315.831928,1900.5921626144334,1953.502,16003.96353470811,19269.333928,19282.147592
2026-01-19 06:15:00+01:00,14070.65616009427,17276.813224,1895.3551925833347,1969.224,15966.011352677604,19246.037224,19259.291616
2026-01-19 06:30:00+01:00,14017.275706878165,17216.530252,1886.9035608679715,2033.764,15904.179267746136,19250.294252,19264.223336
2026-01-19 06:45:00+01:00,13960.824734254302,17015.324608,1863.5107480247411,2075.252,15824.335482279042,19090.576608,19107.65468
2026-01-19 07:00:00+01:00,15365.960847456661,16951.538528,1918.2464532932486,2148.113,17284.20730074991,19099.651528,19130.635644
2026-01-19 07:15:00+01:00,15355.019725182365,16953.061864,1936.729135848341,2237.177,17291.748861030705,19190.238864,19238.660636
2026-01-19 07:30:00+01:00,15347.50281519461,16948.461788,1927.6648339916062,2302.824,17275.167649186216,19251.285788,19328.6563
2026-01-19 07:45:00+01:00,15344.855858270472,17043.210136,1926.6002427782785,2329.23,17271.45610104875,19372.440136,19450.626736
2026-01-19 08:00:00+01:00,14471.904758031658,17136.652204,2250.6877158317675,2371.263,16722.592473863428,19507.915204,19680.526692
2026-01-19 08:15:00+01:00,14357.636564686802,17234.561036,2261.828696369775,2389.904,16619.465261056575,19624.465036,20258.162372
2026-01-19 08:30:00+01:00,14356.748072052309,17195.125364,2280.1661499806555,2438.891,16636.914222032963,19634.016364,21287.539748
2026-01-19 08:45:00+01:00,14296.934245333678,16875.63216,2271.5500864379223,2466.403,16568.4843317716,19342.03516,22388.006384
2026-01-19 09:00:00+01:00,12807.634501594854,16055.778008,2239.6538933786123,2527.018,15047.288394973466,18582.796008,23386.620743999996
2026-01-19 09:15:00+01:00,12693.532663140099,15538.151968,2238.4687199965842,2505.628,14932.001383136683,18043.779968,24813.831976
2026-01-19 09:30:00+01:00,12629.055424638098,15296.140888,2227.1821951977554,2447.699,14856.237619835854,17743.839888,26670.724148
2026-01-19 09:45:00+01:00,12592.566147172474,14942.253068,2222.376792599935,2319.27,14814.942939772409,17261.523068,28465.432044
2026-01-19 10:00:00+01:00,11924.181473874398,14419.158692,2262.507702290211,2255.811,14186.68917616461,16674.969692000002,30180.109580000004
2026-01-19 10:15:00+01:00,11882.835829662541,13671.506024,2298.6428120083474,2202.699,14181.478641670888,15874.205024,31557.53054
2026-01-19 10:30:00+01:00,11825.095334263524,12820.552348,2307.7876861932186,2175.246,14132.883020456742,14995.798348,32695.710928
2026-01-19 10:45:00+01:00,11774.676515286908,12084.04438,2329.3516667810495,2142.289,14104.028182067957,14226.33338,33549.135492
2026-01-19 11:00:00+01:00,10465.693632699104,11474.238856,2057.0847064939762,2086.126,12522.778339193079,13560.364856,34594.288392
2026-01-19 11:15:00+01:00,10414.130173965938,10776.028564,2040.3323505783662,1968.688,12454.462524544304,12744.716564,35144.207816
2026-01-19 11:30:00+01:00,10373.901737112003,10239.238684,2040.7264784566632,1869.768,12414.628215568666,12109.006684,35552.127368
2026-01-19 11:45:00+01:00,10335.889747734447,9659.070844,2078.80087347472,1655.643,12414.690621209167,11314.713844,35563.437384
2026-01-19 12:00:00+01:00,8257.004824827676,9293.817352,2007.6001958076083,1627.956,10264.605020635285,10921.773352,35660.579248
2026-01-19 12:15:00+01:00,8214.32684952418,9070.770968,2008.306719227204,1499.578,10222.633568751384,10570.348968,35457.127992
2026-01-19 12:30:00+01:00,8190.1702188565305,8989.921724,2000.8680511081152,1390.66,10191.038269964645,10380.581724,35312.806784
2026-01-19 12:45:00+01:00,8166.181801746692,8937.41138,2001.9348609531735,1338.199,10168.116662699866,10275.61038,34962.748244
2026-01-19 13:00:00+01:00,7319.3270634540595,8881.075016,1732.5845928317922,1426.173,9051.91165628585,10307.248016,34433.806468
2026-01-19 13:15:00+01:00,7294.926724736851,8929.016384,1761.8128034233398,1459.515,9056.739528160191,10388.531384,33734.874372
2026-01-19 13:30:00+01:00,7267.577820522035,8915.210176,1758.9943176518539,1497.018,9026.57213817389,10412.228176,32736.779896
2026-01-19 13:45:00+01:00,7231.2491519981195,9018.779552,1724.875641991934,1504.908,8956.124793990053,10523.687552,31564.092992
2026-01-19 14:00:00+01:00,8610.320579941552,9028.076256,1567.3405906286048,1558.606,10177.661170570156,10586.682256,30092.217396
2026-01-19 14:15:00+01:00,8598.77085661973,9064.049512,1559.2451326353462,1569.08,10158.015989255076,10633.129512,28300.918324
2026-01-19 14:30:00+01:00,8562.209055285894,9187.83862,1566.9379587612586,1582.08,10129.147014047152,10769.91862,26358.601616
2026-01-19 14:45:00+01:00,8503.83521966594,9294.722332,1536.35119995866,1658.241,10040.186419624599,10952.963332,24241.915468
2026-01-19 15:00:00+01:00,10847.695595935986,9455.991236,1566.19237678232,1805.323,12413.887972718305,11261.314236,22199.065264
2026-01-19 15:15:00+01:00,10854.339419915177,9609.318592,1534.7220860988434,1821.055,12389.06150601402,11430.373592,20003.872356
2026-01-19 15:30:00+01:00,10902.478872398415,9937.65944,1513.5472827037497,1937.585,12416.026155102165,11875.24444,18136.5866
2026-01-19 15:45:00+01:00,10952.602194886493,10376.278004,1491.6559791384452,2033.361,12444.258174024937,12409.639004,16565.91018
2026-01-19 16:00:00+01:00,11387.632125274256,11147.154496,1606.1823770482538,2148.003,12993.81450232251,13295.157496,15680.68644
2026-01-19 16:15:00+01:00,11523.163513750538,11996.860388,1615.3394729172273,2208.398,13138.502986667765,14205.258387999998,15290.145908
2026-01-19 16:30:00+01:00,11656.361751098928,12884.873824,1611.2848924668874,2228.513,13267.646643565815,15113.386824,15458.555292
2026-01-19 16:45:00+01:00,11735.290812872181,13657.859216,1605.0582075684904,2372.169,13340.349020440672,16030.028216,16123.646124
2026-01-19 17:00:00+01:00,12449.169834254088,14134.488008,1670.6215284522007,2517.67,14119.791362706288,16652.158008,16710.160475999997
2026-01-19 17:15:00+01:00,12519.852609228818,14514.024772,1675.7705543741388,2638.236,14195.623163602957,17152.260772,17210.60946
2026-01-19 17:30:00+01:00,12609.832209181379,15090.63094,1649.4256688394246,2717.292,14259.257878020804,17807.92294,17868.615604
2026-01-19 17:45:00+01:00,12671.1497784566,15666.229984,1632.2173906080366,2823.206,14303.367169064637,18489.435984,18547.162396
2026-01-19 18:00:00+01:00,12492.408861845808,15977.600436,1368.0361882479256,2867.979,13860.445050093735,18845.579436,18894.056276
2026-01-19 18:15:00+01:00,12534.764481625392,16170.873312,1389.8411231376442,2929.51,13924.605604763037,19100.383312,19138.128028
2026-01-19 18:30:00+01:00,12569.704986304529,16425.431416,1410.9718959432703,2948.973,13980.676882247799,19374.404416,19408.925944
2026-01-19 18:45:00+01:00,12620.912230068565,16557.464972,1396.767100738592,2882.017,14017.679330807157,19439.481972,19465.228988000003
2026-01-19 19:00:00+01:00,12778.168443054281,16466.917208,1226.1871622650356,2807.253,14004.355605319317,19274.170208,19299.456412
2026-01-19 19:15:00+01:00,12815.244468509467,16289.214456,1247.8006018269002,2770.201,14063.045070336368,19059.415456,19078.535163999997
2026-01-19 19:30:00+01:00,12837.263614564907,16133.400604,1238.920548627179,2802.004,14076.184163192085,18935.404604,18952.493424
2026-01-19 19:45:00+01:00,12864.760393286722,15929.028548,1244.4363599729013,2797.922,14109.196753259625,18726.950548,18744.605804
2026-01-19 20:00:00+01:00,13166.671215459492,15689.826696,1109.7599366934428,2731.321,14276.431152152934,18421.147696,18438.037232
2026-01-19 20:15:00+01:00,13169.870508530776,15305.775292,1115.8425542953848,2620.093,14285.71306282616,17925.868292,17942.049636
2026-01-19 20:30:00+01:00,13170.684222464668,15001.045248,1126.7757579070583,2564.917,14297.459980371726,17565.962248,17581.494144
2026-01-19 20:45:00+01:00,13178.0366691,14691.863936,1106.3484338496953,2496.915,14284.385102949695,17188.778936,17203.722655999998
2026-01-19 21:00:00+01:00,13282.26434404334,14516.637376,1445.2428505799594,2366.671,14727.5071946233,16883.308376,16898.761268000002
2026-01-19 21:15:00+01:00,13279.515785046999,14282.538416,1458.5644766325984,2269.676,14738.080261679597,16552.214416,16566.863944
2026-01-19 21:30:00+01:00,13292.939915804249,14065.816888,1445.855200419744,2168.858,14738.795116223993,16234.674888,16248.607336
2026-01-19 21:45:00+01:00,13309.828713734049,13779.869728,1428.2413978632603,2068.757,14738.07011159731,15848.626728,15862.653056
2026-01-19 22:00:00+01:00,12018.943888215825,13151.463404,1163.752320998585,1951.661,13182.69620921441,15103.124404,15117.613968
2026-01-19 22:15:00+01:00,12092.50939765242,12841.872384,1141.5517499426905,1861.986,13234.061147595112,14703.858384,14717.445308
2026-01-19 22:30:00+01:00,12157.609194204484,12542.035008,1144.6013329020607,1811.169,13302.210527106545,14353.204008,14367.10398
2026-01-19 22:45:00+01:00,12212.427748100185,12258.634904,1163.3868840029381,1752.426,13375.814632103124,14011.060904,14025.890064
2026-01-19 23:00:00+01:00,11262.982413082513,11993.026572,1093.1446819550506,1677.447,12356.127095037564,13670.473572,13684.794736000002
2026-01-19 23:15:00+01:00,11305.467913611732,11727.578728,1101.0104734242832,1602.036,12406.478387036015,13329.614728,13343.257456
2026-01-19 23:30:00+01:00,11366.600207984644,11460.077376,1080.4811252385243,1493.697,12447.081333223168,12953.774376,12967.505292
2026-01-19 23:45:00+01:00,11395.344215538818,11372.710656,1066.6167761225943,1440.603,12461.960991661414,12813.313655999998,12826.93964
2026-01-20 00:00:00+01:00,11922.736047583587,11229.375288,1381.4507761160269,1341.751,13304.186823699614,12571.126288,12585.043724
2026-01-20 00:15:00+01:00,11937.894004748485,11094.3281,1397.497953274349,1330.515,13335.391958022834,12424.8431,12438.425088
2026-01-20 00:30:00+01:00,11976.577294810595,10947.154076,1413.8698007934884,1243.182,13390.447095604084,12190.336076,12204.038124
2026-01-20 00:45:00+01:00,12010.63202784511,10740.696676,1395.6878021087205,1126.721,13406.31982995383,11867.417676,11881.143332
2026-01-20 01:00:00+01:00,11031.02917622467,10579.618832,1379.9364680501742,1103.585,12410.965644274846,11683.203832,11696.856288
2026-01-20 01:15:00+01:00,11073.712104350405,10462.13524,1379.8389537957955,1074.534,12453.5510581462,11536.66924,11550.231784
2026-01-20 01:30:00+01:00,11096.97921536747,10277.532756,1375.9681062517614,997.468,12472.947321619231,11275.000756,11289.690576
2026-01-20 01:45:00+01:00,11095.049099500597,10196.36502,1377.3910060219107,973.602,12472.440105522508,11169.96702,11182.240208
2026-01-20 02:00:00+01:00,10254.32036796432,10025.128904,1465.9179358946853,1016.387,11720.238303859005,11041.515904,11053.705212
2026-01-20 02:15:00+01:00,10280.484151354169,9900.22098,1462.34124785168,1065.284,11742.825399205849,10965.50498,10977.585472
2026-01-20 02:30:00+01:00,10287.799004593535,9777.112868,1464.8346046450138,1035.56,11752.633609238548,10812.672868,10825.073208
2026-01-20 02:45:00+01:00,10287.535710145907,9689.7971,1469.07232988044,940.384,11756.608040026347,10630.1811,10642.860832
2026-01-20 03:00:00+01:00,9263.768698164835,9572.987408,1406.6695632483327,891.186,10670.438261413168,10464.173408,10476.526008
2026-01-20 03:15:00+01:00,9282.22367957036,9531.914504,1413.8008881808369,930.462,10696.024567751196,10462.376504,10474.864092
2026-01-20 03:30:00+01:00,9291.333746342603,9477.424484,1413.739600371914,1016.485,10705.073346714518,10493.909484,10506.490384
2026-01-20 03:45:00+01:00,9310.064271749336,9361.944512,1416.2632563998575,1099.094,10726.327528149193,10461.038512,10473.685164
2026-01-20 04:00:00+01:00,7575.439363106875,9188.43704,1591.0228298930617,1127.217,9166.462192999938,10315.65404,10329.218704
2026-01-20 04:15:00+01:00,7547.172830797065,8914.057972,1606.5341332027845,1170.107,9153.70696399985,10084.164972,10096.846572
2026-01-20 04:30:00+01:00,7511.52945837389,8760.014112,1612.8483715632,1181.929,9124.37782993709,9941.943112,9954.627092
2026-01-20 04:45:00+01:00,7518.543425770621,8773.88904,1617.314751715902,1196.763,9135.858177486523,9970.65204,9983.217504
2026-01-20 05:00:00+01:00,6744.192662025067,8643.142264,1648.481220480241,1228.766,8392.673882505307,9871.908264,9884.352372
2026-01-20 05:15:00+01:00,6741.829179734035,8557.368684,1648.9850075650809,1146.591,8390.814187299116,9703.959684,9716.508132
2026-01-20 05:30:00+01:00,6723.650589366355,8560.023112,1625.590461849181,1065.274,8349.241051215537,9625.297112,9637.870792
2026-01-20 05:45:00+01:00,6709.034273416186,8652.78598,1618.0014012723989,1079.98,8327.035674688585,9732.76598,9745.587016
2026-01-20 06:00:00+01:00,7052.62019238824,8767.416468,1593.4879375701807,1021.4,8646.10812995842,9788.816468,9802.189428
2026-01-20 06:15:00+01:00,7025.762562061098,8707.512588,1593.8191407490572,988.862,8619.581702810156,9696.374588,9710.372855999998
2026-01-20 06:30:00+01:00,6978.298377160583,8641.87748,1590.5626039598778,915.011,8568.86098112046,9556.88848,9571.102952
2026-01-20 06:45:00+01:00,6922.705361351375,8699.072988,1571.7536419618166,845.972,8494.459003313192,9545.044988,9567.35382
2026-01-20 07:00:00+01:00,6911.734650059093,8758.41712,1605.2353524455466,861.168,8516.97000250464,9619.58512,9640.629904
2026-01-20 07:15:00+01:00,6904.361187497138,8852.434716,1627.5259690790615,939.707,8531.8871565762,9792.141716,9845.377448
2026-01-20 07:30:00+01:00,6898.574669721399,8864.863056,1620.3214946098592,995.74,8518.896164331258,9860.603056,9955.733976
2026-01-20 07:45:00+01:00,6897.590347043354,8910.003164,1619.248952701514,1043.542,8516.839299744868,9953.545164,10092.599536
2026-01-20 08:00:00+01:00,6782.186207394964,8964.646352,1624.4418163968699,1087.755,8406.628023791834,10052.401352,10306.621068
2026-01-20 08:15:00+01:00,6618.851717455284,8964.338736,1640.434032509211,1101.195,8259.285749964496,10065.533736,10928.297844
2026-01-20 08:30:00+01:00,6524.666935591655,8886.946108,1655.7754773231447,1114.99,8180.442412914799,10001.936108,12061.822744
2026-01-20 08:45:00+01:00,6464.656335771202,8740.732704,1648.5861457998374,1121.101,8113.242481571039,9861.833704,13553.891488
2026-01-20 09:00:00+01:00,6587.01476113641,8424.501684,1691.3822655737104,1111.679,8278.397026710121,9536.180684,15235.10184
2026-01-20 09:15:00+01:00,6459.625536281563,8130.780864,1692.6903232699344,1113.836,8152.315859551497,9244.616864,17198.836068
2026-01-20 09:30:00+01:00,6393.418464815528,7751.377268,1683.445090229798,1139.624,8076.8635550453255,8891.001268,19240.392324
2026-01-20 09:45:00+01:00,6348.6297462113325,7407.487876,1684.3267784922355,1123.108,8032.956524703568,8530.595876,21335.970176
2026-01-20 10:00:00+01:00,5634.137143805277,7135.389804,1672.0632020864082,1081.304,7306.200345891686,8216.693804,23485.669764
2026-01-20 10:15:00+01:00,5581.125701364841,6686.892448,1707.0067971930703,1085.265,7288.132498557911,7772.157448,25388.760912
2026-01-20 10:30:00+01:00,5518.6725302515315,6144.516188,1718.4877964526484,1040.346,7237.16032670418,7184.862187999999,26900.75072
2026-01-20 10:45:00+01:00,5465.9708780330075,5556.532824,1738.4776357949831,1007.902,7204.448513827991,6564.434824,28165.79728
2026-01-20 11:00:00+01:00,4248.875748557879,5046.829424,1660.84883153795,947.312,5909.724580095829,5994.1414239999995,29238.281472
2026-01-20 11:15:00+01:00,4188.513433061109,4574.796652,1639.7343333310216,902.739,5828.247766392131,5477.5356520000005,30022.50726
2026-01-20 11:30:00+01:00,4139.091769491252,4211.207316,1643.8633284572145,868.541,5782.955097948467,5079.748316,30727.522044
2026-01-20 11:45:00+01:00,4093.433305185744,3934.655636,1681.7327994557704,803.224,5775.166104641514,4737.879636,31317.572288000003
2026-01-20 12:00:00+01:00,2827.4051556943286,3575.868068,1353.180819038845,704.989,4180.585974733173,4280.857068,31560.543264
2026-01-20 12:15:00+01:00,2775.0821736062667,3229.309208,1357.5955242775763,655.466,4132.6776978838425,3884.775208,31266.188316
2026-01-20 12:30:00+01:00,2749.4041864930155,2952.055296,1348.0377079590266,597.284,4097.441894452042,3549.339296,30921.718252
2026-01-20 12:45:00+01:00,2719.2028445513342,2834.196448,1339.381112147837,576.816,4058.5839566991713,3411.0124480000004,30266.914208
2026-01-20 13:00:00+01:00,2553.534912421877,2726.997704,1082.4507300248522,593.992,3635.985642446729,3320.9897039999996,29724.804368
2026-01-20 13:15:00+01:00,2524.041804966775,2631.725592,1118.0881822720282,565.416,3642.1299872388036,3197.141592,28577.13458
2026-01-20 13:30:00+01:00,2497.0190495628085,2551.153156,1110.4666382023916,536.651,3607.4856877652,3087.8041559999997,27328.047627999997
2026-01-20 13:45:00+01:00,2459.771515069202,2578.572016,1071.8522081565495,550.898,3531.6237232257517,3129.470016,26002.820356
2026-01-20 14:00:00+01:00,2473.695457284742,2586.073788,1000.9132902048345,583.76,3474.6087474895767,3169.833788,24310.67544
2026-01-20 14:15:00+01:00,2461.280120157583,2646.602252,991.7392622402247,618.341,3453.019382397808,3264.943252,22506.464108
2026-01-20 14:30:00+01:00,2426.445667326369,2669.570368,999.3875452828025,681.023,3425.8332126091714,3350.5933680000003,20439.025380000003
2026-01-20 14:45:00+01:00,2372.2050698976986,2756.311572,990.0579649317522,762.469,3362.2630348294506,3518.780572,18184.823256
2026-01-20 15:00:00+01:00,2555.8454337304984,2978.921864,1269.9044080138865,846.91,3825.749841744385,3825.831864,15972.67354
2026-01-20 15:15:00+01:00,2573.0819557683235,3247.154568,1237.4628605089463,951.223,3810.54481627727,4198.377568,13794.152324
2026-01-20 15:30:00+01:00,2632.700051021656,3563.549512,1222.3783634700508,1159.442,3855.0784144917066,4722.9915120000005,11815.804768000002
2026-01-20 15:45:00+01:00,2701.1428071683567,4020.029072,1206.6740680222363,1256.666,3907.8168751905932,5276.6950719999995,10099.144584
2026-01-20 16:00:00+01:00,4155.5957669839,4740.876856,1391.4640252785707,1368.906,5547.059792262471,6109.782856,8984.092563999999
2026-01-20 16:15:00+01:00,4386.709049538111,5726.860636,1403.3637682545407,1595.337,5790.072817792651,7322.197636000001,8774.634936
2026-01-20 16:30:00+01:00,4504.468749954615,6708.872184,1399.6992068283,1884.347,5904.167956782915,8593.219184,9140.383456
2026-01-20 16:45:00+01:00,4607.001607575291,7827.578848,1395.8921452290535,2164.759,6002.893752804344,9992.337848,10175.730324
2026-01-20 17:00:00+01:00,6086.892049862234,8857.657516,1863.6644406888863,2565.413,7950.55649055112,11423.070516,11509.774132
2026-01-20 17:15:00+01:00,6171.1481536799065,9620.631764,1871.1474613301903,2775.09,8042.295615010096,12395.721764,12457.454808
2026-01-20 17:30:00+01:00,6314.222710138522,10020.82042,1868.7944785689667,3204.095,8183.017188707489,13224.91542,13287.93502
2026-01-20 17:45:00+01:00,6386.212644904649,10691.386052,1852.7336515327718,3675.695,8238.946296437422,14367.081052,14426.686916
2026-01-20 18:00:00+01:00,8063.8218235784125,11246.868816,2532.1907111079718,3996.879,10596.012534686384,15243.747816,15309.37878
2026-01-20 18:15:00+01:00,8112.380151493046,11528.717156,2552.8886160703623,4494.422,10665.268767563408,16023.139156,16061.546484
2026-01-20 18:30:00+01:00,8147.139910842278,11744.196048,2570.37108296961,4908.997,10717.510993811888,16653.193048,16689.571772
2026-01-20 18:45:00+01:00,8195.960153587625,11837.590172,2555.9342005868084,5331.767,10751.894354174434,17169.357172,17206.662548
2026-01-20 19:00:00+01:00,8809.5767192552,12007.197316,2845.648941483396,5603.098,11655.225660738595,17610.295316,17640.5228
2026-01-20 19:15:00+01:00,8834.659320220908,12157.117448,2862.929641990271,5497.574,11697.588962211179,17654.691448,17675.987924
2026-01-20 19:30:00+01:00,8847.654114288101,12202.453532,2851.58864133501,5334.812,11699.242755623112,17537.265531999998,17556.225379999996
2026-01-20 19:45:00+01:00,8869.961366548827,12326.947468,2851.738505774283,5130.339,11721.69987232311,17457.286468,17475.42484
2026-01-20 20:00:00+01:00,8969.018282055937,12408.4472,2926.964227906301,5064.22,11895.982509962238,17472.6672,17489.892724
2026-01-20 20:15:00+01:00,8969.656485919842,12528.87924,2926.5798480870476,5077.251,11896.23633400689,17606.13024,17622.774171999998
2026-01-20 20:30:00+01:00,8967.04452434151,12457.484264,2930.0337651480204,4826.337,11897.078289489531,17283.821264000002,17299.485744
2026-01-20 20:45:00+01:00,8971.56071081304,12311.723972,2906.8564015790244,4647.702,11878.417112392064,16959.425972,16974.589016
2026-01-20 21:00:00+01:00,9276.01186087645,11992.515264,2790.4290899637576,4543.83,12066.440950840208,16536.345264,16550.918024
2026-01-20 21:15:00+01:00,9270.395545176465,11633.48794,2804.8646790024354,4307.732,12075.2602241789,15941.21994,15956.194384
2026-01-20 21:30:00+01:00,9282.550894089389,11353.464196,2806.7738266279985,4094.228,12089.324720717388,15447.692196,15462.362456
2026-01-20 21:45:00+01:00,9293.215111096615,11202.45486,2783.1513554187823,4005.481,12076.366466515397,15207.93586,15221.09694
2026-01-20 22:00:00+01:00,8381.56381239731,10909.796148,2673.4675096186998,3804.439,11055.03132201601,14714.235148,14727.408464
2026-01-20 22:15:00+01:00,8445.343603341873,10741.162,2646.169549349863,3643.164,11091.513152691736,14384.326,14396.92984
2026-01-20 22:30:00+01:00,8503.518090513386,10512.36414,2645.343512304019,3479.791,11148.861602817404,13992.15514,14004.886344
2026-01-20 22:45:00+01:00,8552.725009764123,10306.729736,2643.5752670326074,3339.589,11196.30027679673,13646.318736,13659.123428
2026-01-20 23:00:00+01:00,7960.123078336655,10226.412832,2267.7189652287598,3123.449,10227.842043565415,13349.861832,13362.591588
2026-01-20 23:15:00+01:00,7998.9653272195865,10128.748748,2272.269754257339,2977.174,10271.235081476925,13105.922748,13118.969400000002
2026-01-20 23:30:00+01:00,8059.025569729574,10000.512444,2247.0229911512147,2892.597,10306.048560880789,12893.109444,12905.771724
2026-01-20 23:45:00+01:00,8085.93757938757,9925.69618,2228.622908689528,2911.432,10314.560488077097,12837.12818,12849.881216
2026-01-21 00:00:00+01:00,7847.80067798901,9878.787884,2047.4438769009014,2854.967,9895.244554889912,12733.754884,12746.750588
2026-01-21 00:15:00+01:00,7858.335322024806,9933.022452,2059.8816967924913,2792.602,9918.217018817297,12725.624452,12738.1269
2026-01-21 00:30:00+01:00,7889.684478824146,9977.93518,2071.7672578483316,2770.218,9961.451736672478,12748.15318,12760.780064
2026-01-21 00:45:00+01:00,7915.682581527105,10110.095376,2049.1064633826386,2758.146,9964.789044909743,12868.241376,12880.904204
2026-01-21 01:00:00+01:00,8086.519874147499,10204.178544,1962.3395143220691,2710.407,10048.859388469567,12914.585544,12928.208080000002
2026-01-21 01:15:00+01:00,8126.819774657597,10279.441928,1961.8648107212575,2669.812,10088.684585378855,12949.253928,12961.948576
2026-01-21 01:30:00+01:00,8144.552589111462,10385.790344,1954.4097265137764,2682.532,10098.962315625238,13068.322344,13081.126316
2026-01-21 01:45:00+01:00,8140.04149166833,10544.2007,1952.89266619239,2656.379,10092.93415786072,13200.579699999998,13213.107755999998
2026-01-21 02:00:00+01:00,8194.891482946987,10772.516896,2396.3749688887506,2617.775,10591.266451835738,13390.291896,13402.864811999998
2026-01-21 02:15:00+01:00,8215.56557758409,11055.605356,2391.897434051103,2711.986,10607.463011635193,13767.591356,13780.180076
2026-01-21 02:30:00+01:00,8221.366321558282,11351.942684,2391.3109720816337,2805.089,10612.677293639916,14157.031684,14169.974604
2026-01-21 02:45:00+01:00,8218.049417565539,11503.108984,2391.8133419306378,2972.757,10609.862759496176,14475.865984,14488.976444
2026-01-21 03:00:00+01:00,8998.912237567463,11558.212288,2752.0756286068354,2935.924,11750.987866174299,14494.136288000002,14507.340616
2026-01-21 03:15:00+01:00,9013.079345827055,11701.490092,2757.0618802533822,2871.019,11770.141226080437,14572.509092,14585.399932
2026-01-21 03:30:00+01:00,9019.431230246324,11907.985532,2759.6706440414505,2978.026,11779.101874287775,14886.011532,14899.07562
2026-01-21 03:45:00+01:00,9032.607506016633,12137.538696,2763.3922540905537,3135.307,11795.999760107186,15272.845696,15285.776756
2026-01-21 04:00:00+01:00,9869.784471864958,12243.502328,3059.9198051865947,3291.544,12929.704277051553,15535.046328,15547.921208
2026-01-21 04:15:00+01:00,9831.818875173321,12326.390296,3075.567022304599,3482.555,12907.385897477921,15808.945296,15823.044444
2026-01-21 04:30:00+01:00,9792.493807579904,12414.248796,3080.6135317509634,3621.171,12873.107339330867,16035.419796,16048.263268
2026-01-21 04:45:00+01:00,9796.471052958197,12577.927308,3085.248703462159,3880.292,12881.719756420356,16458.219308,16470.862492
2026-01-21 05:00:00+01:00,11129.73206041429,12730.534356,3521.5466539599656,4222.169,14651.278714374255,16952.703355999998,16965.243863999996
2026-01-21 05:15:00+01:00,11124.786593211042,12741.437292,3520.1517077458093,4540.686,14644.938300956852,17282.123292,17294.598448
2026-01-21 05:30:00+01:00,11107.005165951246,12737.236412,3493.1392862381053,4719.703,14600.144452189352,17456.939412,17469.703419999998
2026-01-21 05:45:00+01:00,11093.2916350903,12749.22108,3481.2399362932724,4338.479,14574.531571383572,17087.70008,17100.639275999998
2026-01-21 06:00:00+01:00,12440.67816843706,13142.567224,3988.075114663809,3983.689,16428.75328310087,17126.256224,17139.383516
2026-01-21 06:15:00+01:00,12407.670513809513,13262.382592,3990.0042649617117,4067.937,16397.674778771223,17330.319592,17344.035448
2026-01-21 06:30:00+01:00,12354.349172636064,13391.573952,3988.3395767859897,4224.389,16342.688749422054,17615.962952,17630.316084000002
2026-01-21 06:45:00+01:00,12301.079448166964,13557.238908,3969.2003824972917,4388.195,16270.279830664254,17945.433908,17960.642927999997
2026-01-21 07:00:00+01:00,13318.342065161318,13608.30212,5191.8225616965565,4245.937,18510.164626857873,17854.23912,17872.077419999998
2026-01-21 07:15:00+01:00,13311.228312051098,13930.392188,5216.705306376981,4404.917,18527.93361842808,18335.309188,18353.84778
2026-01-21 07:30:00+01:00,13299.553437688262,14180.757412,5211.50509722658,4417.387,18511.058534914842,18598.144412,18619.483144
2026-01-21 07:45:00+01:00,13294.964866843322,14164.916336,5213.688016390416,4362.09,18508.65288323374,18527.006336,18588.398056
2026-01-21 08:00:00+01:00,13320.343255378935,14070.939628,5571.525233063054,4436.44,18891.86848844199,18507.379628,18718.406219999997
2026-01-21 08:15:00+01:00,13190.577233363774,13885.47658,5594.185268534313,4491.538,18784.762501898087,18377.01458,19240.675864
2026-01-21 08:30:00+01:00,13101.680321358102,13818.42764,5628.276429654854,4541.127,18729.956751012956,18359.55464,20470.771456
2026-01-21 08:45:00+01:00,13033.929509632151,13268.807288,5620.942529540833,4569.156,18654.872039172984,17837.963288,21640.864796
2026-01-21 09:00:00+01:00,12708.446477735804,12225.65834,5814.751636054559,5033.333,18523.198113790364,17258.99134,23235.997068
2026-01-21 09:15:00+01:00,12541.340440892425,11620.51012,5816.515415062506,5148.975,18357.85585595493,16769.48512,25009.917972000003
2026-01-21 09:30:00+01:00,12463.045946067796,11287.840496,5804.574728642822,5069.208,18267.62067471062,16357.048496,27028.956996
2026-01-21 09:45:00+01:00,12402.55224318862,10845.57768,5800.304481827584,4975.763,18202.856725016205,15821.34068,28926.551632
2026-01-21 10:00:00+01:00,12133.723634901928,10598.702416,5957.056340539436,5322.61,18090.779975441365,15921.312416,31379.353736
2026-01-21 10:15:00+01:00,12057.241847784608,10152.000064,5991.59527504344,5295.08,18048.83712282805,15447.080064,33179.571584
2026-01-21 10:30:00+01:00,11970.03169892382,9574.45382,6004.097613683199,5264.571,17974.12931260702,14839.02482,34723.783228
2026-01-21 10:45:00+01:00,11897.703457022173,8871.17438,6024.040647766373,5126.762,17921.744104788544,13997.93638,35786.80894
2026-01-21 11:00:00+01:00,9860.837915339693,8253.959944,5907.637466656499,5099.071,15768.475381996192,13353.030944,36751.197444
2026-01-21 11:15:00+01:00,9785.28843885949,7844.623404,5885.068637146297,5099.51,15670.357076005788,12944.133404,37656.764312
2026-01-21 11:30:00+01:00,9726.59609505093,7489.648392,5885.265173861475,5101.019,15611.861268912406,12590.667392,38324.6881
2026-01-21 11:45:00+01:00,9667.841345407842,7095.642656,5913.630701690729,5067.068,15581.47204709857,12162.710656,38642.167016
2026-01-21 12:00:00+01:00,8833.461150084164,6760.285112,5684.45222062684,5090.304,14517.913370711005,11850.589112,38810.04084
2026-01-21 12:15:00+01:00,8778.250738018402,6662.267672,5682.796670305329,5161.202,14461.047408323731,11823.469672,38745.780208
2026-01-21 12:30:00+01:00,8745.924744482594,6714.269584,5667.756540843432,5174.82,14413.681285326027,11889.089584,38567.01328
2026-01-21 12:45:00+01:00,8711.773259946003,6779.428192,5654.166124755409,5308.774,14365.939384701413,12088.202192,38397.819936
2026-01-21 13:00:00+01:00,7186.18286376937,6846.97676,5632.746604337305,5366.946,12818.929468106675,12213.92276,37922.416688
2026-01-21 13:15:00+01:00,7152.380739453634,6759.851648,5666.954619192063,5509.491,12819.335358645698,12269.342648,37117.112568
2026-01-21 13:30:00+01:00,7115.511822506014,6675.936788,5659.437076766897,5499.065,12774.948899272911,12175.001788,35939.599516
2026-01-21 13:45:00+01:00,7072.088600021121,6719.948976,5620.286263772174,5472.914,12692.374863793295,12192.862976,34530.625816
2026-01-21 14:00:00+01:00,7030.6858966046775,6850.643752,5853.567897462484,4960.474,12884.253794067161,11811.117752,32411.779368000003
2026-01-21 14:15:00+01:00,7009.211213401714,7131.147892,5840.372425835554,4945.496,12849.58363923727,12076.643892,30800.440744
2026-01-21 14:30:00+01:00,6968.9879060394,7569.2324,5846.72154640459,5063.053,12815.709452443989,12632.2854,29235.773952
2026-01-21 14:45:00+01:00,6906.139242638271,7892.199452,5844.826559933077,5272.182,12750.965802571347,13164.381452,27483.315032
2026-01-21 15:00:00+01:00,8700.128613203075,8373.657648,6267.92768155832,5691.127,14968.056294761394,14064.784648,26131.129368
2026-01-21 15:15:00+01:00,8658.428004915822,8885.730824,6237.236176184344,5926.544,14895.664181100166,14812.274824,24426.480168
2026-01-21 15:30:00+01:00,8707.573406265501,9422.111688,6225.810541266589,6150.746,14933.38394753209,15572.857688,22727.17134
2026-01-21 15:45:00+01:00,8724.127455917074,10289.550324,6214.714360797279,6154.514,14938.841816714354,16444.064324,21359.665528
2026-01-21 16:00:00+01:00,10294.454457936921,11384.662492,6124.946632649664,6051.292,16419.401090586587,17435.954492,20394.736848
2026-01-21 16:15:00+01:00,10283.013612279557,12723.522148,6137.614284258169,6053.269,16420.627896537728,18776.791148,20245.91216
2026-01-21 16:30:00+01:00,10341.582120925457,13773.527892,6135.525896302123,6009.804,16477.10801722758,19783.331892,20336.06562
2026-01-21 16:45:00+01:00,10451.913688765788,14884.5739,6135.1852304309705,5739.527,16587.09891919676,20624.1009,20804.325152
2026-01-21 17:00:00+01:00,13135.20461563686,15886.862168,6027.967167115247,5656.691,19163.171782752106,21543.553168,21610.189587999997
2026-01-21 17:15:00+01:00,13215.818369555007,16844.901104,6044.933575146665,5739.797,19260.75194470167,22584.698104,22652.458436
2026-01-21 17:30:00+01:00,13345.33750946928,17656.495936,6038.019654907832,5759.292,19383.357164377114,23415.787936,23476.668472
2026-01-21 17:45:00+01:00,13425.712327068122,18315.385412,6018.97510857476,5637.549,19444.68743564288,23952.934412,23999.095256
2026-01-21 18:00:00+01:00,14162.488396477595,18903.603732,6142.813290871871,5321.54,20305.301687349463,24225.143732,24270.62536
2026-01-21 18:15:00+01:00,14207.668951510983,19380.292168,6158.400328244309,5364.611,20366.06927975529,24744.903168,24778.396912
2026-01-21 18:30:00+01:00,14235.816292246736,19724.80624,6170.953755752836,5456.665,20406.770047999573,25181.471240000003,25213.154436000004
2026-01-21 18:45:00+01:00,14278.97983911307,19820.567932,6151.752979459768,5613.924,20430.732818572837,25434.491932,25461.668444
2026-01-21 19:00:00+01:00,15375.346146755117,19748.612908,6137.580903849427,5912.943,21512.927050604543,25661.555908,25691.460744
2026-01-21 19:15:00+01:00,15385.800857025035,19641.904712,6151.771635726754,6184.936,21537.572492751788,25826.840711999997,25849.035824
2026-01-21 19:30:00+01:00,15388.186390223216,19422.787636,6140.810770039493,6205.422,21528.99716026271,25628.209636,25652.391076
2026-01-21 19:45:00+01:00,15395.921608061562,19058.523624,6140.48874192912,6285.677,21536.41034999068,25344.200624,25364.391472
2026-01-21 20:00:00+01:00,15093.967562451217,19085.282412,6140.962403876999,6143.787,21234.929966328215,25229.069412,25247.501312
2026-01-21 20:15:00+01:00,15073.658557227025,19225.578392,6137.013447998842,6126.313,21210.672005225868,25351.891392,25368.194752
2026-01-21 20:30:00+01:00,15060.980400339242,19178.580372,6138.091670051915,5943.696,21199.072070391157,25122.276372,25137.512488
2026-01-21 20:45:00+01:00,15049.111985456411,19086.012968,6112.567472570729,5761.708,21161.679458027138,24847.720968,24862.593243999996
2026-01-21 21:00:00+01:00,15594.558875471224,18915.888228,6132.837829958945,5953.688,21727.39670543017,24869.576228,24883.540464
2026-01-21 21:15:00+01:00,15581.213661132932,18860.551724,6143.130704268291,6054.658,21724.344365401223,24915.209724,24929.4313
2026-01-21 21:30:00+01:00,15586.082300978378,18767.32924,6135.391368833643,5988.991,21721.47366981202,24756.32024,24769.067108
2026-01-21 21:45:00+01:00,15588.719126978789,18773.792008,6107.992566413726,5987.652,21696.711693392514,24761.444008,24773.972436
2026-01-21 22:00:00+01:00,15636.557212183861,18024.68596,6333.263160523602,5856.401,21969.820372707465,23881.08696,23894.878884
2026-01-21 22:15:00+01:00,15688.825148128466,17959.792068,6308.532485788386,5969.881,21997.35763391685,23929.673068,23941.970972
2026-01-21 22:30:00+01:00,15732.5711164618,18009.175004,6307.321949977751,5979.377,22039.893066439552,23988.552004,24000.659276
2026-01-21 22:45:00+01:00,15771.405746240081,18045.866356,6319.838234363645,5562.818,22091.243980603726,23608.684356,23620.602571999996
2026-01-21 23:00:00+01:00,16880.493736935714,17980.198808,6287.835169430443,5570.649,23168.328906366158,23550.847808,23562.797924
2026-01-21 23:15:00+01:00,16912.791839207843,17915.486936,6290.896571433639,5577.63,23203.68841064148,23493.116936,23505.018008000003
2026-01-21 23:30:00+01:00,16966.703192622703,17850.136852,6263.855175164755,5430.592,23230.558367787457,23280.728852,23292.78892
2026-01-21 23:45:00+01:00,17044.669444505274,17849.81338,6119.56091750432,5336.719,23164.230362009595,23186.53238,23249.613732
2026-01-22 00:00:00+01:00,16829.80275609274,17883.897428,5810.387187115413,6038.728,22640.189943208155,23922.625428,23939.017112
2026-01-22 00:15:00+01:00,16844.492121713603,17838.237496,5819.925249976919,6268.142,22664.41737169052,24106.379496,24121.709384
2026-01-22 00:30:00+01:00,16880.774913013433,17916.546496,5829.707320816057,6497.904,22710.48223382949,24414.450496,24429.117583999996
2026-01-22 00:45:00+01:00,16930.969502720138,17874.172912,5799.7934371038455,6684.06,22730.762939823984,24558.232912000003,24572.371668000003
2026-01-22 01:00:00+01:00,17178.68379971286,17780.853004,5889.8448457041695,6772.407,23068.52864541703,24553.260004,24566.649344
2026-01-22 01:15:00+01:00,17226.182121192778,17786.371036,5887.580473214477,6989.694,23113.762594407257,24776.065036,24788.791612
2026-01-22 01:30:00+01:00,17248.486327586725,17681.298372,5879.459343206631,7030.117,23127.945670793357,24711.415372000003,24723.477168000005
2026-01-22 01:45:00+01:00,17110.89381952703,17674.071244,5896.482329148194,6892.7,23007.376148675226,24566.771244,24578.650056
2026-01-22 02:00:00+01:00,17133.705484293878,17701.364944,6117.360686476221,6787.642,23251.0661707701,24489.006944,24501.03604
2026-01-22 02:15:00+01:00,17159.220665007968,17752.365928,6113.823300112124,6751.646,23273.043965120094,24504.011928,24515.919268
2026-01-22 02:30:00+01:00,17178.926584158973,17730.736444,6113.02125227032,6696.932,23291.94783642929,24427.668444,24440.04364
2026-01-22 02:45:00+01:00,17179.658408633724,17621.857956,6115.604424975996,6730.239,23295.26283360972,24352.096956,24364.297516
2026-01-22 03:00:00+01:00,17596.413150444,17331.71384,5970.99878367087,6807.473,23567.41193411487,24139.18684,24151.342812000003
2026-01-22 03:15:00+01:00,17609.653907290856,17264.18906,5974.327810856813,6841.741,23583.98171814767,24105.93006,24117.911367999997
2026-01-22 03:30:00+01:00,17621.012247978644,17330.65138,5977.349150139754,6932.146,23598.3613981184,24262.79738,24274.604608
2026-01-22 03:45:00+01:00,17652.06647667337,17319.351828,5986.409461527375,6955.458,23638.475938200747,24274.809828,24286.804019999996
2026-01-22 04:00:00+01:00,17777.651475404557,17412.6204,5882.477334023511,7055.521,23660.128809428068,24468.1414,24479.954276
2026-01-22 04:15:00+01:00,17743.823843859926,17457.624796,5902.219244693745,7131.61,23646.04308855367,24589.234796,24600.996376
2026-01-22 04:30:00+01:00,17706.03840409975,17483.014204,5909.872343213328,7126.139,23615.91074731308,24609.153204,24621.5181
2026-01-22 04:45:00+01:00,17713.727035336266,17521.26206,5920.297520579874,7143.655,23634.02455591614,24664.91706,24676.87742
2026-01-22 05:00:00+01:00,16903.446922758038,17658.456832,5719.424222029107,7068.024,22622.871144787146,24726.480832,24738.254428
2026-01-22 05:15:00+01:00,16906.478252479956,17840.710316,5723.026741087541,6785.758,22629.504993567498,24626.468316,24638.417051999997
2026-01-22 05:30:00+01:00,16890.378842589333,17792.620652,5701.5667606581,6657.565,22591.945603247434,24450.185652,24462.137456
2026-01-22 05:45:00+01:00,16882.294384808374,17732.322812,5677.355544364118,6552.581,22559.64992917249,24284.903811999997,24297.965931999996
2026-01-22 06:00:00+01:00,17116.12260940323,18421.514024,5622.350599686032,6488.05,22738.473209089265,24909.564024,24922.072004
2026-01-22 06:15:00+01:00,17100.08054525742,18143.48398,5625.482375438466,6588.722,22725.562920695887,24732.20598,24744.993724
2026-01-22 06:30:00+01:00,17045.26774094093,17941.299048,5627.165263301509,6727.463,22672.43300424244,24668.762048,24682.915476
2026-01-22 06:45:00+01:00,17001.39492677335,17930.694652,5609.820375892421,6764.387,22611.215302665772,24695.081651999997,24734.017847999996
2026-01-22 07:00:00+01:00,16389.281355592077,17901.65042,5631.643420388405,6560.13,22020.924775980482,24461.780420000003,24497.220676000004
2026-01-22 07:15:00+01:00,16393.226753338025,17815.567204,5656.980678158067,6667.704,22050.207431496092,24483.271203999997,24519.440983999997
2026-01-22 07:30:00+01:00,16393.017941075585,17838.019232,5652.897564534082,6815.383,22045.915505609668,24653.402232,24699.323248
2026-01-22 07:45:00+01:00,16386.24359254773,17868.566236,5656.929267236278,6861.925,22043.17285978401,24730.491236,24848.681596
2026-01-22 08:00:00+01:00,16068.007631009401,17803.219572,5612.33584084562,7158.541,21680.34347185502,24961.760572000003,25094.321624000004
2026-01-22 08:15:00+01:00,15931.594287156504,17795.423068,5639.741697096875,7243.897,21571.33598425338,25039.320068,25682.856064
2026-01-22 08:30:00+01:00,15869.239403937381,17772.181704,5687.53088103614,7255.566,21556.77028497352,25027.747704,26661.043948
2026-01-22 08:45:00+01:00,15818.69718783641,17342.909388,5680.460837124626,7310.618,21499.158024961034,24653.527388,27513.319580000003
2026-01-22 09:00:00+01:00,15435.302198519377,16499.264864,5773.451984324217,6844.227,21208.754182843593,23343.491864,27772.812496
2026-01-22 09:15:00+01:00,15338.95759624417,15796.33336,5773.166816369842,7037.718,21112.12441261401,22834.05136,29039.246036
2026-01-22 09:30:00+01:00,15261.073807045052,15238.52472,5761.084033204741,7115.259,21022.15784024979,22353.78372,30520.826128
2026-01-22 09:45:00+01:00,15199.153604643161,14839.14844,5757.137251506679,7221.573,20956.29085614984,22060.72144,32186.651924
2026-01-22 10:00:00+01:00,14166.105763466685,14293.343252,5661.2075224215805,7374.487,19827.313285888267,21667.830252,33834.720396000004
2026-01-22 10:15:00+01:00,14076.561627505,13854.023488,5695.298487960844,7333.257,19771.860115465843,21187.280488,35206.812028
2026-01-22 10:30:00+01:00,13973.867496119783,13242.949384,5704.657010315593,7325.907,19678.524506435377,20568.856384,36390.999756
2026-01-22 10:45:00+01:00,13888.897326678754,12813.770876,5722.92928831885,7420.188,19611.826614997604,20233.958876,37672.565544
2026-01-22 11:00:00+01:00,12997.44228071675,12387.474472,5699.890092109331,7417.743,18697.33237282608,19805.217472,38678.924428
2026-01-22 11:15:00+01:00,12914.118262951804,11974.109392,5676.5506570955995,7583.584,18590.668920047403,19557.693392,39610.381732
2026-01-22 11:30:00+01:00,12849.549356004944,11632.6462,5673.500102480642,7494.935,18523.049458485584,19127.5812,40102.709836
2026-01-22 11:45:00+01:00,12785.872174778651,11329.489532,5697.780714352498,7349.367,18483.65288913115,18678.856532,40417.109924
2026-01-22 12:00:00+01:00,11215.362559905972,11136.22434,5849.048441458047,7699.908,17064.41100136402,18836.13234,41064.54084
2026-01-22 12:15:00+01:00,11149.414730570927,11197.80952,5846.247364474526,7563.581,16995.662095045453,18761.39052,41244.294016
2026-01-22 12:30:00+01:00,11112.453584857732,11346.826232,5828.156012279712,7578.398,16940.609597137445,18925.224232,41386.73314
2026-01-22 12:45:00+01:00,11072.305800042599,11629.74186,5813.257469746587,7489.287,16885.563269789185,19119.02886,41277.945916
2026-01-22 13:00:00+01:00,10671.930587530453,11837.985804,6060.776233966564,7481.942,16732.706821497017,19319.927804,41066.416684
2026-01-22 13:15:00+01:00,10635.85077781626,12049.810648,6091.209811905921,7506.938,16727.060589722183,19556.748648,40512.389692
2026-01-22 13:30:00+01:00,10591.060136030226,12061.396968,6083.227837298722,7655.784,16674.28797332895,19717.180968,39698.246172
2026-01-22 13:45:00+01:00,10543.681638669783,12120.77184,6052.8347956136095,7646.937,16596.516434283392,19767.70884,38467.841432
2026-01-22 14:00:00+01:00,10937.892097284286,12204.737796,5998.366979268653,7811.913,16936.25907655294,20016.650796,37263.073824
2026-01-22 14:15:00+01:00,10912.779894203848,12172.220492,5986.683944466724,7368.316,16899.46383867057,19540.536492,35093.670672
2026-01-22 14:30:00+01:00,10865.896463609828,12295.15232,5996.750302180183,7359.703,16862.64676579001,19654.85532,33365.46406
2026-01-22 14:45:00+01:00,10809.727876845129,12284.170624,5999.694616679765,7464.59,16809.422493524893,19748.760624,31454.318052
2026-01-22 15:00:00+01:00,11047.489127742509,12418.97576,6095.370372264213,7492.215,17142.85950000672,19911.19076,29443.796919999997
2026-01-22 15:15:00+01:00,11022.226646360721,12469.738588,6069.337480752491,7428.497,17091.56412711321,19898.235588,27371.510264
2026-01-22 15:30:00+01:00,11077.088777274397,12569.817408,6063.664072193244,7385.425,17140.75284946764,19955.242408,25421.553720000004
2026-01-22 15:45:00+01:00,11125.77041210487,12752.785232,6058.972465831047,7197.814,17184.742877935918,19950.599232,23616.691472
2026-01-22 16:00:00+01:00,13304.239831376828,13276.14456,6039.313221288427,7255.207,19343.553052665255,20531.351560000003,22691.780144000004
2026-01-22 16:15:00+01:00,13476.311941682903,14373.4974,6056.835156557947,7264.874,19533.14709824085,21638.3714,22765.571524
2026-01-22 16:30:00+01:00,13742.574260911351,15233.145688,6068.2585035888105,7295.511,19810.832764500163,22528.656688000003,22995.527752
2026-01-22 16:45:00+01:00,13886.620714103221,16008.854168,6081.642451321257,7367.014,19968.263165424476,23375.868168,23549.296116
2026-01-22 17:00:00+01:00,15636.045906099775,16602.464028,6145.458936430555,7443.937,21781.50484253033,24046.401028,24122.321344
2026-01-22 17:15:00+01:00,15737.598412798887,16807.848812,6170.939265382258,7504.509,21908.537678181143,24312.357812,24377.04732
2026-01-22 17:30:00+01:00,16021.73730161725,17195.840932,6176.889806391994,7501.232,22198.627108009245,24697.072932,24758.313552
2026-01-22 17:45:00+01:00,16073.368752904971,17631.469496,6177.804164364131,7476.937,22251.1729172691,25108.406496000003,25167.291296000003
2026-01-22 18:00:00+01:00,16822.155677628853,17888.252856,6227.766010904402,7225.758,23049.921688533253,25114.010856,25156.261648
2026-01-22 18:15:00+01:00,16883.136031840015,17965.873348,6258.244103139795,7251.234,23141.38013497981,25217.107348,25246.54474
2026-01-22 18:30:00+01:00,16926.961757154255,17988.52448,6282.250812873585,7257.367,23209.21257002784,25245.89148,25273.062388
2026-01-22 18:45:00+01:00,16977.791045031878,18119.683932,6274.9111198521905,7212.98,23252.702164884067,25332.663932,25356.7413
2026-01-22 19:00:00+01:00,16911.897608054085,18433.512072,6144.087214106979,7258.091,23055.984822161066,25691.603072,25718.544632
2026-01-22 19:15:00+01:00,16929.383382282373,18829.445584,6153.730790309543,7264.704,23083.114172591915,26094.149584,26114.574967999997
2026-01-22 19:30:00+01:00,16934.83864764965,19069.163688,6137.39667521292,7266.859,23072.23532286257,26336.022688,26354.542132
2026-01-22 19:45:00+01:00,16950.35909185564,19159.195672,6132.321752181419,7275.976,23082.68084403706,26435.171672,26453.013952
2026-01-22 20:00:00+01:00,16752.31354585723,18953.99856,6338.836541205228,7186.228,23091.15008706246,26140.22656,26157.065372
2026-01-22 20:15:00+01:00,16744.812056514707,18912.601852,6336.368302479554,6816.342,23081.18035899426,25728.943852,25745.556488
2026-01-22 20:30:00+01:00,16728.325254825042,18935.027324,6331.461754476652,6777.965,23059.787009301694,25712.992324,25728.238532
2026-01-22 20:45:00+01:00,16709.12084481896,18906.91756,6303.3302070537475,6762.688,23012.451051872707,25669.605560000004,25685.339336000005
2026-01-22 21:00:00+01:00,16885.130115967262,18781.125848,6415.387697052266,6737.861,23300.517813019527,25518.986848,25534.67048
2026-01-22 21:15:00+01:00,16853.85363591389,18623.35562,6390.484912751449,6871.438,23244.33854866534,25494.793619999997,25508.832052
2026-01-22 21:30:00+01:00,16849.20380338621,18569.998532,6375.2018491942945,6981.007,23224.405652580506,25551.005532000003,25565.192372
2026-01-22 21:45:00+01:00,16842.000742621054,18371.021488,6343.992236997425,6727.596,23185.99297961848,25098.617487999996,25113.039395999996
2026-01-22 22:00:00+01:00,16427.348579631387,17478.784828,6300.420630665519,6949.325,22727.769210296905,24428.109828,24442.489144
2026-01-22 22:15:00+01:00,16470.228741172137,17645.983852,6274.3639550475955,7005.732,22744.592696219734,24651.715852,24665.941792
2026-01-22 22:30:00+01:00,16502.711879044255,17730.932352,6270.607991017851,7003.903,22773.319870062107,24734.835352,24749.174432000003
2026-01-22 22:45:00+01:00,16526.229323398537,17728.730556,6276.06191365331,6840.09,22802.291237051846,24568.820556,24583.010243999997
2026-01-22 23:00:00+01:00,16499.68209808325,17604.5642,6055.173887893642,6985.686,22554.85598597689,24590.2502,24604.506616
2026-01-22 23:15:00+01:00,16527.758922866957,17594.195332,6054.569688028107,6920.587,22582.328610895063,24514.782332,24529.237624
2026-01-22 23:30:00+01:00,16569.11721874374,17385.11582,6026.282892155693,6914.61,22595.400110899434,24299.72582,24314.1935
2026-01-22 23:45:00+01:00,16587.812471586578,17232.046716,6006.620816257834,6942.035,22594.43328784441,24174.081716,24188.38172
2026-01-23 00:00:00+01:00,18383.357864977275,17085.181096,6354.665146977448,7023.483,24738.023011954723,24108.664096,24122.678076
2026-01-23 00:15:00+01:00,18391.34191571796,16842.98716,6370.576001461873,7068.125,24761.91791717983,23911.11216,23924.693916
2026-01-23 00:30:00+01:00,18419.239592459046,16595.958784,6384.729336827622,7085.333,24803.968929286668,23681.291783999997,23695.244072
2026-01-23 00:45:00+01:00,18436.20765147943,16413.138932,6364.322028360948,7100.701,24800.52967984038,23513.839932000003,23527.634916000003
2026-01-23 01:00:00+01:00,18368.799495220344,16181.343996,6145.118185486203,7154.094,24513.91768070655,23335.437996,23349.018568
2026-01-23 01:15:00+01:00,18403.786779890284,16146.96994,6145.936547825984,7165.422,24549.723327716267,23312.39194,23326.011884
2026-01-23 01:30:00+01:00,18413.5106573502,16214.41462,6139.354089899648,7173.098,24552.86474724985,23387.51262,23401.288772
2026-01-23 01:45:00+01:00,18412.693878782273,16158.566592,6133.077857327799,7187.699,24545.771736110073,23346.265592,23360.048264
2026-01-23 02:00:00+01:00,18715.352752590334,16125.916212,6013.379060397551,6785.184,24728.731812987884,22911.100212,22923.440348
2026-01-23 02:15:00+01:00,18736.876803478433,16142.306544,6008.884530850594,6860.879,24745.76133432903,23003.185544,23015.406568
2026-01-23 02:30:00+01:00,18752.001931953364,16402.396112,6007.253846162317,6867.141,24759.25577811568,23269.537112,23281.996468
2026-01-23 02:45:00+01:00,18744.595447478372,16579.420788,6010.496538929775,6861.949,24755.091986408148,23441.369788,23454.112644
2026-01-23 03:00:00+01:00,18696.870054032017,16659.640216,6082.460893595257,7320.424,24779.330947627273,23980.064216,23992.631847999997
2026-01-23 03:15:00+01:00,18716.47817482767,16702.831668,6089.04272898081,7360.532,24805.52090380848,24063.363668,24075.715227999997
2026-01-23 03:30:00+01:00,18720.392973243408,16727.326536,6094.852293282564,7361.748,24815.24526652597,24089.074536,24101.452244
2026-01-23 03:45:00+01:00,18728.497263029127,16765.661224,6102.389840980992,7356.79,24830.88710401012,24122.451224,24135.085432
2026-01-23 04:00:00+01:00,18263.59492597341,16738.425516,5987.45991120994,7239.38,24251.05483718335,23977.805516,23990.402996
2026-01-23 04:15:00+01:00,18225.04625095944,16691.511048,6008.6219058216,7185.159,24233.66815678104,23876.670048,23889.261776
2026-01-23 04:30:00+01:00,18185.754575949773,16810.500372,6016.926746879611,7140.109,24202.681322829383,23950.609372,23963.234656
2026-01-23 04:45:00+01:00,18191.393995368726,16796.521524,6027.678117403304,7140.923,24219.07211277203,23937.444524,23950.406224
2026-01-23 05:00:00+01:00,18904.478278872044,16914.447032,5933.150811297213,7106.051,24837.629090169256,24020.498032,24034.753984
2026-01-23 05:15:00+01:00,18911.646698793407,17197.664828,5927.660360640778,7077.404,24839.307059434184,24275.068828000003,24287.815732000003
2026-01-23 05:30:00+01:00,18892.883971123556,17311.644588,5898.915807026118,7040.451,24791.799778149674,24352.095588,24365.032112
2026-01-23 05:45:00+01:00,18876.331888665587,17393.026996,5872.005145359825,6658.891,24748.33703402541,24051.917996,24065.055072
2026-01-23 06:00:00+01:00,19244.110965728512,18275.244612,5725.336198786685,6626.42,24969.447164515197,24901.664612,24914.866968
2026-01-23 06:15:00+01:00,19212.810924865113,18261.30574,5734.440825589274,6933.311,24947.251750454387,25194.61674,25206.882299999997
2026-01-23 06:30:00+01:00,19155.403740053192,18218.6173,5738.8243893799145,6966.335,24894.228129433108,25184.9523,25199.272784
2026-01-23 06:45:00+01:00,19105.126534045306,18322.542392,5725.834401231732,6841.655,24830.96093527704,25164.197392,25179.692003999997
2026-01-23 07:00:00+01:00,18864.391547877625,18388.871064,5775.550232099642,6954.808,24639.941779977267,25343.679064,25360.977272
2026-01-23 07:15:00+01:00,18864.694747542428,18407.575424,5805.177658099321,6860.045,24669.87240564175,25267.620424,25286.064188
2026-01-23 07:30:00+01:00,18860.68437349973,18582.0828,5805.259682279659,6755.646,24665.94405577939,25337.7288,25359.476292
2026-01-23 07:45:00+01:00,18847.514929847894,18881.499548,5809.769694520672,6510.541,24657.284624368564,25392.040548,25431.587948
2026-01-23 08:00:00+01:00,18756.84534926678,18999.577596,6122.114622450482,6794.858,24878.95997171726,25794.435596,25926.962388
2026-01-23 08:15:00+01:00,18753.914988914672,18936.942396,6146.016364294507,7066.355,24899.93135320918,26003.297396,26522.999816
2026-01-23 08:30:00+01:00,18663.74611819745,19003.963268,6112.348696505426,7094.125,24776.094814702876,26098.088268,27329.464656
2026-01-23 08:45:00+01:00,18611.95468907535,18797.568304,6105.682228152689,6785.821,24717.63691722804,25583.389304,27739.378296
2026-01-23 09:00:00+01:00,18673.076571031514,18301.149912,6023.861421467834,6845.107,24696.93799249935,25146.256912,28499.247292
2026-01-23 09:15:00+01:00,18569.59386781174,17927.41736,6027.806704955242,6924.194,24597.400572766983,24851.61136,29513.447852
2026-01-23 09:30:00+01:00,18489.151802840886,17700.086748,6013.520326951987,6746.781,24502.672129792874,24446.867748,30612.574012
2026-01-23 09:45:00+01:00,18419.9888277788,17547.337856,6007.805324338114,6748.304,24427.794152116916,24295.641856,32101.322036
2026-01-23 10:00:00+01:00,17517.859054866425,17461.263516,6071.816362920918,7229.476,23589.675417787344,24690.739516,34165.592271999994
2026-01-23 10:15:00+01:00,17414.761496873478,17202.710384,6100.881086874319,7723.821,23515.6425837478,24926.531384,36052.819512
2026-01-23 10:30:00+01:00,17289.821672077265,17397.770652,6112.737457017945,7846.897,23402.55912909521,25244.667652,37905.904624
2026-01-23 10:45:00+01:00,17175.835554123656,17292.0168,6127.827464067675,7710.871,23303.66301819133,25002.8878,38975.516792
2026-01-23 11:00:00+01:00,15893.923879399657,17218.569324,6195.74937612518,8214.63,22089.673255524838,25433.199324,40610.86994
2026-01-23 11:15:00+01:00,15808.626609108585,17252.32516,6169.547865118531,8324.656,21978.17447422712,25576.981160000003,41682.182636000005
2026-01-23 11:30:00+01:00,15736.600262052827,17322.0185,6168.242034013988,8277.892,21904.842296066814,25599.9105,42437.65306
2026-01-23 11:45:00+01:00,15652.074115553227,17385.297212,6190.606429020252,8122.749,21842.68054457348,25508.046212,43106.604972
2026-01-23 12:00:00+01:00,15636.680649141861,17751.95358,6179.30190261183,8184.81,21815.982551753692,25936.763580000003,43950.557052
2026-01-23 12:15:00+01:00,15557.603883787326,17955.044848,6177.1900279461015,8119.794,21734.793911733428,26074.838848,44235.985504
2026-01-23 12:30:00+01:00,15516.011716894498,18167.86056,6156.3335907945375,8112.552,21672.345307689036,26280.41256,44495.307616000006
2026-01-23 12:45:00+01:00,15477.907135504063,18504.42534,6137.591590075645,8042.066,21615.49872557971,26546.49134,44553.560312
2026-01-23 13:00:00+01:00,16116.996741050933,18597.30084,6228.370860709669,8076.821,22345.3676017606,26674.12184,44258.449076
2026-01-23 13:15:00+01:00,16070.826844350117,18588.024024,6262.156715917904,8001.002,22332.98356026802,26589.026024,43606.652704
2026-01-23 13:30:00+01:00,16012.07664271335,18577.886696,6253.959246304851,7996.639,22266.0358890182,26574.525696,42920.926432
2026-01-23 13:45:00+01:00,15961.257166273645,18787.75496,6222.034834918143,7931.126,22183.29200119179,26718.88096,42039.902768
2026-01-23 14:00:00+01:00,16664.584507576397,18847.724436,6166.242391199643,7624.177,22830.82689877604,26471.901436,40617.018476
2026-01-23 14:15:00+01:00,16652.243044392555,19016.144432,6150.594815734696,7405.69,22802.83786012725,26421.834432,39317.36568
2026-01-23 14:30:00+01:00,16614.65621137563,19251.850556,6162.548192312471,7366.246,22777.2044036881,26618.096556,38172.755912
2026-01-23 14:45:00+01:00,16567.42246897009,19523.332204,6170.034391071783,7257.892,22737.45686004187,26781.224204,36774.500071999995
2026-01-23 15:00:00+01:00,17350.092087045283,19772.866284,6062.564201547091,7633.134,23412.656288592374,27406.000284,35728.74564
2026-01-23 15:15:00+01:00,17335.389407393934,20137.943688,6036.670328562873,7452.008,23372.059735956806,27589.951688,34240.807384
2026-01-23 15:30:00+01:00,17390.886877124616,20280.369764,6035.524612631531,7515.574,23426.41148975615,27795.943764,32879.745944
2026-01-23 15:45:00+01:00,17427.491134767788,20621.471988,6029.89969657922,7471.643,23457.39083134701,28093.114988,31726.888988
2026-01-23 16:00:00+01:00,18047.688902900944,21054.398748,5796.274782092894,6951.157,23843.96368499384,28005.555748,30321.768851999997
2026-01-23 16:15:00+01:00,18165.03943375292,21723.385828,5815.270980188167,6911.606,23980.31041394109,28634.991828,29924.227932
2026-01-23 16:30:00+01:00,18468.139816462408,22264.211152,5823.539891874498,6833.348,24291.679708336906,29097.559152,29693.734248
2026-01-23 16:45:00+01:00,18632.78442207629,22441.09546,5822.075825611353,6741.622,24454.86024768764,29182.71746,29404.627744
2026-01-23 17:00:00+01:00,19702.533131200795,22686.518016,5858.0690294206515,6291.908,25560.602160621445,28978.426016,29085.439096
2026-01-23 17:15:00+01:00,19837.657548184096,23037.024376,5889.30612697969,6253.164,25726.963675163785,29290.188376,29409.73394
2026-01-23 17:30:00+01:00,20010.20815807483,23637.40164,5895.894047824253,6133.035,25906.102205899086,29770.43664,29879.137972
2026-01-23 17:45:00+01:00,20130.711718075258,23896.220476,5895.424012479114,5944.642,26026.13573055437,29840.862476,29925.175927999997
2026-01-23 18:00:00+01:00,20599.26958777078,24039.290976,6010.08264871224,5782.25,26609.35223648302,29821.540976,29935.300836
2026-01-23 18:15:00+01:00,20677.096043143047,24271.368576,6041.715622234902,5756.078,26718.81166537795,30027.446576,30100.944472000003
2026-01-23 18:30:00+01:00,20744.809458919557,24273.202564,6068.410109431865,5803.771,26813.219568351422,30076.973564,30131.331376
2026-01-23 18:45:00+01:00,20803.653634067075,24377.214468,6065.1508323782155,5840.261,26868.80446644529,30217.475467999997,30263.336923999996
2026-01-23 19:00:00+01:00,21195.27622835752,24413.275808,6056.954955351801,5910.69,27252.231183709322,30323.965807999997,30371.945291999997
2026-01-23 19:15:00+01:00,21207.195662502258,24424.129536,6075.479938563612,6230.581,27282.675601065872,30654.710536,30677.826144
2026-01-23 19:30:00+01:00,21208.646171270746,24356.695184,6059.807473373831,6322.248,27268.453644644578,30678.943184,30698.618848
2026-01-23 19:45:00+01:00,21213.395078981728,24031.599048,6057.711853371504,6245.625,27271.106932353232,30277.224048,30295.338212
2026-01-23 20:00:00+01:00,21087.609937785226,23763.5263,6042.088980435862,6171.12,27129.69891822109,29934.6463,29951.1758
2026-01-23 20:15:00+01:00,21093.714831714846,23568.135104,6041.4606591484035,6215.61,27135.17549086325,29783.745104,29798.741948000003
2026-01-23 20:30:00+01:00,21079.79150021902,23431.35064,6030.452368861262,6153.769,27110.24386908028,29585.11964,29599.70286
2026-01-23 20:45:00+01:00,21064.66760492779,22886.834124,5996.405161998357,6079.9,27061.072766926147,28966.734124,28981.039164
2026-01-23 21:00:00+01:00,20857.09730014938,22524.518424,5972.163442105676,6494.682,26829.260742255057,29019.200424,29032.981776000004
2026-01-23 21:15:00+01:00,20819.01263985371,22458.0644,5983.839681469469,6740.644,26802.85232132318,29198.7084,29212.528632
2026-01-23 21:30:00+01:00,20813.258554913453,22396.03216,5968.919894675616,6878.416,26782.178449589068,29274.44816,29288.33136
2026-01-23 21:45:00+01:00,20809.167042927726,22129.752804,5938.920302930464,6832.647,26748.08734585819,28962.399804,28976.227376
2026-01-23 22:00:00+01:00,19415.127803277945,20750.171228,5929.826420431833,6439.858,25344.954223709778,27190.029228,27203.771172
2026-01-23 22:15:00+01:00,19449.89549972247,20786.264656,5908.259207059526,6476.403,25358.154706781992,27262.667656,27276.165948
2026-01-23 22:30:00+01:00,19480.148884189843,20868.412884,5903.144565319096,6610.613,25383.29344950894,27479.025884,27493.8045
2026-01-23 22:45:00+01:00,19504.18652944636,20633.85528,5901.168249170154,6557.004,25405.354778616515,27190.85928,27204.709132
2026-01-23 23:00:00+01:00,18982.577808540074,20290.442276,6017.779626274028,6939.71,25000.3574348141,27230.152276,27243.544912
2026-01-23 23:15:00+01:00,19004.442383084708,19957.334944,6021.567577969496,7355.312,25026.009961054202,27312.646944,27325.884284
2026-01-23 23:30:00+01:00,19033.93226271299,19743.46802,5997.002683802207,7321.448,25030.934946515197,27064.91602,27078.35878
2026-01-23 23:45:00+01:00,19050.977514599832,19561.560756,5984.5673264466695,7174.261,25035.544841046503,26735.821756,26749.45726
2026-01-24 00:00:00+01:00,18315.304214024654,19374.508388,6690.8487611940955,7628.967,25006.15297521875,27003.475388,27018.96808
2026-01-24 00:15:00+01:00,18324.520824352992,19117.972308,6713.032337303515,7737.882,25037.553161656506,26855.854308,26869.061784
2026-01-24 00:30:00+01:00,18350.34723118501,18885.511636,6731.106012815193,7715.995,25081.4532440002,26601.506636,26614.894364
2026-01-24 00:45:00+01:00,18364.031800300232,18756.542116,6713.538254531455,7673.569,25077.57005483169,26430.111116,26443.642028
2026-01-24 01:00:00+01:00,18320.56435222414,18448.29498,6631.098413232731,7895.16,24951.662765456873,26343.45498,26356.878224
2026-01-24 01:15:00+01:00,18360.12333154669,18137.947176,6630.8605815204055,7903.726,24990.983913067095,26041.673176,26054.937612
2026-01-24 01:30:00+01:00,18372.983389603356,17834.30428,6632.787938234794,7904.626,25005.77132783815,25738.93028,25752.2908
2026-01-24 01:45:00+01:00,18366.09598241091,17509.747928,6628.956639402816,7663.859,24995.052621813724,25173.606928,25186.9101
2026-01-24 02:00:00+01:00,17968.67013858838,17096.84846,6668.055501221957,8033.717,24636.725639810335,25130.56546,25143.913696000003
2026-01-24 02:15:00+01:00,17987.55273620888,16740.077344,6669.230867869972,8052.312,24656.783604078853,24792.389344000003,24804.422736000004
2026-01-24 02:30:00+01:00,18007.024632233908,16362.927912,6669.6945190010565,8074.644,24676.719151234964,24437.571912,24449.69068
2026-01-24 02:45:00+01:00,18011.264685279395,16127.073864,6668.69459731913,8059.951,24679.959282598524,24187.024864,24199.228508
2026-01-24 03:00:00+01:00,17552.49813386219,15690.041528,6693.63539664912,7743.212,24246.13353051131,23433.253528,23445.12368
2026-01-24 03:15:00+01:00,17588.09923220707,15236.957684,6701.618348755414,7733.454,24289.717580962486,22970.411684,22982.108236
2026-01-24 03:30:00+01:00,17599.22091088283,14777.630016,6715.656334189264,7711.651,24314.877245072094,22489.281016,22502.0322
2026-01-24 03:45:00+01:00,17601.590450423842,14471.210216,6725.588489196046,7687.426,24327.178939619887,22158.636216,22170.45776
2026-01-24 04:00:00+01:00,16609.653741352577,14322.40432,6711.808826584148,7779.474,23321.462567936724,22101.87832,22113.734232
2026-01-24 04:15:00+01:00,16569.87216513397,14064.944416,6730.110355301658,7750.351,23299.982520435628,21815.295416,21826.977488
2026-01-24 04:30:00+01:00,16531.885059749817,13709.551044,6736.184908087898,7745.224,23268.069967837713,21454.775044,21466.390156
2026-01-24 04:45:00+01:00,16538.041602670728,13546.885392,6744.139005696454,7734.683,23282.180608367184,21281.568392,21293.240752
2026-01-24 05:00:00+01:00,15371.589283170324,13414.1957,6758.841847088019,7841.214,22130.431130258345,21255.4097,21266.938372
2026-01-24 05:15:00+01:00,15388.981812291533,13391.160812,6759.34874224351,7859.37,22148.330554535045,21250.530812,21261.977556
2026-01-24 05:30:00+01:00,15377.344454797827,13225.622828,6730.976432844037,7915.187,22108.320887641865,21140.809828,21152.454336
2026-01-24 05:45:00+01:00,15364.844901177657,13063.94464,6689.079240379098,8018.69,22053.924141556756,21082.63464,21094.444656
2026-01-24 06:00:00+01:00,14351.178436217817,13455.26318,6621.999191655242,8030.603,20973.177627873058,21485.86618,21497.570504
2026-01-24 06:15:00+01:00,14319.559097567426,13345.579712,6639.508770445985,8050.13,20959.06786801341,21395.709712,21407.851076
2026-01-24 06:30:00+01:00,14263.739883369386,13092.110424,6651.811969245392,8032.221,20915.55185261478,21124.331424,21137.134644
2026-01-24 06:45:00+01:00,14226.57558397324,12953.743448,6635.467026806357,8177.638,20862.042610779597,21131.381448,21145.332304
2026-01-24 07:00:00+01:00,14126.06562031686,12810.76248,6616.190243891952,8063.077,20742.25586420881,20873.83948,20889.243768
2026-01-24 07:15:00+01:00,14128.319565595037,12747.51292,6641.573455632743,7932.953,20769.89302122778,20680.46592,20697.20212
2026-01-24 07:30:00+01:00,14128.077822529975,12569.70446,6641.6485371041945,8040.47,20769.72635963417,20610.17446,20630.067824
2026-01-24 07:45:00+01:00,14129.339489198823,12362.265388,6635.928692542256,8129.277,20765.268181741078,20491.542388,20520.532428
2026-01-24 08:00:00+01:00,13663.132889777953,12134.232124,6675.022468816658,7920.712,20338.15535859461,20054.944124,20138.482956
2026-01-24 08:15:00+01:00,13593.46877468597,11924.63884,6710.962072725368,7942.352,20304.43084741134,19866.99084,20207.191368
2026-01-24 08:30:00+01:00,13528.482905701114,11765.813756,6697.6609655304865,7898.157,20226.1438712316,19663.970756,20494.398675999997
2026-01-24 08:45:00+01:00,13458.789795202982,11690.624732,6687.920260423065,7791.886,20146.71005562605,19482.510732,20976.666640000003
2026-01-24 09:00:00+01:00,12078.394467198868,11550.679944,6833.657038208719,8061.797,18912.051505407588,19612.476944,21957.50028
2026-01-24 09:15:00+01:00,11968.672001570632,11365.572276,6842.539485855766,8096.292,18811.211487426397,19461.864276,22662.015052
2026-01-24 09:30:00+01:00,11874.40699439648,11087.75728,6829.186059433923,8062.893,18703.593053830402,19150.65028,23290.94348
2026-01-24 09:45:00+01:00,11785.300527537174,10819.953524,6824.9775354263265,8042.972,18610.2780629635,18862.925524,23970.289147999996
2026-01-24 10:00:00+01:00,10970.833546426253,10468.99308,6940.886271361876,7970.668,17911.71981778813,18439.66108,24690.685408
2026-01-24 10:15:00+01:00,10848.689314039739,10313.710476,6972.252860387079,7896.965,17820.94217442682,18210.675476,25534.396336
2026-01-24 10:30:00+01:00,10698.732752000242,10269.732984,6988.349369165381,7845.986,17687.082121165622,18115.718984,26478.786652
2026-01-24 10:45:00+01:00,10561.994459841459,10308.516364,7006.795484506443,7809.274,17568.789944347904,18117.790364,27361.876308
2026-01-24 11:00:00+01:00,10250.31037576978,10223.758252,6967.444733065953,7729.992,17217.755108835736,17953.750251999998,27908.422376
2026-01-24 11:15:00+01:00,10153.29249251093,10031.047496,6948.505765821699,7586.904,17101.79825833263,17617.951496,28367.378288
2026-01-24 11:30:00+01:00,10053.326640452935,9684.84748,6947.43095673035,7443.768,17000.757597183285,17128.61548,28633.343512
2026-01-24 11:45:00+01:00,9946.122788108773,9376.039196,6968.466400268149,7304.134,16914.58918837692,16680.173196,28600.70616
2026-01-24 12:00:00+01:00,9815.852492318225,9063.391884,6838.174333248787,7190.041,16654.026825567013,16253.432884000002,28542.954084
2026-01-24 12:15:00+01:00,9733.83004514034,8735.083788,6832.240281478455,7087.062,16566.070326618792,15822.145788,28454.347888
2026-01-24 12:30:00+01:00,9697.222289202933,8408.574112,6814.4644934691305,7046.535,16511.686782672063,15455.109112,28391.571136
2026-01-24 12:45:00+01:00,9661.352082386315,8196.38914,6791.750915097613,6979.98,16453.102997483926,15176.36914,28150.27762
2026-01-24 13:00:00+01:00,8940.36483333669,8049.647492,6767.1503689359415,6973.114,15707.51520227263,15022.761492,27889.983908
2026-01-24 13:15:00+01:00,8901.969421295425,7990.048884,6799.537696922491,6979.52,15701.507118217916,14969.568884,27519.830724
2026-01-24 13:30:00+01:00,8844.359021996808,8006.496588,6795.864043566452,6986.616,15640.22306556326,14993.112588,27112.491732
2026-01-24 13:45:00+01:00,8803.302283383977,8107.271608,6762.635402506128,7021.923,15565.937685890105,15129.194608,26623.837592
2026-01-24 14:00:00+01:00,9148.055499613016,8153.346124,6678.9336195153055,7017.555,15826.98911912832,15170.901124,25920.962272
2026-01-24 14:15:00+01:00,9138.873379507602,8184.488516,6650.756915001541,7054.873,15789.630294509143,15239.361516,25095.516864
2026-01-24 14:30:00+01:00,9116.576688559855,8121.54454,6661.3515200219335,7149.435,15777.928208581789,15270.97954,24143.832436
2026-01-24 14:45:00+01:00,9082.712252033776,8048.269108,6668.13107510562,7237.988,15750.843327139395,15286.257108000002,23171.333128
2026-01-24 15:00:00+01:00,9082.121278471972,7994.115776,6514.7357209284855,7332.575,15596.856999400457,15326.690776,22012.20078
2026-01-24 15:15:00+01:00,9059.549284308561,8025.36972,6493.915846726899,7514.654,15553.46513103546,15540.02372,20915.043852000003
2026-01-24 15:30:00+01:00,9109.374894954768,8152.277304,6491.0699441821225,7653.334,15600.44483913689,15805.611304,19992.960932
2026-01-24 15:45:00+01:00,9179.285950805343,8368.766648,6476.269827108563,7728.244,15655.555777913905,16097.010648,19262.247848
2026-01-24 16:00:00+01:00,9429.063096203408,8537.768896,6386.803186858778,7746.862,15815.866283062187,16284.630896,18444.90196
2026-01-24 16:15:00+01:00,9636.133564762196,8800.78118,6400.4706299945765,7760.943,16036.604194756772,16561.72418,17877.477068
2026-01-24 16:30:00+01:00,9901.814975865997,9074.891764,6407.7223703743275,7836.116,16309.537346240324,16911.007764,17539.45502
2026-01-24 16:45:00+01:00,10083.077059837555,9336.584668,6406.751632755069,7872.3,16489.828692592622,17208.884668,17403.687012
2026-01-24 17:00:00+01:00,10732.965361326498,9732.691,6436.163289590252,7916.637,17169.12865091675,17649.328,17719.394060000002
2026-01-24 17:15:00+01:00,10885.397668177118,10044.812432,6463.448036754657,7916.842,17348.845704931773,17961.654432,18037.340652
2026-01-24 17:30:00+01:00,11108.312749907507,10266.698432,6467.359123629573,7892.54,17575.67187353708,18159.238432,18256.048368
2026-01-24 17:45:00+01:00,11342.86642949821,10425.16362,6462.371712265453,7909.172,17805.238141763664,18334.33562,18455.664043999997
2026-01-24 18:00:00+01:00,11382.278272410445,10652.900204,6321.573918654767,7877.257,17703.852191065213,18530.157204,18626.852136
2026-01-24 18:15:00+01:00,11462.898122346296,10714.699252,6352.253128417352,7887.555,17815.151250763647,18602.254252,18653.22896
2026-01-24 18:30:00+01:00,11569.886703876618,10844.485776,6379.204613583947,7838.832,17949.091317460567,18683.317776,18739.637916
2026-01-24 18:45:00+01:00,11635.163631173322,11036.798632,6375.360688123392,7731.787,18010.524319296714,18768.585632,18814.199788
2026-01-24 19:00:00+01:00,11603.947416744566,11128.643748,6233.7785580043355,7619.741,17837.7259747489,18748.384748,18806.41678
2026-01-24 19:15:00+01:00,11636.11033786008,11206.786592,6253.223440371633,7570.995,17889.333778231714,18777.781592,18809.514028
2026-01-24 19:30:00+01:00,11653.836493061228,11260.36296,6238.664188557532,7576.628,17892.50068161876,18836.99096,18857.260944
2026-01-24 19:45:00+01:00,11663.355726834792,11243.089328,6240.567334332416,7520.34,17903.92306116721,18763.429328,18781.514271999997
2026-01-24 20:00:00+01:00,11276.22310048373,11154.403556,6287.354879496406,7440.913,17563.57797998014,18595.316556,18614.07928
2026-01-24 20:15:00+01:00,11289.647025804674,11035.777484,6277.115504621252,7447.841,17566.762530425927,18483.618484,18499.8361
2026-01-24 20:30:00+01:00,11284.750663859613,10913.074664,6268.632986655908,7555.778,17553.38365051552,18468.852664,18484.066372
2026-01-24 20:45:00+01:00,11277.303498597053,10847.404936,6236.155799304893,7561.786,17513.459297901947,18409.190936,18424.15096
2026-01-24 21:00:00+01:00,11089.331587730134,10825.043128,6283.809165835101,7546.585,17373.140753565236,18371.628128,18386.447964
2026-01-24 21:15:00+01:00,11045.319333331188,10877.823956,6294.319668235027,7401.633,17339.639001566215,18279.456956,18293.626812
2026-01-24 21:30:00+01:00,11043.52775041883,10761.823864,6285.546062663933,7256.258,17329.073813082763,18018.081864,18032.306664
2026-01-24 21:45:00+01:00,11041.24982010447,10615.529828,6254.889851124672,7112.696,17296.13967122914,17728.225828000002,17743.594920000003
2026-01-24 22:00:00+01:00,11072.200856309162,10334.916208,5828.296786819124,6935.688,16900.497643128285,17270.604208,17284.931112000002
2026-01-24 22:15:00+01:00,11121.72624655807,10453.992744,5813.906418116713,6816.37,16935.632664674784,17270.362744,17284.369651999998
2026-01-24 22:30:00+01:00,11165.413283506092,10634.449816,5813.504612830967,6624.102,16978.917896337058,17258.551816,17272.834844
2026-01-24 22:45:00+01:00,11197.07610067573,10718.433016,5808.9769503750595,6410.443,17006.05305105079,17128.876016000002,17142.768212000003
2026-01-24 23:00:00+01:00,10928.817228204849,10766.075832,5747.899205285076,6315.386,16676.716433489924,17081.461832,17095.755088
2026-01-24 23:15:00+01:00,10960.719951819441,10775.027948,5754.2872315638215,6190.219,16715.007183383263,16965.246948,16979.567796
2026-01-24 23:30:00+01:00,10988.905255338483,10843.698476,5732.566627636873,6152.599,16721.471882975355,16996.297476,17010.342232
2026-01-24 23:45:00+01:00,11010.39504788655,10827.627536,5720.732180304681,6165.949,16731.12722819123,16993.576536,17007.640264
2026-01-25 00:00:00+01:00,11078.988901858356,10775.993432,5552.703121608805,6148.263,16631.692023467163,16924.256432,16938.376259999997
2026-01-25 00:15:00+01:00,11090.142296504077,10846.046916,5577.795285315587,6104.678,16667.937581819664,16950.724916,16964.871864
2026-01-25 00:30:00+01:00,11117.545744858448,10976.672176,5595.3447805491505,6153.677,16712.890525407598,17130.349176,17144.65338
2026-01-25 00:45:00+01:00,11135.892419998016,11114.753136,5577.003935324612,6196.192,16712.896355322628,17310.945136,17325.38278
2026-01-25 01:00:00+01:00,11191.552381646867,11230.156348,5556.463469274888,5925.182,16748.015850921754,17155.338348,17169.960032000003
2026-01-25 01:15:00+01:00,11225.574482288966,11289.830128,5555.965687913349,5680.587,16781.540170202315,16970.417128,16984.693476
2026-01-25 01:30:00+01:00,11231.980841459916,11241.195292,5558.498549479926,5716.977,16790.479390939843,16958.172292,16972.31816
2026-01-25 01:45:00+01:00,11215.6953350036,11333.747252,5550.997943464854,5726.405,16766.693278468454,17060.152252,17074.233296
2026-01-25 02:00:00+01:00,10661.119733104464,11346.641772,5439.5316689483125,5513.84,16100.651402052776,16860.481772,16875.626964
2026-01-25 02:15:00+01:00,10670.991304549405,11267.251732,5443.71746214858,5304.503,16114.708766697986,16571.754732,16585.745736
2026-01-25 02:30:00+01:00,10683.943839278118,11081.75336,5445.643028831104,5143.816,16129.586868109222,16225.56936,16238.312344000002
2026-01-25 02:45:00+01:00,10685.677992934887,11014.305096,5444.031320160132,5175.958,16129.70931309502,16190.263096,16203.003264
2026-01-25 03:00:00+01:00,10177.634154304145,11027.73804,5603.573687377336,5319.143,15781.20784168148,16346.88104,16360.071588
2026-01-25 03:15:00+01:00,10182.117254996778,10923.465148,5611.408936585215,5322.237,15793.526191581994,16245.702148,16258.503784
2026-01-25 03:30:00+01:00,10181.941023983454,10761.356948,5624.809002422834,5358.756,15806.750026406287,16120.112948000002,16132.840368
2026-01-25 03:45:00+01:00,10179.064080403366,10529.48384,5630.839934911296,5386.859,15809.904015314663,15916.34284,15929.126740000002
2026-01-25 04:00:00+01:00,10694.235693477332,10244.300748,5736.439038463389,5331.487,16430.674731940722,15575.787748,15588.574551999998
2026-01-25 04:15:00+01:00,10650.420531098616,9899.105656,5753.6318040049355,5400.536,16404.05233510355,15299.641656,15312.25828
2026-01-25 04:30:00+01:00,10608.689533883691,9870.14812,5759.592149946497,5385.034,16368.281683830188,15255.18212,15267.760752
2026-01-25 04:45:00+01:00,10612.965525105092,9848.012288,5766.792242976349,5316.566,16379.757768081441,15164.578288,15177.225652
2026-01-25 05:00:00+01:00,10757.449304023998,9743.183032,5627.092126958835,5340.839,16384.541430982834,15084.022032,15096.652416
2026-01-25 05:15:00+01:00,10775.034500682543,9536.313892,5629.81190962564,5416.155,16404.846410308182,14952.468892,14965.013872
2026-01-25 05:30:00+01:00,10761.28012990647,9429.509656,5602.6791480768925,5311.201,16363.959277983362,14740.710656,14753.368312
2026-01-25 05:45:00+01:00,10744.355152269078,9381.099884,5564.583172343774,5316.609,16308.938324612853,14697.708884,14710.547716
2026-01-25 06:00:00+01:00,10845.56678890669,9455.378876,5463.941751819688,5378.165,16309.508540726378,14833.543876,14847.581844
2026-01-25 06:15:00+01:00,10811.861243379264,9503.73576,5477.958300034171,5316.136,16289.819543413436,14819.87176,14833.29914
2026-01-25 06:30:00+01:00,10756.588521607566,9499.138272,5489.64543078221,5322.839,16246.233952389775,14821.977272,14835.521352
2026-01-25 06:45:00+01:00,10721.256369306808,9632.318628,5477.678666764367,5503.395,16198.935036071176,15135.713628,15149.955096000002
2026-01-25 07:00:00+01:00,10872.155497782624,9786.840528,5747.942250166727,5580.394,16620.097747949352,15367.234528,15382.73178
2026-01-25 07:15:00+01:00,10868.56818152434,9949.528116,5770.9072047283935,5719.461,16639.475386252736,15668.989116,15685.879804
2026-01-25 07:30:00+01:00,10871.73748162951,9954.022132,5775.920008862681,5784.561,16647.65749049219,15738.583132,15757.568536
2026-01-25 07:45:00+01:00,10870.04440448487,9953.063348,5774.412782919892,5825.414,16644.45718740476,15778.477348,15802.752424
2026-01-25 08:00:00+01:00,11454.013878700636,9986.702344,6082.382610972775,5959.684,17536.39648967341,15946.386344,16007.022771999998
2026-01-25 08:15:00+01:00,11436.886077844127,10057.146436,6122.282513134764,6062.882,17559.16859097889,16120.028436,16353.878004
2026-01-25 08:30:00+01:00,11457.022822031227,10146.13936,6095.832152370242,5938.919,17552.854974401467,16085.05836,16672.12702
2026-01-25 08:45:00+01:00,11360.007223559453,10266.22858,6077.486643029117,5833.995,17437.49386658857,16100.223580000002,17169.692356000003
2026-01-25 09:00:00+01:00,10511.189847012396,10259.816748,5945.157133759221,5895.962,16456.346980771617,16155.778748,17777.243616
2026-01-25 09:15:00+01:00,10434.49900643709,10260.819308,5962.097473327326,6150.493,16396.596479764416,16411.312308,18605.46126
2026-01-25 09:30:00+01:00,10356.319227931132,10274.37438,5944.8765232904625,6436.896,16301.195751221594,16711.270379999998,19506.361444
2026-01-25 09:45:00+01:00,10280.781863896049,10274.384388,5940.10074757815,6635.854,16220.882611474199,16910.238388,20338.158196
2026-01-25 10:00:00+01:00,9948.482720159542,10402.287992,6323.303996573634,6758.574,16271.786716733175,17160.861992,21181.082144
2026-01-25 10:15:00+01:00,9838.815795331144,10354.934164,6370.38439080322,6890.913,16209.200186134363,17245.847164,21852.870164
2026-01-25 10:30:00+01:00,9718.38196069831,10392.075264,6393.218286213662,6972.961,16111.600246911974,17365.036264,22552.703064
2026-01-25 10:45:00+01:00,9601.06703414548,10696.021744,6408.481801344787,6948.265,16009.548835490266,17644.286744,23420.092692
2026-01-25 11:00:00+01:00,10492.386102593162,10774.456036,6841.817537068816,6939.558,17334.203639661977,17714.014036,23930.818112
2026-01-25 11:15:00+01:00,10407.287006489905,10673.043248,6834.1086859733505,6909.621,17241.395692463255,17582.664248,24108.73846
2026-01-25 11:30:00+01:00,10315.69404674084,10702.304048,6833.9364539078215,6984.995,17149.630500648662,17687.299048,24435.618536
2026-01-25 11:45:00+01:00,10215.055903424667,10753.512852,6852.173347457244,6999.224,17067.229250881912,17752.736852,24709.150436000004
2026-01-25 12:00:00+01:00,10139.789433823533,10773.148428,7103.573376738121,6960.416,17243.36281056165,17733.564428,24874.050328
2026-01-25 12:15:00+01:00,10067.320054375286,10797.831384,7099.2972086535065,6883.343,17166.61726302879,17681.174383999998,24802.309599999997
2026-01-25 12:30:00+01:00,10041.212112723098,10836.189664,7086.781987247599,6866.069,17127.994099970696,17702.258664,24729.79254
2026-01-25 12:45:00+01:00,10014.779106982267,10888.549064,7067.726344762239,6900.687,17082.505451744506,17789.236064,24600.522644
2026-01-25 13:00:00+01:00,9938.643880910338,10989.188056,7049.118876014703,6959.466,16987.76275692504,17948.654056,24468.790924
2026-01-25 13:15:00+01:00,9901.977697190441,11025.458204,7081.337449247127,7050.043,16983.31514643757,18075.501204,24242.671036
2026-01-25 13:30:00+01:00,9845.421431243898,11083.961536,7078.882685648913,7158.56,16924.30411689281,18242.521536,23982.286628
2026-01-25 13:45:00+01:00,9812.183663824871,11135.673028,7052.590487691975,7196.53,16864.774151516845,18332.203028,23655.105352
2026-01-25 14:00:00+01:00,10092.652669825364,11191.120304,6928.690441071051,7185.14,17021.343110896414,18376.260304,23223.58628
2026-01-25 14:15:00+01:00,10087.953939846844,11331.550408,6897.8004576334315,7186.755,16985.754397480276,18518.305408,22876.369804
2026-01-25 14:30:00+01:00,10070.486528096855,11580.632288,6905.882708798619,7297.977,16976.369236895473,18878.609288,22724.662948
2026-01-25 14:45:00+01:00,10054.16192823742,11737.434404,6909.719604065665,7439.675,16963.881532303087,19177.109404,22499.809952
2026-01-25 15:00:00+01:00,10322.00037821318,11838.461656,6711.205535683405,7550.792,17033.205913896585,19389.253656,22159.688324
2026-01-25 15:15:00+01:00,10292.177732907821,11884.43206,6682.86831847018,7600.379,16975.046051378,19484.81106,21762.02152
2026-01-25 15:30:00+01:00,10332.284031804813,11883.861956,6678.6617886049435,7618.174,17010.945820409757,19502.035956,21315.020508
2026-01-25 15:45:00+01:00,10422.157351001624,11919.300876,6660.577313702907,7612.4,17082.73466470453,19531.700876,20852.89286
2026-01-25 16:00:00+01:00,10790.032004565954,12066.521464,6593.669442170755,7639.276,17383.701446736708,19705.797464,20586.602728
2026-01-25 16:15:00+01:00,10990.273741903753,12322.847468,6604.886984125742,7676.663,17595.160726029495,19999.510468,20523.936384
2026-01-25 16:30:00+01:00,11206.47938385644,12627.17166,6610.983546597581,7693.69,17817.46293045402,20320.86166,20606.399072
2026-01-25 16:45:00+01:00,11370.575948554788,12688.190332,6609.082226851642,7820.727,17979.658175406432,20508.917332,20645.4089
2026-01-25 17:00:00+01:00,12468.765314403468,12690.997964,6858.928200384569,7850.617,19327.693514788036,20541.614964,20594.918612
2026-01-25 17:15:00+01:00,12614.081351672898,12863.968952,6883.365955026404,7867.62,19497.4473066993,20731.588952,20765.747248
2026-01-25 17:30:00+01:00,12762.194860397542,12943.459288,6879.851900513438,7889.927,19642.04676091098,20833.386288,20862.578916
2026-01-25 17:45:00+01:00,12889.33459502777,12993.525076,6874.312417898469,7858.672,19763.647012926238,20852.197076,20880.47614
2026-01-25 18:00:00+01:00,12795.6381912445,12896.213968,6782.1414728615455,7879.385,19577.779664106045,20775.598968,20801.44772
2026-01-25 18:15:00+01:00,12880.38584698068,12666.547772,6810.531549023807,7992.309,19690.917396004486,20658.856772,20683.908616
2026-01-25 18:30:00+01:00,12953.327823577894,12515.223168,6838.649527109028,8078.772,19791.977350686924,20593.995168,20617.227608
2026-01-25 18:45:00+01:00,13028.340511137221,12208.417276,6834.7994437004545,8045.094,19863.139954837676,20253.511276,20276.217844000003
2026-01-25 19:00:00+01:00,12585.221796859161,11889.83954,7057.799953320163,8008.061,19643.021750179323,19897.90054,19919.385416
2026-01-25 19:15:00+01:00,12625.792952955599,11700.425952,7085.09430821556,7981.646,19710.88726117116,19682.071952,19699.493432
2026-01-25 19:30:00+01:00,12651.450040075792,11522.07312,7070.932154193789,8025.519,19722.38219426958,19547.59212,19563.749412
2026-01-25 19:45:00+01:00,12662.881360863224,11373.037096,7070.402663935463,8072.82,19733.28402479869,19445.857096,19461.366652
2026-01-25 20:00:00+01:00,12135.361496128271,11330.024732,7042.066734120586,8085.955,19177.428230248857,19415.979732,19429.798252
2026-01-25 20:15:00+01:00,12152.758581021631,11099.382844,7038.571622236368,8059.192,19191.330203258,19158.574844,19171.63716
2026-01-25 20:30:00+01:00,12153.415152739268,10898.395064,7030.661791669963,7982.715,19184.07694440923,18881.110064,18893.724344
2026-01-25 20:45:00+01:00,12142.006701892331,10786.643656,6998.107036677929,7868.18,19140.11373857026,18654.823656,18667.323304
2026-01-25 21:00:00+01:00,12222.745209793547,10636.527976,7058.916108526895,7721.613,19281.661318320443,18358.140976,18369.907848
2026-01-25 21:15:00+01:00,12209.170002967003,10440.70422,7077.635201963526,7706.974,19286.80520493053,18147.67822,18159.508036000003
2026-01-25 21:30:00+01:00,12211.46016658809,10138.732612,7074.447653932208,7625.329,19285.907820520297,17764.061611999998,17775.351064
2026-01-25 21:45:00+01:00,12201.150065522716,9836.022508,7045.75932369627,7656.037,19246.909389218985,17492.059508,17503.823652
2026-01-25 22:00:00+01:00,12450.177469898877,9385.155104,6728.68737813807,7310.705,19178.86484803695,16695.860104,16708.584147999998
2026-01-25 22:15:00+01:00,12508.357180915906,9271.527596,6716.026254894552,7308.922,19224.383435810458,16580.449596,16592.361515999997
2026-01-25 22:30:00+01:00,12558.343195194426,9115.88434,6718.604496466219,7266.063,19276.947691660644,16381.94734,16394.235800000002
2026-01-25 22:45:00+01:00,12585.12846463699,9090.440112,6725.886663657665,7163.983,19311.015128294654,16254.423112,16266.290208
2026-01-25 23:00:00+01:00,11506.01885500133,9102.99116,6599.51768615695,7056.607,18105.53654115828,16159.59816,16171.27814
2026-01-25 23:15:00+01:00,11538.110978269518,9056.38142,6615.7325126197875,7023.713,18153.843490889307,16080.09442,16103.475776
2026-01-25 23:30:00+01:00,11564.30839747336,9065.579592,6594.911233471075,6907.175,18159.219630944433,15972.754592,15985.278452
2026-01-25 23:45:00+01:00,11585.835332975485,9238.365404,6580.013931815663,6917.725,18165.849264791148,16156.090404,16169.544836
2026-01-26 00:00:00+01:00,11463.14289258947,9555.337904,6922.527787966034,7074.642,18385.670680555504,16629.979904,16641.296224
2026-01-26 00:15:00+01:00,11480.399448792657,9666.811344,6944.863502366417,6845.898,18425.262951159075,16512.709344,16524.02664
2026-01-26 00:30:00+01:00,11512.002702724845,9372.706836,6961.4548918785595,6539.191,18473.457594603406,15911.897836,15924.261892
2026-01-26 00:45:00+01:00,11536.882435836884,9202.9175,6944.391899644843,6613.374,18481.27433548173,15816.2915,15827.489584
2026-01-26 01:00:00+01:00,11090.769840097884,9214.87204,6414.8560002201,6717.076,17505.625840317985,15931.94804,15943.034272
2026-01-26 01:15:00+01:00,11129.200708591596,9241.175012,6409.59962249319,6752.464,17538.800331084785,15993.639012,16004.646736
2026-01-26 01:30:00+01:00,11137.092133681363,9443.547912,6414.306529910619,6722.288,17551.398663591983,16165.835912,16176.965984
2026-01-26 01:45:00+01:00,11129.368995609164,9685.118864,6408.192553308056,6796.844,17537.56154891722,16481.962864,16493.226792
2026-01-26 02:00:00+01:00,12558.939224954009,9826.184576,6562.214747303087,6849.918,19121.153972257096,16676.102575999997,16687.21432
2026-01-26 02:15:00+01:00,12566.2503820972,9866.820564,6562.345966267648,7108.413,19128.59634836485,16975.233564,16985.0068
2026-01-26 02:30:00+01:00,12574.320268987696,10035.03878,6562.06972769907,7366.77,19136.38999668677,17401.80878,17411.701448
2026-01-26 02:45:00+01:00,12577.000394150966,10175.772024,6561.384974654064,7509.211,19138.38536880503,17684.983024,17695.048996
2026-01-26 03:00:00+01:00,12527.015916820737,10218.06624,6616.229608021461,7645.331,19143.245524842197,17863.39724,17873.388024
2026-01-26 03:15:00+01:00,12533.767553954634,10328.094692,6623.609166964009,7773.778,19157.376720918644,18101.872692,18111.848292
2026-01-26 03:30:00+01:00,12530.327090436236,10484.454384,6636.379688305333,7854.675,19166.70677874157,18339.129384,18349.090732
2026-01-26 03:45:00+01:00,12520.884035583964,10516.515624,6642.572835524757,7773.129,19163.45687110872,18289.644624,18299.82158
2026-01-26 04:00:00+01:00,13566.566441835044,10635.494796,6836.308488767225,7869.805,20402.87493060227,18505.299796,18515.375644
2026-01-26 04:15:00+01:00,13515.23952878482,10694.704944,6852.1403860373275,7688.541,20367.379914822148,18383.245944,18393.150007999997
2026-01-26 04:30:00+01:00,13474.205893953302,10695.624028,6852.501509979898,7974.721,20326.7074039332,18670.345028,18680.286124
2026-01-26 04:45:00+01:00,13473.99109799398,10756.67152,6853.045237005834,8012.671,20327.036334999815,18769.34252,18779.300408
2026-01-26 05:00:00+01:00,14481.903098806095,11006.200592,6917.912200340665,7694.482,21399.815299146758,18700.682591999997,18710.658728
2026-01-26 05:15:00+01:00,14492.95860070763,11082.468816,6922.202878706277,7754.859,21415.16147941391,18837.327816,18847.356496
2026-01-26 05:30:00+01:00,14478.019144292064,11260.853464,6893.100686676234,7498.198,21371.1198309683,18759.051464,18769.054636
2026-01-26 05:45:00+01:00,14459.480682682895,11414.61194,6854.369541497214,7106.386,21313.85022418011,18520.99794,18531.062596
2026-01-26 06:00:00+01:00,15222.4431768866,12444.958476,6621.419540239313,6608.443,21843.862717125914,19053.401476,19063.687704
2026-01-26 06:15:00+01:00,15190.086362837119,12440.957576,6635.911535925135,6542.445,21825.997898762253,18983.402576,18995.643524
2026-01-26 06:30:00+01:00,15135.267240222587,12465.894444,6652.244521212097,6592.726,21787.511761434685,19058.620444,19071.763296
2026-01-26 06:45:00+01:00,15104.34316472761,12221.667716,6648.3991722809415,6536.631,21752.742337008553,18758.298716,18772.23908
2026-01-26 07:00:00+01:00,14329.982724556265,12335.196572,6427.869127124877,6428.502,20757.851851681142,18763.698572,18781.625900000003
2026-01-26 07:15:00+01:00,14331.68216987962,12400.397956,6454.187857677937,6388.503,20785.870027557557,18788.900956,18808.301472000003
2026-01-26 07:30:00+01:00,14332.371810081808,12333.281304,6462.107091475109,6402.883,20794.47890155692,18736.164304,18760.382739999997
2026-01-26 07:45:00+01:00,14329.806003681764,12331.076764,6462.80594900347,6481.605,20792.611952685234,18812.681764,18841.30956
2026-01-26 08:00:00+01:00,13870.67371135573,12238.35682,6430.413278490602,7137.32,20301.08698984633,19375.67682,19430.247524
2026-01-26 08:15:00+01:00,13796.444054104175,12275.93516,6469.249598369287,7118.089,20265.693652473463,19394.02416,19509.963408
2026-01-26 08:30:00+01:00,13801.192332276083,12392.585088,6485.501364906621,6986.345,20286.693697182705,19378.930088,19594.735732
2026-01-26 08:45:00+01:00,13731.368988355682,12399.5465,6466.54626899353,6903.817,20197.91525734921,19303.3635,19650.36304
2026-01-26 09:00:00+01:00,13355.341259616764,12510.30264,6393.344148189357,6685.06,19748.685407806122,19195.36264,19716.87676
2026-01-26 09:15:00+01:00,13263.06376544544,12406.155188,6421.6359903032735,6645.553,19684.699755748712,19051.708188,19764.523828
2026-01-26 09:30:00+01:00,13183.562969942348,12288.508452,6404.2969098830745,6504.469,19587.859879825424,18792.977452,19740.545408
2026-01-26 09:45:00+01:00,13107.09020119376,12283.458572,6398.902287951129,6438.042,19505.99248914489,18721.500572,19922.753496
2026-01-26 10:00:00+01:00,13579.40171604196,12561.546044,6205.488052071322,6932.2,19784.889768113284,19493.746044,21001.15306
2026-01-26 10:15:00+01:00,13472.710576739428,12710.279596,6248.967129748721,6902.856,19721.67770648815,19613.135596,21411.449892
2026-01-26 10:30:00+01:00,13356.203326222527,12693.313648,6270.885357561865,6939.723,19627.088683784394,19633.036648,21701.587272
2026-01-26 10:45:00+01:00,13243.189554229615,12602.551752,6286.160453787879,6987.158,19529.350008017493,19589.709752,21924.064284
2026-01-26 11:00:00+01:00,15037.207498356092,12510.175768,6137.102520165171,6861.499,21174.310018521264,19371.674767999997,21961.85996
2026-01-26 11:15:00+01:00,14957.916323287474,12384.609644,6127.316409817583,6961.756,21085.23273310506,19346.365644,22137.039512000003
2026-01-26 11:30:00+01:00,14870.075154279193,12272.138048,6123.313091964011,7077.673,20993.388246243205,19349.811048,22337.974304
2026-01-26 11:45:00+01:00,14770.946946436825,12275.609096,6136.7059334044125,7083.203,20907.652879841236,19358.812096,22509.624336
2026-01-26 12:00:00+01:00,17431.447868830113,12192.923212,6106.59438663168,7350.907,23538.042255461794,19543.830212,22758.735728
2026-01-26 12:15:00+01:00,17364.029974916237,12118.013048,6099.5643384598025,7362.165,23463.594313376037,19480.178048,22759.741912
2026-01-26 12:30:00+01:00,17339.284115737002,12043.945728,6086.9673527479235,7355.846,23426.251468484927,19399.791728,22683.531864
2026-01-26 12:45:00+01:00,17317.389778772478,11951.31102,6068.238774080115,7378.555,23385.62855285259,19329.86602,22557.192184
2026-01-26 13:00:00+01:00,18146.165098778907,12073.390184,6216.694559352492,7930.978,24362.859658131398,20004.368184,23107.275272
2026-01-26 13:15:00+01:00,18113.01385283019,12012.80908,6247.190710593221,7995.742,24360.204563423413,20008.55108,22994.352504
2026-01-26 13:30:00+01:00,18062.6952695146,11904.778108,6245.192439215327,7846.209,24307.887708729926,19750.987108,22587.521344
2026-01-26 13:45:00+01:00,18033.935328242555,11785.922168,6215.931386025529,7726.518,24249.866714268082,19512.440168,22148.872932
2026-01-26 14:00:00+01:00,18947.940774197537,11752.2145,6125.808933831855,7612.207,25073.74970802939,19364.4215,21816.218084
2026-01-26 14:15:00+01:00,18942.76304701494,11862.129288,6096.655416357584,7466.578,25039.418463372524,19328.707288,21596.135908
2026-01-26 14:30:00+01:00,18923.947062343483,11898.73936,6107.846486998514,7337.164,25031.793549341997,19235.90336,21358.602288
2026-01-26 14:45:00+01:00,18921.1009032084,11793.675604,6114.929137954447,7292.67,25036.03004116285,19086.345604,20994.279972
2026-01-26 15:00:00+01:00,18448.02526114611,11705.60918,6051.006953991854,6988.508,24499.032215137966,18694.11718,20348.938896
2026-01-26 15:15:00+01:00,18426.032091289537,11600.295204,6029.778096306961,6856.487,24455.810187596497,18456.782204,19899.215268
2026-01-26 15:30:00+01:00,18463.58571837801,11480.907676,6029.031433560457,6875.338,24492.617151938466,18356.245676,19554.687748
2026-01-26 15:45:00+01:00,18524.933734300335,11434.163372,6014.05176643691,6791.915,24538.985500737246,18226.078372,19176.868348
2026-01-26 16:00:00+01:00,18118.957997521145,11441.465012,6034.96392281675,6514.83,24153.921920337896,17956.295012000002,18662.389584000004
2026-01-26 16:15:00+01:00,18361.04974766335,11302.344555,6047.5983433668425,6333.096,24408.64809103019,17635.440555,18106.911427000003
2026-01-26 16:30:00+01:00,18594.748525182942,11039.532603,6057.108563943285,6256.719,24651.857089126228,17296.251603,17549.554863
2026-01-26 16:45:00+01:00,18764.798039802212,10835.328159,6057.947137200718,6068.246,24822.74517700293,16903.574159,17000.667194999998
2026-01-26 17:00:00+01:00,16743.871931775553,10703.485175,5762.763615980645,5982.475,22506.6355477562,16685.960175,16731.941571
2026-01-26 17:15:00+01:00,16891.054491318697,10806.413625,5798.278892194649,6067.196,22689.333383513345,16873.609624999997,16926.906796999996
2026-01-26 17:30:00+01:00,17105.601227050334,10732.202765,5800.636912138607,6040.797,22906.238139188943,16772.999765,16858.187261
2026-01-26 17:45:00+01:00,17232.81500771462,10582.534508,5801.74248122852,5838.606,23034.55748894314,16421.140508,16533.347804
2026-01-26 18:00:00+01:00,17129.587256859624,10239.234153,5319.667168861411,5684.628,22449.254425721036,15923.862152999998,15994.638556999998
2026-01-26 18:15:00+01:00,17217.03120442624,9977.568316,5346.888646999375,5563.262,22563.919851425613,15540.830316,15588.384904
2026-01-26 18:30:00+01:00,17295.45121987982,9780.117228,5373.270706160152,5457.148,22668.721926039972,15237.265228,15270.068444
2026-01-26 18:45:00+01:00,17379.258724389947,9768.03501,5367.131512472542,5225.755,22746.39023686249,14993.79001,15021.000294
2026-01-26 19:00:00+01:00,16178.35311876789,9684.997744,4876.249060493718,4958.51,21054.60217926161,14643.507744,14665.853476
2026-01-26 19:15:00+01:00,16220.806001952695,9655.406988,4901.781684100825,4844.085,21122.58768605352,14499.491988000002,14516.252348000002
2026-01-26 19:30:00+01:00,16249.188981311221,9476.955565,4887.802526066078,4852.622,21136.9915073773,14329.577565,14348.453577
2026-01-26 19:45:00+01:00,16259.935102603895,9247.274088,4885.385593076913,4814.833,21145.320695680806,14062.107088,14080.112492
2026-01-26 20:00:00+01:00,15057.87195110133,9097.213358,4933.325633207509,4542.972,19991.197584308837,13640.185358,13657.030118
2026-01-26 20:15:00+01:00,15072.997167865966,9049.471444,4929.439272208701,4250.61,20002.436440074667,13300.081444,13316.521648
2026-01-26 20:30:00+01:00,15072.239929635749,9063.323489,4923.927572507336,4034.422,19996.167502143086,13097.745489,13113.526997
2026-01-26 20:45:00+01:00,15059.972687073743,9082.249335,4891.773779915899,3771.312,19951.746466989644,12853.561335,12868.968531
2026-01-26 21:00:00+01:00,14773.290089892174,9013.641728,5100.189517363991,3720.144,19873.479607256166,12733.785728,12748.808316
2026-01-26 21:15:00+01:00,14760.694432405186,8839.875109,5112.754724912807,3476.773,19873.44915731799,12316.648109000002,12331.668221000002
2026-01-26 21:30:00+01:00,14757.845352918433,8726.734352,5104.5529352915855,3295.202,19862.398288210017,12021.936352,12042.969
2026-01-26 21:45:00+01:00,14726.927678618267,8628.581659,5072.728928493516,3244.985,19799.656607111785,11873.566659,11886.175255
2026-01-26 22:00:00+01:00,13583.674784970637,8258.145079,5211.011733364276,3154.407,18794.686518334915,11412.552079,11424.588171
2026-01-26 22:15:00+01:00,13645.676900753037,8024.123023,5193.5333785589155,3114.067,18839.210279311952,11138.190023,11149.810951
2026-01-26 22:30:00+01:00,13701.163246789476,7886.273333,5189.568604021861,3160.172,18890.73185081134,11046.445333,11058.046661
2026-01-26 22:45:00+01:00,13727.883659703404,7869.608274,5175.452058562246,3213.376,18903.33571826565,11082.984274,11094.890494
2026-01-26 23:00:00+01:00,11726.388423037477,7799.797646,4406.794988989416,3509.925,16133.183412026894,11309.722646,11321.803562
2026-01-26 23:15:00+01:00,11758.42988134715,7613.305942,4417.58147959265,3658.894,16176.0113609398,11272.199942,11284.479806
2026-01-26 23:30:00+01:00,11786.366844753109,7492.160709,4394.219819731336,3777.186,16180.586664484446,11269.346709,11281.730441
2026-01-26 23:45:00+01:00,11805.578507334263,7384.395823,4378.784340926892,3833.166,16184.362848261155,11217.561823,11229.641179
2026-01-27 00:00:00+01:00,9512.833532980154,7241.372516,3495.0440213494157,4019.938,13007.87755432957,11261.310516,11273.459196000002
2026-01-27 00:15:00+01:00,9532.370884824752,7005.78358,3512.4628850455515,4022.002,13044.833769870304,11027.78558,11039.926668
2026-01-27 00:30:00+01:00,9555.301958080041,6775.433676,3519.3893613225796,3959.429,13074.69131940262,10734.862676,10746.9905
2026-01-27 00:45:00+01:00,9576.160446076856,6495.644829,3504.3164587878896,3498.237,13080.476904864745,9993.881829,10006.063077
2026-01-27 01:00:00+01:00,8496.93082850156,6312.509344,3155.8996590752467,3252.255,11652.830487576806,9564.764344,9577.127592
2026-01-27 01:15:00+01:00,8535.233392165985,6150.246932,3150.194592544754,2905.187,11685.42798471074,9055.433932,9065.54084
2026-01-27 01:30:00+01:00,8547.744025458596,5795.871982,3150.9939448883206,2590.37,11698.737970346916,8386.241982,8396.319662
2026-01-27 01:45:00+01:00,8546.16432414502,5456.492786,3145.574212204987,2335.987,11691.738536350007,7792.479786,7802.561802
2026-01-27 02:00:00+01:00,7653.077004407018,5108.001261,3353.977472429961,2176.531,11007.054476836978,7284.532261,7294.392589
2026-01-27 02:15:00+01:00,7664.466697663525,4852.341527,3356.726371931777,2085.733,11021.193069595301,6938.074527,6948.010018999999
2026-01-27 02:30:00+01:00,7678.261832601415,4734.739415,3359.40018896696,2221.361,11037.662021568376,6956.100415,6966.254123
2026-01-27 02:45:00+01:00,7686.233042236417,4599.189996,3360.79806955527,2478.563,11047.031111791686,7077.752996,7087.85936
2026-01-27 03:00:00+01:00,7039.450964712453,4492.540598,3730.5917770669707,2849.29,10770.042741779424,7341.830598,7352.080974
2026-01-27 03:15:00+01:00,7042.700592304211,4492.044124,3732.9667476255686,3434.921,10775.66733992978,7926.965124,7937.228296
2026-01-27 03:30:00+01:00,7048.108977724926,4396.135997,3741.355878619137,4064.266,10789.464856344064,8460.401997,8470.858225
2026-01-27 03:45:00+01:00,7041.265513725267,4480.410879,3739.039711298547,4516.481,10780.305225023814,8996.891878999999,9007.461639
2026-01-27 04:00:00+01:00,6329.218400023654,4435.542643,4372.105602878536,4644.964,10701.32400290219,9080.506643,9091.183015
2026-01-27 04:15:00+01:00,6284.420731693026,4151.011872,4378.867502529509,4758.674,10663.288234222535,8909.685872,8920.272776
2026-01-27 04:30:00+01:00,6243.904602949421,3963.349616,4385.081364867033,4960.08,10628.985967816454,8923.429616,8933.946775999999
2026-01-27 04:45:00+01:00,6242.057646223834,3745.453364,4388.553384987551,5092.182,10630.611031211385,8837.635364,8848.150308
2026-01-27 05:00:00+01:00,7378.920564706562,3542.370214,5174.438142695374,5156.246,12553.358707401936,8698.616214,8709.091118
2026-01-27 05:15:00+01:00,7385.164209397839,3439.554068,5176.60659161787,5091.663,12561.77080101571,8531.217068,8541.554172
2026-01-27 05:30:00+01:00,7375.490831514099,3347.710982,5137.101784429302,5075.473,12512.592615943402,8423.183982,8433.397570000001
2026-01-27 05:45:00+01:00,7365.314661426503,3276.708941,5081.074848685332,5105.71,12446.389510111836,8382.418941,8392.986857
2026-01-27 06:00:00+01:00,7789.949445125739,3450.550048,5965.890550642582,5326.84,13755.839995768321,8777.390048000001,8788.094552
2026-01-27 06:15:00+01:00,7755.61578269762,3692.179074,5973.069030138535,5974.033,13728.684812836154,9666.212074,9677.365018
2026-01-27 06:30:00+01:00,7701.374568561486,3962.363579,5981.889906229853,6386.426,13683.26447479134,10348.789579,10360.465487
2026-01-27 06:45:00+01:00,7661.233405545796,4164.128601,5977.4602555239035,6541.469,13638.6936610697,10705.597601,10729.221901
2026-01-27 07:00:00+01:00,7362.692465312631,4345.971205,6368.376597197201,6469.828,13731.069062509832,10815.799205,10830.961213
2026-01-27 07:15:00+01:00,7358.075586771596,4624.874441,6386.220819343615,6215.862,13744.296406115212,10840.736441,10859.417265
2026-01-27 07:30:00+01:00,7348.4570327252895,4807.766647,6384.693177894266,6187.598,13733.150210619555,10995.364647,11027.408099
2026-01-27 07:45:00+01:00,7337.4714962544085,4963.994654,6370.504967580431,6155.557,13707.976463834839,11119.551654,11198.191178
2026-01-27 08:00:00+01:00,8656.035239700883,5116.546811,6611.85117211302,6258.121,15267.886411813903,11374.667811,11574.853643
2026-01-27 08:15:00+01:00,8504.839551056388,5152.016514,6645.875754799745,6178.651,15150.715305856133,11330.667514,12021.867038
2026-01-27 08:30:00+01:00,8501.88259557541,5212.267292,6630.286885866522,6174.27,15132.169481441932,11386.537292,12707.884716
2026-01-27 08:45:00+01:00,8426.023529578488,5343.856906,6608.334432651608,6201.184,15034.357962230097,11545.040906,13625.752678
2026-01-27 09:00:00+01:00,9018.435989314177,5533.694484,6889.067038102753,6344.556,15907.50302741693,11878.250484,14850.70974
2026-01-27 09:15:00+01:00,8929.036010136677,5784.194668,6917.017494156408,6446.376,15846.053504293086,12230.570668,16087.113612
2026-01-27 09:30:00+01:00,8844.683806809566,5975.040048,6910.392871673515,6522.184,15755.076678483081,12497.224048,17275.62344
2026-01-27 09:45:00+01:00,8761.797279990842,6121.62384,6914.612295223213,6889.804,15676.409575214055,13011.42784,18711.52682
2026-01-27 10:00:00+01:00,8641.092629873649,6219.332612,6970.084639178144,7124.234,15611.177269051794,13343.566612,19856.471236
2026-01-27 10:15:00+01:00,8527.00949421905,6430.022204,7024.949024720937,7312.836,15551.958518939988,13742.858204,21095.9654
2026-01-27 10:30:00+01:00,8400.93073636643,6745.226068,7046.315079138184,7355.095,15447.245815504615,14100.321068,22193.142784000003
2026-01-27 10:45:00+01:00,8280.08213712627,7010.0069,7062.783608546161,7373.958,15342.865745672432,14383.9649,23081.311084
2026-01-27 11:00:00+01:00,8202.767238093184,7241.572532,7111.061707778148,7323.155,15313.828945871332,14564.727532,23772.910756
2026-01-27 11:15:00+01:00,8110.875456277237,7395.48644,7088.463305666833,7332.838,15199.33876194407,14728.32444,24335.38374
2026-01-27 11:30:00+01:00,8013.63498636658,7512.287688,7074.675215649367,7243.971,15088.310202015946,14756.258688,24836.66118
2026-01-27 11:45:00+01:00,7911.4655089556145,7593.874784,7076.849948175345,7291.902,14988.31545713096,14885.776784,25125.321584
2026-01-27 12:00:00+01:00,9523.040591637566,7827.70308,6929.110910652666,7358.238,16452.15150229023,15185.94108,25487.382252000003
2026-01-27 12:15:00+01:00,9449.42042512704,8062.216888,6912.623980106687,7378.73,16362.044405233726,15440.946888,25782.073228
2026-01-27 12:30:00+01:00,9404.226676021586,8355.21914,6897.693511360392,7304.32,16301.920187381978,15659.53914,25780.835076
2026-01-27 12:45:00+01:00,9368.748088302822,8758.108644,6879.726791011136,7034.029,16248.474879313959,15792.137644,25645.806152
2026-01-27 13:00:00+01:00,9481.627168017882,9213.14068,6797.358811788482,7091.196,16278.985979806363,16304.33668,25874.71432
2026-01-27 13:15:00+01:00,9449.52550995661,9630.868744,6836.005067165052,7152.73,16285.530577121663,16783.598744,26018.368192
2026-01-27 13:30:00+01:00,9385.102480392714,10010.701364,6843.668160950255,7278.67,16228.77064134297,17289.371364,26094.077268
2026-01-27 13:45:00+01:00,9348.875138039793,10356.404948,6819.701655570962,7310.428,16168.576793610755,17666.832948,25922.027344
2026-01-27 14:00:00+01:00,9982.708333576214,10764.056676,6715.632016271582,7485.308,16698.340349847796,18249.364676,25870.551064
2026-01-27 14:15:00+01:00,9989.877389090409,11291.267028,6686.040425030836,7445.058,16675.917814121243,18736.325028,25586.07126
2026-01-27 14:30:00+01:00,9984.127355349412,11973.270232,6696.187747273394,7495.636,16680.315102622808,19468.906232,25390.884232
2026-01-27 14:45:00+01:00,9960.128112949058,12572.017012,6706.048186409366,7585.11,16666.176299358423,20157.127012,25159.66736
2026-01-27 15:00:00+01:00,11755.463189033933,13227.271436,6866.743173321943,7809.001,18622.206362355875,21036.272436,25037.883596
2026-01-27 15:15:00+01:00,11750.252839207542,13994.016064,6844.772987600813,7650.547,18595.025826808356,21644.563064,24746.043496
2026-01-27 15:30:00+01:00,11784.27801419953,14619.75554,6844.787106462776,7779.972,18629.065120662308,22399.72754,24741.22234
2026-01-27 15:45:00+01:00,11857.437496917684,15366.84678,6822.371414550162,7886.16,18679.808911467844,23253.00678,24906.34468
2026-01-27 16:00:00+01:00,14436.84761987525,16086.2459,6796.08423494033,8120.999,21232.93185481558,24207.2449,25298.65806
2026-01-27 16:15:00+01:00,14648.976617075774,16700.616176,6800.198296045113,8159.785,21449.174913120885,24860.401176,25470.666496
2026-01-27 16:30:00+01:00,14839.222904636363,17269.772288,6809.748651576869,8245.675,21648.971556213233,25515.447288,25790.061392
2026-01-27 16:45:00+01:00,15007.120232445626,17665.074412,6816.238198376423,8100.288,21823.35843082205,25765.362412,25851.225804
2026-01-27 17:00:00+01:00,17541.739232338296,18024.618156,6697.275990003058,8337.114,24239.015222341353,26361.732156,26401.78752
2026-01-27 17:15:00+01:00,17693.338308198916,18076.906872,6719.368848788439,8248.735,24412.707156987355,26325.641872,26364.819496
2026-01-27 17:30:00+01:00,17778.47731815872,18285.264056,6725.51065693138,8177.966,24503.9879750901,26463.230056,26500.678596
2026-01-27 17:45:00+01:00,17909.84607549742,18284.123996,6724.530395856227,8172.854,24634.376471353644,26456.977996,26492.206268
2026-01-27 18:00:00+01:00,18237.15401825548,18074.9816,6662.796937877666,8209.634,24899.950956133147,26284.615599999997,26316.057432
2026-01-27 18:15:00+01:00,18317.29135527163,17865.96368,6696.210330114995,8143.926,25013.501685386625,26009.88968,26040.624184
2026-01-27 18:30:00+01:00,18396.058371229818,17572.801704,6728.484613629296,8057.792,25124.542984859116,25630.593704000003,25661.717908
2026-01-27 18:45:00+01:00,18474.284548729414,17524.640552,6727.925962535542,7984.534,25202.210511264955,25509.174552,25539.529472
2026-01-27 19:00:00+01:00,17126.08301517605,17557.097028,6752.640581844663,8006.46,23878.72359702071,25563.557028,25588.419348
2026-01-27 19:15:00+01:00,17165.75888889854,17318.653848,6781.476190269829,8053.146,23947.23507916837,25371.799848,25389.869424000004
2026-01-27 19:30:00+01:00,17189.542116508208,17045.173488,6772.578332812068,8097.391,23962.120449320275,25142.564488,25159.407484
2026-01-27 19:45:00+01:00,17202.785810951525,16612.217888,6774.528745378321,8119.321,23977.314556329846,24731.538888,24747.403252
2026-01-27 20:00:00+01:00,18154.423905733027,16165.847008,6839.755922740946,8262.947,24994.17982847397,24428.794008,24444.200360000003
2026-01-27 20:15:00+01:00,18177.027056386778,15897.902288,6837.144888041157,8237.396,25014.171944427937,24135.298288,24149.809611999997
2026-01-27 20:30:00+01:00,18185.067195293,15505.497764,6831.441202451529,8144.803,25016.50839774453,23650.300764,23664.272188
2026-01-27 20:45:00+01:00,18181.519353540014,15250.113632,6801.387543807579,8103.803,24982.906897347595,23353.916632,23367.426756
2026-01-27 21:00:00+01:00,17644.472681405994,14738.49416,6944.155221036217,8054.648,24588.62790244221,22793.14216,22806.511284
2026-01-27 21:15:00+01:00,17622.51256582791,14172.921848,6961.5751135400205,8047.232,24584.08767936793,22220.153848,22233.322296
2026-01-27 21:30:00+01:00,17617.728658440563,13797.60816,6959.5653129040475,8118.496,24577.29397134461,21916.10416,21939.784984
2026-01-27 21:45:00+01:00,17616.09508663467,13518.894364,6914.840716803708,8023.226,24530.935803438377,21542.120364,21554.324428
2026-01-27 22:00:00+01:00,15991.552026289455,12974.675424,6851.6861026140205,7758.707,22843.238128903475,20733.382424,20752.031628
2026-01-27 22:15:00+01:00,16051.241801160251,12813.256852,6840.114175438413,7799.376,22891.355976598665,20612.632852,20624.238176000003
2026-01-27 22:30:00+01:00,16107.89761204232,12550.53502,6844.3756996042075,7789.421,22952.273311646528,20339.95602,20351.22396
2026-01-27 22:45:00+01:00,16135.772099571264,12511.919912,6831.609968348803,7721.247,22967.382067920065,20233.166912,20244.4729
2026-01-27 23:00:00+01:00,16007.336078438539,12530.118436,6950.502987555988,7604.599,22957.839065994525,20134.717436,20145.94404
2026-01-27 23:15:00+01:00,16036.21622396782,12419.580136,6959.765639638942,7656.445,22995.98186360676,20076.025136,20087.301656
2026-01-27 23:30:00+01:00,16068.969792466249,12490.566408,6935.560958283288,7468.333,23004.530750749538,19958.899408,19970.208996
2026-01-27 23:45:00+01:00,16090.044542668598,12858.9093,6918.634372233858,7284.916,23008.678914902455,20143.8253,20155.22866
2026-01-28 00:00:00+01:00,16122.859149978834,12894.369072,7049.9727479197745,7194.822,23172.83189789861,20089.191072,20100.513244
2026-01-28 00:15:00+01:00,16134.249683524711,12877.682832,7064.311967730093,7154.123,23198.561651254804,20031.805832,20042.952955999997
2026-01-28 00:30:00+01:00,16153.35565350163,12841.48132,7067.532534223116,7156.847,23220.888187724748,19998.32832,20007.488908
2026-01-28 00:45:00+01:00,16168.861060789284,12728.966568,7046.629963353538,7235.388,23215.491024142822,19964.354568,19973.472108
2026-01-28 01:00:00+01:00,16445.507587019107,12540.526476,7071.390889434509,7310.826,23516.898476453614,19851.352476,19860.487472
2026-01-28 01:15:00+01:00,16476.44478935199,12531.700436,7066.083956883008,7414.482,23542.528746235,19946.182436,19955.294996
2026-01-28 01:30:00+01:00,16475.27537901932,12663.142356,7069.342775111377,7538.324,23544.618154130698,20201.466356,20210.664076
2026-01-28 01:45:00+01:00,16461.122145616133,12638.464048,7064.768528788275,7572.336,23525.890674404407,20210.800048,20220.162688
2026-01-28 02:00:00+01:00,16189.340882278679,12811.779404,7041.290698150619,7607.389,23230.631580429297,20419.168404,20428.242624
2026-01-28 02:15:00+01:00,16194.60994198689,12808.322292,7048.750418983107,7629.082,23243.360360969997,20437.404292,20446.52928
2026-01-28 02:30:00+01:00,16207.344553818792,12855.984412,7061.9487862483875,7629.474,23269.29334006718,20485.458412,20494.7184
2026-01-28 02:45:00+01:00,16212.83203107856,12956.229356,7074.983775241879,7630.896,23287.81580632044,20587.125356,20596.385892
2026-01-28 03:00:00+01:00,16186.30472711471,12946.015584,7167.781182647881,7707.342,23354.08590976259,20653.357584,20662.621464
2026-01-28 03:15:00+01:00,16198.548650154646,12948.179932,7188.089306031575,7747.863,23386.63795618622,20696.042932,20705.215268
2026-01-28 03:30:00+01:00,16222.008589642093,13147.237036,7214.67005379187,7754.981,23436.678643433963,20902.218036,20911.500068
2026-01-28 03:45:00+01:00,16224.482454275601,13232.006276,7225.006792690932,7644.711,23449.489246966536,20876.717276,20886.26876
2026-01-28 04:00:00+01:00,16221.316794081948,13058.475852,7471.696693019546,7336.283,23693.013487101493,20394.758852,20404.302908
2026-01-28 04:15:00+01:00,16179.628224585464,12912.41544,7482.523329575239,7199.709,23662.1515541607,20112.12444,20121.430416
2026-01-28 04:30:00+01:00,16144.53160339625,12814.58622,7494.1936616363255,7198.491,23638.725265032575,20013.07722,20022.484132
2026-01-28 04:45:00+01:00,16142.271779652616,12837.42838,7501.307207058274,7281.253,23643.57898671089,20118.68138,20128.106524
2026-01-28 05:00:00+01:00,16245.649410918517,12758.61446,7540.099233891824,7359.038,23785.74864481034,20117.65246,20126.877284
2026-01-28 05:15:00+01:00,16252.120424097573,12741.908156,7540.065603792445,7382.193,23792.186027890017,20124.101156,20133.39824
2026-01-28 05:30:00+01:00,16245.382497806817,12688.475964,7502.677308790359,7447.744,23748.059806597175,20136.219964,20145.56266
2026-01-28 05:45:00+01:00,16247.654734144186,12722.078744,7450.80624076284,7460.809,23698.460974907026,20182.887744,20192.641784
2026-01-28 06:00:00+01:00,16438.08563987992,13388.955632,7246.621766130797,6655.562,23684.707406010715,20044.517632,20054.251724
2026-01-28 06:15:00+01:00,16416.017115154904,13303.738396,7272.108527281189,6537.911,23688.12564243609,19841.649396,19851.806756
2026-01-28 06:30:00+01:00,16373.713412631912,13386.731192,7290.625183424528,6874.719,23664.33859605644,20261.450192,20272.429948
2026-01-28 06:45:00+01:00,16347.0816894559,13500.468528,7289.888229686569,6769.902,23636.969919142466,20270.370528,20284.266112
2026-01-28 07:00:00+01:00,15991.566834672394,13441.423044,7249.360075975221,6829.098,23240.926910647613,20270.521044,20299.071596
2026-01-28 07:15:00+01:00,15998.08171118426,13419.570224,7259.171359526584,6787.678,23257.253070710845,20207.248224,20239.2248
2026-01-28 07:30:00+01:00,15996.650084413679,13412.342792,7257.515362944272,6739.329,23254.16544735795,20151.671792,20192.601268
2026-01-28 07:45:00+01:00,15992.118516498873,13381.822208,7241.303089396694,6766.204,23233.421605895568,20148.026208,20201.769856
2026-01-28 08:00:00+01:00,15744.423594776985,13219.795048,7391.384632860901,7267.303,23135.808227637885,20487.098048,20621.694012
2026-01-28 08:15:00+01:00,15767.359867050458,13220.021988,7422.809587133991,7402.92,23190.169454184448,20622.941988,20979.18126
2026-01-28 08:30:00+01:00,15817.622314186392,13238.243312,7444.058300525308,7925.97,23261.680614711702,21164.213312,21816.764112
2026-01-28 08:45:00+01:00,15758.2586258111,13283.104532,7425.894725999304,7987.695,23184.153351810404,21270.799531999997,22306.079027999996
2026-01-28 09:00:00+01:00,14724.723327574264,13277.3799,7652.262756360188,8016.267,22376.98608393445,21293.6469,22810.74758
2026-01-28 09:15:00+01:00,14631.679156524524,13238.655632,7683.26775687652,8085.549,22314.946913401043,21324.204632,23437.178252
2026-01-28 09:30:00+01:00,14548.863185084943,13275.502856,7676.743334165293,8000.328,22225.606519250236,21275.830856,24036.927668
2026-01-28 09:45:00+01:00,14470.301810154773,13218.086896,7679.278896228684,7872.88,22149.580706383458,21090.966896,24457.513000000003
2026-01-28 10:00:00+01:00,14493.654751821969,13269.948788,7466.61891321252,7726.385,21960.27366503449,20996.333788,25046.987684
2026-01-28 10:15:00+01:00,14389.624776240329,13337.639408,7518.032465159405,7712.736,21907.657241399735,21050.375408,25730.76996
2026-01-28 10:30:00+01:00,14272.166846571483,13259.259284,7539.040032151505,7724.405,21811.206878722987,20983.664284,26378.153467999997
2026-01-28 10:45:00+01:00,14155.942071340438,13033.437924,7554.155679787081,7687.801,21710.09775112752,20721.238924,26777.994356000003
2026-01-28 11:00:00+01:00,15663.675094229924,12861.000076,7591.687262589936,7756.064,23255.36235681986,20617.064076,27302.219488
2026-01-28 11:15:00+01:00,15566.015490155401,12699.547728,7568.601602922188,7730.988,23134.61709307759,20430.535728,27719.206208
2026-01-28 11:30:00+01:00,15467.173274592098,12486.095976,7555.291934103947,7655.694,23022.465208696045,20141.789976,27688.805116
2026-01-28 11:45:00+01:00,15365.804992080166,12349.244868,7556.887901798729,7566.848,22922.692893878895,19916.092868,27603.152524
2026-01-28 12:00:00+01:00,15494.511024342695,12379.100116,7663.830612870138,7593.278,23158.341637212834,19972.378116,27690.154808
2026-01-28 12:15:00+01:00,15414.903639567363,12173.20936,7647.843983285518,7447.938,23062.747622852883,19621.147360000003,27375.969152
2026-01-28 12:30:00+01:00,15361.375965979989,12119.852376,7630.170386567975,7427.719,22991.546352547964,19547.571376,27244.780348
2026-01-28 12:45:00+01:00,15317.413133289463,12139.225808,7608.845101004601,7430.693,22926.258234294066,19569.918808,26992.560255999997
2026-01-28 13:00:00+01:00,14789.118397658238,12092.184956,7827.272163441796,7367.801,22616.390561100034,19459.985956,26540.63312
2026-01-28 13:15:00+01:00,14751.299594448217,12160.259272,7861.157308507719,7311.107,22612.456902955935,19471.366272,26058.035672
2026-01-28 13:30:00+01:00,14680.477107565053,12239.733136,7857.872561057831,7271.696,22538.349668622883,19511.429136,25569.730672
2026-01-28 13:45:00+01:00,14637.848587117982,12378.466588,7830.799994637165,7233.956,22468.648581755147,19612.422588,25068.825888
2026-01-28 14:00:00+01:00,15394.223613605443,12566.773236,7790.171573845242,6952.133,23184.395187450686,19518.906236000003,24270.984900000003
2026-01-28 14:15:00+01:00,15396.497353841143,12767.553252,7749.326945786632,6939.251,23145.824299627777,19706.804252,23898.752408
2026-01-28 14:30:00+01:00,15384.467027696488,13235.74158,7744.903598523938,6927.695,23129.370626220425,20163.43658,23758.188684
2026-01-28 14:45:00+01:00,15347.191991145699,13623.502856,7748.186807717132,6898.488,23095.378798862832,20521.990856,23600.568164
2026-01-28 15:00:00+01:00,15729.629136173571,13997.638912,7790.777810888504,6653.497,23520.406947062074,20651.135912,23169.901936
2026-01-28 15:15:00+01:00,15697.245786036909,14243.57216,7766.507474906198,6627.252,23463.753260943107,20870.82416,22837.023804
2026-01-28 15:30:00+01:00,15704.978564168823,14622.72686,7768.6902650595275,6687.395,23473.66882922835,21310.12186,22789.947512
2026-01-28 15:45:00+01:00,15755.000130101298,15106.673892,7746.685994010646,6704.896,23501.686124111944,21811.569892,22902.809692
2026-01-28 16:00:00+01:00,15905.048407314693,15508.72122,7697.746149889143,7029.456,23602.794557203837,22538.17722,23279.438304
2026-01-28 16:15:00+01:00,16010.73135147032,15783.963416,7704.823106423264,7095.867,23715.554457893584,22879.830416,23324.895644
2026-01-28 16:30:00+01:00,16186.124472037453,16228.263152,7719.696050609479,7149.784,23905.820522646933,23378.047152,23596.81544
2026-01-28 16:45:00+01:00,16335.131129899406,16671.127128,7722.844179223114,7179.249,24057.97530912252,23850.376128,23927.89726
2026-01-28 17:00:00+01:00,15927.34292147421,16985.839828,7737.664586086859,7177.725,23665.00750756107,24163.564828,24209.448056
2026-01-28 17:15:00+01:00,16073.339822962784,17153.820724,7754.240031803431,7244.531,23827.579854766213,24398.351724,24441.894648
2026-01-28 17:30:00+01:00,16275.952044819143,17319.720004,7754.726846417459,7263.574,24030.678891236603,24583.294004,24623.88642
2026-01-28 17:45:00+01:00,16395.20031180896,17499.169752,7746.523407995273,7251.501,24141.723719804235,24750.670752,24790.018192000003
2026-01-28 18:00:00+01:00,16745.315521707977,17768.891724,7742.649593263585,7599.067,24487.96511497156,25367.958724,25432.599016
2026-01-28 18:15:00+01:00,16820.18908799898,17704.601624,7761.969634171122,7808.461,24582.158722170105,25513.062624,25555.39036
2026-01-28 18:30:00+01:00,16886.7159303931,17723.694304,7786.130548801833,7821.984,24672.846479194934,25545.678304,25583.809044
2026-01-28 18:45:00+01:00,16952.10426385597,17735.176284,7771.366850895564,7827.002,24723.471114751534,25562.178284,25604.86068
2026-01-28 19:00:00+01:00,17224.844093669635,17771.862564,7808.324920332818,8212.257,25033.16901400245,25984.119564,26016.51394
2026-01-28 19:15:00+01:00,17258.42562141161,17990.987504,7828.148393013692,8253.874,25086.574014425303,26244.861504,26262.917492
2026-01-28 19:30:00+01:00,17273.092081810373,18121.18138,7818.417582847973,8241.36,25091.509664658348,26362.54138,26376.39858
2026-01-28 19:45:00+01:00,17277.16168118563,18267.589528,7820.211019791778,8214.874,25097.37270097741,26482.463528,26496.222312
2026-01-28 20:00:00+01:00,17249.611393357092,18401.441016,7634.61345549844,8208.019,24884.224848855534,26609.460016,26624.318356
2026-01-28 20:15:00+01:00,17272.10307473802,18446.8122,7622.4243861926025,8266.37,24894.52746093062,26713.182200000003,26724.420708
2026-01-28 20:30:00+01:00,17280.576859144938,18424.75932,7609.565035688979,8263.271,24890.141894833916,26688.03032,26698.041748000003
2026-01-28 20:45:00+01:00,17271.75384177642,18243.905736,7571.513532139386,8251.241,24843.267373915805,26495.146736,26504.712700000004
2026-01-28 21:00:00+01:00,17698.27018110478,18072.453104,7603.0254552320375,7849.323,25301.295636336818,25921.776104,25930.773636
2026-01-28 21:15:00+01:00,17683.19941903476,17985.868188,7611.722843675702,7844.36,25294.922262710465,25830.228188,25839.166584
2026-01-28 21:30:00+01:00,17667.766499815676,17987.343732,7604.557726908851,7831.764,25272.324226724526,25819.107732,25826.70652
2026-01-28 21:45:00+01:00,17652.27800627259,17931.70266,7581.421635852426,7845.23,25233.699642125015,25776.93266,25784.752024
2026-01-28 22:00:00+01:00,17099.46529205632,16868.245608,7570.536152719641,8154.545,24670.00144477596,25022.790608000003,25030.726224
2026-01-28 22:15:00+01:00,17138.18353650075,16630.925256,7557.883180140747,8209.352,24696.066716641497,24840.277256,24848.070992
2026-01-28 22:30:00+01:00,17178.158707281465,16272.305652,7552.59936848971,8238.454,24730.758075771177,24510.759652,24518.3903
2026-01-28 22:45:00+01:00,17197.373833043523,16140.439524,7539.452783418989,8208.03,24736.826616462513,24348.469524,24356.0347
2026-01-28 23:00:00+01:00,17617.00330770696,15976.951944,7574.632399541902,8043.38,25191.63570724886,24020.331944,24027.932684000003
2026-01-28 23:15:00+01:00,17629.98193901709,15610.300404,7581.389689450674,8049.421,25211.371628467765,23659.721404,23666.5552
2026-01-28 23:30:00+01:00,17648.38710292662,15422.20062,7554.447847344299,8041.801,25202.834950270917,23464.00162,23472.4576
2026-01-28 23:45:00+01:00,17654.279651091358,15158.229424,7539.1167296812855,7898.797,25193.396380772643,23057.026424,23066.13688
2026-01-29 00:00:00+01:00,15160.303404115877,14939.510116,7463.548424748578,8013.472,22623.851828864455,22952.982116,22962.073872
2026-01-29 00:15:00+01:00,15161.11040238281,14661.982248,7470.333422132806,7928.224,22631.443824515616,22590.206248,22599.172944
2026-01-29 00:30:00+01:00,15172.365976860643,14410.858736,7469.452518136064,7912.876,22641.818494996707,22323.734736,22333.133012
2026-01-29 00:45:00+01:00,15177.819978727806,14086.378072,7451.635060817926,7903.342,22629.455039545734,21989.720072,21999.274928
2026-01-29 01:00:00+01:00,14359.6222125904,13758.600904,7540.231535894583,8132.292,21899.853748484984,21890.892904,21900.323436
2026-01-29 01:15:00+01:00,14386.05090370104,13562.79678,7534.472002401615,8095.778,21920.522906102655,21658.574780000003,21668.002760000003
2026-01-29 01:30:00+01:00,14393.861364234543,13392.999276,7543.160416083709,8040.893,21937.021780318253,21433.892276,21443.186504
2026-01-29 01:45:00+01:00,14381.225648346039,13250.502452,7535.637749813757,7951.134,21916.863398159796,21201.636452,21210.772052
2026-01-29 02:00:00+01:00,12471.805568825455,13081.402896,7494.221909483774,7880.299,19966.027478309228,20961.701896,20970.890688
2026-01-29 02:15:00+01:00,12473.346282672386,12963.971228,7501.184133780763,7879.739,19974.530416453148,20843.710228,20852.857284
2026-01-29 02:30:00+01:00,12490.151930621772,12956.614056,7511.597052993977,7876.868,20001.748983615747,20833.482056,20842.665176
2026-01-29 02:45:00+01:00,12494.999107605421,12791.559412,7524.5410406375495,7808.33,20019.54014824297,20599.889412,20608.918728
2026-01-29 03:00:00+01:00,11236.035670667557,12639.958228,7575.753971094946,7781.739,18811.7896417625,20421.697227999997,20430.800227999996
2026-01-29 03:15:00+01:00,11246.855610416329,12587.659984,7596.773481421151,7722.322,18843.62909183748,20309.981984,20319.115928
2026-01-29 03:30:00+01:00,11264.7482806253,12606.161928,7623.9009986977935,7565.866,18888.649279323094,20172.027928,20181.511472
2026-01-29 03:45:00+01:00,11272.59576822905,12700.070832,7631.297134981555,7517.783,18903.892903210606,20217.853832,20227.375144
2026-01-29 04:00:00+01:00,10601.512818742884,12975.941824,7639.70112608641,7445.754,18241.213944829295,20421.695824,20431.194448
2026-01-29 04:15:00+01:00,10557.869653331578,13178.072988,7649.5776347165975,7473.715,18207.447288048177,20651.787988,20661.290012
2026-01-29 04:30:00+01:00,10527.068616664697,13546.874728,7659.946679432074,7524.611,18187.01529609677,21071.485728,21081.093016
2026-01-29 04:45:00+01:00,10531.143800357115,13796.54922,7672.200204613958,7479.539,18203.344004971073,21276.08822,21285.437244
2026-01-29 05:00:00+01:00,10144.683640182899,13961.060636,7794.723124447844,7481.359,17939.406764630745,21442.419636,21451.673047999997
2026-01-29 05:15:00+01:00,10162.038190192296,13923.57898,7803.224390244077,7449.233,17965.26258043637,21372.81198,21381.983048
2026-01-29 05:30:00+01:00,10162.275617267023,13862.926268,7774.73693304142,7486.503,17937.012550308442,21349.429268,21358.8542
2026-01-29 05:45:00+01:00,10166.62197446198,13772.773984,7725.084123384226,7552.888,17891.706097846203,21325.661984,21335.816036
2026-01-29 06:00:00+01:00,11253.884562826146,14234.662956,7495.216567891999,7451.763,18749.101130718147,21686.425956,21697.01974
2026-01-29 06:15:00+01:00,11237.16330428188,14082.574048,7510.188521211286,7517.353,18747.351825493166,21599.927048,21610.614852
2026-01-29 06:30:00+01:00,11207.782561243075,13874.94664,7535.955106833966,7540.219,18743.73766807704,21415.16564,21426.079852
2026-01-29 06:45:00+01:00,11193.008190549612,13655.804036,7533.957335666208,7617.819,18726.96552621582,21273.623036,21284.882884
2026-01-29 07:00:00+01:00,10903.463392300744,13488.42132,7397.384137701011,7607.933,18300.847530001756,21096.35432,21108.780172
2026-01-29 07:15:00+01:00,10909.867313669061,13289.637248,7410.111447757755,7614.194,18319.978761426817,20903.831248,20917.382812000003
2026-01-29 07:30:00+01:00,10901.837225585665,13185.769796,7405.390993930907,7524.528,18307.22821951657,20710.297796,20727.5762
2026-01-29 07:45:00+01:00,10897.49106590952,12930.435648,7390.810231516052,7444.323,18288.301297425573,20374.758648000003,20393.041296000003
2026-01-29 08:00:00+01:00,10725.896764471114,12872.854476,7460.210379143264,7306.255,18186.107143614376,20179.109476,20204.36714
2026-01-29 08:15:00+01:00,10773.533187543379,12849.713076,7488.189159022554,7223.91,18261.722346565934,20073.623076,20127.840196
2026-01-29 08:30:00+01:00,10811.660011139664,12651.461352,7503.019835159561,7333.422,18314.679846299223,19984.883352,20097.117568
2026-01-29 08:45:00+01:00,10765.336714095049,12576.433824,7490.513042609963,7350.526,18255.84975670501,19926.959824,20123.653863999996
2026-01-29 09:00:00+01:00,10614.883502989227,12541.950676,7552.775773478081,7371.354,18167.659276467308,19913.304676,20254.175416
2026-01-29 09:15:00+01:00,10518.755195819022,12423.003576,7584.106440028145,7230.0,18102.861635847166,19653.003576,20104.141204
2026-01-29 09:30:00+01:00,10440.258866895392,12440.426208,7578.945603723224,7248.603,18019.204470618617,19689.029208,20285.560516
2026-01-29 09:45:00+01:00,10363.106610260334,12519.9307,7594.1830243313525,7281.975,17957.28963459169,19801.905700000003,20548.608304
2026-01-29 10:00:00+01:00,11216.23416186908,12589.028176,7720.013872481558,7327.94,18936.24803435064,19916.968176,20808.899572
2026-01-29 10:15:00+01:00,11115.53612281917,12828.013092,7772.320342583711,7297.285,18887.85646540288,20125.298091999997,21177.638536
2026-01-29 10:30:00+01:00,11003.704811419237,12966.51428,7793.2635382416365,7290.146,18796.968349660874,20256.66028,21486.7689
2026-01-29 10:45:00+01:00,10886.337361801667,13036.09008,7807.609648945087,7302.001,18693.947010746753,20338.09108,21742.477508
2026-01-29 11:00:00+01:00,11154.92321769558,13015.002316,7657.0061232355865,7321.998,18811.929340931165,20337.000316,21929.030116
2026-01-29 11:15:00+01:00,11055.490340687404,13111.767164,7634.78993143654,7383.061,18690.280272123942,20494.828164,22236.680168
2026-01-29 11:30:00+01:00,10948.96545217551,13033.69866,7620.445273849543,7395.211,18569.410726025053,20428.90966,22315.015376000003
2026-01-29 11:45:00+01:00,10838.20917267641,13156.829068,7621.0100119351955,7419.036,18459.219184611604,20575.865068,22605.07912
2026-01-29 12:00:00+01:00,10421.968023358502,13251.214248,7684.800585158343,7262.23,18106.768608516846,20513.444248,22655.563304
2026-01-29 12:15:00+01:00,10346.142519865532,13208.816924,7662.842523942613,7298.192,18008.985043808145,20507.008924,22709.759484
2026-01-29 12:30:00+01:00,10294.806271542011,13160.938184,7643.570792921475,7391.778,17938.377064463486,20552.716184,22808.884796
2026-01-29 12:45:00+01:00,10253.727620900068,13321.96222,7610.326685051486,7377.722,17864.054305951555,20699.68422,22967.668016
2026-01-29 13:00:00+01:00,10040.791657241942,13066.044872,7711.366124029796,7843.626,17752.157781271737,20909.670872,23167.143328
2026-01-29 13:15:00+01:00,10012.09482849193,12801.9359,7734.859581759186,7914.289,17746.954410251117,20716.2249,22908.343964
2026-01-29 13:30:00+01:00,9949.157765149386,12609.785076,7732.741914672252,7905.103,17681.89967982164,20514.888076,22643.185324
2026-01-29 13:45:00+01:00,9911.639992061866,12461.990524,7704.17408160265,7909.765,17615.814073664515,20371.755524,22386.271628
2026-01-29 14:00:00+01:00,9436.696892255375,12371.614676,7640.84894392175,8030.375,17077.545836177123,20401.989675999997,22320.791284
2026-01-29 14:15:00+01:00,9447.823237693881,12100.570132,7592.154003019257,8014.027,17039.97724071314,20114.597132000003,21931.467016
2026-01-29 14:30:00+01:00,9456.563050412946,11877.84156,7590.679846419236,7965.79,17047.242896832184,19843.63156,21531.958980000003
2026-01-29 14:45:00+01:00,9440.973888299326,11671.070172,7596.118382727695,7882.921,17037.09227102702,19553.991172,21118.930888000003
2026-01-29 15:00:00+01:00,9008.814091994289,11521.494976,7542.820994753786,7981.222,16551.635086748076,19502.716976,20904.820416
2026-01-29 15:15:00+01:00,8999.555460878302,11511.750376,7508.755584850846,8042.417,16508.311045729148,19554.167376,20752.930528
2026-01-29 15:30:00+01:00,9015.37278962864,11435.972072,7512.3284828009255,8032.628,16527.701272429564,19468.600072,20493.2148
2026-01-29 15:45:00+01:00,9072.263632320455,11508.392656,7494.097031158168,8029.716,16566.360663478623,19538.108656,20367.236228
2026-01-29 16:00:00+01:00,8516.788967533485,11558.161332,7517.802402405038,8043.101,16034.591369938524,19601.262332,20231.922875999997
2026-01-29 16:15:00+01:00,8633.457250239937,11487.073076,7524.927053621067,8057.885,16158.384303861003,19544.958076000003,19985.853272000004
2026-01-29 16:30:00+01:00,8961.294328605596,11531.333004,7544.5819280700925,7990.479,16505.87625667569,19521.812004,19784.284524
2026-01-29 16:45:00+01:00,9112.989922510058,11506.87922,7544.609316158074,7894.675,16657.599238668132,19401.55422,19533.250652
2026-01-29 17:00:00+01:00,9316.963120218385,11454.498948,7507.203096043266,7898.638,16824.16621626165,19353.136948,19409.418876
2026-01-29 17:15:00+01:00,9464.124903334168,11480.614444,7529.839041583558,7870.422,16993.963944917727,19351.036444,19386.961716
2026-01-29 17:30:00+01:00,9608.459467940867,11450.416736,7528.479416733237,7854.077,17136.938884674106,19304.493736,19336.387676
2026-01-29 17:45:00+01:00,9722.864389255448,11397.275784,7519.940306827031,7806.289,17242.80469608248,19203.564784,19233.642224
2026-01-29 18:00:00+01:00,9925.282125225704,11382.521332,7539.962719103019,7727.425,17465.24484432872,19109.946332,19143.764852
2026-01-29 18:15:00+01:00,9989.858855444765,11350.440128,7557.7163355975845,7663.589,17547.57519104235,19014.029128,19037.081672
2026-01-29 18:30:00+01:00,10054.191834858839,11309.089668,7578.531915784683,7665.202,17632.723750643523,18974.291668,18995.603012000003
2026-01-29 18:45:00+01:00,10120.763458014324,11353.671084,7561.260438696134,7637.24,17682.02389671046,18990.911084,19010.404288
2026-01-29 19:00:00+01:00,9839.98836162529,11528.291236,7431.419911133538,7570.751,17271.40827275883,19099.042236,19126.20598
2026-01-29 19:15:00+01:00,9869.213206396003,11693.848732,7446.958455676909,7593.349,17316.171662072913,19287.197732,19306.485492
2026-01-29 19:30:00+01:00,9882.590744513727,11896.785528,7440.057747289705,7602.621,17322.648491803433,19499.406528,19515.647064
2026-01-29 19:45:00+01:00,9875.912187021755,12112.864032,7442.218924663373,7647.115,17318.13111168513,19759.979032,19774.175664
2026-01-29 20:00:00+01:00,10061.971759545664,12108.987928,7389.095213812551,7604.498,17451.066973358214,19713.485928,19725.858396000003
2026-01-29 20:15:00+01:00,10078.262974077661,12085.764144,7376.040814741723,7719.315,17454.303788819383,19805.079144,19816.434424
2026-01-29 20:30:00+01:00,10035.866367282078,12117.489036,7361.130467715043,7716.186,17396.99683499712,19833.675036,19844.808556
2026-01-29 20:45:00+01:00,10018.688912695861,12013.243132,7321.6238248341615,7723.577,17340.312737530025,19736.820132,19747.878612
2026-01-29 21:00:00+01:00,9908.094543093473,11956.233464,7352.210923553647,7787.231,17260.30546664712,19743.464464,19755.547788
2026-01-29 21:15:00+01:00,9883.452088614697,11976.090276,7358.240837236269,7827.484,17241.692925850966,19803.574276,19814.448252
2026-01-29 21:30:00+01:00,9863.097487344927,11861.033308,7356.469210119542,7777.431,17219.56669746447,19638.464308,19647.484839999997
2026-01-29 21:45:00+01:00,9827.588442826105,11822.099452,7282.773287848614,7594.476,17110.36173067472,19416.575452,19425.348352
2026-01-29 22:00:00+01:00,9816.68350722069,11349.776432,7286.642947741636,7348.312,17103.326454962327,18698.088432,18706.8692
2026-01-29 22:15:00+01:00,9842.520643967564,11506.63756,7262.090906995999,7333.375,17104.611550963564,18840.01256,18849.090408
2026-01-29 22:30:00+01:00,9871.682655205052,11457.284092,7256.082698997023,7340.924,17127.765354202074,18798.208092,18807.032776
2026-01-29 22:45:00+01:00,9882.87145555026,11498.078684,7228.700410069319,7184.509,17111.57186561958,18682.587684,18691.540139999997
2026-01-29 23:00:00+01:00,12633.243285452858,11619.146252,7203.954340603824,6841.096,19837.19762605668,18460.242252,18469.166068
2026-01-29 23:15:00+01:00,12632.897640711968,11665.564316,7211.902448669454,6982.613,19844.800089381424,18648.177316,18657.300404
2026-01-29 23:30:00+01:00,12642.776986462728,11646.309044,7183.679550435877,6862.717,19826.456536898604,18509.026044,18518.222
2026-01-29 23:45:00+01:00,12663.090092481765,11784.391608,7163.97169860188,6714.84,19827.061791083644,18499.231608,18508.235824000003
2026-01-30 00:00:00+01:00,13870.43838987516,11706.883536,7442.192648110996,7281.865,21312.631037986157,18988.748536,18997.615296
2026-01-30 00:15:00+01:00,13866.832292772391,11699.773012,7445.532720464437,7357.655,21312.365013236828,19057.428012,19066.497088
2026-01-30 00:30:00+01:00,13877.219428897062,11763.67712,7447.63827360121,7420.354,21324.857702498273,19184.03112,19192.99582
2026-01-30 00:45:00+01:00,13878.223350682223,11787.595844,7431.602493428833,7420.572,21309.825844111056,19208.167844,19217.227016
2026-01-30 01:00:00+01:00,14935.938220681463,11844.20444,7506.139235069039,7584.137,22442.077455750503,19428.34144,19437.492876
2026-01-30 01:15:00+01:00,14959.459267278718,11929.096888,7501.86243539241,7678.87,22461.321702671128,19607.966888,19616.807412
2026-01-30 01:30:00+01:00,14969.765722736965,11931.795648,7510.551325611065,7629.036,22480.31704834803,19560.831648,19569.540272
2026-01-30 01:45:00+01:00,14958.185463373848,11888.98066,7502.065445611037,7631.28,22460.250908984883,19520.26066,19529.463784
2026-01-30 02:00:00+01:00,15349.01246957342,11975.170964,7465.501433310001,7689.784,22814.51390288342,19664.954964,19674.290272
2026-01-30 02:15:00+01:00,15342.045838329836,11925.095588,7470.0130826852355,7780.706,22812.058921015072,19705.801588,19715.1844
2026-01-30 02:30:00+01:00,15359.703940158382,11847.04522,7477.923624592439,7871.457,22837.627564750823,19718.50222,19728.163028000003
2026-01-30 02:45:00+01:00,15360.221348888988,11832.654596,7488.404571596475,7943.729,22848.625920485465,19776.383596,19785.947032
2026-01-30 03:00:00+01:00,15244.803293957875,11757.568688,7564.654362319323,8102.215,22809.457656277198,19859.783688,19869.344776
2026-01-30 03:15:00+01:00,15256.604261252669,11645.806588,7582.800980374478,8279.55,22839.405241627148,19925.356588,19935.149076
2026-01-30 03:30:00+01:00,15270.33049577573,11528.052156,7600.489554483744,8314.419,22870.820050259474,19842.471156,19852.084268
2026-01-30 03:45:00+01:00,15274.170164250947,11444.726124,7602.726392655138,8316.249,22876.896556906086,19760.975124,19770.519392
2026-01-30 04:00:00+01:00,15794.16328764593,11415.852532,7611.864247649669,8226.085,23406.027535295598,19641.937532,19651.63402
2026-01-30 04:15:00+01:00,15759.52360496237,11406.208432,7623.51175650216,8197.421,23383.035361464532,19603.629432,19613.226212
2026-01-30 04:30:00+01:00,15739.857863071342,11320.209836,7636.192141817101,8187.878,23376.050004888442,19508.087836,19517.83634
2026-01-30 04:45:00+01:00,15749.439525582597,11307.96784,7647.2855354505355,8230.857,23396.725061033132,19538.82484,19548.5028
2026-01-30 05:00:00+01:00,15373.580876151826,11256.141908,7682.236623563984,8051.281,23055.81749971581,19307.422908,19316.983092
2026-01-30 05:15:00+01:00,15385.86517312813,11363.267792,7690.894233745023,7981.636,23076.759406873152,19344.903792,19354.464652
2026-01-30 05:30:00+01:00,15381.176883104268,11397.743972,7668.040470135603,7869.629,23049.21735323987,19267.372972,19276.958832
2026-01-30 05:45:00+01:00,15380.950711066955,11436.303412,7624.272415091336,7779.008,23005.223126158293,19215.311412,19225.12262
2026-01-30 06:00:00+01:00,15989.39811987879,11886.241036,7506.999898897305,7695.932,23496.398018776094,19582.173036,19592.088844
2026-01-30 06:15:00+01:00,15971.3381148392,11815.30976,7525.30806557054,7915.629,23496.64618040974,19730.93876,19741.239568
2026-01-30 06:30:00+01:00,15942.183972172905,11849.242332,7551.382039454314,8054.242,23493.56601162722,19903.484332,19917.076512
2026-01-30 06:45:00+01:00,15920.746314971047,11984.662984,7551.049337264558,7983.174,23471.795652235603,19967.836984,19982.29694
2026-01-30 07:00:00+01:00,15955.75004924518,12172.407104,7473.531071125443,8144.254,23429.281120370622,20316.661104,20333.125819999997
2026-01-30 07:15:00+01:00,15962.866322550759,12318.98268,7487.699564827866,8140.619,23450.565887378623,20459.60168,20475.098272
2026-01-30 07:30:00+01:00,15947.94137821616,12272.137316,7485.504855562648,8149.339,23433.446233778806,20421.476316,20441.33294
2026-01-30 07:45:00+01:00,15941.151464533768,12419.411864,7471.723938459073,8131.847,23412.875402992842,20551.258864,20586.64728
2026-01-30 08:00:00+01:00,16162.142208755433,12622.603076,7582.202055692229,8143.226,23744.34426444766,20765.829076,20866.556264
2026-01-30 08:15:00+01:00,16153.25834203449,12932.919508,7610.169803344058,8072.826,23763.428145378548,21005.745508,21333.667896
2026-01-30 08:30:00+01:00,16061.942822952637,13091.84792,7646.342170160805,8106.515,23708.28499311344,21198.36292,21824.774496
2026-01-30 08:45:00+01:00,16018.586636812852,13062.47486,7636.809611490369,8122.275,23655.396248303223,21184.74986,22186.710412
2026-01-30 09:00:00+01:00,16458.422729618054,12942.933332,7640.06008449419,7741.957,24098.482814112245,20684.890332000003,22141.6517
2026-01-30 09:15:00+01:00,16382.808313998667,12986.05156,7679.270068966189,7717.803,24062.078382964857,20703.85456,22652.19234
2026-01-30 09:30:00+01:00,16323.403955969283,13074.891416,7674.9957799974945,7766.048,23998.399735966777,20840.939416,23312.529932
2026-01-30 09:45:00+01:00,16257.027964339504,13155.903896,7686.299967653335,7803.368,23943.32793199284,20959.271896,24002.587212
2026-01-30 10:00:00+01:00,16827.2334102048,13069.917352,7748.048128857549,8139.441,24575.28153906235,21209.358352,24831.435488
2026-01-30 10:15:00+01:00,16738.331286465418,12886.21388,7799.706207327975,8148.94,24538.037493793392,21035.15388,25254.375711999997
2026-01-30 10:30:00+01:00,16633.503517269288,12697.320436,7823.300376706096,8183.87,24456.803893975382,20881.190436,25686.969472
2026-01-30 10:45:00+01:00,16521.116749605804,12647.351088,7843.636360195205,8212.512,24364.753109801008,20859.863088,26254.318952
2026-01-30 11:00:00+01:00,16983.971638004845,12689.849084,7812.775527577649,8203.234,24796.747165582492,20893.083084,26813.627648
2026-01-30 11:15:00+01:00,16885.67115161921,12751.021332,7794.054582126782,8197.668,24679.725733745996,20948.689332,27373.13214
2026-01-30 11:30:00+01:00,16774.048216124254,12910.772364,7783.269801335573,8191.396,24557.318017459827,21102.168364,28008.96336
2026-01-30 11:45:00+01:00,16659.337674133618,12938.52238,7785.219307041163,8210.514,24444.55698117478,21149.03638,28484.572911999996
2026-01-30 12:00:00+01:00,16597.62299011226,12964.440116,7753.9883362880555,8396.141,24351.611326400314,21360.581116,29129.735288
2026-01-30 12:15:00+01:00,16507.034215298267,13043.720396,7732.157119762527,8398.279,24239.191335060794,21441.999396,29500.892972
2026-01-30 12:30:00+01:00,16445.52211147008,13148.509476,7715.999112331635,8414.679,24161.521223801716,21563.188476,29795.496032
2026-01-30 12:45:00+01:00,16401.355192523268,13233.324784,7684.912308714224,8397.709,24086.267501237493,21631.033784,29999.165104
2026-01-30 13:00:00+01:00,17131.46054220475,13274.36294,7679.491451512644,8225.718,24810.951993717394,21500.08094,29818.935064
2026-01-30 13:15:00+01:00,17097.866314249666,13233.339984,7694.355782930017,8212.835,24792.222097179685,21446.174983999997,29640.677131999997
2026-01-30 13:30:00+01:00,17034.98297844315,13338.305184,7679.722615479937,8186.682,24714.705593923085,21524.987184,29432.273048000003
2026-01-30 13:45:00+01:00,16996.739086175803,13514.036384,7649.410763931714,8117.559,24646.14985010752,21631.595384,29225.731208
2026-01-30 14:00:00+01:00,18043.395453851615,13727.116536,7656.231857323755,8021.434,25699.62731117537,21748.550536,28875.58012
2026-01-30 14:15:00+01:00,18049.050104453832,13997.42882,7605.40282441549,7927.499,25654.452928869323,21924.927819999997,28543.857819999997
2026-01-30 14:30:00+01:00,18071.07626307847,14256.337864,7601.084706872713,7704.096,25672.160969951183,21960.433864,27868.078968
2026-01-30 14:45:00+01:00,18085.875050664123,14506.748884,7601.714382193468,7659.312,25687.58943285759,22166.060884,27272.26788
2026-01-30 15:00:00+01:00,19060.395741006552,14883.860036,7633.325822162985,7888.721,26693.721563169536,22772.581036,27086.6926
2026-01-30 15:15:00+01:00,19064.41195171771,15168.203028,7598.186335880971,7909.267,26662.59828759868,23077.470028,26650.440816
2026-01-30 15:30:00+01:00,19099.488914837904,15583.86442,7599.769945780464,7822.464,26699.258860618367,23406.32842,26218.581103999997
2026-01-30 15:45:00+01:00,19184.08995051016,15891.737532,7583.9098460751975,7742.621,26767.999796585354,23634.358532,25752.79364
2026-01-30 16:00:00+01:00,19909.777526114845,16251.98146,7366.470498920969,7714.794,27276.248025035813,23966.77546,25438.576252
2026-01-30 16:15:00+01:00,20149.474348157237,16764.500376,7375.502930743907,7982.35,27524.977278901144,24746.850376,25666.29258
2026-01-30 16:30:00+01:00,20306.694536658764,17265.597228,7389.916034541698,8040.413,27696.61057120046,25306.010228,25806.732131999997
2026-01-30 16:45:00+01:00,20485.87243693379,17818.807072,7389.846133990996,8088.929,27875.718570924786,25907.736072,26103.400184
2026-01-30 17:00:00+01:00,21556.046189573084,18117.983816,7263.019760279325,8255.746,28819.06594985241,26373.729816,26464.772572
2026-01-30 17:15:00+01:00,21703.966704013965,18147.676248,7289.493063249819,8304.413,28993.459767263783,26452.089248,26552.952864
2026-01-30 17:30:00+01:00,21864.275898035892,18257.638124,7292.5197731502,8384.208,29156.795671186093,26641.846124000003,26728.322700000004
2026-01-30 17:45:00+01:00,21982.61608279591,18509.110512,7284.584901584886,8346.086,29267.200984380797,26855.196512,26924.07506
2026-01-30 18:00:00+01:00,22165.205397435526,18979.61448,7152.7275672450005,7863.372,29317.932964680527,26842.98648,26897.88446
2026-01-30 18:15:00+01:00,22226.335178740697,19304.069192,7177.374009552048,7851.798,29403.709188292745,27155.867192,27200.115548
2026-01-30 18:30:00+01:00,22285.235233946587,19410.557532,7195.556459954674,7802.093,29480.79169390126,27212.650532,27252.14726
2026-01-30 18:45:00+01:00,22349.93418319413,19622.597544,7181.580218637542,7846.49,29531.51440183167,27469.087544,27500.666536
2026-01-30 19:00:00+01:00,22912.207663316738,19779.617416,7315.085487771833,7807.567,30227.293151088572,27587.184416,27609.628848
2026-01-30 19:15:00+01:00,22958.08323893303,19780.41886,7346.764886222201,7950.265,30304.848125155233,27730.68386,27748.2523
2026-01-30 19:30:00+01:00,22985.943107754636,19863.766964,7349.859505916993,7952.74,30335.80261367163,27816.506964,27833.87254
2026-01-30 19:45:00+01:00,22991.97428457363,20051.593228,7348.223765011839,7956.992,30340.198049585466,28008.585228000004,28025.081552000003
2026-01-30 20:00:00+01:00,23724.113051196702,20129.505344,7360.698761448811,7780.596,31084.811812645512,27910.101344,27925.501384000003
2026-01-30 20:15:00+01:00,23666.902429577975,20150.358196,7354.250366830306,7846.706,31021.15279640828,27997.064196,28010.714372
2026-01-30 20:30:00+01:00,23677.68859082864,20193.987812,7344.01695186537,7964.095,31021.70554269401,28158.082812,28171.782348
2026-01-30 20:45:00+01:00,23665.82817384831,20290.976628,7300.876072407181,7709.043,30966.70424625549,28000.019628,28013.390804
2026-01-30 21:00:00+01:00,23870.875770217397,20448.191836,7166.642132196178,7832.455,31037.517902413576,28280.646836,28291.901552
2026-01-30 21:15:00+01:00,23813.86695842676,20590.594784,7182.497734028209,7834.86,30996.36469245497,28425.454784,28437.044888
2026-01-30 21:30:00+01:00,23796.665042987814,20796.769756,7183.6521124876845,7824.524,30980.3171554755,28621.293756000003,28631.463740000003
2026-01-30 21:45:00+01:00,23728.510627529362,20960.763808,7142.558663823222,7791.331,30871.069291352585,28752.094808,28762.248216
2026-01-30 22:00:00+01:00,22696.216555923686,19846.125292,7179.365695900694,7693.602,29875.58225182438,27539.727292,27551.349816
2026-01-30 22:15:00+01:00,22706.70828656568,19856.25524,7180.953782051947,7658.935,29887.66206861763,27515.19024,27525.352992
2026-01-30 22:30:00+01:00,22718.169318405337,19798.305204,7179.178378798187,7650.912,29897.347697203524,27449.217204,27459.66918
2026-01-30 22:45:00+01:00,22713.31503818939,19711.543068,7156.848857195787,7651.893,29870.163895385176,27363.436068,27373.582336
2026-01-30 23:00:00+01:00,22533.726421558233,19606.83566,7154.745697079915,7669.545,29688.472118638147,27276.380660000003,27286.090492000003
2026-01-30 23:15:00+01:00,22512.87574440624,19519.26796,7155.809181317737,7608.271,29668.684925723977,27127.53896,27139.667428
2026-01-30 23:30:00+01:00,22507.112363182467,19448.953108,7123.062229218988,7532.096,29630.174592401454,26981.049108,26994.417228
2026-01-30 23:45:00+01:00,22508.432193535817,19236.482468,7095.057489698319,7397.557,29603.489683234136,26634.039468,26644.355612
2026-01-31 00:00:00+01:00,21937.413720260265,19077.022656,7141.383624234841,7449.548,29078.797344495106,26526.570656,26540.110112
2026-01-31 00:15:00+01:00,21924.18502353781,18918.578736,7142.428049597034,7527.813,29066.613073134846,26446.391736,26456.488596
2026-01-31 00:30:00+01:00,21925.035060131017,18836.532364,7130.361786529711,7579.879,29055.396846660726,26416.411364,26426.469804
2026-01-31 00:45:00+01:00,21916.885866492154,18818.747916,7120.379918291636,7615.271,29037.26578478379,26434.018916,26444.013116
2026-01-31 01:00:00+01:00,22192.743156664634,18756.344616,7092.221550868947,7808.672,29284.96470753358,26565.016615999997,26575.046979999996
2026-01-31 01:15:00+01:00,22204.522355694564,18631.613856,7077.835290162267,7840.391,29282.35764585683,26472.004856,26482.25648
2026-01-31 01:30:00+01:00,22202.7122261779,18564.45534,7089.933095208028,7832.616,29292.645321385928,26397.07134,26407.201356
2026-01-31 01:45:00+01:00,22187.26600799047,18560.572556,7085.436028995097,7824.031,29272.702036985567,26384.603556,26394.776668
2026-01-31 02:00:00+01:00,22629.870911825146,18595.979256,7130.279365387363,7687.476,29760.15027721251,26283.455255999997,26293.968847999997
2026-01-31 02:15:00+01:00,22619.38723786256,18638.56648,7126.501913899395,7684.598,29745.889151761956,26323.16448,26333.488584
2026-01-31 02:30:00+01:00,22627.987120182974,18651.596656,7122.2408140587995,7668.668,29750.227934241775,26320.264656,26330.6802
2026-01-31 02:45:00+01:00,22624.670326426218,18690.935016,7130.001702935759,7685.088,29754.672029361976,26376.023016,26386.104676
2026-01-31 03:00:00+01:00,23264.293764182297,18671.868004,7197.335179598239,8026.931,30461.628943780535,26698.799004,26706.973748
2026-01-31 03:15:00+01:00,23260.524397025107,18810.873336,7210.252070665982,8047.237,30470.77646769109,26858.110336,26866.8886
2026-01-31 03:30:00+01:00,23256.73740866669,18919.39168,7226.987045053401,8044.785,30483.72445372009,26964.17668,26973.476528
2026-01-31 03:45:00+01:00,23245.3055445478,18871.507072,7226.981003048173,8024.637,30472.28654759597,26896.144072,26904.224972
2026-01-31 04:00:00+01:00,23128.616146336542,18838.247412,7173.9025210879045,8002.342,30302.518667424447,26840.589412,26850.498688
2026-01-31 04:15:00+01:00,23088.178289731,18939.372124,7186.11951227804,8008.726,30274.29780200904,26948.098124,26958.154752
2026-01-31 04:30:00+01:00,23054.9790161159,19057.915808,7201.796868226175,8014.14,30256.775884342074,27072.055808,27081.700548
2026-01-31 04:45:00+01:00,23054.98344831098,19195.308424,7218.770092509169,7988.327,30273.75354082015,27183.635424,27191.726324
2026-01-31 05:00:00+01:00,22040.57401172481,19410.181684,7256.490852595392,7837.834,29297.0648643202,27248.015684,27258.185663999997
2026-01-31 05:15:00+01:00,22048.98595344684,19562.140072,7261.834076244306,7680.863,29310.820029691145,27243.003072,27254.828556
2026-01-31 05:30:00+01:00,22034.410534721457,19689.55578,7238.425550717162,7691.253,29272.83608543862,27380.80878,27392.26
2026-01-31 05:45:00+01:00,22029.040893756395,19864.428584,7201.3654490504805,7907.984,29230.406342806877,27772.412584,27784.268180000003
2026-01-31 06:00:00+01:00,21718.576675080705,20988.44142,7059.654060324433,8092.772,28778.230735405137,29081.21342,29093.8828
2026-01-31 06:15:00+01:00,21689.29386838753,21027.878824,7090.21016302693,8117.253,28779.504031414457,29145.131824,29157.409912
2026-01-31 06:30:00+01:00,21665.08124801026,21059.955844,7119.429376072346,8146.748,28784.510624082606,29206.703844,29217.714632
2026-01-31 06:45:00+01:00,21646.116998945214,21112.85012,7120.249115374597,8127.474,28766.36611431981,29240.324119999997,29252.276327999996
2026-01-31 07:00:00+01:00,20817.96094753746,21150.589696,6970.070689215678,8126.799,27788.031636753138,29277.388696,29291.114164
2026-01-31 07:15:00+01:00,20820.847243673445,21131.705384,6979.133097170561,7929.785,27799.980340844006,29061.490384,29077.378696
2026-01-31 07:30:00+01:00,20799.350349084627,21045.81384,6977.685266413075,7820.065,27777.0356154977,28865.87884,28885.810956
2026-01-31 07:45:00+01:00,20792.254513353007,20968.6631,6969.046867235227,7581.003,27761.301380588236,28549.6661,28592.743444000003
2026-01-31 08:00:00+01:00,20620.797628934062,21071.671176,7155.978310801847,7830.662,27776.77593973591,28902.333176,29065.296228
2026-01-31 08:15:00+01:00,20615.56988371929,21072.101636,7180.597874410881,7925.804,27796.16775813017,28997.905636,29521.14234
2026-01-31 08:30:00+01:00,20654.39106715838,21050.807072,7197.343853615244,7868.666,27851.734920773626,28919.473072,29883.575276
2026-01-31 08:45:00+01:00,20601.14600153151,20768.631272,7191.529186572309,7620.268,27792.675188103818,28388.899272,29879.095707999997
2026-01-31 09:00:00+01:00,19381.77157087164,20612.846332,7074.9402424756545,7430.569,26456.711813347294,28043.415332,30134.630076
2026-01-31 09:15:00+01:00,19307.383382142278,20421.037068,7107.795870867401,7303.04,26415.17925300968,27724.077068,30461.221812000003
2026-01-31 09:30:00+01:00,19245.633656909384,20217.7767,7103.969746820116,7214.919,26349.6034037295,27432.695699999997,30836.645955999997
2026-01-31 09:45:00+01:00,19175.014598722213,19790.90862,7117.509994227142,7129.719,26292.524592949354,26920.62762,30987.321356
2026-01-31 10:00:00+01:00,19055.450061953114,19323.841956,7482.734210521192,6895.353,26538.184272474304,26219.194956,30928.2134
2026-01-31 10:15:00+01:00,18958.447490116963,18962.21034,7522.981517943538,6908.022,26481.429008060502,25870.23234,31221.850024000003
2026-01-31 10:30:00+01:00,18854.922809311323,18495.813592,7543.449106000526,6944.654,26398.37191531185,25440.467592,31395.95688
2026-01-31 10:45:00+01:00,18735.926009608684,18006.300596,7562.588141745958,6959.945,26298.51415135464,24966.245596,31517.052468
2026-01-31 11:00:00+01:00,18160.528598713252,17651.531752,7685.662989667484,6973.353,25846.191588380738,24624.884752,31788.394444
2026-01-31 11:15:00+01:00,18060.35195105747,17174.486872,7666.349285984825,7036.302,25726.701237042296,24210.788872,31915.5015
2026-01-31 11:30:00+01:00,17936.291460942397,16687.848956,7653.987546432306,7040.142,25590.279007374702,23727.990956,31869.313752
2026-01-31 11:45:00+01:00,17815.528662876182,16318.225312,7655.701118812586,7044.865,25471.22978168877,23363.090312,31916.089244000003
2026-01-31 12:00:00+01:00,16901.64194144753,15976.685244,7722.3435216276275,7020.484,24623.985463075158,22997.169244,31883.200588
2026-01-31 12:15:00+01:00,16799.862984586078,15608.468084,7695.227610557144,7011.719,24495.09059514322,22620.187084,31714.37392
2026-01-31 12:30:00+01:00,16736.072160159267,15265.64022,7681.893712033602,7013.757,24417.965872192868,22279.39722,31487.058063999997
2026-01-31 12:45:00+01:00,16698.331903148883,14976.03254,7649.479532592731,7092.027,24347.811435741613,22068.05954,31280.164144
2026-01-31 13:00:00+01:00,16163.83323921527,14950.93278,7873.925844192419,7891.103,24037.75908340769,22842.03578,31909.6396
2026-01-31 13:15:00+01:00,16121.536540839486,14754.157796,7885.214844361955,8038.762,24006.75138520144,22792.919796,31677.482448
2026-01-31 13:30:00+01:00,16051.646529050797,14539.481576,7868.661110265724,8026.54,23920.30763931652,22566.021576,31125.70148
2026-01-31 13:45:00+01:00,16016.875988208558,14590.560824,7839.997486508439,8025.491,23856.873474716995,22616.051824,30844.5819
2026-01-31 14:00:00+01:00,16140.82778106421,14688.042592,7697.569955621738,7814.0,23838.397736685947,22502.042592,30335.024732
2026-01-31 14:15:00+01:00,16136.485460399434,14779.382524,7650.7191852920905,7761.756,23787.204645691523,22541.138524,29823.935256
2026-01-31 14:30:00+01:00,16162.177872227148,14945.466796,7648.932325150214,7807.168,23811.110197377362,22752.634796,29390.9398
2026-01-31 14:45:00+01:00,16168.545693771333,15084.954512,7644.369361072771,7722.169,23812.915054844103,22807.123512,28718.156603999996
2026-01-31 15:00:00+01:00,16658.975055626903,15297.906576,7631.175088178357,7653.883,24290.15014380526,22951.789576,28095.7091
2026-01-31 15:15:00+01:00,16676.84944033146,15533.016116,7601.533242720721,7530.514,24278.382683052183,23063.530116,27406.27038
2026-01-31 15:30:00+01:00,16743.991450847356,15699.670068,7603.49092399397,7538.742,24347.482374841326,23238.412068,26711.416508
2026-01-31 15:45:00+01:00,16832.405474070394,15798.597744,7591.243047406197,7619.918,24423.648521476593,23418.515744,26080.380716
2026-01-31 16:00:00+01:00,17826.942693013556,15864.114752,7577.738855137998,7609.625,25404.681548151555,23473.739752,25350.708916000003
2026-01-31 16:15:00+01:00,18025.129153460923,15940.375492,7593.382641274925,7577.084,25618.51179473585,23517.459492,24660.814408
2026-01-31 16:30:00+01:00,18324.639048141533,16176.310612,7610.0251708180895,7547.897,25934.664218959624,23724.207612,24278.132447999997
2026-01-31 16:45:00+01:00,18513.660857579554,16281.816492,7614.264249702948,7538.198,26127.925107282503,23820.014492,24018.686576000004
2026-01-31 17:00:00+01:00,18468.705420106147,16558.111312,7635.161160072471,7786.711,26103.86658017862,24344.822312,24442.42236
2026-01-31 17:15:00+01:00,18620.009238275765,16796.661968,7649.464295693088,7779.326,26269.473533968852,24575.987968,24632.324316
2026-01-31 17:30:00+01:00,18871.4079132654,16644.905188,7651.9854954437815,7777.373,26523.393408709184,24422.278188,24513.02786
2026-01-31 17:45:00+01:00,18980.082817961105,16718.002308,7648.241787131289,7744.296,26628.324605092395,24462.298308,24558.370219999997
2026-01-31 18:00:00+01:00,18724.289890989076,16783.541212,7650.034930186069,7307.761,26374.324821175145,24091.302212,24207.151208000003
2026-01-31 18:15:00+01:00,18865.786660109436,16957.81932,7669.382426816104,7290.354,26535.16908692554,24248.17332,24339.139224
2026-01-31 18:30:00+01:00,18930.675500135687,17216.797552,7689.398361818008,7110.789,26620.073861953693,24327.586552,24399.932008
2026-01-31 18:45:00+01:00,18998.128178182003,17327.293184,7677.744776879616,7037.852,26675.87295506162,24365.145183999997,24417.017363999996
2026-01-31 19:00:00+01:00,17726.112342965473,17448.284828,7728.487916659351,7106.788,25454.60025962482,24555.072828,24603.714472
2026-01-31 19:15:00+01:00,17779.028077357532,17399.846004,7758.890734291615,7075.327,25537.91881164915,24475.173004,24502.205252
2026-01-31 19:30:00+01:00,17812.73296556809,17403.075364,7762.286480646847,7043.952,25575.019446214937,24447.027364,24466.009552000003
2026-01-31 19:45:00+01:00,17825.516315998484,17210.044716,7765.841845363003,6950.007,25591.358161361488,24160.051716,24177.087984
2026-01-31 20:00:00+01:00,16769.015639977515,17056.698056,7782.307097350532,7296.419,24551.322737328046,24353.117056000003,24368.768812
2026-01-31 20:15:00+01:00,16773.56331604584,16908.483376,7786.465661813723,7229.417,24560.02897785956,24137.900376,24151.575184
2026-01-31 20:30:00+01:00,16773.515358722125,16792.947908,7781.066916423594,7160.947,24554.58227514572,23953.894908,23965.245207999997
2026-01-31 20:45:00+01:00,16746.725827137183,16675.905316,7744.035676543274,7121.088,24490.761503680456,23796.993316,23809.132244
2026-01-31 21:00:00+01:00,16002.678698860882,16424.331324,7741.3910143560215,7247.914,23744.069713216904,23672.245324,23694.403868
2026-01-31 21:15:00+01:00,15962.264469150918,16147.596612,7761.685712725909,7332.295,23723.950181876826,23479.891612,23494.811772
2026-01-31 21:30:00+01:00,15929.090155834874,16089.80048,7766.631634398495,7314.421,23695.72179023337,23404.22148,23414.361456
2026-01-31 21:45:00+01:00,15889.733588139346,16010.00164,7730.897573650206,7384.057,23620.63116178955,23394.05864,23404.05212
2026-01-31 22:00:00+01:00,15778.27107796027,15213.076716,7760.85795778071,7343.583,23539.12903574098,22556.659716,22575.930492
2026-01-31 22:15:00+01:00,15781.204354902013,15107.245356,7767.220025564816,7339.07,23548.42438046683,22446.315356,22457.078732
2026-01-31 22:30:00+01:00,15774.701763576897,14991.143172,7763.37210429701,7226.619,23538.073867873907,22217.762172,22228.01152
2026-01-31 22:45:00+01:00,15766.836463788666,14902.743188,7738.746843247489,7198.738,23505.583307036155,22101.481188,22111.245832
2026-01-31 23:00:00+01:00,15808.778038983766,14757.305268,7623.685700718233,7122.408,23432.463739701998,21879.713268,21889.962812
2026-01-31 23:15:00+01:00,15777.399656220705,14726.16886,7626.919167953681,7051.051,23404.318824174385,21777.21986,21786.925016
2026-01-31 23:30:00+01:00,15750.860528149307,14689.255576,7587.458327760216,6873.097,23338.31885590952,21562.352575999997,21572.014308
2026-01-31 23:45:00+01:00,15739.696841093037,14733.537924,7554.492484096993,6745.047,23294.18932519003,21478.584924,21488.64212
2026-02-01 00:00:00+01:00,14970.645875609136,14610.748372,7647.329644172464,6779.672,22617.9755197816,21390.420372,21401.059628
2026-02-01 00:15:00+01:00,14942.828034984388,14329.321196,7641.281178938171,6968.946,22584.10921392256,21298.267196,21308.597652
2026-02-01 00:30:00+01:00,14917.647253965228,14170.646768,7629.77214084874,6901.879,22547.419394813965,21072.525768,21083.359608
2026-02-01 00:45:00+01:00,14895.661405919242,13974.48794,7616.042593352148,6912.771,22511.70399927139,20887.25894,20897.830644
2026-02-01 01:00:00+01:00,13843.792486423687,13957.676824,7713.902884735753,6831.268,21557.69537115944,20788.944824,20801.014472
2026-02-01 01:15:00+01:00,13842.322349084836,13846.214352,7695.108654111507,6844.203,21537.431003196343,20690.417352,20704.805684
2026-02-01 01:30:00+01:00,13832.218914915866,13805.578436,7699.658495760551,6819.94,21531.877410676418,20625.518436,20636.348536
2026-02-01 01:45:00+01:00,13821.001897344608,13703.605592,7691.554407491849,6831.561,21512.556304836457,20535.166592,20545.675192
2026-02-01 02:00:00+01:00,13469.873638172116,13694.848168,7599.893628924578,6775.77,21069.767267096693,20470.618168,20481.420616
2026-02-01 02:15:00+01:00,13454.794018021847,13879.167932,7593.79503811322,6796.241,21048.589056135068,20675.408932,20685.930788
2026-02-01 02:30:00+01:00,13465.261424035745,13892.333644,7586.543931432687,6813.081,21051.80535546843,20705.414644,20716.164408
2026-02-01 02:45:00+01:00,13452.975316775684,13782.651828,7591.627521480011,6878.857,21044.602838255694,20661.508828,20672.256424
2026-02-01 03:00:00+01:00,13382.695552932762,13565.065444,7757.529752914067,7023.006,21140.22530584683,20588.071444,20598.872496
2026-02-01 03:15:00+01:00,13376.341259013969,13442.374972,7767.114308927553,7031.959,21143.45556794152,20474.333972,20484.890376
2026-02-01 03:30:00+01:00,13370.532594521515,13348.176464,7779.31088921448,6981.964,21149.843483735996,20330.140464,20340.639016
2026-02-01 03:45:00+01:00,13349.328618867425,13294.864752,7775.077459423795,7025.767,21124.40607829122,20320.631752,20331.198404
2026-02-01 04:00:00+01:00,13283.354484276228,13262.795664,7785.232494608895,7065.501,21068.586978885123,20328.296664,20338.774064
2026-02-01 04:15:00+01:00,13241.988575037665,13177.554328,7794.3683873834825,7092.568,21036.35696242115,20270.122328,20280.399764
2026-02-01 04:30:00+01:00,13219.710850005116,13089.304152,7809.19667294593,7053.196,21028.907522951045,20142.500152,20153.04562
2026-02-01 04:45:00+01:00,13217.391645210391,13136.786316,7824.316486141702,7076.118,21041.708131352094,20212.904316,20223.519824
2026-02-01 05:00:00+01:00,13292.218339514691,13075.193432,7682.4119555596735,7082.36,20974.630295074363,20157.553432,20167.932044
2026-02-01 05:15:00+01:00,13300.73962808457,13123.070788,7686.33569214649,7122.251,20987.07532023106,20245.321788,20255.689144
2026-02-01 05:30:00+01:00,13283.513183462888,13240.9674,7666.57186952469,7163.202,20950.08505298758,20404.1694,20414.716763999997
2026-02-01 05:45:00+01:00,13275.3419661522,13271.155804,7639.640469361266,7061.797,20914.982435513466,20332.952804,20343.596752
2026-02-01 06:00:00+01:00,13071.369533545105,13753.003632,7741.462619097466,6838.676,20812.83215264257,20591.679632,20602.312228
2026-02-01 06:15:00+01:00,13045.527553564127,13526.82692,7773.355456353801,6881.279,20818.88300991793,20408.10592,20418.990644
2026-02-01 06:30:00+01:00,13016.546464964233,13524.33294,7810.187572839398,6852.804,20826.73403780363,20377.13694,20388.220288
2026-02-01 06:45:00+01:00,12984.673051397769,13562.887852,7812.643980542306,6865.906,20797.317031940074,20428.793852,20440.204264
2026-02-01 07:00:00+01:00,13273.502976815233,13593.231636,7721.56670015158,6930.919,20995.069676966814,20524.150636,20536.066024
2026-02-01 07:15:00+01:00,13269.994111702266,13628.436072,7725.706983423336,7005.374,20995.7010951256,20633.810072,20646.871948
2026-02-01 07:30:00+01:00,13240.58156833152,13789.782604,7720.788535224202,6983.21,20961.37010355572,20772.992604,20788.17568
2026-02-01 07:45:00+01:00,13232.096232672893,13791.811808,7705.15310700154,6929.199,20937.249339674432,20721.010808,20744.877384
2026-02-01 08:00:00+01:00,14103.526305240219,13895.723996,7794.024393442142,6990.752,21897.55069868236,20886.475996,20986.04374
2026-02-01 08:15:00+01:00,14081.064301474427,14032.625656,7817.351733803685,6979.548,21898.41603527811,21012.173656,21347.941652
2026-02-01 08:30:00+01:00,14022.859864083282,14068.995316,7830.40676611677,7010.432,21853.26663020005,21079.427316,21756.710288
2026-02-01 08:45:00+01:00,13963.440449034117,14072.699652,7828.471023466739,6998.22,21791.911472500855,21070.919652,22175.878452
2026-02-01 09:00:00+01:00,14278.80467116165,14129.806516,7760.513390136608,6976.256,22039.318061298258,21106.062516,22703.804528
2026-02-01 09:15:00+01:00,14205.837585136109,14122.852012,7780.48776471694,7023.411,21986.325349853047,21146.263012,23272.039215999997
2026-02-01 09:30:00+01:00,14145.787985301165,14134.446512,7774.909145798117,7057.527,21920.69713109928,21191.973512,23866.523896
2026-02-01 09:45:00+01:00,14061.024925431402,14253.86988,7789.933819245585,7114.189,21850.958744676987,21368.05888,24650.14028
2026-02-01 10:00:00+01:00,13945.539100049735,14419.529996,7784.914596699234,7202.59,21730.45369674897,21622.119996,25503.497468
2026-02-01 10:15:00+01:00,13837.332775887811,14349.06234,7823.815210059057,7244.462,21661.147985946867,21593.52434,26069.130956
2026-02-01 10:30:00+01:00,13721.891271343588,14306.252368,7843.114009801664,7273.178,21565.00528114525,21579.430368,26666.229976
2026-02-01 10:45:00+01:00,13599.28039620246,14172.043984,7861.341149561158,7295.609,21460.62154576362,21467.652984,27198.59514
2026-02-01 11:00:00+01:00,13579.601999399443,13939.6804,7905.430070877044,7249.479,21485.032070276488,21189.1594,27563.199176
2026-02-01 11:15:00+01:00,13474.865591879032,13732.514728,7883.188273922916,7284.106,21358.053865801947,21016.620728,28032.7511
2026-02-01 11:30:00+01:00,13343.165988111325,13604.063924,7870.8507892888965,7304.083,21214.016777400222,20908.146924,28455.817524
2026-02-01 11:45:00+01:00,13225.775398650745,13443.79382,7874.394113864807,7316.033,21100.169512515553,20759.82682,28728.381736000003
2026-02-01 12:00:00+01:00,12841.07386258197,13460.597432,8019.985311589888,7367.284,20861.05917417186,20827.881432,29191.963840000004
2026-02-01 12:15:00+01:00,12734.36847503842,13369.363928,7995.086250717977,7394.689,20729.454725756397,20764.052928,29359.431764
2026-02-01 12:30:00+01:00,12670.21384721493,13373.355384,7983.834051883371,7399.515,20654.047899098303,20772.870384,29525.29984
2026-02-01 12:45:00+01:00,12624.154119260524,13534.23726,7948.407256554165,7417.419,20572.561375814686,20951.65626,29839.680656
2026-02-01 13:00:00+01:00,12861.585161424986,13662.25048,7927.83929889388,7547.088,20789.424460318867,21209.33848,30104.397599999997
2026-02-01 13:15:00+01:00,12801.516291078216,13721.32278,7937.36088012002,7541.607,20738.877171198237,21262.92978,29895.45814
2026-02-01 13:30:00+01:00,12730.323384530488,13825.566832,7922.949526641825,7542.372,20653.272911172313,21367.938832,29691.014812
2026-02-01 13:45:00+01:00,12699.582574905022,14022.703132,7892.967019820023,7618.308,20592.549594725046,21641.011132,29589.98878
2026-02-01 14:00:00+01:00,13079.90804432316,14102.256144,7907.179301424596,7673.853,20987.087345747757,21776.109144,29250.099328000004
2026-02-01 14:15:00+01:00,13071.017741553165,14290.274128,7859.750775872838,7687.769,20930.768517426004,21978.043128,28907.846363999997
2026-02-01 14:30:00+01:00,13104.853327841498,14521.783172,7853.047610718059,7715.506,20957.900938559556,22237.289172,28530.310712
2026-02-01 14:45:00+01:00,13117.966118260632,14903.190612,7846.229598798673,7773.849,20964.195717059305,22677.039612,28260.402732
2026-02-01 15:00:00+01:00,13937.341271392064,15216.243092,7894.645402949404,7425.682,21831.986674341468,22641.925092,27481.53006
2026-02-01 15:15:00+01:00,13975.610309565818,15545.075292,7869.324268538124,7330.959,21844.93457810394,22876.034292,26902.344592
2026-02-01 15:30:00+01:00,14078.705118236965,15963.974092,7869.051153632255,7366.733,21947.75627186922,23330.707092,26647.989088
2026-02-01 15:45:00+01:00,14172.69704799903,16358.696276,7856.246212936732,7202.643,22028.94326093576,23561.339276,26152.71198
2026-02-01 16:00:00+01:00,14872.47326995691,16660.398832,7740.777083811991,7489.18,22613.2503537689,24149.578832,26030.49246
2026-02-01 16:15:00+01:00,15054.277293929721,17147.296964,7765.75848933741,7390.959,22820.03578326713,24538.255964,25804.809112
2026-02-01 16:30:00+01:00,15388.085553801624,17393.90708,7785.704789688218,7383.591,23173.79034348984,24777.49808,25488.788508
2026-02-01 16:45:00+01:00,15568.200109791836,17730.307764,7793.462619079412,7354.283,23361.662728871248,25084.590764,25389.777312
2026-02-01 17:00:00+01:00,16048.51569684794,18169.00604,7869.272001517588,6614.043,23917.78769836553,24783.04904,24873.610684
2026-02-01 17:15:00+01:00,16207.06605749365,18541.202064,7886.489870228673,6758.489,24093.555927722322,25299.691064,25330.72254
2026-02-01 17:30:00+01:00,16433.504858184235,18689.54066,7894.9734026945425,6795.314,24328.47826087878,25484.854659999997,25512.689008
2026-02-01 17:45:00+01:00,16571.235972094873,18889.276336,7886.240089929971,6600.269,24457.476062024845,25489.545336,25549.275756
2026-02-01 18:00:00+01:00,16625.494275804962,19030.074424,7880.705485998727,6767.972,24506.19976180369,25798.046424,25858.892008
2026-02-01 18:15:00+01:00,16711.826149279645,19105.64456,7901.417950072002,6773.45,24613.244099351647,25879.09456,25925.652036000003
2026-02-01 18:30:00+01:00,16785.120560596155,19299.680136,7920.381566672751,6776.375,24705.502127268905,26076.055136,26140.343748
2026-02-01 18:45:00+01:00,16860.82162384751,19536.566636,7910.765390535057,6742.124,24771.587014382567,26278.690636,26319.385696
2026-02-01 19:00:00+01:00,16262.48460450986,19495.422316,7944.638674927644,7079.646,24207.123279437503,26575.068316,26600.210408
2026-02-01 19:15:00+01:00,16304.973867181527,19470.453292,7979.210699799116,7092.133,24284.184566980643,26562.586292,26579.444584
2026-02-01 19:30:00+01:00,16326.834074218828,19535.765828,7982.924339920021,7102.714,24309.75841413885,26638.479828,26657.513764
2026-02-01 19:45:00+01:00,16342.694832697523,19673.562148,7984.411743918004,7113.325,24327.106576615526,26786.887148,26801.568804
2026-02-01 20:00:00+01:00,15519.236432066768,19700.778708,7964.871514183421,6338.745,23484.107946250188,26039.523708,26053.65872
2026-02-01 20:15:00+01:00,15510.303352182456,19774.450704,7964.823384836239,6188.957,23475.126737018694,25963.407703999997,25977.332624
2026-02-01 20:30:00+01:00,15504.82416746533,19836.44092,7959.807753219074,6175.1,23464.631920684405,26011.54092,26030.398552
2026-02-01 20:45:00+01:00,15467.705026659689,19708.138332,7917.56439094214,6164.315,23385.269417601827,25872.453331999997,25884.51666
2026-02-01 21:00:00+01:00,15602.603858953462,19639.33254,7869.01887713586,7020.102,23471.62273608932,26659.43454,26671.027855999997
2026-02-01 21:15:00+01:00,15580.753222597068,19706.22442,7886.442565934862,7265.693,23467.195788531928,26971.91742,26983.384132
2026-02-01 21:30:00+01:00,15558.508083784604,19852.354384,7892.775370616755,7264.739,23451.28345440136,27117.093384,27127.249516
2026-02-01 21:45:00+01:00,15533.42627598869,19926.08404,7859.189669998186,7270.235,23392.615945986876,27196.31904,27208.366996
2026-02-01 22:00:00+01:00,15926.057535724614,19256.965412,7919.8624406627005,7045.638,23845.919976387315,26302.603412,26314.553284
2026-02-01 22:15:00+01:00,15922.24979176185,19456.41176,7926.630761842852,7004.368,23848.8805536047,26460.77976,26472.571227999997
2026-02-01 22:30:00+01:00,15908.599072657122,19766.401796,7926.0322642248275,7000.513,23834.63133688195,26766.914795999997,26778.591651999996
2026-02-01 22:45:00+01:00,15894.021154320093,19960.79894,7913.31963853711,7179.55,23807.340792857205,27140.34894,27150.212508
2026-02-01 23:00:00+01:00,17196.407325385186,20162.915256,7764.444955282088,7546.379,24960.852280667274,27709.294256,27719.030224
2026-02-01 23:15:00+01:00,17161.273526904795,20385.547424,7767.718128559237,7716.503,24928.991655464033,28102.050424,28111.907996
2026-02-01 23:30:00+01:00,17131.742607129265,20518.268856,7727.804234133472,7673.243,24859.546841262738,28191.511855999997,28201.653711999996
2026-02-01 23:45:00+01:00,17116.445636046945,20741.555984,7700.043492063686,7660.706,24816.489128110632,28402.261983999997,28412.734707999996
2026-02-02 00:00:00+01:00,17766.59679006144,20925.85528,7450.419648249342,7603.097,25217.016438310784,28528.95228,28539.25916
2026-02-02 00:15:00+01:00,17728.76467336259,21023.429236,7449.960649342244,7760.712,25178.725322704835,28784.141236,28794.493464
2026-02-02 00:30:00+01:00,17701.08205332259,21248.645,7437.528537130063,7814.961,25138.610590452652,29063.606,29073.979296
2026-02-02 00:45:00+01:00,17673.34342312418,21371.048756,7424.81853050838,7829.855,25098.16195363256,29200.903756,29211.26708
2026-02-02 01:00:00+01:00,18585.67023922324,21443.250068,7508.9042600956345,7987.229,26094.574499318875,29430.479068,29440.981572
2026-02-02 01:15:00+01:00,18580.335582668056,21610.54392,7490.017228623707,7986.496,26070.352811291763,29597.03992,29607.73888
2026-02-02 01:30:00+01:00,18568.607703941667,21718.018636,7489.856056529158,7989.875,26058.463760470826,29707.893636,29718.474056
2026-02-02 01:45:00+01:00,18557.534975162922,21865.279036,7480.778337294745,8031.347,26038.313312457667,29896.626036,29907.031384
2026-02-02 02:00:00+01:00,19988.527504598118,21812.98254,7456.585218249251,8122.326,27445.11272284737,29935.30854,29945.577844000003
2026-02-02 02:15:00+01:00,19975.900928135397,21776.652044,7449.853288577254,8110.328,27425.754216712652,29886.980044,29897.324064
2026-02-02 02:30:00+01:00,19988.238776758102,21903.431648,7441.127431670355,8118.694,27429.36620842846,30022.125648,30032.77906
2026-02-02 02:45:00+01:00,19981.039046493934,21994.652332,7446.208450996235,8116.002,27427.24749749017,30110.654332,30121.374496
2026-02-02 03:00:00+01:00,21319.425456717177,21763.941108,7565.536370754238,8122.384,28884.961827471416,29886.325107999997,29897.003719999997
2026-02-02 03:15:00+01:00,21307.46091627591,21741.273884,7575.439300860491,8167.221,28882.900217136405,29908.494884,29919.120144
2026-02-02 03:30:00+01:00,21305.370868085625,21847.886396,7585.45053706161,8175.083,28890.821405147235,30022.969396,30033.574408
2026-02-02 03:45:00+01:00,21293.864535553937,21922.662516,7582.37989130834,8175.273,28876.24442686228,30097.935516,30108.682376
2026-02-02 04:00:00+01:00,21588.92899255817,21917.053172,7487.163643388787,8192.376,29076.092635946956,30109.429172,30120.239152
2026-02-02 04:15:00+01:00,21561.26629991615,21891.238644,7498.116654558477,8188.493,29059.38295447463,30079.731644,30090.532256
2026-02-02 04:30:00+01:00,21545.76978621597,21792.060104,7511.586785947131,8169.033,29057.356572163102,29961.093104,29971.96518
2026-02-02 04:45:00+01:00,21553.04437578578,21856.98282,7524.927131954175,8151.434,29077.971507739952,30008.41682,30019.260256
2026-02-02 05:00:00+01:00,22213.24937421963,21967.723728,7536.173538251592,8083.252,29749.422912471222,30050.975728,30061.747184
2026-02-02 05:15:00+01:00,22222.861249371887,21961.21776,7541.163316171695,8046.741,29764.024565543583,30007.95876,30018.761528000003
2026-02-02 05:30:00+01:00,22216.466289060867,21846.10478,7524.393970540661,8001.011,29740.860259601526,29847.11578,29858.78102
2026-02-02 05:45:00+01:00,22225.607980306166,21667.966216,7494.627595072618,7967.617,29720.235575378785,29635.583216,29646.491308
2026-02-02 06:00:00+01:00,22590.236155406787,22516.297744,7499.56262353326,7520.202,30089.798778940047,30036.499744,30047.269396
2026-02-02 06:15:00+01:00,22558.5641334624,22648.963468,7534.165401967495,7834.427,30092.7295354299,30483.390468,30498.365912
2026-02-02 06:30:00+01:00,22530.95515874056,22512.358476,7571.407862079701,8037.591,30102.36302082026,30549.949476,30585.82856
2026-02-02 06:45:00+01:00,22503.45572133339,22290.372784,7577.334964587282,8050.529,30080.79068592067,30340.901784,30357.362384
2026-02-02 07:00:00+01:00,22160.252663997333,22151.711964,7475.050007384793,7624.139,29635.302671382127,29775.850963999997,29789.020336
2026-02-02 07:15:00+01:00,22184.633942518514,22059.42316,7482.169223280509,7570.271,29666.80316579902,29629.69416,29643.942812
2026-02-02 07:30:00+01:00,22160.89328475676,21982.742016,7479.108664760709,7567.753,29640.001949517467,29550.495016,29579.751836
2026-02-02 07:45:00+01:00,22148.704927043666,22044.77942,7472.654450392815,7569.404,29621.35937743648,29614.18342,29680.454656
2026-02-02 08:00:00+01:00,21567.18453555415,22001.022816,7450.699373116275,7778.621,29017.883908670425,29779.643816,30084.077036
2026-02-02 08:15:00+01:00,21567.443217988985,22075.088212,7466.095982247594,7837.575,29033.539200236577,29912.663212,30591.779768
2026-02-02 08:30:00+01:00,21532.66120067285,21982.122884,7521.0377685433805,7859.179,29053.69896921623,29841.301884,30998.239632
2026-02-02 08:45:00+01:00,21478.79613239682,21781.921076,7512.435403099232,7848.827,28991.231535496052,29630.748076,31370.196268
2026-02-02 09:00:00+01:00,20982.766397609335,21698.158232,7582.963943643792,8199.727,28565.730341253126,29897.885232,32415.352232
2026-02-02 09:15:00+01:00,20891.883301296522,21706.27558,7594.469522837835,8231.513,28486.35282413436,29937.78858,33266.351752
2026-02-02 09:30:00+01:00,20813.53465924549,21864.490872,7587.29472762403,8253.573,28400.829386869522,30118.063872,34244.01842
2026-02-02 09:45:00+01:00,20708.681529535075,21751.836028,7598.148184779428,8024.39,28306.829714314503,29776.226028,34788.794388
2026-02-02 10:00:00+01:00,21332.60195558005,21597.561072,7688.078601825551,7798.617,29020.680557405598,29396.178072,35291.356016000005
2026-02-02 10:15:00+01:00,21203.730783500676,21335.799076,7715.06584844243,7744.257,28918.796631943107,29080.056076,35791.399696
2026-02-02 10:30:00+01:00,21074.833837331247,20983.507368,7738.456759143046,7736.315,28813.290596474293,28719.822367999997,36203.96758
2026-02-02 10:45:00+01:00,20943.847565877975,20627.347584,7750.208797666253,7716.821,28694.05636354423,28344.168584,36622.479896
2026-02-02 11:00:00+01:00,20798.125174551897,20483.60112,7702.430844514193,8004.109,28500.55601906609,28487.71012,37597.748528
2026-02-02 11:15:00+01:00,20681.76221480507,20374.534016,7694.251663378615,8043.15,28376.013878183683,28417.684016,38187.796168
2026-02-02 11:30:00+01:00,20540.80973430152,19984.28306,7673.137133243809,8034.511,28213.94686754533,28018.79406,38399.363288
2026-02-02 11:45:00+01:00,20413.845575578307,19705.301424,7658.606849389808,8123.739,28072.452424968116,27829.040424,38978.984348
2026-02-02 12:00:00+01:00,22429.164353803615,19389.5771,7598.88744777445,8364.662,30028.051801578065,27754.2391,39533.510859999995
2026-02-02 12:15:00+01:00,22314.88242419737,19341.712268,7570.931789617243,8385.231,29885.814213814614,27726.943268,39953.622072
2026-02-02 12:30:00+01:00,22241.63398778089,19458.569224,7560.295851868186,8120.099,29801.929839649078,27578.668224,39956.011156
2026-02-02 12:45:00+01:00,22187.226355260205,19587.295916,7535.442721824539,7680.448,29722.669077084745,27267.743916,39776.711004
2026-02-02 13:00:00+01:00,23333.166103896358,19710.535668,7523.861543560382,7646.059,30857.02764745674,27356.594668,39737.83526
2026-02-02 13:15:00+01:00,23255.564108931565,19746.399568,7539.9536270285635,7643.429,30795.51773596013,27389.828568,39522.952208
2026-02-02 13:30:00+01:00,23182.63545185199,19678.923548,7533.059221278187,7648.107,30715.69467313018,27327.030548,38931.406876
2026-02-02 13:45:00+01:00,23169.302564106805,19777.42238,7507.650892119241,7664.259,30676.953456226045,27441.68138,38464.045512
2026-02-02 14:00:00+01:00,23298.529897322802,20143.213888,7429.860004557594,8096.925,30728.389901880397,28240.138888,38442.132472
2026-02-02 14:15:00+01:00,23285.47124223441,20556.362852,7391.825256696737,8134.96,30677.296498931144,28691.322852,38130.053056
2026-02-02 14:30:00+01:00,23325.351262550586,20938.270048,7387.913052922425,8129.969,30713.26431547301,29068.239048,37679.265196
2026-02-02 14:45:00+01:00,23347.725845506862,21333.610964,7387.3676708658495,8119.238,30735.09351637271,29452.848964,37111.669608
2026-02-02 15:00:00+01:00,23256.402473514565,21873.37,7122.030110420478,7970.08,30378.432583935042,29843.449999999997,36546.445479999995
2026-02-02 15:15:00+01:00,23315.51364929528,22239.392152,7093.120817754563,7690.92,30408.634467049844,29930.312152,35551.276068
2026-02-02 15:30:00+01:00,23363.804108339216,22485.293868,7109.706788802187,7673.225,30473.5108971414,30158.518868,34696.278504
2026-02-02 15:45:00+01:00,23468.81587644971,22934.133072,7102.364874957773,7676.969,30571.180751407483,30611.102072,34110.210656
2026-02-02 16:00:00+01:00,26114.990106007965,23436.563768,6991.884617789827,7186.775,33106.874723797795,30623.338768,33125.96754
2026-02-02 16:15:00+01:00,26312.205106027748,23828.882544,7012.036052624132,7161.068,33324.24115865188,30989.950544,32590.678652
2026-02-02 16:30:00+01:00,26491.535211671828,24363.562276,7033.97361277874,7159.088,33525.50882445057,31522.650276,32420.792232
2026-02-02 16:45:00+01:00,26660.139954307484,25031.92772,7042.314938152862,7157.598,33702.454892460344,32189.52572,32587.65374
2026-02-02 17:00:00+01:00,29049.08966677721,25405.928672,6964.800611898054,6990.407,36013.890278675266,32396.335671999997,32510.944171999996
2026-02-02 17:15:00+01:00,29209.594228082355,25666.581264,6984.337886085795,6968.522,36193.93211416815,32635.103264,32672.481216
2026-02-02 17:30:00+01:00,29416.722633228997,26096.998648,6995.903861673116,6968.672,36412.62649490211,33065.670648,33111.453728
2026-02-02 17:45:00+01:00,29551.257239888844,26376.27348,6986.712460435114,7021.769,36537.969700323956,33398.042480000004,33451.332784000006
2026-02-02 18:00:00+01:00,30870.95586213792,26684.829728,6993.25685828668,6899.15,37864.2127204246,33583.979728,33615.126663999996
2026-02-02 18:15:00+01:00,30960.077531707113,27105.2332,7011.827359266159,6886.022,37971.904890973274,33991.2552,34016.84716
2026-02-02 18:30:00+01:00,31037.993770361252,27269.651108,7024.965810501751,6882.415,38062.959580863004,34152.066108,34189.098128
2026-02-02 18:45:00+01:00,31113.986074223638,27575.580064,7013.220013163996,6885.397,38127.20608738763,34460.977064,34489.975472
2026-02-02 19:00:00+01:00,31125.717042019904,27695.156012,6971.783250574345,7419.935,38097.500292594246,35115.091012,35138.283908
2026-02-02 19:15:00+01:00,31169.571165753932,27574.60762,7005.424799880568,7479.608,38174.9959656345,35054.21562,35070.961984
2026-02-02 19:30:00+01:00,31199.867639371507,27437.85802,7008.009091170623,7471.364,38207.87673054213,34909.22202,34924.890608
2026-02-02 19:45:00+01:00,31222.52368689618,27165.1836,7007.585446062383,7467.312,38230.10913295856,34632.4956,34648.165392
2026-02-02 20:00:00+01:00,30416.56720258984,26973.91902,6991.1827306506275,7768.515,37407.74993324047,34742.43402,34756.119368
2026-02-02 20:15:00+01:00,30421.949573507398,27041.845024,6987.799274620317,8004.71,37409.74884812772,35046.555024,35059.585596000004
2026-02-02 20:30:00+01:00,30420.11834830421,27041.213488,6982.0634958923165,7941.813,37402.18184419653,34983.026488,34995.936844
2026-02-02 20:45:00+01:00,30420.010573337448,27168.981456,6940.724464221183,8013.581,37360.73503755863,35182.562456,35195.340888
2026-02-02 21:00:00+01:00,30048.205078105286,27332.181796,7043.441413573067,8441.232,37091.64649167835,35773.413796,35786.529312
2026-02-02 21:15:00+01:00,30032.719809952934,27374.480656,7065.018176069194,8465.291,37097.737986022126,35839.771656,35852.618535999994
2026-02-02 21:30:00+01:00,30027.609984979397,27251.323764,7071.734324125823,8463.996,37099.34430910522,35715.319764,35726.68382
2026-02-02 21:45:00+01:00,30018.167264801345,27141.890644,7043.144129115648,8422.83,37061.31139391699,35564.720644,35576.0904
2026-02-02 22:00:00+01:00,29705.046618256492,26016.922216,6980.30173147446,8062.85,36685.34834973095,34079.772216,34092.262987999995
2026-02-02 22:15:00+01:00,29700.767031845033,26229.936172,6991.464097961477,7927.844,36692.23112980651,34157.780172,34168.96196
2026-02-02 22:30:00+01:00,29689.702922798664,26353.421664,6999.266631899265,7923.774,36688.96955469793,34277.195664,34288.562292
2026-02-02 22:45:00+01:00,29682.74567651404,26632.466448,6986.564883589723,7933.764,36669.31056010377,34566.230448,34577.54926
2026-02-02 23:00:00+01:00,28332.885199479275,26840.230516,6969.1396436048035,8245.38,35302.02484308408,35085.610516,35097.196176
2026-02-02 23:15:00+01:00,28301.017482599644,27005.458552,6972.678451389466,8261.386,35273.69593398911,35266.844552,35277.605452
2026-02-02 23:30:00+01:00,28276.432073781536,27029.190268,6936.438239021329,8282.02,35212.870312802865,35311.210267999995,35322.313003999996
2026-02-02 23:45:00+01:00,28273.644207638816,27109.538364,6914.03162125293,8189.043,35187.67582889175,35298.581364,35309.67046
2026-02-03 00:00:00+01:00,28475.593105787717,27371.822972,7106.283972783923,7996.484,35581.87707857164,35368.306972000006,35379.812916
2026-02-03 00:15:00+01:00,28441.194872413293,27390.108932,7106.1830947751805,8107.244,35547.37796718847,35497.352932,35508.176628
2026-02-03 00:30:00+01:00,28422.66957032709,27453.367264,7087.848630287217,8094.092,35510.51820061431,35547.459264,35558.095376
2026-02-03 00:45:00+01:00,28404.107472341042,27415.574924,7078.744034749778,8148.391,35482.85150709082,35563.965924000004,35575.127908
2026-02-03 01:00:00+01:00,28720.82888145178,27401.109748,7099.7564746406315,8148.13,35820.585356092415,35549.239748,35560.47168
2026-02-03 01:15:00+01:00,28726.944850772925,27574.956372,7086.528258530229,8068.274,35813.47310930315,35643.230372,35654.094919999996
2026-02-03 01:30:00+01:00,28725.31009199755,27911.460416,7077.021588559909,8034.371,35802.33168055746,35945.831416,35956.515616000004
2026-02-03 01:45:00+01:00,28726.272996783675,28094.527052,7067.939314207391,8006.45,35794.21231099107,36100.977052,36111.637796
2026-02-03 02:00:00+01:00,28752.491441720824,28181.800796,7015.544749039813,7951.776,35768.036190760635,36133.576796,36144.332148
2026-02-03 02:15:00+01:00,28747.96488322162,28144.335604,7018.953202110987,7934.129,35766.9180853326,36078.464604,36089.159444
2026-02-03 02:30:00+01:00,28777.375046028115,28259.551808,7011.058357021213,7930.003,35788.43340304933,36189.554808,36200.523208
2026-02-03 02:45:00+01:00,28792.430728604515,28599.940676,7020.240919129379,7896.584,35812.67164773389,36496.524676,36507.48478
2026-02-03 03:00:00+01:00,29322.823798293768,28821.104136,7168.8240882879045,8180.077,36491.647886581675,37001.181136,37012.236176
2026-02-03 03:15:00+01:00,29314.037765149842,28869.667044,7191.360493562144,8204.938,36505.39825871198,37074.605044,37085.510804000005
2026-02-03 03:30:00+01:00,29314.3373045768,29174.351772,7199.452679390737,8192.484,36513.78998396754,37366.835772000006,37377.71928800001
2026-02-03 03:45:00+01:00,29308.8844794843,29454.431856,7196.737096602883,8212.32,36505.621576087186,37666.751856,37677.75954
2026-02-03 04:00:00+01:00,29087.55775818563,29737.51628,7223.912838058111,8158.775,36311.470596243744,37896.29128,37907.2797
2026-02-03 04:15:00+01:00,29056.617503818026,30066.243668,7231.167733225728,8146.479,36287.785237043754,38212.722668,38223.667252
2026-02-03 04:30:00+01:00,29042.67535533544,30309.042796,7250.3789380156795,8154.396,36293.05429335112,38463.438796,38474.448384
2026-02-03 04:45:00+01:00,29042.65697871615,30737.077772,7263.872571483567,8157.812,36306.52955019972,38894.889772,38905.822116
2026-02-03 05:00:00+01:00,31823.123286222206,31114.456756,7238.928091623972,8151.094,39062.051377846175,39265.550756,39276.299132
2026-02-03 05:15:00+01:00,31838.97136967826,31446.05158,7244.924628860237,8142.705,39083.8959985385,39588.75658,39599.620836
2026-02-03 05:30:00+01:00,31839.15741638249,31633.756412,7242.82618549877,8140.055,39081.983601881264,39773.811411999995,39784.563912
2026-02-03 05:45:00+01:00,31847.52240776963,31835.586028,7216.835333604691,8129.098,39064.35774137432,39964.684028,39975.979664000006
2026-02-03 06:00:00+01:00,33949.496793946746,33277.703004,7141.218433829378,7974.888,41090.71522777613,41252.591004,41263.381872
2026-02-03 06:15:00+01:00,33927.94021677078,33270.952704,7171.6452766370285,7992.972,41099.58549340781,41263.924704000005,41274.839976
2026-02-03 06:30:00+01:00,33899.723232328586,34212.323904,7214.296543744033,8194.683,41114.01977607262,42407.006903999994,42418.54592
2026-02-03 06:45:00+01:00,33872.86850209839,34640.580768,7230.613683976784,8232.562,41103.482186075176,42873.142768,42885.006644
2026-02-03 07:00:00+01:00,33994.44781929779,34807.867652,7127.942540620814,7860.174,41122.3903599186,42668.041652,42681.605744
2026-02-03 07:15:00+01:00,33990.583989302184,34900.58922,7137.7152991102175,7546.969,41128.2992884124,42447.55822,42461.399548
2026-02-03 07:30:00+01:00,33969.82932807899,35027.633016,7143.510863672241,7548.6,41113.34019175123,42576.233016,42596.337479999995
2026-02-03 07:45:00+01:00,33967.78115124955,35250.9268,7141.021690280263,7517.966,41108.80284152981,42768.8928,42845.11074
2026-02-03 08:00:00+01:00,33933.31386042368,35092.086872,7161.00180158262,7467.757,41094.3156620063,42559.843872,42947.848576
2026-02-03 08:15:00+01:00,33938.24080483018,34799.896088,7179.604171017751,7482.517,41117.84497584793,42282.413088,43160.516868
2026-02-03 08:30:00+01:00,33887.18747161021,33854.138276,7207.360013568127,7492.049,41094.54748517834,41346.187276,42866.925628
2026-02-03 08:45:00+01:00,33840.560146728756,32996.440432,7204.161068832499,7494.148,41044.72121556126,40490.588432,42815.73770400001
2026-02-03 09:00:00+01:00,33704.48271780025,33022.553432,7215.506953041331,7428.851,40919.98967084158,40451.404432,43669.745444
2026-02-03 09:15:00+01:00,33619.55611355126,32967.380392,7225.908323515896,7542.001,40845.46443706716,40509.381392,44684.639575999994
2026-02-03 09:30:00+01:00,33542.392412016074,32810.140924,7215.050006370394,7601.48,40757.44241838647,40411.620924,45697.657548
2026-02-03 09:45:00+01:00,33435.74045255337,32672.605312,7220.30521973268,7523.45,40656.045672286054,40196.055312,46336.264604
2026-02-03 10:00:00+01:00,33480.71216300281,32535.603088,7275.286413722493,7817.462,40755.99857672531,40353.065088,47239.522456000006
2026-02-03 10:15:00+01:00,33351.77320914125,32072.855112,7287.159224196047,7905.855,40638.93243333729,39978.710112,47532.707884
2026-02-03 10:30:00+01:00,33232.805543145805,31952.256916,7303.997336448471,7873.226,40536.802879594274,39825.482916,47852.684588
2026-02-03 10:45:00+01:00,33105.63687475747,31959.203844,7307.638200470605,7806.779,40413.27507522807,39765.982844,48288.811572
2026-02-03 11:00:00+01:00,31447.06302427821,31678.449492,7344.595904099194,7781.524,38791.6589283774,39459.973492,48403.01694
2026-02-03 11:15:00+01:00,31329.96818265708,31194.496744,7331.833507216036,7830.236,38661.801689873115,39024.732744,48152.66216
2026-02-03 11:30:00+01:00,31184.868347894975,30872.037836,7300.390853948444,7697.256,38485.25920184342,38569.293836,48061.96342
2026-02-03 11:45:00+01:00,31050.813175006075,30704.133792,7272.11019112288,7573.509,38322.923366128955,38277.642792,47952.718036
2026-02-03 12:00:00+01:00,31134.699383808533,30660.193972,7379.1782441289115,7258.278,38513.87762793744,37918.471972,47781.475944
2026-02-03 12:15:00+01:00,31024.36652087606,30440.459932,7343.551544226672,7394.883,38367.918065102735,37835.342932,48158.398372
2026-02-03 12:30:00+01:00,30951.88841618495,30207.01068,7335.63472228277,7522.145,38287.52313846772,37729.15568,48497.44001199999
2026-02-03 12:45:00+01:00,30901.959429128437,30022.73226,7314.249052116281,7505.193,38216.20848124472,37527.92526,48537.60275600001
2026-02-03 13:00:00+01:00,30232.68567268659,29923.400076,7256.539774888926,7204.776,37489.22544757552,37128.176076,47821.235328
2026-02-03 13:15:00+01:00,30155.68130591945,29919.238896,7257.520870785672,7251.878,37413.20217670512,37171.116896,47605.362816
2026-02-03 13:30:00+01:00,30085.959217044652,29907.44742,7251.738017003866,7249.01,37337.697234048515,37156.45742,47172.256688
2026-02-03 13:45:00+01:00,30077.702685988635,29970.080984,7216.49727784665,7245.107,37294.199963835286,37215.187984,46870.190868000005
2026-02-03 14:00:00+01:00,28285.272307833835,29767.9233,7047.697537812021,7640.544,35332.96984564586,37408.4673,46344.279368
2026-02-03 14:15:00+01:00,28277.247508547327,29685.530188,7013.961360136021,7832.451,35291.208868683345,37517.981188,45892.313368
2026-02-03 14:30:00+01:00,28322.04550516653,29627.789172,7003.72595382758,7995.883,35325.77145899411,37623.672172,45099.696756
2026-02-03 14:45:00+01:00,28360.530701216965,29525.802468,7001.821931137805,7942.999,35362.35263235477,37468.801468000005,43977.937676
2026-02-03 15:00:00+01:00,29499.868225700484,29695.447204,7005.055331097245,7679.584,36504.92355679773,37375.031204,42878.42724
2026-02-03 15:15:00+01:00,29581.733085905307,29963.964484,6973.252367863095,7431.798,36554.9854537684,37395.762484,42074.756519999995
2026-02-03 15:30:00+01:00,29639.325626640562,30036.341316,6977.848438031093,7478.86,36617.17406467166,37515.201316,41293.53454
2026-02-03 15:45:00+01:00,29758.313075369526,30053.557564,6954.61010066729,7443.847,36712.92317603681,37497.404564,40298.27304
2026-02-03 16:00:00+01:00,31575.050261132586,29893.105052,6882.236121297975,7304.833,38457.28638243056,37197.938052,39199.874952
2026-02-03 16:15:00+01:00,31757.29358965913,29903.638152,6894.902413341295,7530.764,38652.19600300043,37434.402152,38784.82432
2026-02-03 16:30:00+01:00,32011.696855974013,30449.564104,6911.183047245118,7593.313,38922.87990321913,38042.877104,38858.728904
2026-02-03 16:45:00+01:00,32187.652275159453,31050.368448,6911.533963052653,7590.896,39099.1862382121,38641.264448,39031.152268000005
2026-02-03 17:00:00+01:00,32056.13597150498,31237.508856,6624.8033070830825,7314.771,38680.93927858806,38552.279856,38686.525936
2026-02-03 17:15:00+01:00,32214.608639163576,31410.549332,6650.8969499011155,7247.048,38865.50558906469,38657.597332,38714.458243999994
2026-02-03 17:30:00+01:00,32553.856983685666,31259.537236,6669.058443548189,7234.646,39222.91542723386,38494.183236,38543.91018
2026-02-03 17:45:00+01:00,32675.691624534196,31362.509348,6657.42345423876,7225.907,39333.11507877296,38588.416348,38634.79006
2026-02-03 18:00:00+01:00,32438.43749507168,31466.48736,6576.533504518091,6858.861,39014.97099958977,38325.34836,38368.23286
2026-02-03 18:15:00+01:00,32516.037741373275,31311.090828,6599.960936377359,6761.023,39115.998677750635,38072.113828,38111.55936
2026-02-03 18:30:00+01:00,32583.145419079243,31022.41086,6615.763502920273,6854.255,39198.908921999515,37876.66586,37947.854768
2026-02-03 18:45:00+01:00,32643.61987160109,30861.046692,6618.953006220854,6898.694,39262.57287782195,37759.740692,37804.605284
2026-02-03 19:00:00+01:00,32503.697566240422,30664.997484,6734.522780927149,6696.308,39238.220347167575,37361.305484,37382.553832
2026-02-03 19:15:00+01:00,32526.055306953895,30438.979736,6772.767912086782,6740.357,39298.82321904068,37179.336736,37199.59818
2026-02-03 19:30:00+01:00,32554.696944740976,30339.649692,6774.334348163905,6753.871,39329.03129290488,37093.520692,37108.160908
2026-02-03 19:45:00+01:00,32576.137547232203,30003.563636,6774.047985853727,6758.973,39350.18553308593,36762.536636,36774.049803999995
2026-02-03 20:00:00+01:00,31304.774978086127,29671.954252,6776.255376932553,6668.325,38081.03035501868,36340.279252,36351.892104
2026-02-03 20:15:00+01:00,31332.205420874307,29245.366744,6775.315138006697,6925.305,38107.520558881006,36170.671744,36185.89848
2026-02-03 20:30:00+01:00,31351.176750323244,28759.288368,6754.616541608535,7005.559,38105.79329193178,35764.847368,35778.208932
2026-02-03 20:45:00+01:00,31365.270596272316,28238.99882,6716.72515260272,6974.455,38081.99574887504,35213.45382,35227.78802
2026-02-03 21:00:00+01:00,29037.194382726608,27691.140268,6635.586870071666,7114.555,35672.781252798275,34805.695267999996,34817.125755999994
2026-02-03 21:15:00+01:00,29015.961618726706,27087.214844,6666.821161723987,7156.297,35682.782780450696,34243.511844,34254.643584
2026-02-03 21:30:00+01:00,29021.50193818801,26535.591056,6675.152381176938,7155.869,35696.65431936495,33691.460056,33701.443756
2026-02-03 21:45:00+01:00,28979.450131545724,26022.885992,6653.947593353501,7166.238,35633.39772489922,33189.123992,33198.147244
2026-02-03 22:00:00+01:00,28037.68180670683,23912.573564,6611.683264163484,7195.256,34649.36507087031,31107.829564,31117.071344
2026-02-03 22:15:00+01:00,28031.753585698618,23484.860392,6627.682582645697,7203.016,34659.43616834431,30687.876392,30696.723768
2026-02-03 22:30:00+01:00,28024.83427121719,22988.745404,6639.593928734697,7186.713,34664.428199951886,30175.458404,30184.196012
2026-02-03 22:45:00+01:00,28023.61771510512,22664.271952,6631.581221403754,7172.247,34655.198936508874,29836.518952,29845.015564
2026-02-03 23:00:00+01:00,23884.42094173332,22393.703252,6656.6865450040705,7823.757,30541.10748673739,30217.460251999997,30226.516156
2026-02-03 23:15:00+01:00,23869.721977085905,22068.5611,6672.097065072408,7903.166,30541.819042158313,29971.7271,29982.276488
2026-02-03 23:30:00+01:00,23855.29039912916,21694.975516,6638.261153749245,7902.287,30493.551552878405,29597.262516,29607.794764
2026-02-03 23:45:00+01:00,23869.80282514624,21399.07656,6619.383104514527,7872.527,30489.185929660765,29271.603560000003,29284.100144000004
2026-02-04 00:00:00+01:00,19678.158888823662,21094.86754,7067.048141493406,7393.214,26745.20703031707,28488.08154,28499.312536
2026-02-04 00:15:00+01:00,19651.00055771437,20765.190316,7080.580915000997,7342.145,26731.58147271537,28107.335316,28117.878028
2026-02-04 00:30:00+01:00,19640.204765233168,20380.22784,7067.867081371755,7345.824,26708.071846604922,27726.05184,27736.778324
2026-02-04 00:45:00+01:00,19625.14373841221,20082.140968,7060.141407443219,7348.708,26685.28514585543,27430.848968,27441.439492
2026-02-04 01:00:00+01:00,19188.9778828831,19919.090736,7207.903079386582,7163.834,26396.880962269683,27082.924735999997,27093.2639
2026-02-04 01:15:00+01:00,19203.55931961788,19664.778896,7197.2138794408065,7153.819,26400.773199058687,26818.597896,26829.068968
2026-02-04 01:30:00+01:00,19215.3429924482,19381.01204,7188.656527959355,7146.712,26403.999520407557,26527.72404,26538.50976
2026-02-04 01:45:00+01:00,19228.891363778694,19212.191356,7184.283351362043,7146.62,26413.174715140736,26358.811356,26369.330663999997
2026-02-04 02:00:00+01:00,18736.653215110913,18976.506624,6940.52429617282,7439.978,25677.177511283735,26416.484624,26426.827824
2026-02-04 02:15:00+01:00,18742.596691571634,18624.21084,6943.81025317952,7455.862,25686.406944751154,26080.07284,26090.64234
2026-02-04 02:30:00+01:00,18785.884778430438,18411.264272,6931.709992152646,7473.844,25717.594770583084,25885.108272,25895.878924
2026-02-04 02:45:00+01:00,18823.989197564537,18189.81246,6929.095940462047,7463.052,25753.085138026585,25652.86446,25663.505984
2026-02-04 03:00:00+01:00,18063.878356583515,18037.129748,7097.747736039069,7430.926,25161.626092622584,25468.055748,25478.643108
2026-02-04 03:15:00+01:00,18060.117837553025,17886.461084,7119.719278524907,7431.791,25179.83711607793,25318.252084,25328.986048
2026-02-04 03:30:00+01:00,18077.191609993777,17712.283992,7119.158553454628,7434.24,25196.350163448406,25146.523992,25157.252516
2026-02-04 03:45:00+01:00,18086.805973717594,17498.653356,7122.928064511014,7423.545,25209.734038228606,24922.198356,24933.082032
2026-02-04 04:00:00+01:00,17807.60305482406,17238.057336,7265.245669631969,7238.267,25072.848724456027,24476.324336,24487.067888
2026-02-04 04:15:00+01:00,17797.24966188042,17124.216708,7279.422771135365,7381.409,25076.67243301579,24505.625708,24516.535332
2026-02-04 04:30:00+01:00,17798.066671934102,16891.298888,7297.413811405388,7415.374,25095.48048333949,24306.672888,24317.795416
2026-02-04 04:45:00+01:00,17808.81811510304,16668.360732,7317.159129556824,7527.796,25125.977244659865,24196.156732000003,24207.222964000004
2026-02-04 05:00:00+01:00,17543.806614087564,16469.824992,7274.952988103179,7651.224,24818.759602190745,24121.048992000004,24131.507248000005
2026-02-04 05:15:00+01:00,17571.65836617244,16225.463648,7281.035781027778,7600.636,24852.694147200218,23826.099648000003,23836.521256000004
2026-02-04 05:30:00+01:00,17582.47767589346,16037.813504,7280.921583705062,7483.744,24863.399259598522,23521.557504,23532.600312
2026-02-04 05:45:00+01:00,17595.622750493163,15974.029696,7262.750318750225,7351.761,24858.37306924339,23325.790696,23337.808664
2026-02-04 06:00:00+01:00,17257.87533898834,16888.318428,7207.223865605342,6724.521,24465.09920459368,23612.839428,23623.724956
2026-02-04 06:15:00+01:00,17238.48090236411,16860.252964,7239.989816221492,6668.527,24478.470718585602,23528.779964,23539.847484
2026-02-04 06:30:00+01:00,17247.217481079602,16849.834732,7286.957840795228,6541.994,24534.17532187483,23391.828732,23404.075107999997
2026-02-04 06:45:00+01:00,17246.89192474364,16557.139272,7300.539983779355,6493.965,24547.431908522994,23051.104272,23063.802464
2026-02-04 07:00:00+01:00,17164.563723837666,16669.163624,7127.371397379042,6843.867,24291.93512121671,23513.030624,23531.270004
2026-02-04 07:15:00+01:00,17166.159593718567,16632.825972,7127.181277714284,6914.713,24293.34087143285,23547.538972,23566.260128
2026-02-04 07:30:00+01:00,17153.538869584583,16533.0805,7136.510183724269,6942.127,24290.049053308852,23475.2075,23499.827004
2026-02-04 07:45:00+01:00,17158.493650238586,16502.613048,7135.771664853371,6935.693,24294.265315091958,23438.306048,23518.502804
2026-02-04 08:00:00+01:00,17248.612157840496,16259.18912,7118.27074840582,6953.022,24366.882906246316,23212.21112,23583.822416
2026-02-04 08:15:00+01:00,17279.729960455596,16251.529364,7138.198765695398,6866.103,24417.928726150993,23117.632364,23988.97722
2026-02-04 08:30:00+01:00,17210.855675762,16140.682636,7168.750090667318,6706.473,24379.60576642932,22847.155636,24329.879748
2026-02-04 08:45:00+01:00,17161.235281552006,15958.215064,7161.556028191405,6683.338,24322.79130974341,22641.553064,24921.93604
2026-02-04 09:00:00+01:00,16183.46187612577,16068.561012,7295.266086531146,6820.052,23478.727962656914,22888.613012,26075.7501
2026-02-04 09:15:00+01:00,16094.336001962844,16009.699748,7308.984262535642,6861.849,23403.320264498485,22871.548748,27042.576952000003
2026-02-04 09:30:00+01:00,16024.126591268085,15893.220188,7299.458393549922,6720.187,23323.584984818008,22613.407187999997,27810.037191999996
2026-02-04 09:45:00+01:00,15920.687597288583,15870.829168,7300.01925538736,6608.131,23220.706852675943,22478.960168,28667.624672
2026-02-04 10:00:00+01:00,15417.5820984476,15729.76046,7545.864493244133,6681.021,22963.446591691732,22410.78146,29625.421988
2026-02-04 10:15:00+01:00,15285.375836215482,15524.349168,7555.28232291339,6620.923,22840.65815912887,22145.272168,30307.526776
2026-02-04 10:30:00+01:00,15159.007530114453,15209.02424,7567.863742205365,6562.638,22726.87127231982,21771.66224,30717.759252000003
2026-02-04 10:45:00+01:00,15025.36555937319,14974.159632,7568.086930744839,6487.463,22593.452490118027,21461.622632,31113.991704
2026-02-04 11:00:00+01:00,14100.080682832506,14766.645096,7827.398884325534,6507.201,21927.47956715804,21273.846096,31590.518352
2026-02-04 11:15:00+01:00,13987.644422586021,14474.12732,7817.332374900952,6520.669,21804.976797486976,20994.79632,31910.625448
2026-02-04 11:30:00+01:00,13842.363227321719,14185.455216,7787.805548113593,6449.047,21630.16877543531,20634.502216,31979.534068
2026-02-04 11:45:00+01:00,13704.34754307549,14018.077316,7765.493858165247,6385.646,21469.841401240737,20403.723316,32048.585376
2026-02-04 12:00:00+01:00,13516.532038021685,13953.165072,7850.623553020558,6717.223,21367.155591042243,20670.388072,32519.757436
2026-02-04 12:15:00+01:00,13409.314385829504,13876.5107,7815.3726344614215,6767.21,21224.687020290927,20643.7207,32614.073592
2026-02-04 12:30:00+01:00,13343.805015255131,13854.542396,7799.496041640969,6507.449,21143.3010568961,20361.991396,32350.184992
2026-02-04 12:45:00+01:00,13300.064310421369,13889.558236,7766.255582559238,6498.528,21066.319892980606,20388.086236000003,32239.577056
2026-02-04 13:00:00+01:00,13981.126041289119,14210.336228,7776.633413554686,6597.309,21757.759454843806,20807.645228,32407.362092000003
2026-02-04 13:15:00+01:00,13904.190271300791,14391.512356,7775.672728129533,6593.318,21679.862999430326,20984.830356,32147.499184
2026-02-04 13:30:00+01:00,13831.796013475927,14365.801256,7770.6875031571635,6572.21,21602.48351663309,20938.011256,31555.99806
2026-02-04 13:45:00+01:00,13832.51271113587,14363.878884,7751.369723276388,6572.24,21583.88243441226,20936.118884,30857.591736
2026-02-04 14:00:00+01:00,14768.267154287836,14449.479048,7701.558768082536,6547.979,22469.82592237037,20997.458048,30084.133972
2026-02-04 14:15:00+01:00,14775.61920640709,14631.845356,7670.187582045766,6597.387,22445.806788452857,21229.232356,29372.22124
2026-02-04 14:30:00+01:00,14833.700946338995,14887.740116,7660.179748116916,6263.581,22493.88069445591,21151.321116,28385.501032
2026-02-04 14:45:00+01:00,14940.292850901731,15335.522436,7657.951054622932,6279.644,22598.243905524665,21615.166436,27877.240724
2026-02-04 15:00:00+01:00,15992.517713985057,15880.202188,7554.554445777686,6434.922,23547.07215976274,22315.124188,27618.354148
2026-02-04 15:15:00+01:00,16081.335431562273,16472.329964,7516.946821453876,6534.488,23598.28225301615,23006.817964,27387.204008
2026-02-04 15:30:00+01:00,16163.06911473666,17164.9828,7517.499861312427,6616.944,23680.568976049086,23781.9268,27315.666640000003
2026-02-04 15:45:00+01:00,16307.07406507346,17744.46216,7490.131883919276,6615.39,23797.205948992738,24359.85216,27117.487132
2026-02-04 16:00:00+01:00,18244.593284328384,18575.177348,7478.374392356332,6363.371,25722.967676684715,24938.548348,26976.583272
2026-02-04 16:15:00+01:00,18405.60411535935,19174.912168,7486.07813477982,6383.968,25891.682250139173,25558.880168,26951.643704
2026-02-04 16:30:00+01:00,18559.310058002542,19705.0122,7505.205465840941,6442.124,26064.51552384348,26147.1362,27005.217896
2026-02-04 16:45:00+01:00,18851.472809307765,20332.099184,7509.786073646581,6452.08,26361.258882954346,26784.179184,27231.071876
2026-02-04 17:00:00+01:00,21204.24308334662,20902.1611,7553.756836356624,6780.858,28757.999919703245,27683.0191,27848.991392
2026-02-04 17:15:00+01:00,21372.179272840825,21306.561548,7579.394614307065,6893.603,28951.57388714789,28200.164548,28268.011212
2026-02-04 17:30:00+01:00,21600.960917721484,21670.334692,7590.698524447302,6986.31,29191.659442168784,28656.644692,28695.255028000003
2026-02-04 17:45:00+01:00,21738.030939219923,21937.432788,7568.900062070594,6933.71,29306.93100129052,28871.142787999997,28906.665412
2026-02-04 18:00:00+01:00,23282.644203223357,22108.0088,7599.428974267269,6793.684,30882.073177490627,28901.6928,28926.386196
2026-02-04 18:15:00+01:00,23370.019714290098,22120.984356,7626.606917285108,6832.473,30996.626631575207,28953.457356,28983.554915999997
2026-02-04 18:30:00+01:00,23455.090695356237,22087.90868,7633.701166738843,6846.954,31088.79186209508,28934.86268,28962.946308
2026-02-04 18:45:00+01:00,23526.477687261464,22098.925456,7640.363138332983,6942.05,31166.840825594445,29040.975456,29075.447484
2026-02-04 19:00:00+01:00,24605.44169566642,22325.663336,7721.903580396079,7313.86,32327.3452760625,29639.523336,29684.625744
2026-02-04 19:15:00+01:00,24623.998115491668,22359.207812,7758.322093674215,7456.96,32382.320209165882,29816.167812,29833.869332
2026-02-04 19:30:00+01:00,24649.24638384533,22371.113116,7760.597300207946,7472.485,32409.843684053274,29843.598116,29858.327204
2026-02-04 19:45:00+01:00,24667.796343904905,22376.799696,7757.019581225093,7488.989,32424.81592513,29865.788695999996,29880.037231999995
2026-02-04 20:00:00+01:00,24949.500458057228,22254.17406,7753.263931199395,7377.738,32702.764389256623,29631.91206,29645.543024
2026-02-04 20:15:00+01:00,24983.21348158827,22174.850324,7765.5963321566405,7353.266,32748.809813744912,29528.116324,29541.31812
2026-02-04 20:30:00+01:00,25002.406854754398,22082.07618,7744.103412218556,7395.399,32746.510266972953,29477.47518,29490.432812000003
2026-02-04 20:45:00+01:00,25011.792566766057,21906.500604,7716.39380468117,7434.945,32728.186371447227,29341.445604,29354.421884
2026-02-04 21:00:00+01:00,24455.605900649243,21711.496556,7764.119014712138,7590.951,32219.72491536138,29302.447556,29314.975103999997
2026-02-04 21:15:00+01:00,24435.462200347436,21678.70414,7783.319429777677,7637.561,32218.781630125115,29316.265140000003,29328.665608000003
2026-02-04 21:30:00+01:00,24438.11052761384,21656.610672,7791.7163836918035,7643.114,32229.826911305645,29299.724671999997,29312.037279999997
2026-02-04 21:45:00+01:00,24373.659377453787,21369.545668,7761.1600984563265,7648.998,32134.819475910113,29018.543668,29031.113004
2026-02-04 22:00:00+01:00,23514.40850308582,19763.830844,7728.265884027994,7803.835,31242.674387113813,27567.665844,27580.107991999997
2026-02-04 22:15:00+01:00,23518.499687480155,19638.474412,7744.537042587982,7799.329,31263.036730068136,27437.803412,27450.079996
2026-02-04 22:30:00+01:00,23524.384546245503,19428.570392,7756.529511607532,7801.583,31280.914057853035,27230.153392,27242.514748
2026-02-04 22:45:00+01:00,23541.16232517903,19269.45688,7744.66628217086,7811.211,31285.82860734989,27080.66788,27092.944952
2026-02-04 23:00:00+01:00,22592.68391167551,19023.128368,7629.700465865854,7737.511,30222.384377541366,26760.639368000004,26771.485140000004
2026-02-04 23:15:00+01:00,22585.989608973672,18811.001168,7639.0652293234825,7739.153,30225.054838297154,26550.154168,26560.97384
2026-02-04 23:30:00+01:00,22577.455041484027,18690.690736,7619.676823908847,7737.725,30197.131865392876,26428.415736000003,26439.13442
2026-02-04 23:45:00+01:00,22596.154804191076,18737.43472,7616.769420987072,7713.784,30212.924225178147,26451.21872,26462.634568
2026-02-05 00:00:00+01:00,21054.118662585894,18614.298544,7663.044490099773,7762.618,28717.163152685665,26376.916544,26388.638248
2026-02-05 00:15:00+01:00,21027.01385098155,18452.188508,7670.605790867187,7789.945,28697.619641848738,26242.133508,26253.347828
2026-02-05 00:30:00+01:00,21010.687344287187,18156.354756,7650.901981270059,7838.437,28661.589325557245,25994.791756,26006.069368
2026-02-05 00:45:00+01:00,20987.117432616815,17802.856396,7641.313678354778,7797.568,28628.431110971593,25600.424396,25611.652048
2026-02-05 01:00:00+01:00,21122.216185313147,17727.583076,7735.5031135636855,7896.938,28857.719298876833,25624.521075999997,25635.173983999997
2026-02-05 01:15:00+01:00,21131.95142659839,17639.81318,7727.702431296322,7879.413,28859.65385789471,25519.22618,25529.684152
2026-02-05 01:30:00+01:00,21135.66780286967,17537.439496,7725.082676905201,7830.074,28860.75047977487,25367.513496,25378.019784
2026-02-05 01:45:00+01:00,21149.660197937337,17335.717352,7715.74339695569,7869.547,28865.403594893025,25205.264352,25215.865275999997
2026-02-05 02:00:00+01:00,20400.0858748479,17193.444308,7760.138082915032,7908.318,28160.223957762933,25101.762308,25112.542415999997
2026-02-05 02:15:00+01:00,20400.564356439216,16988.138312,7768.217876836291,7927.96,28168.782233275506,24916.098312,24926.800452
2026-02-05 02:30:00+01:00,20435.803632599935,16657.858904,7762.176421056582,7890.773,28197.980053656516,24548.631904,24559.465620000003
2026-02-05 02:45:00+01:00,20460.704447764518,16219.79614,7761.458263281207,7861.646,28222.162711045727,24081.44214,24092.28068
2026-02-05 03:00:00+01:00,19162.821737792085,15921.485036,7642.481660804621,7888.81,26805.303398596705,23810.295036,23821.004028
2026-02-05 03:15:00+01:00,19158.841162571483,15580.438516,7656.603631384799,7873.302,26815.44479395628,23453.740516,23464.39928
2026-02-05 03:30:00+01:00,19175.738988268902,15179.485188,7652.873988753666,7892.316,26828.612977022567,23071.801188,23082.397192
2026-02-05 03:45:00+01:00,19182.72387579063,15008.385452,7662.286627100796,7875.448,26845.010502891426,22883.833452,22894.345656
2026-02-05 04:00:00+01:00,18512.980881176252,14831.355296,7740.625598973854,7917.825,26253.606480150105,22749.180296,22759.615684
2026-02-05 04:15:00+01:00,18501.750401614318,14631.012248,7753.885680949669,7881.131,26255.636082563986,22512.143248,22522.902744
2026-02-05 04:30:00+01:00,18510.807340989035,14523.238664,7773.647789009806,7838.978,26284.45512999884,22362.216664,22372.999496
2026-02-05 04:45:00+01:00,18516.9412162886,14395.504152,7787.195211411203,7682.39,26304.136427699803,22077.894152,22088.550524
2026-02-05 05:00:00+01:00,17923.966815549822,14119.266276,7676.068430121488,7527.883,25600.035245671308,21647.149276,21657.772232
2026-02-05 05:15:00+01:00,17941.72425000744,13836.68564,7685.245041249008,7492.847,25626.969291256446,21329.53264,21340.062036
2026-02-05 05:30:00+01:00,17948.20256444199,13642.438548,7698.514038580478,7518.978,25646.716603022465,21161.416548,21172.255828
2026-02-05 05:45:00+01:00,17960.349765834748,13503.683504,7678.929332178358,7481.386,25639.279098013107,20985.069504,20995.622168
2026-02-05 06:00:00+01:00,18621.9949400111,14268.668712,7584.6495651192035,7738.413,26206.6445051303,22007.081712,22017.750536
2026-02-05 06:15:00+01:00,18606.374547804196,14041.166652,7622.340466535426,7961.727,26228.71501433962,22002.893652,22013.850052
2026-02-05 06:30:00+01:00,18616.36733035408,13823.47074,7668.766707761173,8006.049,26285.134038115255,21829.51974,21840.911108
2026-02-05 06:45:00+01:00,18610.955355390506,13256.097408,7675.117605072438,7932.741,26286.072960462945,21188.838408,21204.687272
2026-02-05 07:00:00+01:00,18319.82377271355,13081.454872,7658.160614688206,7374.911,25977.984387401753,20456.365872,20472.439856
2026-02-05 07:15:00+01:00,18318.201243536387,12855.061856,7658.112175520359,7330.498,25976.313419056747,20185.559856,20204.396876
2026-02-05 07:30:00+01:00,18301.53076076862,12645.218468,7665.707118677394,7324.409,25967.237879446013,19969.627468,19989.289171999997
2026-02-05 07:45:00+01:00,18300.59105439589,12469.701224,7664.537865943084,7322.219,25965.128920338975,19791.920224,19833.818168
2026-02-05 08:00:00+01:00,17455.044333722843,11943.535968,7647.2909511870685,7302.402,25102.33528490991,19245.937968,19431.692216
2026-02-05 08:15:00+01:00,17463.63876411608,11764.193844,7662.123937960593,7306.596,25125.762702076674,19070.789844,19511.988031999997
2026-02-05 08:30:00+01:00,17420.505714725696,11576.508732,7686.841542731022,7313.864,25107.347257456717,18890.372732,19689.515236
2026-02-05 08:45:00+01:00,17347.903969475374,11414.483356,7663.659418489165,7349.048,25011.56338796454,18763.531356,19991.953808
2026-02-05 09:00:00+01:00,16353.280897567569,11234.859996,7606.498777438583,7473.322,23959.779675006153,18708.181996,20459.9901
2026-02-05 09:15:00+01:00,16274.980346316515,11097.448212,7628.912398312906,7493.176,23903.892744629422,18590.624212,20930.939944
2026-02-05 09:30:00+01:00,16208.945684799617,10788.648124,7627.885281189391,7499.453,23836.830965989007,18288.101124,21282.711376
2026-02-05 09:45:00+01:00,16109.936607691026,10561.449176,7632.805116782593,7500.524,23742.74172447362,18061.973176,21744.111384
2026-02-05 10:00:00+01:00,15090.468043346104,10408.275496,7576.556694865484,7661.742,22667.02473821159,18070.017496,22552.625312
2026-02-05 10:15:00+01:00,14947.681720570765,10267.748424,7592.511759478957,7568.84,22540.193480049722,17836.588424,23112.944032
2026-02-05 10:30:00+01:00,14823.540799263219,9967.242572,7598.4387114182855,7560.106,22421.979510681504,17527.348572,23636.026356
2026-02-05 10:45:00+01:00,14696.524881362506,9710.106804,7588.761902866781,7498.299,22285.286784229287,17208.405803999998,24209.281996
2026-02-05 11:00:00+01:00,13702.95247197246,9477.627296,7709.935010298051,7609.28,21412.88748227051,17086.907296,24968.59818
2026-02-05 11:15:00+01:00,13583.535649521384,9427.449248,7699.865110473231,7630.951,21283.400759994613,17058.400248,25725.898672000003
2026-02-05 11:30:00+01:00,13438.234290075085,9357.830456,7663.121632191704,7656.147,21101.35592226679,17013.977456,26403.527704
2026-02-05 11:45:00+01:00,13304.19303474984,9333.489072,7635.477505865583,7660.798,20939.67054061542,16994.287072,26936.60174
2026-02-05 12:00:00+01:00,12682.64833022294,9528.58396,7678.872551653278,7881.308,20361.52088187622,17409.89196,27865.118076
2026-02-05 12:15:00+01:00,12579.486991814536,9649.964616,7657.678887416946,7828.382,20237.16587923148,17478.346616,28359.484879999996
2026-02-05 12:30:00+01:00,12512.847804481838,9664.517996,7651.3725407875945,7784.684,20164.220345269434,17449.201996,28768.454532
2026-02-05 12:45:00+01:00,12470.087277074286,9512.674896,7608.039482339624,7759.515,20078.12675941391,17272.189896,28857.864692
2026-02-05 13:00:00+01:00,12268.524673113063,9437.143172,7636.1643233896875,7939.344,19904.68899650275,17376.487172,29114.159868
2026-02-05 13:15:00+01:00,12198.91255269595,9304.898416,7643.138797111348,8038.945,19842.051349807298,17343.843416,29076.376484
2026-02-05 13:30:00+01:00,12134.740407250547,9140.40074,7645.499750664621,8042.523,19780.24015791517,17182.92374,28830.341924
2026-02-05 13:45:00+01:00,12140.782528717991,9039.317356,7630.312716098198,7978.266,19771.095244816188,17017.583356,28409.45912
2026-02-05 14:00:00+01:00,11549.018399274852,9001.61836,7605.33507141762,7711.533,19154.353470692473,16713.15136,27646.522868
2026-02-05 14:15:00+01:00,11555.13947132239,9042.521036,7580.668254033199,7699.134,19135.80772535559,16741.655036,27199.038716000003
2026-02-05 14:30:00+01:00,11613.01727562535,8932.274116,7577.458757028005,7655.167,19190.476032653354,16587.441116,26338.235916
2026-02-05 14:45:00+01:00,11674.704195706861,8848.952164,7576.129948312684,7706.683,19250.834144019544,16555.635164,25469.69614
2026-02-05 15:00:00+01:00,11295.820438859795,8750.759948,7588.794717646573,7865.604,18884.61515650637,16616.363948000002,24541.579344
2026-02-05 15:15:00+01:00,11393.815726423356,8694.091744,7546.658230883971,7834.952,18940.473957307328,16529.043744,23417.245808
2026-02-05 15:30:00+01:00,11465.50169149873,8710.38744,7550.3030247921215,7779.562,19015.80471629085,16489.94944,22259.108608
2026-02-05 15:45:00+01:00,11600.44819294193,8733.44852,7522.709073972886,7775.772,19123.157266914815,16509.22052,21188.68294
2026-02-05 16:00:00+01:00,11383.932540937265,8754.64984,7519.983620490759,7830.217,18903.916161428024,16584.86684,20192.040528
2026-02-05 16:15:00+01:00,11598.44843487619,8914.889912,7533.6590803960235,7723.192,19132.107515272215,16638.081912,19198.387356000003
2026-02-05 16:30:00+01:00,11942.367009880496,9097.990508,7553.094930143349,7731.906,19495.461940023844,16829.896508,18380.023432
2026-02-05 16:45:00+01:00,12147.993083794847,9277.693988,7554.655010771207,7810.783,19702.648094566055,17088.476988000002,17820.271760000003
2026-02-05 17:00:00+01:00,12473.62857932842,9510.035072,7642.478860118092,7847.008,20116.10743944651,17357.043072,17596.631044
2026-02-05 17:15:00+01:00,12641.823857315627,9513.643336,7665.618497864392,7861.758,20307.44235518002,17375.401336,17433.047339999997
2026-02-05 17:30:00+01:00,12940.637536097529,9524.484348,7673.119577195625,7825.763,20613.757113293155,17350.247348,17423.316888
2026-02-05 17:45:00+01:00,13110.067496108051,9657.281312,7649.217702021178,7800.76,20759.28519812923,17458.041312,17558.612224
2026-02-05 18:00:00+01:00,13766.063199607446,9774.88376,7607.755391662748,7764.222,21373.818591270196,17539.10576,17586.59694
2026-02-05 18:15:00+01:00,13849.54379875932,9934.102484,7631.152765601284,7728.557,21480.6965643606,17662.659484,17683.973852
2026-02-05 18:30:00+01:00,13912.425459793041,10176.995992,7637.345089993327,7707.888,21549.770549786368,17884.883992,17905.616388
2026-02-05 18:45:00+01:00,13982.419783862006,10206.959748,7643.004118612429,7665.708,21625.423902474435,17872.667748,17892.361012
2026-02-05 19:00:00+01:00,13839.011112548224,9973.462452,7719.491531418136,7613.949,21558.50264396636,17587.411452,17631.828156
2026-02-05 19:15:00+01:00,13854.008672314667,9841.403556,7757.268436881462,7569.879,21611.27710919613,17411.282556,17444.397547999997
2026-02-05 19:30:00+01:00,13877.073840722947,9617.088008,7765.6132175724,7508.251,21642.68705829535,17125.339008000003,17168.326520000002
2026-02-05 19:45:00+01:00,13884.364740637438,9458.644852,7755.380880156599,7434.482,21639.745620794038,16893.126852,16932.798668
2026-02-05 20:00:00+01:00,13773.954018425608,9299.852144,7730.889543094703,7291.251,21504.843561520313,16591.103144,16666.3747
2026-02-05 20:15:00+01:00,13778.498960711127,9118.303656,7748.967341044603,7191.918,21527.466301755732,16310.221656,16334.218324
2026-02-05 20:30:00+01:00,13781.117559919821,8928.935156,7733.476903134452,7155.554,21514.594463054273,16084.489156,16107.225872
2026-02-05 20:45:00+01:00,13779.60831949677,8843.553584,7708.223282835039,7081.462,21487.83160233181,15925.015584,15939.37516
2026-02-05 21:00:00+01:00,12970.5785296294,8696.677616,7719.333512579503,7033.774,20689.912042208904,15730.451616000002,15746.635164000005
2026-02-05 21:15:00+01:00,12955.890349925765,8613.439868,7741.9582454176925,6997.092,20697.848595343457,15610.531867999998,15622.454699999998
2026-02-05 21:30:00+01:00,12943.911593682398,8535.126976,7749.86524638778,6960.152,20693.77684007018,15495.278976,15505.750308
2026-02-05 21:45:00+01:00,12925.215263600292,8406.67378,7725.654667831241,6930.497,20650.86993143153,15337.17078,15347.659328
2026-02-05 22:00:00+01:00,12202.98173433748,8092.009092,7642.724703310659,6894.897,19845.70643764814,14986.906092,14997.641452000002
2026-02-05 22:15:00+01:00,12198.202070786094,8053.81478,7664.866029290423,6917.725,19863.068100076518,14971.53978,14981.949455999998
2026-02-05 22:30:00+01:00,12197.051673996422,7933.870096,7682.224587670075,6942.573,19879.2762616665,14876.443096,14886.959104
2026-02-05 22:45:00+01:00,12211.18761839368,7792.853312,7674.353753959866,6962.441,19885.541372353546,14755.294312,14765.867336
2026-02-05 23:00:00+01:00,11997.303458518909,7724.679976,7778.322492106507,7001.275,19775.625950625414,14725.954976,14736.759604
2026-02-05 23:15:00+01:00,11987.111822080285,7561.295428,7791.548176428198,6981.569,19778.659998508483,14542.864428,14553.402236
2026-02-05 23:30:00+01:00,11975.243652158677,7358.965796,7776.445811671135,6950.435,19751.68946382981,14309.400796000002,14319.986312
2026-02-05 23:45:00+01:00,11988.138932942426,7193.1201,7772.775281001615,6891.44,19760.91421394404,14084.5601,14096.258731999998
2026-02-06 00:00:00+01:00,11586.797441256125,7078.15342,7615.501525168589,6877.417,19202.298966424714,13955.57042,13967.429784
2026-02-06 00:15:00+01:00,11561.966294738411,6913.0504,7621.02954888081,6868.331,19182.99584361922,13781.3814,13793.426196
2026-02-06 00:30:00+01:00,11542.204958382332,6732.335504,7603.34873827133,6879.442,19145.55369665366,13611.777504,13623.781904
2026-02-06 00:45:00+01:00,11514.15314811714,6512.660004,7593.015361461168,6852.94,19107.16850957831,13365.600004,13377.29178
2026-02-06 01:00:00+01:00,10168.607373605077,6300.810728,7615.788101339785,6787.525,17784.39547494486,13088.335728,13100.098168
2026-02-06 01:15:00+01:00,10179.09648340378,6084.221964,7611.5601507057245,6742.446,17790.656634109506,12826.667964,12837.934284
2026-02-06 01:30:00+01:00,10184.576613006942,5863.085964,7609.940818698947,6643.088,17794.517431705888,12506.173964,12518.369256
2026-02-06 01:45:00+01:00,10198.0404473669,5617.18046,7603.056396057156,6552.992,17801.096843424057,12170.17246,12180.526972
2026-02-06 02:00:00+01:00,9675.294753641641,5336.003484,7332.607028998766,6536.114,17007.90178264041,11872.117484,11882.295544
2026-02-06 02:15:00+01:00,9675.27111915235,5081.595472,7343.6485565630455,6503.367,17018.919675715395,11584.962472,11595.3342
2026-02-06 02:30:00+01:00,9702.850815166808,4915.395936,7337.726183269606,6455.584,17040.576998436416,11370.979936,11381.698
2026-02-06 02:45:00+01:00,9719.423469223793,4682.673432,7338.040309104068,6427.128,17057.46377832786,11109.801432,11120.446668
2026-02-06 03:00:00+01:00,9121.627010801354,4467.151008,7261.601474540332,6299.371,16383.228485341686,10766.522008,10777.143052
2026-02-06 03:15:00+01:00,9111.709375251472,4184.253244,7276.265586886273,6090.437,16387.974962137745,10274.690244,10285.185224
2026-02-06 03:30:00+01:00,9119.874950439733,3987.773072,7276.184278279803,6002.767,16396.059228719536,9990.540072,10001.184468
2026-02-06 03:45:00+01:00,9123.915869601815,3883.834972,7286.245506276531,5976.364,16410.161375878346,9860.198972,9871.044504
2026-02-06 04:00:00+01:00,8251.808480515465,3893.2023,7359.85017977296,5917.335,15611.658660288424,9810.5373,9821.010292
2026-02-06 04:15:00+01:00,8236.64372701955,3958.06462,7372.197633946042,5852.861,15608.84136096559,9810.92562,9821.264328
2026-02-06 04:30:00+01:00,8231.845168919423,4016.419608,7390.177578028782,5867.408,15622.022746948205,9883.827608,9894.310952
2026-02-06 04:45:00+01:00,8236.350470308751,3991.845396,7399.3680628050115,5939.336,15635.718533113763,9931.181396,9941.51524
2026-02-06 05:00:00+01:00,7126.6532292568045,3931.724948,7357.725325395947,6017.505,14484.37855465275,9949.229948,9959.318148
2026-02-06 05:15:00+01:00,7137.85259210171,3887.477076,7364.438799947265,6104.343,14502.291392048974,9991.820076,10002.108056
2026-02-06 05:30:00+01:00,7141.648377948797,3925.236948,7383.388743825015,6242.095,14525.037121773812,10167.331948,10177.809484
2026-02-06 05:45:00+01:00,7150.305166061642,3946.65044,7366.332481041214,6290.964,14516.637647102856,10237.61444,10247.817988
2026-02-06 06:00:00+01:00,7627.949624347297,4095.675156,7109.649636872744,6360.033,14737.59926122004,10455.708156,10466.347212
2026-02-06 06:15:00+01:00,7607.873457981967,4081.233944,7148.092308269388,6470.997,14755.965766251355,10552.230944,10565.683972
2026-02-06 06:30:00+01:00,7613.144175583104,4099.57354,7182.440065298586,6598.92,14795.58424088169,10698.49354,10709.63692
2026-02-06 06:45:00+01:00,7593.6263382723855,4130.053372,7186.988436426754,6641.063,14780.61477469914,10771.116372,10786.020964
2026-02-06 07:00:00+01:00,8479.42672117552,4008.910916,7354.033037346306,6689.466,15833.459758521825,10698.376916,10710.457868
2026-02-06 07:15:00+01:00,8472.983594185785,3919.20294,7348.639019711741,6724.595,15821.622613897525,10643.79794,10665.052648
2026-02-06 07:30:00+01:00,8452.898700097776,3927.640944,7353.799033123707,6797.29,15806.697733221483,10724.930944,10764.701144
2026-02-06 07:45:00+01:00,8449.054496735898,3949.87694,7357.871427723233,6817.406,15806.92592445913,10767.28294,10882.936036
2026-02-06 08:00:00+01:00,8497.543936050735,3946.61126,7312.4964167632315,6785.944,15810.040352813967,10732.55526,11065.684996000002
2026-02-06 08:15:00+01:00,8467.804149254642,3873.25584,7322.166202902596,6741.222,15789.970352157237,10614.47784,11323.783256
2026-02-06 08:30:00+01:00,8551.940754141442,3897.198276,7334.057940508091,6679.741,15885.998694649534,10576.939276,11751.470604000002
2026-02-06 08:45:00+01:00,8473.42825094952,3922.156224,7311.638485269651,6649.855,15785.06673621917,10572.011224,12257.721352
2026-02-06 09:00:00+01:00,8318.706555156825,3859.505468,6678.768584374594,6688.018,14997.47513953142,10547.523468,12785.529264
2026-02-06 09:15:00+01:00,8238.201309069638,3814.955456,6703.0514010018915,6669.703,14941.25271007153,10484.658456,13292.241772
2026-02-06 09:30:00+01:00,8166.398519690303,3823.769476,6699.791152214213,6659.909,14866.189671904516,10483.678476,13847.637159999998
2026-02-06 09:45:00+01:00,8068.283489593447,3807.961652,6695.680517779795,6557.654,14763.96400737324,10365.615652,14261.21578
2026-02-06 10:00:00+01:00,7600.867570847503,3818.907976,6484.414551172658,6423.079,14085.282122020162,10241.986976,14727.455408
2026-02-06 10:15:00+01:00,7456.487388999103,3819.956896,6495.844061374206,6304.973,13952.331450373309,10124.929896,15149.200856
2026-02-06 10:30:00+01:00,7324.81748610964,3714.387236,6496.116291847351,6112.763,13820.93377795699,9827.150236,15360.835852
2026-02-06 10:45:00+01:00,7190.193380850129,3667.868892,6474.637162444751,5961.438,13664.83054329488,9629.306892,15686.425164
2026-02-06 11:00:00+01:00,7245.912636430827,3649.611672,6076.0277706126935,5850.637,13321.94040704352,9500.248672,16117.7176
2026-02-06 11:15:00+01:00,7116.890774930323,3613.097992,6066.011497341084,5723.0,13182.902272271407,9336.097992,16408.403088
2026-02-06 11:30:00+01:00,6966.21051031133,3656.373616,6038.100503440064,5559.877,13004.311013751394,9216.250616,16647.873248
2026-02-06 11:45:00+01:00,6829.8199068691665,3712.329728,6009.164669582975,5418.266,12838.984576452141,9130.595728,16821.06922
2026-02-06 12:00:00+01:00,5946.133945675442,3650.351708,5569.122748268208,5403.368,11515.256693943651,9053.719708,16971.263656
2026-02-06 12:15:00+01:00,5839.308998077248,3682.336304,5545.017185830186,5387.927,11384.326183907433,9070.263304,17138.853116
2026-02-06 12:30:00+01:00,5769.723788299627,3714.435232,5521.172955319203,5328.173,11290.896743618829,9042.608232,17201.843303999998
2026-02-06 12:45:00+01:00,5723.623669976501,3724.477272,5479.59920224803,5272.984,11203.22287222453,8997.461272,17097.25476
2026-02-06 13:00:00+01:00,5833.677845674706,3763.76916,5483.294221169104,5362.892,11316.97206684381,9126.66116,17094.167152
2026-02-06 13:15:00+01:00,5768.904707322891,3819.443168,5484.348607775714,5355.334,11253.253315098606,9174.777168,16928.592172
2026-02-06 13:30:00+01:00,5703.3329389406745,3904.901284,5482.6652957161805,5394.394,11185.998234656854,9299.295284,16859.692876
2026-02-06 13:45:00+01:00,5702.147167089405,3924.862568,5465.170890072758,5414.901,11167.318057162163,9339.763568,16610.529128000002
2026-02-06 14:00:00+01:00,5729.963784974321,3955.44468,5515.686542078771,5403.625,11245.650327053092,9359.06968,16143.530796
2026-02-06 14:15:00+01:00,5736.710153789664,4013.490776,5500.846282805902,5440.159,11237.556436595565,9453.649776,15696.496024
2026-02-06 14:30:00+01:00,5789.495252461585,4126.802664,5489.979317506767,5478.577,11279.474569968352,9605.379664,15319.16308
2026-02-06 14:45:00+01:00,5854.644380457014,4225.589752,5486.650856807828,5521.714,11341.295237264843,9747.303752,14907.061732
2026-02-06 15:00:00+01:00,5981.159433317744,4250.521928,5591.401185790913,5705.8,11572.560619108655,9956.321928,14498.599376000002
2026-02-06 15:15:00+01:00,6086.217577774213,4266.194328,5548.554463719996,5896.517,11634.772041494209,10162.711328,14026.483104
2026-02-06 15:30:00+01:00,6175.9621359236335,4346.748056,5551.959576448979,6137.891,11727.921712372612,10484.639056,13720.23016
2026-02-06 15:45:00+01:00,6322.137270717799,4494.849248,5536.203409114744,6216.394,11858.340679832543,10711.243248,13321.125884
2026-02-06 16:00:00+01:00,6901.552574004496,4670.33756,5655.448492992398,6292.879,12557.001066996894,10963.21656,13011.605088
2026-02-06 16:15:00+01:00,7124.121798934683,4931.229572,5693.302865671514,6433.869,12817.424664606198,11365.098572,12855.922508
2026-02-06 16:30:00+01:00,7273.423420757179,5121.297676,5709.545072979483,6517.817,12982.968493736662,11639.114676,12598.451804
2026-02-06 16:45:00+01:00,7477.713603817177,5317.009796,5711.712711855301,6533.846,13189.426315672477,11850.855796,12358.392292
2026-02-06 17:00:00+01:00,8088.129948311546,5526.331984,6245.419951714351,6474.528,14333.549900025897,12000.859984,12209.661256
2026-02-06 17:15:00+01:00,8254.015653448487,5749.088808,6264.969130776379,6499.597,14518.984784224866,12248.685808,12324.95992
2026-02-06 17:30:00+01:00,8424.408047367599,5999.691764,6276.092127296683,6598.304,14700.500174664281,12597.995764,12668.477824
2026-02-06 17:45:00+01:00,8558.40368735778,6199.516096,6270.259563590844,6681.402,14828.663250948624,12880.918096,12956.594132000002
2026-02-06 18:00:00+01:00,8252.226968091942,6370.69708,6675.862260301446,6828.511,14928.089228393388,13199.20808,13247.032344
2026-02-06 18:15:00+01:00,8323.848690778528,6529.196352,6672.720843080081,6859.028,14996.569533858608,13388.224352,13422.621192
2026-02-06 18:30:00+01:00,8372.162316487696,6683.99996,6665.493942082425,6859.104,15037.656258570121,13543.10396,13564.947576
2026-02-06 18:45:00+01:00,8427.393409577353,6861.196568,6673.819990986269,6882.062,15101.213400563622,13743.258568,13766.941960000002
2026-02-06 19:00:00+01:00,8396.452913123823,7024.065376,6971.321130742492,6900.832,15367.774043866315,13924.897376,13952.617332000002
2026-02-06 19:15:00+01:00,8404.206749065754,7188.791724,6994.776939970254,6946.125,15398.983689036007,14134.916724,14152.794792
2026-02-06 19:30:00+01:00,8422.0142928624,7275.891604,7008.017256179143,6973.312,15430.031549041545,14249.203604,14264.323112
2026-02-06 19:45:00+01:00,8419.926322768706,7291.922496,7008.848559548566,6959.092,15428.774882317273,14251.014496,14264.886388
2026-02-06 20:00:00+01:00,8433.100675449166,7371.627608,6791.383058548304,6953.044,15224.48373399747,14324.671608,14339.345328
2026-02-06 20:15:00+01:00,8444.019432131097,7491.769664,6794.933891875263,6936.093,15238.953324006361,14427.862664,14440.29008
2026-02-06 20:30:00+01:00,8440.073368939995,7555.317184,6779.047542069905,6910.483,15219.1209110099,14465.800184,14477.975652
2026-02-06 20:45:00+01:00,8424.185138512503,7649.17552,6768.0935936697415,6858.59,15192.278732182243,14507.76552,14519.975628
2026-02-06 21:00:00+01:00,8721.936773813093,7825.930984,6701.498544417304,6854.948,15423.435318230397,14680.878984,14696.579607999998
2026-02-06 21:15:00+01:00,8691.626065095134,7929.02684,6725.8644079417645,6812.911,15417.490473036898,14741.93784,14755.306768
2026-02-06 21:30:00+01:00,8676.410851476858,7942.749248,6729.385793359304,6762.364,15405.796644836162,14705.113248,14715.63524
2026-02-06 21:45:00+01:00,8620.874208770068,7993.367204,6714.309899213461,6688.308,15335.184107983529,14681.675204,14692.165752
2026-02-06 22:00:00+01:00,8767.95802768118,7848.901792,6668.362449533999,6604.58,15436.320477215178,14453.481792,14463.605671999998
2026-02-06 22:15:00+01:00,8759.32630273473,7811.30194,6680.56009962411,6521.279,15439.88640235884,14332.58094,14342.538832
2026-02-06 22:30:00+01:00,8745.071507525568,7763.605004,6691.632643403237,6458.535,15436.704150928806,14222.140004,14232.173372
2026-02-06 22:45:00+01:00,8744.890592350443,7748.498448,6677.881329208101,6310.462,15422.771921558544,14058.960448000002,14069.074084000002
2026-02-06 23:00:00+01:00,16785.669487383013,7750.044528,6869.882635049954,6210.797,23655.552122432968,13960.841528,13970.884964
2026-02-06 23:15:00+01:00,16762.042521109113,7703.336564,6876.074317924054,6173.156,23638.116839033166,13876.492564,13886.66898
2026-02-06 23:30:00+01:00,16741.162260572484,7628.626004,6856.012601222613,6054.282,23597.174861795098,13682.908004,13692.943776
2026-02-06 23:45:00+01:00,16750.904900462654,7659.781404,6846.558898865339,5952.954,23597.463799327994,13612.735404,13622.902552
2026-02-07 00:00:00+01:00,22900.949537297685,7767.557288,6623.363499997074,5922.165,29524.31303729476,13689.722288,13700.149332
2026-02-07 00:15:00+01:00,22856.73909802845,7800.787284,6620.574194372052,5881.902,29477.313292400504,13682.689284,13693.173476
2026-02-07 00:30:00+01:00,22823.02177527133,7877.290552,6601.964794046594,5949.208,29424.986569317924,13826.498552,13836.831156
2026-02-07 00:45:00+01:00,22784.21629505792,7741.814488,6590.45696900913,6020.152,29374.67326406705,13761.966488,13772.283068
2026-02-07 01:00:00+01:00,24545.317031179082,7558.40628,6615.272686017826,6025.647,31160.589717196908,13584.05328,13594.560004
2026-02-07 01:15:00+01:00,24544.269857790063,7482.016328,6611.111398970684,5994.843,31155.381256760746,13476.859328,13487.064604
2026-02-07 01:30:00+01:00,24542.108114001432,7392.261624,6607.6796094019855,6018.429,31149.787723403417,13410.690624,13421.007871999998
2026-02-07 01:45:00+01:00,24546.568316378132,7182.42066,6601.2452205883565,6039.881,31147.81353696649,13222.30166,13232.537536000002
2026-02-07 02:00:00+01:00,24330.804266175786,7074.408224,6551.931906330701,6077.541,30882.736172506487,13151.949224,13162.285044
2026-02-07 02:15:00+01:00,24321.278301844788,6977.90856,6560.705426512476,6128.012,30881.983728357263,13105.92056,13116.173512
2026-02-07 02:30:00+01:00,24336.761207410982,6862.336492,6556.814704074591,6213.917,30893.575911485572,13076.253492,13086.598796
2026-02-07 02:45:00+01:00,24343.015178423237,6724.0284,6557.600006238563,6336.833,30900.6151846618,13060.8614,13071.286152
2026-02-07 03:00:00+01:00,24297.273332224722,6629.87042,6411.985001992017,6355.688,30709.258334216738,12985.55842,12995.934924
2026-02-07 03:15:00+01:00,24272.31004800772,6590.314116,6419.306612474912,6339.598,30691.616660482632,12929.912116,12940.304872
2026-02-07 03:30:00+01:00,24265.068046156324,6595.475924,6417.737265335439,6272.945,30682.805311491764,12868.420924,12878.886972
2026-02-07 03:45:00+01:00,24252.37478431055,6569.119176,6428.763575524295,6311.906,30681.138359834844,12881.025176,12891.529264
2026-02-07 04:00:00+01:00,24150.698056716505,6443.303736,6396.285765694963,6370.439,30546.98382241147,12813.742736,12824.239608
2026-02-07 04:15:00+01:00,24126.666064112575,6383.464432,6406.559294797074,6398.035,30533.225358909647,12781.499432,12792.284156
2026-02-07 04:30:00+01:00,24115.613688601603,6276.98328,6424.020640245601,6416.807,30539.634328847205,12693.79028,12704.397108
2026-02-07 04:45:00+01:00,24116.23075989436,6077.844348,6434.062537902963,6300.226,30550.29329779732,12378.070348,12388.615144
2026-02-07 05:00:00+01:00,24111.39871328864,5947.9301,6277.330716166129,6237.586,30388.72942945477,12185.5161,12195.73632
2026-02-07 05:15:00+01:00,24114.236532898074,5857.168152,6284.6893511240605,6187.241,30398.925884022134,12044.409152,12054.551776
2026-02-07 05:30:00+01:00,24112.095962768435,5768.88512,6304.030725823076,6142.876,30416.12668859151,11911.76112,11922.101336
2026-02-07 05:45:00+01:00,24112.714680788456,5699.331324,6287.861711944724,6045.917,30400.57639273318,11745.248324,11755.226488
2026-02-07 06:00:00+01:00,24566.452172866957,5705.675904,6039.7083677239,5918.999,30606.160540590856,11624.674904,11634.663124
2026-02-07 06:15:00+01:00,24533.96970353971,5685.230248,6079.706608053018,5812.936,30613.676311592728,11498.166248,11508.321464
2026-02-07 06:30:00+01:00,24527.592726718398,5665.266952,6114.89404331488,5755.082,30642.486770033276,11420.348952,11430.836348
2026-02-07 06:45:00+01:00,24501.294929092892,5646.351996,6121.217697373848,5676.694,30622.51262646674,11323.045996,11334.636952
2026-02-07 07:00:00+01:00,24138.821452747852,5610.198344,5955.590792430057,5567.743,30094.41224517791,11177.941344,11190.569508
2026-02-07 07:15:00+01:00,24118.492881529277,5520.368716,5950.017344114854,5545.428,30068.51022564413,11065.796716,11080.322508
2026-02-07 07:30:00+01:00,24089.807078764075,5429.09342,5956.73006354191,5607.739,30046.537142305984,11036.83242,11058.207028
2026-02-07 07:45:00+01:00,24079.972237398688,5374.290052,5962.602091397189,5678.855,30042.574328795876,11053.145052,11145.69024
2026-02-07 08:00:00+01:00,24123.130739029235,5309.85494,5859.89273885849,5667.141,29983.023477887724,10976.99594,11406.737732
2026-02-07 08:15:00+01:00,24092.422517638523,5268.99856,5869.3830236069225,5587.625,29961.805541245445,10856.62356,11774.656876
2026-02-07 08:30:00+01:00,24134.045726990553,5076.903108,5885.335560943688,5528.392,30019.38128793424,10605.295108,12148.257768
2026-02-07 08:45:00+01:00,24048.1918373045,4906.101612,5867.520935696265,5439.039,29915.712773000767,10345.140612,12702.297624
2026-02-07 09:00:00+01:00,24332.38203130856,4872.730224,5800.305353736199,5289.757,30132.68738504476,10162.487224,13493.576796
2026-02-07 09:15:00+01:00,24248.124785997694,4767.0511,5820.769044880961,5185.615,30068.893830878653,9952.6661,14301.162512
2026-02-07 09:30:00+01:00,24163.02804459849,4598.391572,5815.600432320399,5012.295,29978.62847691889,9610.686572,15059.493292
2026-02-07 09:45:00+01:00,24057.266942061913,4446.59872,5810.458246623141,4936.874,29867.725188685054,9383.47272,15994.435748
2026-02-07 10:00:00+01:00,24494.700029786152,4243.583644,5864.4176657608405,4805.019,30359.117695546993,9048.602644,16892.793968
2026-02-07 10:15:00+01:00,24352.327300675537,3965.075988,5871.234955129399,4686.404,30223.562255804936,8651.479988000001,17634.132232000004
2026-02-07 10:30:00+01:00,24217.138985366564,3714.606764,5868.147436423306,4500.368,30085.28642178987,8214.974764,18379.940472
2026-02-07 10:45:00+01:00,24078.062483375754,3458.793216,5844.615246136373,4312.124,29922.67772951213,7770.917216,19040.966196
2026-02-07 11:00:00+01:00,24662.316575472367,3218.5804,5815.590157879594,4088.745,30477.90673335196,7307.3254,19565.040547999997
2026-02-07 11:15:00+01:00,24554.04268946189,3022.95782,5805.223771765921,3969.987,30359.26646122781,6992.944820000001,20044.715620000003
2026-02-07 11:30:00+01:00,24402.6111631681,2867.0381,5777.984171838061,3785.638,30180.59533500616,6652.676100000001,20336.6611
2026-02-07 11:45:00+01:00,24265.702070332343,2716.911284,5750.423531986434,3643.844,30016.125602318778,6360.755284,20346.979384
2026-02-07 12:00:00+01:00,24638.17132232566,2628.328176,5929.72360212012,3572.198,30567.89492444578,6200.526175999999,20479.51862
2026-02-07 12:15:00+01:00,24533.167819096856,2584.695384,5903.413180728159,3499.875,30436.580999825015,6084.570384000001,20533.978304
2026-02-07 12:30:00+01:00,24457.338348622074,2538.863228,5877.594753164054,3454.368,30334.933101786126,5993.231228000001,20428.609636
2026-02-07 12:45:00+01:00,24406.325395049604,2507.446652,5839.873567109989,3452.256,30246.198962159593,5959.702652,20281.19372
2026-02-07 13:00:00+01:00,24521.716169542506,2506.869136,5921.939961402464,3494.594,30443.656130944968,6001.463136,19908.254204
2026-02-07 13:15:00+01:00,24453.999508836947,2474.446372,5914.323418267414,3466.984,30368.32292710436,5941.430372,19492.759544
2026-02-07 13:30:00+01:00,24386.45235209836,2459.662504,5932.870472352838,3442.348,30319.3228244512,5902.010504,19049.924811999997
2026-02-07 13:45:00+01:00,24379.40688467545,2483.645072,5920.021166106675,3533.967,30299.428050782124,6017.612072,18674.757264
2026-02-07 14:00:00+01:00,24369.554161499174,2527.865488,5965.299545892682,3664.489,30334.853707391856,6192.354488,18281.035572
2026-02-07 14:15:00+01:00,24380.784949133442,2557.968196,5950.185636872122,3738.808,30330.970586005562,6296.776196,17568.672612
2026-02-07 14:30:00+01:00,24430.816757438315,2622.31772,5939.8448364737515,3708.332,30370.661593912067,6330.649719999999,16646.942236
2026-02-07 14:45:00+01:00,24484.49334633974,2661.14678,5941.584115163176,3678.951,30426.077461502915,6340.09778,15790.2569
2026-02-07 15:00:00+01:00,24260.081864510907,2731.809472,5829.214919908195,3750.645,30089.2967844191,6482.454471999999,14958.104812
2026-02-07 15:15:00+01:00,24358.27952969647,2850.49422,5787.653914191302,3739.662,30145.93344388777,6590.15622,14019.842964
2026-02-07 15:30:00+01:00,24438.86056745119,2941.13908,5793.956831871154,3926.196,30232.817399322343,6867.33508,13144.404052
2026-02-07 15:45:00+01:00,24577.75003076195,3017.15322,5780.823234256025,4057.445,30358.573265017974,7074.59822,12218.098548
2026-02-07 16:00:00+01:00,24101.013993720393,3138.041076,5832.623943553415,4158.969,29933.63793727381,7297.010076,11302.496216
2026-02-07 16:15:00+01:00,24291.9667456603,3198.411764,5836.975631819464,4255.53,30128.94237747976,7453.941763999999,10366.505716
2026-02-07 16:30:00+01:00,24601.34951926608,3313.28394,5856.377710542881,4366.39,30457.727229808963,7679.673940000001,9568.197296
2026-02-07 16:45:00+01:00,24798.627098943314,3488.998012,5861.89403684018,4450.327,30660.521135783492,7939.325012,8949.08512
2026-02-07 17:00:00+01:00,24440.925608378246,3654.93272,5969.3103004302675,4520.299,30410.235908808514,8175.23172,8575.2262
2026-02-07 17:15:00+01:00,24591.603075415438,3828.58092,6001.413397098351,4761.395,30593.016472513787,8589.97592,8695.557364
2026-02-07 17:30:00+01:00,24801.962007879956,4038.652796,6023.30496792081,4974.227,30825.266975800765,9012.879796,9077.407992
2026-02-07 17:45:00+01:00,24925.59803766052,4274.990296,6026.989896890023,5097.173,30952.587934550542,9372.163296,9447.744308
2026-02-07 18:00:00+01:00,24912.777504549656,4433.052956,6007.73089193519,5317.368,30920.508396484845,9750.420956000002,9881.709172000004
2026-02-07 18:15:00+01:00,24988.33500542895,4593.851816,6008.395738274838,5485.704,30996.73074370379,10079.555816,10180.04586
2026-02-07 18:30:00+01:00,25036.567699432617,4708.78324,6002.85980033014,5620.978,31039.427499762758,10329.76124,10390.374952
2026-02-07 18:45:00+01:00,25093.645559930872,4843.31638,6010.76947402756,5739.3,31104.41503395843,10582.61638,10621.454944
2026-02-07 19:00:00+01:00,24959.941847302434,4980.477792,6048.6334014073855,5841.237,31008.57524870982,10821.714792,10894.944452
2026-02-07 19:15:00+01:00,24971.720077410093,5140.043416,6073.464949356379,5951.947,31045.18502676647,11091.990416,11161.83812
2026-02-07 19:30:00+01:00,24985.178468782888,5276.089228,6088.729193140315,6141.467,31073.907661923204,11417.556228,11451.169604
2026-02-07 19:45:00+01:00,24983.532462704523,5354.333524,6089.200007125125,6234.734,31072.732469829647,11589.067524,11601.014668
2026-02-07 20:00:00+01:00,24803.279703366148,5410.586352,6137.096770270997,6386.487,30940.376473637145,11797.073352,11814.795032
2026-02-07 20:15:00+01:00,24820.16574892956,5458.292112,6136.636528026683,6491.313,30956.802276956245,11949.605112,11960.2378
2026-02-07 20:30:00+01:00,24819.189552297874,5594.700952,6127.293435619339,6495.575,30946.482987917214,12090.275952,12101.148308
2026-02-07 20:45:00+01:00,24810.312788680374,5770.389392,6118.770592984206,6471.599,30929.08338166458,12241.988392,12251.6786
2026-02-07 21:00:00+01:00,24815.893295109054,5922.209136,6112.516672178744,6388.984,30928.409967287796,12311.193136000002,12322.098132
2026-02-07 21:15:00+01:00,24814.72487252363,6012.440296,6130.415802547253,6273.795,30945.140675070885,12286.235296,12295.43486
2026-02-07 21:30:00+01:00,24808.688742863524,6039.233492,6135.925486605057,6212.409,30944.61422946858,12251.642492,12260.541876
2026-02-07 21:45:00+01:00,24795.78148101702,6126.435696,6120.700346059006,6156.342,30916.481827076026,12282.777696,12291.492408
2026-02-07 22:00:00+01:00,24454.475873846764,6003.393096,6160.976906735082,6078.83,30615.452780581847,12082.223096,12091.274392
2026-02-07 22:15:00+01:00,24455.406111469918,6037.429868,6169.949735032692,6032.701,30625.35584650261,12070.130868,12079.840796
2026-02-07 22:30:00+01:00,24445.955064897607,6039.71392,6181.005498892565,5921.707,30626.960563790173,11961.42092,11972.679052
2026-02-07 22:45:00+01:00,24449.568741428095,5956.299276,6150.574813097657,5917.214,30600.143554525752,11873.513276,11884.72044
2026-02-07 23:00:00+01:00,11669.813322476435,5916.810352,5903.4296986969175,5889.19,17573.24302117335,11806.000352,11817.153224
2026-02-07 23:15:00+01:00,11652.029632040549,5916.516036,5914.584444604053,5851.951,17566.6140766446,11768.467036,11779.54582
2026-02-07 23:30:00+01:00,11634.934284161785,5940.01264,5896.358412506077,5799.348,17531.292696667864,11739.36064,11750.6691
2026-02-07 23:45:00+01:00,11646.756203059771,5927.254252,5888.605093893873,5831.853,17535.361296953644,11759.107252,11771.200132
2026-02-08 00:00:00+01:00,4850.935649741582,5838.28764,6590.733525699686,5782.937,11441.669175441268,11621.22464,11633.040336
2026-02-08 00:15:00+01:00,4819.157494085546,5750.652816,6595.094315929659,5744.445,11414.251810015205,11495.097816,11506.619276
2026-02-08 00:30:00+01:00,4798.927249751157,5681.86648,6585.828392049508,5698.822,11384.755641800664,11380.68848,11392.471624000002
2026-02-08 00:45:00+01:00,4765.8916936065125,5556.504456,6580.799655135928,5797.149,11346.69134874244,11353.653456,11365.477372
2026-02-08 01:00:00+01:00,5369.87214173763,5475.1535,6613.367871474895,5846.661,11983.240013212526,11321.8145,11333.354568
2026-02-08 01:15:00+01:00,5374.9223423095345,5397.855132,6610.419070366041,5925.987,11985.341412675574,11323.842132,11335.294756
2026-02-08 01:30:00+01:00,5379.595378282378,5393.347944,6610.131646808151,6069.892,11989.72702509053,11463.239944,11474.784524
2026-02-08 01:45:00+01:00,5385.838680127831,5292.786928,6606.695376363506,6259.889,11992.534056491337,11552.675928,11564.137656
2026-02-08 02:00:00+01:00,5293.052257746802,5185.08582,7024.313482481346,6396.235,12317.365740228148,11581.32082,11592.5707
2026-02-08 02:15:00+01:00,5292.541489283333,5134.286192,7037.519231743636,6524.615,12330.06072102697,11658.901192,11670.286392
2026-02-08 02:30:00+01:00,5311.522861698049,5135.490084,7037.886885892241,6615.103,12349.409747590289,11750.593084,11762.273936
2026-02-08 02:45:00+01:00,5320.111681286764,5066.4902,7043.141519158665,6522.572,12363.25320044543,11589.0622,11600.565948
2026-02-08 03:00:00+01:00,5193.09310747696,5101.062728,7114.434944617751,6477.882,12307.52805209471,11578.944728,11590.262899999998
2026-02-08 03:15:00+01:00,5172.494335629342,5122.878684,7124.176343745962,6528.356,12296.670679375304,11651.234684,11663.062492
2026-02-08 03:30:00+01:00,5170.30232901974,5181.848028,7124.54040212581,6571.154,12294.842731145549,11753.002028,11764.589144
2026-02-08 03:45:00+01:00,5169.627886753789,5172.965592,7138.257469249973,6612.545,12307.885356003762,11785.510592,11800.145831999998
2026-02-08 04:00:00+01:00,5541.444969920356,5223.332572,7304.817714011085,6647.563,12846.26268393144,11870.895572,11882.371648000002
2026-02-08 04:15:00+01:00,5524.317152029992,5272.333232,7317.70772174913,6740.084,12842.024873779123,12012.417232,12023.693888
2026-02-08 04:30:00+01:00,5514.590098677888,5279.524312,7337.475166485921,6798.038,12852.065265163808,12077.562311999998,12089.124843999998
2026-02-08 04:45:00+01:00,5517.850754808725,5217.173052,7345.11588434825,6920.85,12862.966639156974,12138.023052,12149.492376
2026-02-08 05:00:00+01:00,5889.820882332382,5178.79138,7349.002707211493,7007.298,13238.823589543874,12186.08938,12197.355064
2026-02-08 05:15:00+01:00,5896.542426669948,5047.502984,7355.752503639116,7023.068,13252.294930309065,12070.570984,12081.744016
2026-02-08 05:30:00+01:00,5899.9303484315815,5013.940204,7373.8487749332835,7014.84,13273.779123364864,12028.780204,12040.092148
2026-02-08 05:45:00+01:00,5903.590886728372,5027.552804,7356.102891272294,7011.275,13259.693778000666,12038.827804,12055.473984
2026-02-08 06:00:00+01:00,7086.526741628489,5285.161232,7287.360277769548,7009.125,14373.887019398037,12294.286232,12305.714204
2026-02-08 06:15:00+01:00,7063.9072136348,5347.792956,7325.614453660743,7073.317,14389.521667295543,12421.109956,12433.073644
2026-02-08 06:30:00+01:00,7068.392334388251,5385.263004,7359.252093644529,7094.426,14427.64442803278,12479.689004,12491.12504
2026-02-08 06:45:00+01:00,7048.1787188087865,5474.10638,7361.710615991854,7134.979,14409.88933480064,12609.08538,12621.45836
2026-02-08 07:00:00+01:00,7395.523376246331,5540.039644,7566.0128461082195,7137.39,14961.53622235455,12677.429644,12690.30032
2026-02-08 07:15:00+01:00,7378.665591196178,5673.866688,7558.717833158346,7194.64,14937.383424354524,12868.506688,12883.023272000002
2026-02-08 07:30:00+01:00,7354.085783060361,5921.599368,7564.935618447929,7210.385,14919.02140150829,13131.984368,13154.664164000002
2026-02-08 07:45:00+01:00,7347.343838506488,6208.1941,7570.940065352546,7234.062,14918.283903859035,13442.2561,13531.864364
2026-02-08 08:00:00+01:00,7255.344852303155,6400.18012,7556.18545071376,7282.725,14811.530303016914,13682.90512,14107.995956
2026-02-08 08:15:00+01:00,7234.565431649045,6545.239488,7562.023579008633,7271.404,14796.589010657677,13816.643488000002,14734.352164000002
2026-02-08 08:30:00+01:00,7657.137079845934,6619.15154,7566.901084724935,7192.54,15224.03816457087,13811.69154,15345.871644
2026-02-08 08:45:00+01:00,7578.155071290062,6770.72678,7548.0096126531025,7112.532,15126.164683943163,13883.25878,16172.891128
2026-02-08 09:00:00+01:00,7166.583903820325,6826.857208,7483.785758223619,7009.974,14650.369662043944,13836.831208,16936.661423999998
2026-02-08 09:15:00+01:00,7092.304207173181,6873.751568,7500.332385912503,6943.008,14592.636593085685,13816.759568,17830.605268
2026-02-08 09:30:00+01:00,7019.4821350907005,6863.697564,7490.822275245369,6887.093,14510.30441033607,13750.790564,18676.028332
2026-02-08 09:45:00+01:00,6926.643452172906,6783.428828,7480.193225440689,6976.067,14406.836677613595,13759.495828,19642.438284
2026-02-08 10:00:00+01:00,7237.124689073673,6667.044628,7626.279663342932,7027.058,14863.404352416605,13694.102628,20491.17924
2026-02-08 10:15:00+01:00,7113.006343492972,6611.933136,7628.921420099339,7057.382,14741.92776359231,13669.315136,21280.978216
2026-02-08 10:30:00+01:00,6988.483010268014,6533.342072,7621.755310368211,7113.753,14610.238320636225,13647.095072,22114.76376
2026-02-08 10:45:00+01:00,6861.743947490735,6361.283544,7597.975279133716,7071.107,14459.719226624451,13432.390544,22704.105516
2026-02-08 11:00:00+01:00,7403.903494963502,6121.757968,7685.093611469737,7019.447,15088.997106433239,13141.204968,23102.4538
2026-02-08 11:15:00+01:00,7284.9676231556205,5816.373968,7673.799999617406,7024.442,14958.767622773026,12840.815968,23412.355912
2026-02-08 11:30:00+01:00,7149.3603482142225,5566.596168,7645.433342454488,7065.267,14794.79369066871,12631.863168,23776.198532
2026-02-08 11:45:00+01:00,7028.947104902327,5317.390944,7618.156371270633,7019.168,14647.10347617296,12336.558944,24022.454380000003
2026-02-08 12:00:00+01:00,5919.743741650963,5116.547304,7602.485941949104,7013.312,13522.229683600068,12129.859304,24414.375288
2026-02-08 12:15:00+01:00,5826.863398306187,4968.983412,7579.524130930716,7060.574,13406.387529236903,12029.557411999998,24805.168092
2026-02-08 12:30:00+01:00,5763.283240802035,4857.840688,7555.322756291506,7059.431,13318.605997093542,11917.271688,25049.827268
2026-02-08 12:45:00+01:00,5722.052920130491,4753.22716,7518.864530838769,7050.653,13240.91745096926,11803.88016,25212.306552
2026-02-08 13:00:00+01:00,5858.671264414007,4701.747776,7572.580239993651,7041.5,13431.251504407657,11743.247776,25281.642424
2026-02-08 13:15:00+01:00,5803.086518835229,4682.022896,7566.453793899345,7103.641,13369.540312734574,11785.663896,25270.037264
2026-02-08 13:30:00+01:00,5746.366304107926,4666.584208,7564.346016823453,7087.919,13310.71232093138,11754.503208,25090.863412
2026-02-08 13:45:00+01:00,5744.589695052742,4704.223828,7544.158127049633,7099.65,13288.747822102374,11803.873828,24869.76202
2026-02-08 14:00:00+01:00,6039.601084484924,4670.827348,7524.103403923652,7059.952,13563.704488408577,11730.779348,24218.668064
2026-02-08 14:15:00+01:00,6052.463116826981,4722.772896,7508.72204635998,7058.151,13561.185163186961,11780.923896,23601.069732
2026-02-08 14:30:00+01:00,6100.315298994792,4827.289852,7511.380557479604,7082.279,13611.695856474396,11909.568852,22945.002392
2026-02-08 14:45:00+01:00,6153.095012607751,5010.646464,7512.4582334812885,7142.571,13665.553246089039,12153.217464,22310.769532
2026-02-08 15:00:00+01:00,6856.558031650249,5189.684048,7575.771028111162,7188.801,14432.32905976141,12378.485048,21507.919812
2026-02-08 15:15:00+01:00,6952.027087960837,5247.042068,7539.327456072165,7282.422,14491.354544033002,12529.464068,20448.374124
2026-02-08 15:30:00+01:00,7068.681354070836,5373.363488,7552.7588462075855,7314.282,14621.440200278423,12687.645488,19387.277036
2026-02-08 15:45:00+01:00,7231.90200022167,5508.120768,7542.999220299467,7278.977,14774.901220521137,12787.097768,18178.66914
2026-02-08 16:00:00+01:00,7824.205903642826,5640.02732,7518.68577822116,7194.448,15342.891681863986,12834.47532,16939.73038
2026-02-08 16:15:00+01:00,8013.499419150456,5811.391244,7517.905250349014,7134.117,15531.404669499469,12945.508244,15840.149268
2026-02-08 16:30:00+01:00,8302.801570936583,5961.472616,7531.31917816689,7142.646,15834.120749103473,13104.118616,14927.8462
2026-02-08 16:45:00+01:00,8540.405042075483,6101.178428,7534.915405331925,7245.996,16075.320447407408,13347.174428,14319.737924
2026-02-08 17:00:00+01:00,8827.885590130305,6257.509264,7413.094954264601,7336.5,16240.980544394906,13594.009264,13955.942516
2026-02-08 17:15:00+01:00,8972.101708953993,6644.320596,7442.547580370448,7412.817,16414.64928932444,14057.137596,14145.970712
2026-02-08 17:30:00+01:00,9030.530160623863,6948.467736,7468.716901657192,7422.54,16499.247062281054,14371.007736,14408.895064
2026-02-08 17:45:00+01:00,9148.293702170971,7165.5698,7476.835676027238,7390.399,16625.12937819821,14555.9688,14591.814524
2026-02-08 18:00:00+01:00,9277.210185159882,7422.758704,7494.037252507516,7351.892,16771.2474376674,14774.650704,14806.526988
2026-02-08 18:15:00+01:00,9347.629035578506,7680.271952,7497.139129947818,7358.611,16844.768165526322,15038.882952,15068.973944
2026-02-08 18:30:00+01:00,9392.769754078496,8135.997208,7492.085463567889,7318.71,16884.855217646385,15454.707208,15484.205628
2026-02-08 18:45:00+01:00,9444.902870552743,8581.297232,7494.044503268121,7324.332,16938.947373820865,15905.629232,15928.662252000002
2026-02-08 19:00:00+01:00,9218.755496776452,8967.17708,7370.004969063167,7355.268,16588.76046583962,16322.44508,16347.69712
2026-02-08 19:15:00+01:00,9226.224618917775,9091.470864,7390.526378702276,7413.907,16616.750997620053,16505.377864000002,16525.960316
2026-02-08 19:30:00+01:00,9233.8225053743,9228.375268,7399.544022950422,7379.142,16633.366528324725,16607.517268,16624.908268
2026-02-08 19:45:00+01:00,9226.379393201998,9162.250828,7395.092509557413,7384.977,16621.47190275941,16547.227828,16562.161216
2026-02-08 20:00:00+01:00,8943.40853077487,9208.655932,7142.862936915386,7414.785,16086.271467690256,16623.440931999998,16637.296035999996
2026-02-08 20:15:00+01:00,8950.67065869293,9173.906356,7138.954900172203,7363.278,16089.625558865133,16537.184355999998,16550.253067999998
2026-02-08 20:30:00+01:00,8939.62615063279,9085.714736,7125.423967732075,7241.354,16065.050118364865,16327.068736,16338.573724000002
2026-02-08 20:45:00+01:00,8916.550388861337,9037.801036,7110.038840627369,7121.69,16026.589229488705,16159.491036,16170.799304
2026-02-08 21:00:00+01:00,8699.352189977903,8943.891044,5878.98723914796,7067.819,14578.339429125863,16011.710044,16022.693608
2026-02-08 21:15:00+01:00,8685.12008356991,8811.847064,5884.532681366824,7017.096,14569.652764936734,15828.943064,15839.759936
2026-02-08 21:30:00+01:00,8661.429890881745,8735.8866,5874.276786812969,6976.895,14535.706677694714,15712.7816,15723.616492
2026-02-08 21:45:00+01:00,8627.86362422511,8518.412604,5835.360238436592,6887.901,14463.223862661704,15406.313604,15417.3157
2026-02-08 22:00:00+01:00,8102.254203772761,8102.854304,5668.282314149571,6911.211,13770.536517922332,15014.065304,15025.3093
2026-02-08 22:15:00+01:00,8073.946217768705,7972.49196,5671.006895644477,6880.737,13744.953113413181,14853.22896,14864.10622
2026-02-08 22:30:00+01:00,8035.213077524103,7885.132504,5671.56829453769,6903.343,13706.781372061792,14788.475504,14799.031196
2026-02-08 22:45:00+01:00,8013.631306252236,7796.144424,5650.191456764534,6885.692,13663.822763016771,14681.836424,14692.589884
2026-02-08 23:00:00+01:00,7668.272193666728,7627.233712,5861.367121326737,6823.339,13529.639314993465,14450.572712,14461.556284
2026-02-08 23:15:00+01:00,7630.206355137927,7422.699896,5866.167126769353,6708.625,13496.37348190728,14131.324896,14142.007184
2026-02-08 23:30:00+01:00,7589.803640457016,7235.473828,5836.181316480173,6665.185,13425.984956937189,13900.658828,13911.813832
2026-02-08 23:45:00+01:00,7578.253472892815,7128.450488,5813.915942973541,6561.83,13392.169415866356,13690.280488,13701.068248
2026-02-09 00:00:00+01:00,8063.981508118318,6966.092184,5635.9524735521945,6488.084,13699.933981670512,13454.176184,13465.174868
2026-02-09 00:15:00+01:00,8007.980899401545,6950.937972,5633.185884520007,6392.242,13641.166783921552,13343.179972,13353.36214
2026-02-09 00:30:00+01:00,7959.391184069127,6799.891832,5620.37887364831,6324.059,13579.770057717436,13123.950832,13134.372084
2026-02-09 00:45:00+01:00,7896.975131833998,6594.433932,5616.183522612036,6314.252,13513.158654446033,12908.685932,12919.148508
2026-02-09 01:00:00+01:00,7535.345200317218,6344.303656,5573.737553921985,6330.819,13109.082754239203,12675.122656,12685.69064
2026-02-09 01:15:00+01:00,7514.1216291123155,6199.653844,5575.764113661055,6279.135,13089.885742773371,12478.788844,12488.9731
2026-02-09 01:30:00+01:00,7499.301828052805,6125.710712,5579.256069688201,6232.311,13078.557897741006,12358.021712,12368.246652
2026-02-09 01:45:00+01:00,7478.72583410974,6019.41398,5582.1899496204605,6194.246,13060.915783730201,12213.65998,12223.951372
2026-02-09 02:00:00+01:00,7445.805809084016,5933.969868,4515.147099464731,6070.326,11960.952908548747,12004.295868,12014.193332
2026-02-09 02:15:00+01:00,7416.629456136267,5891.395912,4531.40159890889,5935.999,11948.031055045158,11827.394912,11837.138124
2026-02-09 02:30:00+01:00,7412.923163780516,5852.41972,4534.538170428662,5829.662,11947.461334209178,11682.08172,11691.974148
2026-02-09 02:45:00+01:00,7394.471318763647,5833.067352,4537.11950003498,5706.458,11931.590818798628,11539.525352,11549.17074
2026-02-09 03:00:00+01:00,7384.53147930718,5780.365952,4019.338235006135,5588.673,11403.869714313316,11369.038952,11378.812412
2026-02-09 03:15:00+01:00,7345.176992115889,5753.477704,4030.4679911289004,5469.935,11375.64498324479,11223.412704,11233.266124
2026-02-09 03:30:00+01:00,7329.782154080502,5717.110028,4031.7039687583383,5361.026,11361.48612283884,11078.136028,11088.003404
2026-02-09 03:45:00+01:00,7314.139956029651,5656.732612,4046.042119871791,5230.164,11360.182075901443,10886.896612,10896.67774
2026-02-09 04:00:00+01:00,5730.772804496148,5593.419152,3705.5554656197924,5103.599,9436.32827011594,10697.018152,10706.754908
2026-02-09 04:15:00+01:00,5712.143176291855,5552.409052,3719.1179157791616,5116.229,9431.261092071016,10668.638052,10678.294068
2026-02-09 04:30:00+01:00,5695.10260528891,5521.093748,3738.6457998720493,5092.979,9433.748405160959,10614.072748,10623.958932
2026-02-09 04:45:00+01:00,5688.135380051855,5483.69052,3748.5294283123003,5074.346,9436.664808364156,10558.03652,10568.039276
2026-02-09 05:00:00+01:00,5683.3693991846885,5415.997308,3694.4503202640144,4991.936,9377.819719448704,10407.933308,10417.624456
2026-02-09 05:15:00+01:00,5678.187408361877,5421.164104,3701.1905988758663,4882.37,9379.378007237743,10303.534104,10313.13386
2026-02-09 05:30:00+01:00,5674.820920987428,5373.829932,3720.6816191247685,4827.077,9395.502540112197,10200.906932,10210.522356
2026-02-09 05:45:00+01:00,5662.928859265189,5322.49596,3705.8756370571937,4819.201,9368.804496322384,10141.69696,10151.681668
2026-02-09 06:00:00+01:00,5517.612628423866,5373.122316,3548.9584497202545,4805.25,9066.571078144121,10178.372316,10188.444552
2026-02-09 06:15:00+01:00,5505.223905810179,5297.922388,3591.448144407143,4754.659,9096.672050217321,10052.581388,10065.535719999998
2026-02-09 06:30:00+01:00,5503.434602945656,5247.34658,3629.3138784628995,4723.981,9132.748481408555,9971.32758,9986.814916
2026-02-09 06:45:00+01:00,5480.983082036713,5222.119744,3646.149183569204,4750.802,9127.132265605916,9972.921744,9993.240332
2026-02-09 07:00:00+01:00,5957.241880135936,5228.370956,3592.6626971775836,4774.007,9549.90457731352,10002.377956,10022.630444
2026-02-09 07:15:00+01:00,5941.378692301023,5284.412896,3586.845055270137,4815.665,9528.223747571159,10100.077896,10129.839171999998
2026-02-09 07:30:00+01:00,5925.042735135614,5378.316824,3597.1784638202084,4917.776,9522.221198955822,10296.092824,10337.801248
2026-02-09 07:45:00+01:00,5921.673085064012,5450.98442,3606.7235875828355,4905.346,9528.396672646848,10356.330419999998,10501.819463999998
2026-02-09 08:00:00+01:00,6814.690249101763,5547.880648,3561.1409397793436,4889.558,10375.831188881106,10437.438648,10845.214304
2026-02-09 08:15:00+01:00,6790.641987107079,5613.004512,3566.3824808591557,4861.844,10357.024467966236,10474.848512,11329.387532
2026-02-09 08:30:00+01:00,6708.6353508303855,5625.459356,3573.27659765495,4767.198,10281.911948485336,10392.657356,11812.789964
2026-02-09 08:45:00+01:00,6633.037319647876,5596.219792,3554.005586687282,4672.328,10187.042906335158,10268.547792,12369.233520000002
2026-02-09 09:00:00+01:00,6606.021126126289,5488.920488,3452.879246394093,4562.815,10058.900372520382,10051.735487999998,12925.795735999998
2026-02-09 09:15:00+01:00,6525.628566032012,5421.700892,3458.0771028328427,4330.704,9983.705668864855,9752.404892,13494.845852
2026-02-09 09:30:00+01:00,6433.2758882978815,5387.146156,3450.0748486299103,4013.625,9883.350736927792,9400.771156,14051.244564
2026-02-09 09:45:00+01:00,6329.716773620029,5302.623188,3441.2002214762097,3850.636,9770.916995096239,9153.259188,14773.447636
2026-02-09 10:00:00+01:00,6033.685839454056,5217.061672,3308.107056439114,3738.317,9341.79289589317,8955.378671999999,15556.655631999998
2026-02-09 10:15:00+01:00,5900.393485526387,5175.996876,3304.830618378018,3516.016,9205.224103904406,8692.012876,16198.169608
2026-02-09 10:30:00+01:00,5764.844065379764,5190.620268,3294.280277375333,3405.786,9059.124342755098,8596.406267999999,16983.174128
2026-02-09 10:45:00+01:00,5628.842388526253,5128.56676,3265.6969425131506,3307.635,8894.539331039403,8436.20176,17666.675724
2026-02-09 11:00:00+01:00,4886.468077817914,5106.752708,2897.3857775662195,3087.316,7783.853855384134,8194.068707999999,18260.622452
2026-02-09 11:15:00+01:00,4757.570539294991,5081.621584,2883.5030951854073,3042.806,7641.073634480399,8124.427584000001,18890.710024
2026-02-09 11:30:00+01:00,4620.311835062078,5004.46186,2852.918417013051,2994.089,7473.230252075129,7998.55086,19328.641224
2026-02-09 11:45:00+01:00,4491.711840926164,4925.050208,2824.2292572306133,2934.808,7315.941098156777,7859.858208,19656.24856
2026-02-09 12:00:00+01:00,4497.202465943114,4771.518356,2738.570507079681,2827.164,7235.772973022795,7598.682355999999,19752.258144
2026-02-09 12:15:00+01:00,4417.918955919227,4667.349876,2719.220808885012,2723.588,7137.139764804239,7390.937876,19729.670044
2026-02-09 12:30:00+01:00,4357.69507503384,4601.9143,2696.437121374156,2599.349,7054.132196407996,7201.2633000000005,19699.313408
2026-02-09 12:45:00+01:00,4319.684229968179,4545.428868,2663.7759364844737,2505.168,6983.460166452653,7050.5968680000005,19490.650924
2026-02-09 13:00:00+01:00,4518.133979119726,4507.128808,2462.4758475181834,2474.429,6980.6098266379095,6981.5578080000005,19322.04886
2026-02-09 13:15:00+01:00,4471.27095525917,4413.127968,2457.060076767444,2448.595,6928.331032026614,6861.722968,18872.256412
2026-02-09 13:30:00+01:00,4421.09242464353,4345.837128,2449.1037106568797,2419.623,6870.19613530041,6765.460128000001,18393.405468
2026-02-09 13:45:00+01:00,4417.173079437148,4278.291608,2434.1954713523082,2386.415,6851.368550789456,6664.706608,17779.737792
2026-02-09 14:00:00+01:00,4478.718182175512,4246.557208,2271.464234262465,2413.799,6750.182416437978,6660.356208,17083.473524
2026-02-09 14:15:00+01:00,4493.771848894125,4307.929624,2261.1345808287565,2455.523,6754.9064297228815,6763.4526240000005,16404.4307
2026-02-09 14:30:00+01:00,4537.91856183446,4398.105136,2247.6455327902363,2543.014,6785.564094624697,6941.119136,15673.90454
2026-02-09 14:45:00+01:00,4588.801345881813,4536.467348,2248.507798760505,2710.89,6837.309144642319,7247.357348,15127.4206
2026-02-09 15:00:00+01:00,4349.020148844303,4721.132024,2376.6199663771877,2809.706,6725.64011522149,7530.838024,14399.635304
2026-02-09 15:15:00+01:00,4453.665871068706,4877.212164,2340.8698416702346,2896.938,6794.535712738941,7774.150164,13678.534504
2026-02-09 15:30:00+01:00,4539.704484906845,5019.05054,2366.09705908219,2879.193,6905.801543989035,7898.24354,12816.957508
2026-02-09 15:45:00+01:00,4688.272921854777,5169.211124,2368.233743653754,3012.427,7056.506665508532,8181.638124000001,12149.604248
2026-02-09 16:00:00+01:00,4739.093244344782,5476.60478,2688.9471834651877,3083.613,7428.0404278099695,8560.217779999999,11640.605884
2026-02-09 16:15:00+01:00,4947.25779618561,5802.978944,2690.443782980482,3162.095,7637.7015791660915,8965.073944,11215.744504
2026-02-09 16:30:00+01:00,5218.331344698008,6082.452736,2707.5740342352674,3248.498,7925.905378933276,9330.950736,10846.481356
2026-02-09 16:45:00+01:00,5422.451559267107,6453.8532,2714.384425350132,3289.038,8136.835984617239,9742.8912,10621.571536
2026-02-09 17:00:00+01:00,7577.5827708246,6898.040052,3081.9083031186383,3391.549,10659.491073943238,10289.589052,10705.21348
2026-02-09 17:15:00+01:00,7735.770888409647,7269.867276,3113.1372220177245,3542.88,10848.908110427372,10812.747276,10956.0601
2026-02-09 17:30:00+01:00,7883.504703984379,7620.356216,3146.3787919544707,3710.373,11029.88349593885,11330.729216,11400.577432
2026-02-09 17:45:00+01:00,8007.3446569479265,8071.127552,3155.7282769387634,3859.542,11163.07293388669,11930.669552,12013.88032
2026-02-09 18:00:00+01:00,8771.700297804713,8493.56874,3536.1590875115917,3972.027,12307.859385316304,12465.59574,12536.140148
2026-02-09 18:15:00+01:00,8834.384611467209,8912.69336,3542.547379950508,3972.869,12376.931991417718,12885.56236,12940.714548
2026-02-09 18:30:00+01:00,8884.934747524061,9203.860628,3541.680665357382,4196.139,12426.615412881443,13399.999628,13463.112784
2026-02-09 18:45:00+01:00,8941.402574907237,9365.29164,3548.5613483865404,4187.718,12489.963923293777,13553.00964,13595.57372
2026-02-09 19:00:00+01:00,9152.360015615002,9492.187188,3880.7799966019447,4143.552,13033.140012216947,13635.739188,13748.033476
2026-02-09 19:15:00+01:00,9169.233795697808,9520.181808,3901.4491126206335,4018.775,13070.682908318442,13538.956808,13581.423752
2026-02-09 19:30:00+01:00,9179.48864750628,9638.4261,3913.2078150510324,3922.852,13092.696462557313,13561.2781,13603.097272
2026-02-09 19:45:00+01:00,9174.285428335059,9701.330208,3910.961484438817,3749.475,13085.246912773877,13450.805208,13485.672776
2026-02-09 20:00:00+01:00,9766.681329163108,9797.445988,3561.324649282718,3567.387,13328.005978445826,13364.832988,13399.277248
2026-02-09 20:15:00+01:00,9774.961793640468,9826.567724,3558.9430043377174,3487.064,13333.904797978186,13313.631724,13359.577572
2026-02-09 20:30:00+01:00,9771.085015233813,9846.680828,3544.8155285318594,3490.746,13315.900543765672,13337.426828,13349.343688
2026-02-09 20:45:00+01:00,9758.592490402016,9902.1747,3527.1422865289182,3452.557,13285.734776930934,13354.7317,13365.349684
2026-02-09 21:00:00+01:00,8864.240174094584,9935.256816,3224.205694280311,3362.845,12088.445868374896,13298.101816,13309.405711999998
2026-02-09 21:15:00+01:00,8861.12313776779,9820.006156,3223.534549137485,3316.932,12084.657686905275,13136.938156,13147.780752
2026-02-09 21:30:00+01:00,8843.601544510377,9739.839656,3208.1564516467274,3284.863,12051.757996157105,13024.702656,13035.750012
2026-02-09 21:45:00+01:00,8766.280671535502,9708.955056,3184.2802938949444,3262.439,11950.560965430446,12971.394056,12982.383268
2026-02-09 22:00:00+01:00,7773.454759774607,9373.280632,3164.882084968501,3234.299,10938.336844743108,12607.579632,12618.898992
2026-02-09 22:15:00+01:00,7747.790437588767,9391.261684,3152.348016291989,3129.648,10900.138453880756,12520.909683999998,12531.799548
2026-02-09 22:30:00+01:00,7711.4326812664485,9489.758588,3142.2457237867843,3073.275,10853.678405053233,12563.033588,12573.865964
2026-02-09 22:45:00+01:00,7697.353079861818,9531.450132,3111.8090863242273,3018.158,10809.162166186044,12549.608132,12560.657464
2026-02-09 23:00:00+01:00,7691.917891176705,9466.623676,3091.823389767973,2957.609,10783.741280944678,12424.232676,12435.311556
2026-02-09 23:15:00+01:00,7659.856607233272,9393.000432,3093.639747814768,2831.055,10753.49635504804,12224.055432,12234.812776
2026-02-09 23:30:00+01:00,7622.201283156523,9413.810548,3060.421837227184,2713.127,10682.623120383707,12126.937548,12138.009796
2026-02-09 23:45:00+01:00,7609.8138288083455,9391.015952,3032.556457308712,2598.988,10642.370286117057,11990.003952,12000.934775999998
2026-02-10 00:00:00+01:00,8407.317326378425,9353.5548,3071.477149558454,2604.417,11478.794475936878,11957.9718,11969.144896
2026-02-10 00:15:00+01:00,8355.730523668088,9278.817724,3063.2812067520817,2560.268,11419.01173042017,11839.085724,11849.854524
2026-02-10 00:30:00+01:00,8310.042846250839,9172.241024,3048.664638096482,2473.537,11358.70748434732,11645.778024,11656.63326
2026-02-10 00:45:00+01:00,8250.380128227755,9086.96378,3043.2353405258614,2397.978,11293.615468753616,11484.94178,11495.977992000002
2026-02-10 01:00:00+01:00,8239.175368120224,9155.660352,2891.219783644644,2333.331,11130.395151764867,11488.991352,11499.855488
2026-02-10 01:15:00+01:00,8215.538095278738,9183.4155,2888.055938711648,2256.811,11103.594033990386,11440.2265,11451.152332
2026-02-10 01:30:00+01:00,8205.335678763018,9161.536172,2885.5564031804934,2226.964,11090.892081943512,11388.500172,11399.474116
2026-02-10 01:45:00+01:00,8186.4167066209775,9217.306356,2885.760578195205,2128.749,11072.177284816182,11346.055356,11356.90598
2026-02-10 02:00:00+01:00,8490.11873974101,9360.906668,3106.244671798712,2076.105,11596.363411539722,11437.011668,11447.796608
2026-02-10 02:15:00+01:00,8462.696862055675,9515.117616,3118.6232199044553,2016.51,11581.32008196013,11531.627616,11542.41268
2026-02-10 02:30:00+01:00,8461.508211471939,9582.637816,3118.4805331815364,2037.32,11579.988744653476,11619.957816,11631.093364
2026-02-10 02:45:00+01:00,8444.722696567234,9556.801076,3117.512318517076,2041.048,11562.23501508431,11597.849076,11608.8105
2026-02-10 03:00:00+01:00,8815.02464345774,9561.946564,2966.814464514997,2025.104,11781.839107972737,11587.050564,11597.714308
2026-02-10 03:15:00+01:00,8772.220384493707,9617.805368,2971.1712356421167,1979.447,11743.391620135822,11597.252368,11608.050256
2026-02-10 03:30:00+01:00,8758.484653482697,9746.869012,2967.7663559863186,1975.871,11726.251009469015,11722.740011999998,11733.787955999998
2026-02-10 03:45:00+01:00,8743.868102379134,9881.115352,2974.7657881618984,1897.357,11718.633890541032,11778.472352,11789.469808
2026-02-10 04:00:00+01:00,9300.19527970246,9997.80066,3120.6316813156604,1878.095,12420.826961018121,11875.89566,11886.710576
2026-02-10 04:15:00+01:00,9290.634131812103,10046.902756,3129.3014473617136,1856.573,12419.935579173816,11903.475756,11914.272432
2026-02-10 04:30:00+01:00,9289.767001210703,10152.572324,3145.3421765732264,1841.245,12435.109177783928,11993.817324,12004.849408
2026-02-10 04:45:00+01:00,9288.38832971506,10372.952556,3152.975330338986,1909.898,12441.363660054047,12282.850556,12293.576348
2026-02-10 05:00:00+01:00,9428.137941477047,10549.448828,3173.4538572387037,1970.892,12601.591798715752,12520.340828,12530.770896
2026-02-10 05:15:00+01:00,9432.434066799591,10726.264652,3175.971416996387,2086.353,12608.405483795977,12812.617652,12823.186236
2026-02-10 05:30:00+01:00,9434.559459285643,10836.103564,3191.857985173963,2186.876,12626.417444459606,13022.979564,13033.624876
2026-02-10 05:45:00+01:00,9426.326823035934,10905.532172,3178.696302043202,2232.088,12605.023125079137,13137.620172,13148.59782
2026-02-10 06:00:00+01:00,10190.159249302144,11270.36076,3350.982593485137,2300.609,13541.141842787281,13570.96976,13581.873172
2026-02-10 06:15:00+01:00,10191.070281343831,11415.588292,3392.0500156755766,2395.552,13583.120297019408,13811.140292,13822.615044
2026-02-10 06:30:00+01:00,10209.96226059829,11560.238524,3426.111931270985,2481.52,13636.074191869275,14041.758524,14056.599668
2026-02-10 06:45:00+01:00,10204.088707721852,11759.860432,3436.3430358621213,2591.875,13640.431743583973,14351.735432,14388.654656
2026-02-10 07:00:00+01:00,12046.927849559826,11838.349376,3567.8217624378462,2706.9,15614.749611997673,14545.249376,14567.023836
2026-02-10 07:15:00+01:00,12051.29114403022,12032.152476,3561.62846888995,2785.391,15612.91961292017,14817.543476,14834.74678
2026-02-10 07:30:00+01:00,12054.386834670317,12120.66914,3573.2053840777476,2840.295,15627.592218748065,14960.96414,15036.28612
2026-02-10 07:45:00+01:00,12068.798483481612,12385.83536,3579.7355930814924,2800.021,15648.534076563104,15185.85636,15542.549496
2026-02-10 08:00:00+01:00,12315.736976503164,12556.197924,3796.4660818541543,2916.904,16112.203058357318,15473.101924,16396.717152
2026-02-10 08:15:00+01:00,12316.139810141909,12449.64,3799.018864782347,3019.535,16115.158674924256,15469.175,17247.228796
2026-02-10 08:30:00+01:00,12247.382093049486,12398.795492,3760.1199484269027,3061.041,16007.50204147639,15459.836492,18257.133543999997
2026-02-10 08:45:00+01:00,12192.132736085792,12310.587748,3739.0467473196486,3052.975,15931.179483405442,15363.562748,19372.813296
2026-02-10 09:00:00+01:00,11874.604971750661,12195.985108,3552.1053012959387,2978.381,15426.7102730466,15174.366108,20474.381256
2026-02-10 09:15:00+01:00,11796.947137586472,12040.93064,3555.0829015478585,2911.861,15352.03003913433,14952.79164,21538.242392
2026-02-10 09:30:00+01:00,11729.931565393705,11788.448052,3546.5442476276403,2919.14,15276.475813021345,14707.588052,22623.758415999997
2026-02-10 09:45:00+01:00,11643.597726557779,11571.718936,3541.714584695219,2873.723,15185.312311252997,14445.441936,23854.741596
2026-02-10 10:00:00+01:00,11161.333952653365,11267.787888,3250.0139912208433,2807.754,14411.347943874209,14075.541888,24967.336272
2026-02-10 10:15:00+01:00,11048.621941597128,10843.693948,3247.954831810346,2719.45,14296.576773407474,13563.143948,25971.00436
2026-02-10 10:30:00+01:00,10936.834184803884,10590.053632,3239.1659146087068,2682.725,14176.000099412591,13272.778632,27042.417652
2026-02-10 10:45:00+01:00,10823.296066378323,10336.834764,3211.371874528808,2689.709,14034.667940907131,13026.543763999998,28065.050396
2026-02-10 11:00:00+01:00,9394.172270768373,10081.582724,3014.833265485767,2711.014,12409.005536254139,12792.596724,28951.960976
2026-02-10 11:15:00+01:00,9267.42426060132,9727.10808,3012.800298318647,2782.367,12280.224558919967,12509.47508,29765.84042
2026-02-10 11:30:00+01:00,9134.14309936365,9390.726148,3000.5080013387583,2878.772,12134.651100702407,12269.498148,30564.570204
2026-02-10 11:45:00+01:00,9016.494420698098,9079.59892,2975.660202431559,2952.91,11992.154623129656,12032.50892,31052.711788
2026-02-10 12:00:00+01:00,6471.742855067576,8904.533892,3029.6026659153285,2898.007,9501.345520982904,11802.540892,31296.929656
2026-02-10 12:15:00+01:00,6403.618524886155,8683.652748,3019.0404189018423,2872.148,9422.658943787997,11555.800748,31262.059088
2026-02-10 12:30:00+01:00,6353.028501584217,8673.206476,3000.7304441219694,2870.9,9353.758945706188,11544.106476,31361.082108
2026-02-10 12:45:00+01:00,6323.801106859285,8772.365368,2971.38081022348,2894.825,9295.181917082766,11667.190368,31267.116132
2026-02-10 13:00:00+01:00,5840.374532602895,8924.324248,3219.106146765242,2893.687,9059.480679368136,11818.011248,30824.756208
2026-02-10 13:15:00+01:00,5805.516485380824,9003.887616,3222.226649334523,2875.448,9027.743134715347,11879.335616,30138.657064
2026-02-10 13:30:00+01:00,5778.94499802125,9137.623864,3223.029990864263,2887.858,9001.974988885513,12025.481864,29629.082668000003
2026-02-10 13:45:00+01:00,5786.422990431668,9284.147872,3217.524236086108,2934.974,9003.947226517776,12219.121872,28747.490408
2026-02-10 14:00:00+01:00,5991.741184162037,9417.465304,3687.6305857425014,2995.79,9679.371769904537,12413.255303999998,27707.506664
2026-02-10 14:15:00+01:00,5997.231318165792,9622.244228,3677.9200642222554,3082.847,9675.151382388047,12705.091228,26753.403908
2026-02-10 14:30:00+01:00,6050.768647521831,9747.508432,3666.439155642467,3239.435,9717.207803164298,12986.943432,25686.356932
2026-02-10 14:45:00+01:00,6118.361742796722,9931.08672,3673.2307439130545,3461.224,9791.592486709776,13392.31072,24637.272756
2026-02-10 15:00:00+01:00,5410.951821588419,10168.457396,3935.392370892944,3663.708,9346.344192481363,13832.165396,23461.442244
2026-02-10 15:15:00+01:00,5520.622099942773,10449.721056,3911.924209033732,3783.142,9432.546308976505,14232.863056,22250.130228
2026-02-10 15:30:00+01:00,5613.688805557538,10674.900716,3939.58284896579,3905.02,9553.271654523329,14579.920716,21159.726948
2026-02-10 15:45:00+01:00,5770.374521386556,11024.538172,3947.8767270426515,3935.64,9718.251248429207,14960.178172,20200.369368
2026-02-10 16:00:00+01:00,8009.57768040015,11372.52014,4100.120180814506,3895.578,12109.697861214656,15268.09814,19213.494384
2026-02-10 16:15:00+01:00,8205.402107780545,12083.975996,4100.997055059693,3979.14,12306.399162840236,16063.115996,18792.95038
2026-02-10 16:30:00+01:00,8418.394832877699,12652.534216,4116.2256029403725,4072.488,12534.620435818071,16725.022216,18483.712016
2026-02-10 16:45:00+01:00,8615.104103397927,13139.609632,4130.472950898587,4193.861,12745.577054296515,17333.470632,18286.282176
2026-02-10 17:00:00+01:00,10024.244589311438,13706.005128,4149.315060674022,4392.197,14173.55964998546,18098.202128,18449.883192
2026-02-10 17:15:00+01:00,10186.2649592465,14340.44536,4217.793021319443,4515.904,14404.057980565944,18856.34936,18953.52858
2026-02-10 17:30:00+01:00,10314.721712983579,15051.621412,4242.747021867586,4567.414,14557.468734851165,19619.035412,19713.386032
2026-02-10 17:45:00+01:00,10440.096347024646,15862.705044,4260.292025975032,4497.52,14700.388372999678,20360.225044,20461.438296
2026-02-10 18:00:00+01:00,14663.773282533473,16591.65664,4324.633117290793,4452.911,18988.406399824267,21044.56764,21153.686184
2026-02-10 18:15:00+01:00,14729.955947614271,17117.534904,4330.02774096805,4509.035,19059.98368858232,21626.569904,21682.6709
2026-02-10 18:30:00+01:00,14790.804567672169,17455.988084,4328.496370808617,4530.156,19119.300938480785,21986.144084,22012.542256
2026-02-10 18:45:00+01:00,14855.493482965101,17617.797688,4335.710068707927,4373.631,19191.20355167303,21991.428688,22012.674076
2026-02-10 19:00:00+01:00,14179.847803801616,17646.89628,4461.043254601571,4247.941,18640.891058403187,21894.83728,21956.160992
2026-02-10 19:15:00+01:00,14201.79634256283,17485.301348,4483.627149698618,4227.361,18685.42349226145,21712.662348,21768.819392
2026-02-10 19:30:00+01:00,14221.027399189888,17299.53876,4496.027563743003,4291.335,18717.054962932893,21590.87376,21623.782528
2026-02-10 19:45:00+01:00,14210.048679250107,17228.525012,4497.058379331526,4242.146,18707.107058581634,21470.671012,21502.535632
2026-02-10 20:00:00+01:00,15460.67766947581,17347.523584,4492.2387930438135,4077.8,19952.916462519624,21425.323584,21453.940971999997
2026-02-10 20:15:00+01:00,15460.843811931683,17472.922392,4488.852503335066,3947.286,19949.69631526675,21420.208392,21452.916196
2026-02-10 20:30:00+01:00,15460.594537747998,17482.502108,4473.348681644331,3891.41,19933.943219392328,21373.912108,21389.839584
2026-02-10 20:45:00+01:00,15454.10800349245,17435.852232,4456.10379509555,3792.423,19910.211798588,21228.275232,21239.761452
2026-02-10 21:00:00+01:00,15257.059275260486,17282.414372,4483.409789876981,3684.416,19740.46906513747,20966.830372,20990.934584
2026-02-10 21:15:00+01:00,15256.490262343865,17087.681444,4483.164652467623,3497.307,19739.654914811486,20584.988444,20601.363024
2026-02-10 21:30:00+01:00,15239.443337131253,17039.415372,4469.885106618933,3427.578,19709.328443750186,20466.993372,20478.406628
2026-02-10 21:45:00+01:00,15214.455352495517,17134.785408,4438.884718954157,3369.834,19653.340071449675,20504.619408,20515.605576
2026-02-10 22:00:00+01:00,14216.515886101457,16763.496732,4438.393637634031,3402.331,18654.90952373549,20165.827732,20184.545892
2026-02-10 22:15:00+01:00,14194.652580770631,16660.544348,4428.0475479941,3458.46,18622.70012876473,20119.004348,20129.756532
2026-02-10 22:30:00+01:00,14160.09099259924,16451.028772,4420.69128374623,3397.493,18580.782276345468,19848.521772,19859.047084
2026-02-10 22:45:00+01:00,14145.33725577716,16378.785168,4386.157925169734,3380.005,18531.495180946895,19758.790168,19769.236752
2026-02-10 23:00:00+01:00,15179.750988429394,16203.7152,4296.194059765355,3385.417,19475.94504819475,19589.1322,19599.492228
2026-02-10 23:15:00+01:00,15144.587649239613,15906.460784,4296.05219729747,3358.114,19440.639846537084,19264.574784,19274.929584
2026-02-10 23:30:00+01:00,15106.332500500392,15762.500548,4255.514593239219,3356.84,19361.847093739612,19119.340548,19129.75464
2026-02-10 23:45:00+01:00,15089.809813542695,15677.630612,4226.482694419739,3377.383,19316.292507962433,19055.013612,19065.649988
2026-02-11 00:00:00+01:00,15237.579772406396,15524.358868,4100.761623310303,3338.533,19338.3413957167,18862.891868,18873.8037
2026-02-11 00:15:00+01:00,15191.532243892527,15169.57898,4093.336600238792,3342.294,19284.86884413132,18511.87298,18522.70002
2026-02-11 00:30:00+01:00,15149.00308423663,14906.844664,4077.5796637332724,3342.496,19226.582747969904,18249.340664,18260.234228
2026-02-11 00:45:00+01:00,15092.09729176876,14716.429396,4070.6222353375406,3306.449,19162.7195271063,18022.878396,18033.581144
2026-02-11 01:00:00+01:00,13850.669946074288,14544.23308,3933.921811750544,3215.26,17784.59175782483,17759.49308,17770.11996
2026-02-11 01:15:00+01:00,13828.334597324181,14511.431568,3929.9424526632897,3151.589,17758.27704998747,17663.020568,17673.537532
2026-02-11 01:30:00+01:00,13816.198822056447,14412.90172,3927.037283999323,3139.136,17743.23610605577,17552.03772,17562.455992
2026-02-11 01:45:00+01:00,13805.028391098804,14254.842532,3924.0343809330266,3062.321,17729.06277203183,17317.163532,17327.534848
2026-02-11 02:00:00+01:00,12719.567293895521,14065.983892,4297.661248654677,3092.161,17017.228542550198,17158.144892,17168.533344
2026-02-11 02:15:00+01:00,12694.577849602563,13919.9429,4307.864413138226,3222.877,17002.44226274079,17142.8199,17153.339876
2026-02-11 02:30:00+01:00,12695.799194306548,13841.259984,4308.898129183591,3308.666,17004.697323490138,17149.925984,17160.643920000002
2026-02-11 02:45:00+01:00,12682.360553818791,13811.038184,4308.3324932639625,3380.427,16990.693047082754,17191.465184,17202.064124
2026-02-11 03:00:00+01:00,11716.151770183482,13935.76902,4636.646326277123,3506.977,16352.798096460605,17442.74602,17453.043491999997
2026-02-11 03:15:00+01:00,11677.609008172858,14107.820724,4640.235678359566,3557.287,16317.844686532424,17665.107723999998,17675.494691999997
2026-02-11 03:30:00+01:00,11670.52252410673,14194.513728,4636.7253734674305,3609.455,16307.24789757416,17803.968728,17813.963204
2026-02-11 03:45:00+01:00,11660.734799031698,14251.820492,4640.288108229922,3724.208,16301.02290726162,17976.028492,17985.93824
2026-02-11 04:00:00+01:00,11823.846713885949,14129.506596,4795.960095791008,3777.59,16619.806809676957,17907.096596,17916.774432
2026-02-11 04:15:00+01:00,11816.357575490441,14021.13474,4803.672615845231,3834.774,16620.030191335674,17855.90874,17865.726324
2026-02-11 04:30:00+01:00,11819.336837484636,14011.68876,4818.134121007021,3908.412,16637.470958491656,17920.100759999998,17929.930351999996
2026-02-11 04:45:00+01:00,11825.713931206768,14040.556668,4826.702129500705,4022.126,16652.416060707474,18062.682668,18072.322704
2026-02-11 05:00:00+01:00,11619.123433861057,14074.250112,4756.426011623323,4182.851,16375.54944548438,18257.101112,18266.57476
2026-02-11 05:15:00+01:00,11628.563904727656,14030.158388,4761.935419734268,4258.73,16390.499324461925,18288.888388,18298.34268
2026-02-11 05:30:00+01:00,11634.595101128521,14009.944628,4778.507381803256,4288.63,16413.102482931776,18298.574628,18307.940492
2026-02-11 05:45:00+01:00,11627.799018052163,13984.125672,4765.949529031039,4318.12,16393.748547083203,18302.245672,18311.86104
2026-02-11 06:00:00+01:00,11309.850121000198,14147.291268,4912.527698351786,4390.796,16222.377819351983,18538.087268000003,18547.773720000005
2026-02-11 06:15:00+01:00,11312.729501679452,14179.801612,4952.661601841446,4499.748,16265.391103520898,18679.549612,18689.90422
2026-02-11 06:30:00+01:00,11334.729120630807,14131.851176,4985.895179312466,4561.85,16320.624299943272,18693.701176,18705.056108
2026-02-11 06:45:00+01:00,11334.267342919657,14222.123508,4996.0880273767225,4546.375,16330.35537029638,18768.498508,18785.886484
2026-02-11 07:00:00+01:00,11108.005231551835,14339.030404,5094.085093206342,4520.709,16202.090324758177,18859.739404,18872.17164
2026-02-11 07:15:00+01:00,11114.705306824204,14322.940344,5089.100261450843,4470.858,16203.805568275047,18793.798344000003,18811.515560000003
2026-02-11 07:30:00+01:00,11117.063061861272,14429.307752,5100.67465952072,4510.999,16217.737721381993,18940.306752,18980.014144
2026-02-11 07:45:00+01:00,11133.619163761232,14420.469332,5103.834847620269,4501.336,16237.454011381502,18921.805332,19137.883328
2026-02-11 08:00:00+01:00,12299.68316568576,14408.769612,4975.965983226308,4457.089,17275.649148912067,18865.858612,19507.25418
2026-02-11 08:15:00+01:00,12292.294198047308,14318.575444,4979.365059471202,4422.129,17271.65925751851,18740.704444,19923.888836
2026-02-11 08:30:00+01:00,12186.76569698943,14106.5588,4990.4903094871715,4462.077,17177.2560064766,18568.6358,20410.382964
2026-02-11 08:45:00+01:00,12126.908606467507,14079.503452,4965.920764952489,4474.004,17092.829371419997,18553.507452,21193.541128
2026-02-11 09:00:00+01:00,12901.14772239265,14017.509988,4843.124529009078,4444.782,17744.27225140173,18462.291988,21969.223608
2026-02-11 09:15:00+01:00,12836.780219343209,13914.133676,4837.8359180172665,4432.806,17674.616137360477,18346.939676,22692.580243999997
2026-02-11 09:30:00+01:00,12774.508229703595,13935.163392,4814.10248341912,4449.224,17588.610713122715,18384.387392,23683.520628
2026-02-11 09:45:00+01:00,12688.317399370819,13857.038744,4796.7750862392995,4511.815,17485.09248561012,18368.853744,24678.991316
2026-02-11 10:00:00+01:00,14552.172137266603,13760.517676,4919.381571941431,4575.675,19471.553709208034,18336.192676,25503.410976
2026-02-11 10:15:00+01:00,14448.01983154764,13660.334628,4907.469351174798,4606.693,19355.48918272244,18267.027628,26322.624184
2026-02-11 10:30:00+01:00,14342.93513151039,13427.874608,4893.323588883565,4680.503,19236.258720393955,18108.377608,26806.066983999997
2026-02-11 10:45:00+01:00,14236.019056765588,13185.29432,4860.467019531381,4694.745,19096.48607629697,17880.03932,27164.209508
2026-02-11 11:00:00+01:00,13496.030700851064,12998.51734,4824.60783980576,4598.284,18320.638540656822,17596.801339999998,27479.228755999997
2026-02-11 11:15:00+01:00,13376.675480999527,12880.50498,4818.756051347736,4590.969,18195.431532347262,17471.47398,27772.852487999997
2026-02-11 11:30:00+01:00,13250.715420077951,12757.854072,4801.234143168866,4578.423,18051.949563246817,17336.277072,27693.530208
2026-02-11 11:45:00+01:00,13137.94498467621,12811.212612,4770.517933009056,4574.034,17908.46291768527,17385.246612,27881.914284
2026-02-11 12:00:00+01:00,15861.659619856213,12831.640364,4746.303458406405,4529.006,20607.96307826262,17360.646364,27895.321172
2026-02-11 12:15:00+01:00,15795.211609149857,12931.305316,4729.187264422699,4404.336,20524.398873572558,17335.641316,27566.64726
2026-02-11 12:30:00+01:00,15750.333616494381,13089.289084,4705.8546780823535,4249.473,20456.188294576736,17338.762084,27158.95428
2026-02-11 12:45:00+01:00,15726.946959086365,13187.445204,4675.177939475828,4163.278,20402.124898562193,17350.723204,26962.124984
2026-02-11 13:00:00+01:00,15359.347216352238,13126.27894,4565.434966144783,3904.943,19924.782182497023,17031.22194,26108.099027999997
2026-02-11 13:15:00+01:00,15327.767152526807,13294.775024,4564.314462233451,3870.318,19892.08161476026,17165.093024,25729.97822
2026-02-11 13:30:00+01:00,15295.146587994013,13293.581236,4564.081415600967,3829.017,19859.22800359498,17122.598235999998,25146.70038
2026-02-11 13:45:00+01:00,15304.81842061286,13480.98212,4558.126249908355,3858.277,19862.944670521218,17339.259120000002,24788.488636
2026-02-11 14:00:00+01:00,15215.308825976723,13630.435392,4549.94519566086,3871.454,19765.254021637582,17501.889392,24343.743216000003
2026-02-11 14:15:00+01:00,15241.214547720843,13600.713856,4540.2767770290175,3911.77,19781.491324749863,17512.483856,23773.448408
2026-02-11 14:30:00+01:00,15297.160650609687,13636.363112,4528.5955152285005,3925.297,19825.75616583819,17561.660111999998,23202.850484
2026-02-11 14:45:00+01:00,15367.837193014027,13785.768364,4548.226317621669,4014.434,19916.063510635697,17800.202364,22847.669188
2026-02-11 15:00:00+01:00,16099.220251503564,13912.483584,4530.425082043063,4184.696,20629.64533354663,18097.179584,22609.321171999996
2026-02-11 15:15:00+01:00,16204.370406225242,14125.139136,4509.338103578404,4218.827,20713.708509803648,18343.966136,22265.754984
2026-02-11 15:30:00+01:00,16302.170496129536,14205.254584,4534.071551443985,4197.806,20836.24204757352,18403.060584,21712.305664
2026-02-11 15:45:00+01:00,16435.535054763932,14317.328456,4544.083719121526,4271.732,20979.618773885457,18589.060456,21373.606072
2026-02-11 16:00:00+01:00,18223.844480548723,14510.47574,4676.131538192528,4338.231,22899.97601874125,18848.70674,21103.049812
2026-02-11 16:15:00+01:00,18406.615852984647,14587.1157,4685.9132622137395,4437.098,23092.529115198387,19024.2137,20693.84926
2026-02-11 16:30:00+01:00,18667.519309855947,14813.237852,4699.584980515968,4574.959,23367.104290371914,19388.196852,20519.37306
2026-02-11 16:45:00+01:00,18860.338028765455,15172.868356,4712.824675011913,4664.221,23573.16270377737,19837.089356,20498.62736
2026-02-11 17:00:00+01:00,21755.852531668068,15552.764152,4932.869092753613,4791.433,26688.72162442168,20344.197152,20655.611668
2026-02-11 17:15:00+01:00,21917.36253786715,15900.149948,4967.315433558269,4868.181,26884.67797142542,20768.330948,20892.203172
2026-02-11 17:30:00+01:00,22024.957781813446,16139.7339,5008.900234448965,5005.301,27033.858016262413,21145.0349,21219.833715999997
2026-02-11 17:45:00+01:00,22153.73346503092,16394.82972,5016.833580922193,5075.182,27170.567045953114,21470.01172,21530.159792
2026-02-11 18:00:00+01:00,22611.281152609958,16554.74226,5201.819467155325,5253.415,27813.100619765282,21808.15726,21838.424888
2026-02-11 18:15:00+01:00,22687.9351076984,16805.90158,5213.01305590345,5462.783,27900.948163601846,22268.68458,22293.886944
2026-02-11 18:30:00+01:00,22757.70398951915,17011.486704,5216.356550888026,5633.186,27974.060540407176,22644.672703999997,22662.834524
2026-02-11 18:45:00+01:00,22827.970106326484,17381.031256,5222.069448625824,5754.934,28050.03955495231,23135.965256,23152.017336
2026-02-11 19:00:00+01:00,23004.630532803047,17614.165116,5266.450777224688,5924.315,28271.081310027734,23538.480116,23555.29132
2026-02-11 19:15:00+01:00,23024.83056088486,17971.820912,5284.316792557405,5981.731,28309.147353442266,23953.551912,23967.327672
2026-02-11 19:30:00+01:00,23039.50802682733,18268.016812,5293.422334558609,6041.374,28332.930361385937,24309.390812,24321.916024
2026-02-11 19:45:00+01:00,23022.682477216826,18414.735716,5289.930035275363,6131.323,28312.61251249219,24546.058716,24557.7977
2026-02-11 20:00:00+01:00,23794.002719777163,18524.809176,5282.134207195026,6239.387,29076.13692697219,24764.196176,24775.383388
2026-02-11 20:15:00+01:00,23790.06852518923,18777.28816,5277.978773763674,6342.958,29068.0472989529,25120.24616,25130.949844
2026-02-11 20:30:00+01:00,23777.360341198964,19033.472096,5262.959609744913,6399.122,29040.31995094388,25432.594096,25443.15088
2026-02-11 20:45:00+01:00,23761.5710041902,19233.912652,5245.216846201497,6462.276,29006.787850391695,25696.188651999997,25706.597496
2026-02-11 21:00:00+01:00,23339.837008271832,19196.529128,5348.158836743344,6476.586,28687.995845015175,25673.115128,25683.996163999996
2026-02-11 21:15:00+01:00,23324.23559793129,19222.81,5348.120332192478,6560.445,28672.355930123766,25783.255,25793.204552
2026-02-11 21:30:00+01:00,23295.15426069836,19393.832784,5334.52627203874,6711.56,28629.6805327371,26105.392784,26115.584328
2026-02-11 21:45:00+01:00,23248.031820770448,19426.113952,5312.668854796608,6798.064,28560.700675567055,26224.177952,26235.983132
2026-02-11 22:00:00+01:00,22052.429933448675,18771.551672,5705.7704845151075,6850.928,27758.20041796378,25622.479672,25633.7963
2026-02-11 22:15:00+01:00,22017.33273574814,18684.834952,5691.182536006154,6884.205,27708.515271754295,25569.039952,25579.161756
2026-02-11 22:30:00+01:00,21978.823941389088,18580.92578,5683.238227330739,6890.472,27662.06216871983,25471.39778,25481.152844
2026-02-11 22:45:00+01:00,21952.20743729613,18397.427572,5657.640299174911,6966.019,27609.84773647104,25363.446572,25373.370572
2026-02-11 23:00:00+01:00,17776.00461541574,18072.091168,6416.158504276449,7061.589,24192.163119692188,25133.680168,25143.559267999997
2026-02-11 23:15:00+01:00,17734.494842352262,17909.876276,6413.6326949360255,7144.393,24148.12753728829,25054.269276,25064.61622
2026-02-11 23:30:00+01:00,17693.933975132793,17757.845816,6382.678017435235,7125.291,24076.61199256803,24883.136816,24896.568864
2026-02-11 23:45:00+01:00,17673.44368443021,17743.489596,6352.559521737842,7159.288,24026.003206168054,24902.777596,24913.519196
2026-02-12 00:00:00+01:00,14808.662611239093,17474.011284,6490.388204380996,7203.086,21299.05081562009,24677.097284,24687.499616
2026-02-12 00:15:00+01:00,14756.40752675492,17213.59512,6484.316984217818,7207.41,21240.724510972737,24421.00512,24431.85018
2026-02-12 00:30:00+01:00,14710.560694155534,17042.810692,6469.337403352084,7238.433,21179.89809750762,24281.243692,24291.608364
2026-02-12 00:45:00+01:00,14651.859401083504,16870.202852,6461.799211320187,7282.384,21113.65861240369,24152.586852,24163.000588
2026-02-12 01:00:00+01:00,13329.694262525843,16833.925036,6648.907897551332,7302.546,19978.602160077175,24136.471036000003,24146.844304
2026-02-12 01:15:00+01:00,13300.445777340175,16833.846116,6643.202327354443,7301.402,19943.648104694617,24135.248116,24145.74242
2026-02-12 01:30:00+01:00,13279.777026651213,16766.365364,6639.933115616681,7309.959,19919.710142267893,24076.324364,24086.8272
2026-02-12 01:45:00+01:00,13257.991944420839,16864.17488,6635.44089388702,7334.962,19893.43283830786,24199.13688,24209.574355999997
2026-02-12 02:00:00+01:00,14037.74441710555,16863.661788,6584.738645052247,7333.529,20622.483062157797,24197.190788,24207.089332
2026-02-12 02:15:00+01:00,14008.526971847456,16830.69114,6598.12483780591,7294.589,20606.651809653365,24125.28014,24135.163864
2026-02-12 02:30:00+01:00,14000.465083101739,16880.07228,6602.311802471364,7309.098,20602.776885573105,24189.17028,24199.251075999997
2026-02-12 02:45:00+01:00,13982.844171491826,16953.891352,6604.000713871715,7329.766,20586.844885363542,24283.657352,24293.965832
2026-02-12 03:00:00+01:00,14395.931667695979,17073.583408,6647.967115188397,7284.304,21043.898782884375,24357.887408,24368.014904
2026-02-12 03:15:00+01:00,14358.675850545933,17204.5382,6653.517337404634,7271.828,21012.19318795057,24476.3662,24486.533112
2026-02-12 03:30:00+01:00,14346.899351634922,17504.840552,6654.346042669854,7227.337,21001.245394304777,24732.177552,24742.377136000003
2026-02-12 03:45:00+01:00,14333.975090293641,17627.729152,6662.171722596185,7222.991,20996.146812889827,24850.720152,24861.124336
2026-02-12 04:00:00+01:00,16691.844567954187,17768.79348,6663.393865130095,7179.274,23355.238433084283,24948.06748,24958.473108
2026-02-12 04:15:00+01:00,16682.864993565014,17904.600892,6672.9036737228635,7160.204,23355.768667287877,25064.804892,25075.366012
2026-02-12 04:30:00+01:00,16681.53689976578,17877.602352,6689.902241821254,7179.438,23371.439141587034,25057.040352000004,25067.773152000005
2026-02-12 04:45:00+01:00,16683.33917046047,17903.514684,6703.655876414695,7239.641,23386.995046875163,25143.155684,25153.740156
2026-02-12 05:00:00+01:00,16881.612942162792,17945.322184,6901.132036293392,7254.179,23782.744978456183,25199.501184,25209.652544
2026-02-12 05:15:00+01:00,16879.163782588286,18050.165804,6907.446600714044,7230.609,23786.61038330233,25280.774804,25291.044292
2026-02-12 05:30:00+01:00,16880.62113492523,18293.718664,6925.771271796197,7204.354,23806.392406721425,25498.072664,25508.0182
2026-02-12 05:45:00+01:00,16878.112546297423,18432.859232,6914.710711004737,7138.024,23792.82325730216,25570.883232,25581.15858
2026-02-12 06:00:00+01:00,16211.642493865882,19182.62946,6908.499651840737,7085.298,23120.142145706617,26267.92746,26278.198584
2026-02-12 06:15:00+01:00,16213.707269045204,19107.249412,6949.445590954526,7063.333,23163.15285999973,26170.582412,26181.224212
2026-02-12 06:30:00+01:00,16230.174058790684,19125.760952,6982.946780580759,6862.279,23213.120839371444,25988.039952,26001.886528
2026-02-12 06:45:00+01:00,16236.34208107076,19065.10516,7000.2318532807485,6829.412,23236.57393435151,25894.51716,25905.934068
2026-02-12 07:00:00+01:00,13427.682411099166,19156.272876,6894.465295869866,6438.856,20322.14770696903,25595.128876,25606.956555999997
2026-02-12 07:15:00+01:00,13443.982219421958,19272.849972,6890.356786997692,6420.731,20334.33900641965,25693.580972,25708.231648
2026-02-12 07:30:00+01:00,13457.67970828006,19396.192012,6903.034748567359,6421.41,20360.714456847418,25817.602012,25864.5446
2026-02-12 07:45:00+01:00,13478.798254725065,19437.62828,6907.993403840089,6376.098,20386.791658565155,25813.726280000003,26106.335956000003
2026-02-12 08:00:00+01:00,12102.624008645302,19288.171108,6592.054359434484,6772.808,18694.678368079785,26060.979108,26856.765456
2026-02-12 08:15:00+01:00,12098.054911980913,18854.233112,6592.69564111077,6987.115,18690.750553091682,25841.348112,27310.993268
2026-02-12 08:30:00+01:00,11954.327322181154,18510.260856,6604.686458300361,6975.895,18559.013780481517,25486.155856,27836.310336
2026-02-12 08:45:00+01:00,11898.034564239508,18302.92964,6580.863690474357,6953.212,18478.898254713866,25256.14164,28540.25654
2026-02-12 09:00:00+01:00,9837.889822269006,18079.910516,6155.645872151677,6927.808,15993.535694420683,25007.718516,29288.465048
2026-02-12 09:15:00+01:00,9771.34043983956,18034.666324,6153.282892157928,6877.28,15924.623331997487,24911.946324,30124.502204
2026-02-12 09:30:00+01:00,9707.936772736566,18123.614976,6132.966323466525,6840.986,15840.903096203092,24964.600976,31159.6654
2026-02-12 09:45:00+01:00,9625.04692081201,18072.410404,6115.825602707566,6819.525,15740.872523519576,24891.935403999996,31969.152103999997
2026-02-12 10:00:00+01:00,8285.259191004496,17944.806752,5930.072615657098,6803.765,14215.331806661594,24748.571752,32568.023604
2026-02-12 10:15:00+01:00,8175.063225895782,17891.873228,5916.640134516837,6825.834,14091.703360412619,24717.707228,33182.972268
2026-02-12 10:30:00+01:00,8063.649424663219,17761.224832,5903.451514015747,6847.488,13967.100938678966,24608.712832,33649.845760000004
2026-02-12 10:45:00+01:00,7954.299598880699,17565.268496,5867.841092991864,6810.119,13822.140691872562,24375.387496,33721.544668
2026-02-12 11:00:00+01:00,8207.010057864396,17462.628244,5448.213491922837,6774.713,13655.223549787233,24237.341244,33832.810452
2026-02-12 11:15:00+01:00,8087.414577822031,17500.880552,5439.301384471207,6728.655,13526.715962293238,24229.535552,34004.637919999994
2026-02-12 11:30:00+01:00,7962.699782959645,17381.246052,5422.262219354062,6703.28,13384.962002313707,24084.526051999997,33902.908144
2026-02-12 11:45:00+01:00,7845.69811612756,17508.635464,5397.993324787002,6703.008,13243.691440914561,24211.643464,33919.426183999996
2026-02-12 12:00:00+01:00,8026.239678737696,17773.255824,5446.956406195219,6716.087,13473.196084932915,24489.342824,34249.70814
2026-02-12 12:15:00+01:00,7964.290812330769,18346.631208,5422.1456959003235,6718.377,13386.436508231092,25065.008208,34643.625728
2026-02-12 12:30:00+01:00,7930.427764319913,18690.355516,5396.917726119662,6671.111,13327.345490439575,25361.466516,34758.94876
2026-02-12 12:45:00+01:00,7918.208486246195,19020.469156,5363.199330056347,6672.256,13281.407816302542,25692.725156,34758.900208
2026-02-12 13:00:00+01:00,8396.12958174388,19127.697244,5065.4811581337535,6735.147,13461.610739877633,25862.844244,34456.951052000004
2026-02-12 13:15:00+01:00,8374.57101592363,19279.77494,5063.22009478496,6730.166,13437.79111070859,26009.94094,34101.244912
2026-02-12 13:30:00+01:00,8354.09971167138,19372.3631,5065.218459141342,6718.794,13419.318170812723,26091.157099999997,33599.299684
2026-02-12 13:45:00+01:00,8368.113532512043,19619.778792,5058.649726918849,6637.233,13426.763259430893,26257.011792,33299.796496
2026-02-12 14:00:00+01:00,8184.195610639788,19971.40014,4969.856023856451,6546.317,13154.05163449624,26517.71714,33164.102736
2026-02-12 14:15:00+01:00,8217.943522164036,20148.428824,4958.579749079083,6564.106,13176.523271243119,26712.534824,32975.810584
2026-02-12 14:30:00+01:00,8275.444418389463,20403.49884,4948.794053299213,6681.632,13224.238471688677,27085.13084,32921.336628
2026-02-12 14:45:00+01:00,8340.520172174587,20674.884832,4965.655045791974,6743.401,13306.17521796656,27418.285832,32707.885708
2026-02-12 15:00:00+01:00,8603.200923050026,20635.867468,4670.50310779013,6816.898,13273.704030840156,27452.765468,32189.343704000003
2026-02-12 15:15:00+01:00,8720.272278743632,20640.811644,4661.821539185604,6912.181,13382.093817929235,27552.992644,31592.689384
2026-02-12 15:30:00+01:00,8894.940635011822,20749.4166,4691.7487117663595,6937.667,13586.689346778181,27687.0836,31124.350888
2026-02-12 15:45:00+01:00,9035.314053896349,20814.796936,4705.89622138933,7125.221,13741.210275285679,27940.017935999997,30879.012987999995
2026-02-12 16:00:00+01:00,8976.95658214272,20962.677592,4623.596102467957,7343.716,13600.552684610677,28306.393592,30675.921292
2026-02-12 16:15:00+01:00,9186.49910227239,21121.688132,4623.194353923353,7529.024,13809.693456195742,28650.712132,30451.399376
2026-02-12 16:30:00+01:00,9547.291274389894,21362.564128,4664.5757098176155,7604.788,14211.86698420751,28967.352128,30295.221924
2026-02-12 16:45:00+01:00,9747.821463039683,21404.99354,4675.32646889996,7653.907,14423.147931939642,29058.90054,29872.325744
2026-02-12 17:00:00+01:00,10613.59864542748,21405.46682,4895.765845833433,7577.094,15509.364491260912,28982.56082,29372.369276
2026-02-12 17:15:00+01:00,10778.810738158209,21635.957352,4957.377033190329,7883.849,15736.187771348537,29519.806352,29653.781904
2026-02-12 17:30:00+01:00,10886.728717346034,21660.428844,4981.969540991359,7962.967,15868.698258337394,29623.395844,29663.395024
2026-02-12 17:45:00+01:00,11021.792351486703,21548.148068,4988.786979319485,7983.801,16010.579330806187,29531.949068,29556.365567999997
2026-02-12 18:00:00+01:00,13724.098011750852,21803.843964,5084.7166009118755,7989.855,18808.814612662725,29793.698964,29819.433668
2026-02-12 18:15:00+01:00,13810.38077565731,22040.375216,5091.873678849888,7995.162,18902.254454507198,30035.537216,30102.709304
2026-02-12 18:30:00+01:00,13885.790810076334,22389.677064,5093.853295726107,8027.845,18979.644105802443,30417.522064,30435.805352
2026-02-12 18:45:00+01:00,13953.385931680692,22538.51448,5093.773933521917,8019.545,19047.159865202608,30558.059480000004,30573.241740000005
2026-02-12 19:00:00+01:00,14481.717532744917,22963.336668,5157.051020847835,8012.249,19638.768553592752,30975.585668,30999.9639
2026-02-12 19:15:00+01:00,14496.047980404963,23289.519404,5174.0372597082505,8022.01,19670.085240113214,31311.529404,31325.77336
2026-02-12 19:30:00+01:00,14504.17950915969,23477.495912,5181.311462994206,8056.946,19685.490972153897,31534.441912,31546.634848
2026-02-12 19:45:00+01:00,14483.838237255692,23609.828148,5173.896924873504,8091.267,19657.735162129196,31701.095148,31712.824204
2026-02-12 20:00:00+01:00,15810.286359245054,23749.543888,5119.544440449389,8143.471,20929.830799694442,31893.014888,31906.569688
2026-02-12 20:15:00+01:00,15802.24168724391,23673.440176,5115.613725674212,8169.439,20917.85541291812,31842.879176,31853.293372000004
2026-02-12 20:30:00+01:00,15790.135295359565,23795.17346,5100.288477455628,8171.313,20890.423772815193,31966.48646,31976.963172
2026-02-12 20:45:00+01:00,15767.096196564044,23779.831784,5080.659120898879,8187.498,20847.75531746292,31967.329784,31977.839076
2026-02-12 21:00:00+01:00,16008.130710501613,23803.25576,5110.158733566179,8189.998,21118.289444067792,31993.25376,32003.378052
2026-02-12 21:15:00+01:00,15970.993293910487,24012.340036,5106.428087840686,8211.454,21077.421381751174,32223.794036,32233.574896
2026-02-12 21:30:00+01:00,15935.163264441075,24094.888664,5092.662018133771,8240.483,21027.825282574846,32335.371664,32345.229812
2026-02-12 21:45:00+01:00,15852.537518586127,24180.290848,5075.367809596853,8248.77,20927.90532818298,32429.060848,32438.864956
2026-02-12 22:00:00+01:00,18696.296166715587,23467.869212,5200.743994955279,8219.614,23897.040161670866,31687.483212,31697.343208
2026-02-12 22:15:00+01:00,18664.774571084425,23515.942744,5192.354046077586,8206.339,23857.12861716201,31722.281744,31732.37924
2026-02-12 22:30:00+01:00,18620.659056213477,23342.90366,5180.659817723221,8155.365,23801.318873936696,31498.26866,31508.087504000003
2026-02-12 22:45:00+01:00,18596.542414265692,23211.021208,5152.867159835667,8109.334,23749.40957410136,31320.355207999997,31330.41538
2026-02-12 23:00:00+01:00,21334.74237402282,23304.444704,5555.290604707749,8122.614,26890.032978730567,31427.058704000003,31436.928696000003
2026-02-12 23:15:00+01:00,21289.28232369987,23217.662868,5552.505610798166,8092.531,26841.787934498036,31310.193868,31319.808783999997
2026-02-12 23:30:00+01:00,21253.14533447727,23093.509704,5526.072725744118,8037.366,26779.21806022139,31130.875704,31139.932756
2026-02-12 23:45:00+01:00,21233.343164740585,22982.444464,5499.52140895484,8005.695,26732.864573695424,30988.139464,30997.918788
2026-02-13 00:00:00+01:00,23623.364204884416,22658.212968,6149.158500165994,8010.356,29772.52270505041,30668.568968,30678.896308
2026-02-13 00:15:00+01:00,23567.80214551885,22176.37158,6146.066502505775,7894.919,29713.868648024625,30071.29058,30081.345592
2026-02-13 00:30:00+01:00,23522.112716656808,22154.879992,6133.820449911666,7801.59,29655.933166568473,29956.469992,29966.780208
2026-02-13 00:45:00+01:00,23466.870083235037,21977.529928,6125.520936875502,7711.755,29592.39102011054,29689.284928,29699.479472000003
2026-02-13 01:00:00+01:00,24077.101758694705,21898.397152,5917.570028978517,7596.246,29994.671787673222,29494.643152,29504.376796
2026-02-13 01:15:00+01:00,24053.14766945635,21898.496392,5913.184010297636,7439.415,29966.331679753985,29337.911392,29347.961012000003
2026-02-13 01:30:00+01:00,24033.427681480814,21958.095396,5913.560972303287,7288.617,29946.9886537841,29246.712396000003,29256.799328
2026-02-13 01:45:00+01:00,24019.393548501383,21960.123616,5908.341570081155,7185.63,29927.73511858254,29145.753616,29155.873752000003
2026-02-13 02:00:00+01:00,21916.641632440827,21866.251524,5968.731515271007,7119.255,27885.373147711834,28985.506524,28995.385084
2026-02-13 02:15:00+01:00,21889.366909674074,22024.490368,5984.534730758966,7032.09,27873.90164043304,29056.580368,29066.161428
2026-02-13 02:30:00+01:00,21880.99060539725,22039.763276,5992.317482301848,6851.538,27873.3080876991,28891.301276,28900.843656
2026-02-13 02:45:00+01:00,21866.302996400045,22074.68814,5996.692624681856,6668.381,27862.9956210819,28743.06914,28752.860796
2026-02-13 03:00:00+01:00,21070.527966043395,22357.056868,6040.898605233605,6415.251,27111.426571277,28772.307868,28782.35888
2026-02-13 03:15:00+01:00,21039.865695893994,22342.264472,6052.582859459463,6311.745,27092.448555353458,28654.009472,28664.069603999997
2026-02-13 03:30:00+01:00,21039.722881888094,22475.436416,6055.571612779348,6244.328,27095.29449466744,28719.764416,28729.628552
2026-02-13 03:45:00+01:00,21035.729073721308,22479.202108,6064.523428893837,6337.671,27100.252502615145,28816.873108,28826.882272
2026-02-13 04:00:00+01:00,18961.71021024071,22502.656876,6012.6414516292625,6362.016,24974.351661869972,28864.672876,28874.64868
2026-02-13 04:15:00+01:00,18965.380677206795,22466.049136,6019.502397890927,6185.679,24984.88307509772,28651.728136,28661.655032
2026-02-13 04:30:00+01:00,18971.01125149503,22540.683424,6036.996753743407,6044.044,25008.008005238436,28584.727423999997,28595.030888
2026-02-13 04:45:00+01:00,18981.648122325532,22235.394588,6050.090130371911,5982.504,25031.738252697443,28217.898588,28228.140636
2026-02-13 05:00:00+01:00,17413.864059151343,21605.963244,6427.880999193686,5907.245,23841.74505834503,27513.208244,27523.257756
2026-02-13 05:15:00+01:00,17415.836593551892,21263.374176,6432.544104008424,5940.089,23848.380697560315,27203.463176,27213.484428
2026-02-13 05:30:00+01:00,17428.115568560126,20772.745344,6445.593821072236,5937.346,23873.709389632364,26710.091344,26720.057192
2026-02-13 05:45:00+01:00,17432.365267947753,20477.753004,6434.6206112512,5927.567,23866.985879198954,26405.320003999997,26415.395839999997
2026-02-13 06:00:00+01:00,16092.66759756577,20667.169148,5983.677069327621,5822.283,22076.34466689339,26489.452148,26499.37844
2026-02-13 06:15:00+01:00,16100.012600186541,20446.579252,6029.129918470633,5697.406,22129.142518657172,26143.985252,26154.011968
2026-02-13 06:30:00+01:00,16125.72236655974,20094.717408,6058.20409591335,5620.919,22183.92646247309,25715.636408,25726.083192
2026-02-13 06:45:00+01:00,16134.727522821702,19515.382772,6071.364617998767,5555.412,22206.09214082047,25070.794772,25082.1987
2026-02-13 07:00:00+01:00,13563.371332786859,18933.605168,5883.255030556439,5550.728,19446.626363343297,24484.333167999997,24496.465431999997
2026-02-13 07:15:00+01:00,13588.31679190439,18368.915088,5876.028116827507,5502.443,19464.344908731895,23871.358088,23887.418912
2026-02-13 07:30:00+01:00,13609.87030269758,17626.93888,5884.361971027235,5397.272,19494.232273724814,23024.21088,23098.999772000003
2026-02-13 07:45:00+01:00,13631.8410052789,17013.327916,5875.125428245706,5326.199,19506.966433524605,22339.526916,22691.169144
2026-02-13 08:00:00+01:00,12288.251493022704,16480.738536,5862.144915882269,5313.095,18150.396408904973,21793.833536,22687.313664
2026-02-13 08:15:00+01:00,12280.870252967414,15839.468384,5867.483971545716,5356.457,18148.35422451313,21195.925384,22818.912900000003
2026-02-13 08:30:00+01:00,12023.040283842449,15304.999208,5857.905540894522,5349.724,17880.94582473697,20654.723208,23068.086296
2026-02-13 08:45:00+01:00,11965.670279822238,14909.8703,5842.669447889194,5323.503,17808.33972771143,20233.3733,23467.51288
2026-02-13 09:00:00+01:00,9295.079571470404,14463.110868,5584.045733899969,5233.599,14879.125305370373,19696.709868,23949.379184
2026-02-13 09:15:00+01:00,9223.507955604518,13894.189776,5587.752343969189,5089.473,14811.260299573707,18983.662775999997,24340.778527999995
2026-02-13 09:30:00+01:00,9163.22817898155,13419.278936,5580.140359122873,5094.631,14743.368538104423,18513.909936,25072.111268
2026-02-13 09:45:00+01:00,9087.967720786555,13002.469684,5572.599559862608,5160.05,14660.567280649164,18162.519684,25747.232244
2026-02-13 10:00:00+01:00,7065.706566081153,12527.008532,5220.8707317759645,5181.332,12286.577297857119,17708.340532000002,26336.560604
2026-02-13 10:15:00+01:00,6957.051658667287,12270.901696,5202.67895074636,5250.336,12159.730609413647,17521.237696,27008.07498
2026-02-13 10:30:00+01:00,6842.48750294768,11676.523732,5186.6526345448065,5389.342,12029.140137492486,17065.865732,27343.547556
2026-02-13 10:45:00+01:00,6725.754689402398,11220.135948,5149.824182981857,5418.798,11875.578872384256,16638.933947999998,27691.380063999997
2026-02-13 11:00:00+01:00,6284.8707811471395,10675.323216,4693.5518124330665,5463.714,10978.422593580206,16139.037216,27779.583196
2026-02-13 11:15:00+01:00,6159.875660644476,10077.560172,4680.351830646884,5592.952,10840.22749129136,15670.512172,27759.767884
2026-02-13 11:30:00+01:00,6034.673484046609,9635.366792,4661.32477743054,5781.977,10695.998261477149,15417.343792,27591.788768
2026-02-13 11:45:00+01:00,5917.893878683497,9367.045472,4630.340341838371,5867.28,10548.234220521868,15234.325472,27151.985312
2026-02-13 12:00:00+01:00,5533.483140951625,9127.487692,4008.18395457086,5857.043,9541.667095522484,14984.530692,26919.812344
2026-02-13 12:15:00+01:00,5471.760535291085,8872.406012,3978.9400780554565,5822.571,9450.700613346542,14694.977012,26475.473868
2026-02-13 12:30:00+01:00,5440.519905476539,8548.423748,3949.990510347454,5805.395,9390.510415823992,14353.818748,25919.13554
2026-02-13 12:45:00+01:00,5430.31691934028,8166.798572,3921.8042158960575,5772.967,9352.121135236337,13939.765572,25446.732972
2026-02-13 13:00:00+01:00,4459.110647403466,7697.535668,3668.1480117148662,5641.617,8127.258659118332,13339.152668,24661.185304
2026-02-13 13:15:00+01:00,4438.966661879843,7301.926096,3666.6733193376253,5485.694,8105.639981217468,12787.620096,23695.939736
2026-02-13 13:30:00+01:00,4418.59935152935,6797.874664,3668.630475462002,5374.313,8087.229826991352,12172.187664,22638.28834
2026-02-13 13:45:00+01:00,4439.775064241841,6488.168936,3670.768453546235,5334.054,8110.543517788076,11822.222936,21838.606372
2026-02-13 14:00:00+01:00,4395.157886663343,6251.13532,3741.5644702379404,5270.668,8136.722356901283,11521.80332,21114.560908
2026-02-13 14:15:00+01:00,4430.160302291543,5958.776736,3725.8998227529887,5168.338,8156.0601250445325,11127.114736,20042.698028
2026-02-13 14:30:00+01:00,4490.970703310498,5707.461828,3714.0153747300174,5114.13,8204.986078040514,10821.591828,18928.379324
2026-02-13 14:45:00+01:00,4562.080326346331,5572.509652,3725.8451550434756,5037.343,8287.925481389808,10609.852652,17904.001755999998
2026-02-13 15:00:00+01:00,4117.420834644477,5476.98818,3835.916142999436,4892.609,7953.336977643912,10369.59718,16741.745280000003
2026-02-13 15:15:00+01:00,4229.9218325380625,5363.66532,3841.917453766882,4854.919,8071.839286304945,10218.58432,15682.264072
2026-02-13 15:30:00+01:00,4327.085232235351,5345.075204,3877.4268080670054,4744.206,8204.512040302357,10089.281204,14707.36454
2026-02-13 15:45:00+01:00,4454.395689940662,5296.449652,3892.558005752412,4726.558,8346.953695693075,10023.007652,13808.099316
2026-02-13 16:00:00+01:00,4012.126145681421,5268.43096,3994.6651801990965,4816.735,8006.791325880517,10085.165959999998,13012.654679999998
2026-02-13 16:15:00+01:00,4196.134827976448,5312.500996,4000.735633976188,4947.946,8196.870461952636,10260.446996,12418.213887999998
2026-02-13 16:30:00+01:00,4387.461727059676,5362.45518,4020.338122037591,5142.184,8407.799849097268,10504.63918,11953.717144
2026-02-13 16:45:00+01:00,4579.485265177851,5402.501272,4031.606686573537,5178.36,8611.091951751388,10580.861272,11423.257232
2026-02-13 17:00:00+01:00,5354.196583045809,5473.54242,4210.545553755246,5167.658,9564.742136801055,10641.20042,11032.807432
2026-02-13 17:15:00+01:00,5508.806912769272,5598.211768,4239.969270190627,5095.404,9748.776182959899,10693.615768,10810.019848
2026-02-13 17:30:00+01:00,5650.270841847365,5694.278912,4275.471275141249,5022.325,9925.742116988615,10716.603912,10775.306624
2026-02-13 17:45:00+01:00,5775.340903139133,5883.302884,4275.651791597972,4863.859,10050.992694737106,10747.161884,10799.720916
2026-02-13 18:00:00+01:00,6728.792265289121,5998.598608,4116.651646445646,4903.512,10845.443911734768,10902.110608,10956.281856
2026-02-13 18:15:00+01:00,6802.732389198019,6012.349252,4130.364456823839,5107.95,10933.096846021857,11120.299252,11171.018660000002
2026-02-13 18:30:00+01:00,6862.445089160551,6033.864744,4139.294286239331,5265.636,11001.739375399882,11299.500744,11412.717188
2026-02-13 18:45:00+01:00,6922.5499447508555,6112.724816,4148.208135353978,5347.795,11070.758080104833,11460.519816,11508.183032
2026-02-13 19:00:00+01:00,7215.665506537831,6166.107352,4095.950148721694,5323.631,11311.615655259524,11489.738352,11570.689912
2026-02-13 19:15:00+01:00,7229.779151156316,6337.487352,4114.779532140501,5400.46,11344.558683296818,11737.947352,11763.889864
2026-02-13 19:30:00+01:00,7228.630945889301,6492.279696,4119.3240117566875,5275.778,11347.954957645989,11768.057696,11790.628352
2026-02-13 19:45:00+01:00,7194.436893214986,6466.6735,4107.700671494894,5225.051,11302.13756470988,11691.7245,11711.484628
2026-02-13 20:00:00+01:00,7604.795918526237,6450.914368,4151.484921659062,5276.265,11756.2808401853,11727.179368,11762.585372
2026-02-13 20:15:00+01:00,7593.417891245384,6556.44522,4143.351704471682,5209.496,11736.769595717065,11765.94122,11812.101748
2026-02-13 20:30:00+01:00,7573.91674021189,6646.652232,4131.388865214436,5208.616,11705.305605426325,11855.268232,11872.571484
2026-02-13 20:45:00+01:00,7536.724264340721,6673.029512,4114.494388613953,5267.97,11651.218652954674,11940.999512,11950.00504
2026-02-13 21:00:00+01:00,7756.188695748411,6621.886304,4246.730025671447,5269.954,12002.918721419857,11891.840304,11900.581776
2026-02-13 21:15:00+01:00,7710.803591573452,6675.657172,4237.637978603797,5104.783,11948.441570177249,11780.440172,11789.014356
2026-02-13 21:30:00+01:00,7666.055686282094,6848.956404,4230.341119707732,4945.464,11896.396805989825,11794.420404,11802.749124
2026-02-13 21:45:00+01:00,7557.534597649901,6923.440148,4220.71378923525,4852.681,11778.248386885152,11776.121147999998,11784.579907999998
2026-02-13 22:00:00+01:00,8226.15765149996,6840.568244,4113.351910563136,4771.134,12339.509562063096,11611.702244,11621.07588
2026-02-13 22:15:00+01:00,8178.7046284426615,6943.73212,4106.631346113075,4648.016,12285.335974555735,11591.74812,11599.94762
2026-02-13 22:30:00+01:00,8119.623404387611,7015.156684,4089.800463821308,4497.016,12209.42386820892,11512.172684,11520.232588
2026-02-13 22:45:00+01:00,8082.82676906408,7055.908444,4061.637973933794,4349.541,12144.464742997874,11405.449444,11413.471724
2026-02-13 23:00:00+01:00,7978.142524820623,7038.492164,3602.1469356294674,4158.382,11580.28946045009,11196.874164,11204.967176
2026-02-13 23:15:00+01:00,7922.569075550152,6996.551544,3599.1380079779988,3961.174,11521.70708352815,10957.725544,10965.49226
2026-02-13 23:30:00+01:00,7875.779513180652,7096.475104,3573.939860398771,3754.132,11449.719373579424,10850.607104,10858.615752000002
2026-02-13 23:45:00+01:00,7856.873977110629,7227.540728,3552.8514049174705,3509.555,11409.7253820281,10737.095728,10745.07522
2026-02-14 00:00:00+01:00,8180.869952690279,7383.383212,3078.975337270702,3339.571,11259.84528996098,10722.954212,10732.456504
2026-02-14 00:15:00+01:00,8120.435594124456,7517.611932,3082.2664131587344,3149.211,11202.702007283191,10666.822932,10676.881775999998
2026-02-14 00:30:00+01:00,8074.74256447872,7614.924928,3080.6216121859343,3056.995,11155.364176664654,10671.919928,10680.492848
2026-02-14 00:45:00+01:00,8019.152306063162,7823.886816,3080.498972468954,2913.385,11099.651278532116,10737.271816,10746.485792
2026-02-14 01:00:00+01:00,7913.175749840367,7984.92236,2980.5183693929785,2755.183,10893.694119233345,10740.10536,10750.810504
2026-02-14 01:15:00+01:00,7893.5620898472,8117.321608,2978.1605146416136,2693.863,10871.722604488814,10811.184608,10821.846284
2026-02-14 01:30:00+01:00,7877.683933243709,8259.096864,2974.5254485638197,2669.663,10852.20938180753,10928.759864,10939.415732
2026-02-14 01:45:00+01:00,7866.8652705897075,8444.029124,2969.438186566489,2723.891,10836.303457156197,11167.920124,11178.806944
2026-02-14 02:00:00+01:00,8576.405463629599,8599.100012,2772.506643082237,2757.265,11348.912106711836,11356.365012,11367.15638
2026-02-14 02:15:00+01:00,8560.960727384347,8774.156284,2779.8595167549292,2794.494,11340.820244139275,11568.650284,11579.712352
2026-02-14 02:30:00+01:00,8558.912431047052,8859.213224,2784.790718096194,2895.065,11343.703149143246,11754.278224,11765.291972
2026-02-14 02:45:00+01:00,8552.321216904795,8920.943624,2786.3294267131914,2972.836,11338.650643617986,11893.779624,11904.877932
2026-02-14 03:00:00+01:00,8731.438781126115,9000.862908,2772.9702133564406,3039.724,11504.408994482555,12040.586908,12051.640676
2026-02-14 03:15:00+01:00,8705.090425308983,9168.243456,2778.1821715763194,3001.801,11483.272596885303,12170.044456,12180.71984
2026-02-14 03:30:00+01:00,8711.95388253711,9454.900576,2781.742350001816,3031.035,11493.696232538925,12485.935576,12496.741696
2026-02-14 03:45:00+01:00,8710.600047540018,9724.096936,2793.310036779816,3111.606,11503.910084319834,12835.702936,12846.519348
2026-02-14 04:00:00+01:00,9224.381050799693,9852.290748,2564.16420706998,3146.619,11788.545257869673,12998.909748,13009.845092
2026-02-14 04:15:00+01:00,9233.911172287071,9955.419764,2561.2077742832003,3156.677,11795.118946570272,13112.096764,13123.15772
2026-02-14 04:30:00+01:00,9249.017277433433,10010.73686,2573.149768094459,3140.246,11822.167045527893,13150.98286,13161.922432
2026-02-14 04:45:00+01:00,9253.332998964817,10158.390072,2583.279742020445,3153.694,11836.612740985263,13312.084072,13323.05502
2026-02-14 05:00:00+01:00,9915.40383522589,10292.307816,2478.6355518071587,3157.723,12394.039387033048,13450.030816,13460.704748
2026-02-14 05:15:00+01:00,9909.674516745275,10299.861952,2478.5299667269337,3163.816,12388.20448347221,13463.677951999998,13474.220027999998
2026-02-14 05:30:00+01:00,9906.56178093311,10321.278892,2487.4562198206136,3135.883,12394.018000753724,13457.161892,13467.53922
2026-02-14 05:45:00+01:00,9901.881198351799,10342.3366,2474.1536286948067,3138.631,12376.034827046606,13480.9676,13491.427456
2026-02-14 06:00:00+01:00,11035.856638741428,10580.795152,2271.478923204184,3140.232,13307.335561945612,13721.027152,13731.814268
2026-02-14 06:15:00+01:00,11038.219606334465,10590.580236,2306.293788011621,3118.133,13344.513394346086,13708.713236,13719.633864
2026-02-14 06:30:00+01:00,11063.26920421124,10682.050276,2331.6413416915166,3065.56,13394.910545902756,13747.610276,13759.947352
2026-02-14 06:45:00+01:00,11059.773923780658,10677.7732,2338.8265044323284,2980.36,13398.600428212987,13658.1332,13671.963792
2026-02-14 07:00:00+01:00,10860.336700183256,10678.269408,2313.4286517000705,2843.546,13173.765351883327,13521.815408,13536.301376
2026-02-14 07:15:00+01:00,10869.073972119399,10779.877996,2301.6089988019376,2765.244,13170.682970921336,13545.121996,13562.46568
2026-02-14 07:30:00+01:00,10869.798385607148,10804.939456,2311.028829607676,2682.507,13180.827215214824,13487.446456,13537.422976
2026-02-14 07:45:00+01:00,10878.550757183843,10790.508176,2304.6373996688094,2550.74,13183.188156852651,13341.248176,13571.973244
2026-02-14 08:00:00+01:00,10709.276201455796,10696.525052,1972.4073463188859,2386.066,12681.68354777468,13082.591052,13614.760904
2026-02-14 08:15:00+01:00,10675.494605264215,10573.065128,1980.7004592076048,2206.843,12656.19506447182,12779.908128,13693.64838
2026-02-14 08:30:00+01:00,10507.12470527955,10453.559256,1993.8093013292234,2120.963,12500.934006608773,12574.522256,13940.32268
2026-02-14 08:45:00+01:00,10453.209456998758,10247.974712,1980.1736019095335,2053.287,12433.383058908292,12301.261712,14175.535192
2026-02-14 09:00:00+01:00,9846.453696516575,10081.877268,1623.777860217037,1993.419,11470.231556733612,12075.296268,14524.757388
2026-02-14 09:15:00+01:00,9782.062439701978,9850.845136,1626.9897081227452,1888.183,11409.052147824723,11739.028136,14703.238844
2026-02-14 09:30:00+01:00,9733.284984961869,9691.052688,1621.2726899044358,1795.59,11354.557674866304,11486.642688,14972.360868
2026-02-14 09:45:00+01:00,9664.506008996213,9467.086292,1615.5253171111758,1655.61,11280.03132610739,11122.696292,15169.090008
2026-02-14 10:00:00+01:00,10393.809838857898,9274.83068,1498.7225900262335,1570.057,11892.532428884131,10844.88768,15444.579752
2026-02-14 10:15:00+01:00,10295.640585370651,9087.075268,1481.6154965785804,1557.424,11777.256081949232,10644.499268,15720.445156
2026-02-14 10:30:00+01:00,10195.416156464893,9061.317708,1467.1533515112205,1522.744,11662.569507976114,10584.061708,16112.335404
2026-02-14 10:45:00+01:00,10089.610340332334,8961.881804,1433.6549403999527,1435.467,11523.265280732287,10397.348804,16326.598756
2026-02-14 11:00:00+01:00,10207.430148301597,8905.34242,1309.252641331433,1328.48,11516.68278963303,10233.82242,16611.489164
2026-02-14 11:15:00+01:00,10097.900160290455,8781.256948,1300.0144923929697,1207.119,11397.914652683425,9988.375948,16750.878372
2026-02-14 11:30:00+01:00,9985.453778826508,8701.246108,1285.0402735887267,1079.773,11270.494052415235,9781.019108,16810.622944
2026-02-14 11:45:00+01:00,9895.667803555143,8465.263364,1257.4184166715643,947.181,11153.086220226707,9412.444364,16579.923256000002
2026-02-14 12:00:00+01:00,9180.442694596957,8284.465816,832.3068239103627,848.614,10012.74951850732,9133.079816,16412.545488
2026-02-14 12:15:00+01:00,9151.800143060575,8173.607792,804.7467083979087,735.294,9956.546851458483,8908.901792,16226.214364
2026-02-14 12:30:00+01:00,9140.8819405953,8103.25924,773.8046795229576,642.762,9914.686620118258,8746.02124,16020.471808
2026-02-14 12:45:00+01:00,9152.105089639106,7981.43274,747.5621096462495,596.832,9899.667199285355,8578.26474,15669.383908
2026-02-14 13:00:00+01:00,9495.860986580077,7895.882736,765.6066520792625,579.126,10261.46763865934,8475.008736,15348.911452
2026-02-14 13:15:00+01:00,9493.526667723665,7850.416648,766.3011675300002,550.819,10259.827835253665,8401.235648,14919.76694
2026-02-14 13:30:00+01:00,9495.248895425242,7832.144832,774.6881118232664,555.361,10269.937007248509,8387.505832,14521.2245
2026-02-14 13:45:00+01:00,9543.429841248284,7792.311048,776.1547132344923,545.068,10319.584554482777,8337.379047999999,14115.809055999998
2026-02-14 14:00:00+01:00,9284.854826579318,7818.800448,724.4410564539854,545.369,10009.295883033303,8364.169448,13716.137904
2026-02-14 14:15:00+01:00,9353.123206767665,7913.040836,716.9328607297064,528.066,10070.056067497371,8441.106836,13382.316020000002
2026-02-14 14:30:00+01:00,9440.93262826515,7879.653904,714.9010915196772,487.809,10155.833719784827,8367.462904,12887.033788
2026-02-14 14:45:00+01:00,9539.766270453352,7841.369492,731.100318638395,465.282,10270.866589091747,8306.651491999999,12375.809244
2026-02-14 15:00:00+01:00,6662.034069714956,7847.997544,798.7388407559665,430.094,7460.772910470922,8278.091543999999,11904.623995999998
2026-02-14 15:15:00+01:00,6783.0567961686775,7868.985792,807.3910118752717,402.487,7590.447808043949,8271.472792,11434.078988
2026-02-14 15:30:00+01:00,6894.466992820832,7863.223392,841.0731756330225,410.355,7735.540168453855,8273.578392,10966.782884
2026-02-14 15:45:00+01:00,7035.3443252957,7920.167948,863.5340178074807,426.084,7898.878343103181,8346.251948000001,10540.810724
2026-02-14 16:00:00+01:00,6484.732129111981,7876.891852,893.4413451967821,430.405,7378.173474308763,8307.296852,9996.092148
2026-02-14 16:15:00+01:00,6732.261408687958,7886.499536,911.9007869534878,450.496,7644.162195641446,8336.995536,9569.99368
2026-02-14 16:30:00+01:00,6972.978741561288,7916.081436,929.5655267504162,463.218,7902.544268311704,8379.299436000001,9198.892112
2026-02-14 16:45:00+01:00,7174.514336978189,7818.81148,943.6242289410977,441.592,8118.1385659192865,8260.40348,8732.404676
2026-02-14 17:00:00+01:00,6421.150544265365,7785.1428,864.7911542922886,448.011,7285.941698557654,8233.1538,8438.138108
2026-02-14 17:15:00+01:00,6585.082428124813,7734.306236,900.345435124246,429.079,7485.42786324906,8163.385236,8238.299424
2026-02-14 17:30:00+01:00,6733.816712262035,7590.962124,932.6385040541226,420.579,7666.455216316158,8011.541123999999,8055.632304
2026-02-14 17:45:00+01:00,6858.801459292339,7327.624448,934.4388019471594,422.781,7793.240261239498,7750.405448,7801.981672
2026-02-14 18:00:00+01:00,5742.0926546629635,7167.906464,875.7225315593395,445.09,6617.815186222303,7612.996464,7663.128008
2026-02-14 18:15:00+01:00,5825.158052429702,6996.479908,892.280211881164,515.439,6717.4382643108665,7511.918908000001,7565.354208000001
2026-02-14 18:30:00+01:00,5893.015506891607,6810.726228,902.9533940275239,602.128,6795.968900919132,7412.854228,7483.696196
2026-02-14 18:45:00+01:00,5957.175395887729,6598.671624,912.6515280575022,649.424,6869.826923945231,7248.095624,7347.388599999999
2026-02-14 19:00:00+01:00,5045.437668862471,6406.17544,882.2028391184915,696.792,5927.640507980962,7102.96744,7167.016804000001
2026-02-14 19:15:00+01:00,5070.096246973855,6150.974292,894.6833959368942,754.114,5964.779642910749,6905.088292,6941.169440000001
2026-02-14 19:30:00+01:00,5075.453875480758,5883.177848,898.4113492333698,776.185,5973.865224714128,6659.362848000001,6679.806192000001
2026-02-14 19:45:00+01:00,5046.928691660264,5606.126552,887.4484383169063,811.462,5934.377129977171,6417.588551999999,6431.247595999999
2026-02-14 20:00:00+01:00,4277.920752195669,5336.48572,813.8317105043252,906.473,5091.752462699994,6242.95872,6276.119884
2026-02-14 20:15:00+01:00,4263.96139198366,5124.93774,801.1388213919794,972.519,5065.100213375639,6097.4567400000005,6110.203460000001
2026-02-14 20:30:00+01:00,4245.536230232316,4866.802916,784.242384761653,1031.946,5029.778614993968,5898.748916,5909.708172
2026-02-14 20:45:00+01:00,4196.220061426931,4558.031604,765.3007104993738,1082.525,4961.520771926305,5640.556603999999,5651.4877559999995
2026-02-14 21:00:00+01:00,3903.2766499953173,4343.359212,896.1367299439645,1136.741,4799.413379939282,5480.100212,5496.309716000001
2026-02-14 21:15:00+01:00,3865.313210231432,4115.700468,894.112697772857,1240.278,4759.425908004289,5355.978468,5370.439692
2026-02-14 21:30:00+01:00,3826.8217814806358,3916.771004,889.8814999999026,1368.78,4716.703281480539,5285.551004,5297.161008
2026-02-14 21:45:00+01:00,3783.0855924945554,3785.267104,882.0436448142113,1468.665,4665.129237308767,5253.9321039999995,5264.6026759999995
2026-02-14 22:00:00+01:00,3219.0647319649097,3624.118568,883.454556498813,1579.841,4102.519288463723,5203.959568,5214.712748
2026-02-14 22:15:00+01:00,3167.95919587943,3420.033752,877.1379847045596,1681.189,4045.0971805839895,5101.222752,5111.483303999999
2026-02-14 22:30:00+01:00,3100.0782694354493,3225.732628,863.8949297622173,1800.73,3963.973199197667,5026.462628,5036.379808000001
2026-02-14 22:45:00+01:00,3054.1121338248176,3012.598796,831.3870814870658,1910.975,3885.4992153118833,4923.573796000001,4934.283676000001
2026-02-14 23:00:00+01:00,3293.3262999000412,2930.132968,1679.0697309225943,1985.662,4972.396030822636,4915.794968,4927.475436
2026-02-14 23:15:00+01:00,3227.309658766945,2811.57998,1676.7104965399267,2093.605,4904.020155306872,4905.18498,4915.581828
2026-02-14 23:30:00+01:00,3170.9774802792017,2653.522664,1649.1878800824518,2203.756,4820.165360361653,4857.2786639999995,4867.770871999999
2026-02-14 23:45:00+01:00,3139.542785346893,2552.735772,1625.82154407073,2329.763,4765.364329417624,4882.498772,4893.048228
2026-02-15 00:00:00+01:00,2934.911449522037,2411.191684,2247.53706292397,2500.643,5182.448512446007,4911.8346839999995,4925.539819999999
2026-02-15 00:15:00+01:00,2864.53118370716,2297.91502,2245.963301591573,2581.843,5110.494485298733,4879.758019999999,4890.759991999999
2026-02-15 00:30:00+01:00,2808.2001031853883,2156.218592,2240.0087418799008,2623.354,5048.208845065289,4779.572592,4790.226164000001
2026-02-15 00:45:00+01:00,2743.350329277164,2038.419828,2237.939142247684,2651.99,4981.289471524848,4690.409828,4700.8492639999995
2026-02-15 01:00:00+01:00,2864.9711569596125,1969.55536,2555.830425107758,2756.085,5420.80158206737,4725.64036,4736.7579160000005
2026-02-15 01:15:00+01:00,2829.092016214015,1932.107992,2553.504227067397,2833.172,5382.596243281412,4765.279992,4775.603356
2026-02-15 01:30:00+01:00,2800.7062762391547,1864.760204,2545.7367177198494,2963.176,5346.4429939590045,4827.936204,4838.417015999999
2026-02-15 01:45:00+01:00,2779.404995295169,1842.074056,2537.342374176911,3048.197,5316.74736947208,4890.271056,4901.021984
2026-02-15 02:00:00+01:00,2771.4266813204977,1855.859128,2656.4338676565144,3161.197,5427.8605489770125,5017.056128,5028.051876
2026-02-15 02:15:00+01:00,2745.1035167570335,1863.766568,2661.731733857517,3215.36,5406.835250614551,5079.126568,5089.94214
2026-02-15 02:30:00+01:00,2729.660036789355,1835.18238,2669.0726369179315,3290.442,5398.732673707287,5125.62438,5136.705576
2026-02-15 02:45:00+01:00,2709.2737962518263,1811.221824,2674.3175083158103,3319.944,5383.591304567637,5131.165824,5142.384456
2026-02-15 03:00:00+01:00,2855.865966246324,1821.237284,2997.177541672509,3427.992,5853.043507918834,5249.229284,5260.170164
2026-02-15 03:15:00+01:00,2828.030719030784,1837.918152,2996.2743437592776,3475.528,5824.305062790061,5313.4461519999995,5324.4428
2026-02-15 03:30:00+01:00,2836.5061682847213,1861.161928,2997.3307349003408,3539.353,5833.836903185062,5400.5149280000005,5412.066264000001
2026-02-15 03:45:00+01:00,2839.6098018375496,1914.458164,3008.065405859449,3515.041,5847.675207696999,5429.499164,5440.7057159999995
2026-02-15 04:00:00+01:00,2918.1160110801998,2031.287968,3474.614460513704,3514.509,6392.730471593904,5545.796968000001,5556.980752
2026-02-15 04:15:00+01:00,2922.9293329604757,2109.720356,3467.2540459992774,3495.842,6390.183378959753,5605.562356,5617.071368000001
2026-02-15 04:30:00+01:00,2934.59948227437,2171.01712,3474.247282602907,3506.293,6408.846764877277,5677.31012,5688.647824
2026-02-15 04:45:00+01:00,2937.034715180486,2243.54212,3483.336955569352,3593.495,6420.371670749838,5837.03712,5850.794292
2026-02-15 05:00:00+01:00,2205.6284524778202,2368.323492,3831.9337193750334,3542.832,6037.562171852854,5911.155492,5922.129972
2026-02-15 05:15:00+01:00,2192.4483446223076,2442.912676,3826.302683608597,3553.681,6018.751028230905,5996.593676,6007.598508
2026-02-15 05:30:00+01:00,2184.975490425507,2551.887752,3825.9399414117506,3469.403,6010.9154318372575,6021.290752,6032.425284
2026-02-15 05:45:00+01:00,2177.5016201751914,2641.913148,3808.239924399967,3535.041,5985.7415445751585,6176.954148000001,6188.040852000001
2026-02-15 06:00:00+01:00,3206.530798248319,2829.79336,4087.849473861088,3553.788,7294.380272109407,6383.58136,6394.945816
2026-02-15 06:15:00+01:00,3203.1680672178586,3078.881296,4117.137190743233,3620.831,7320.305257961092,6699.712296,6711.605536
2026-02-15 06:30:00+01:00,3219.844966458375,3430.449272,4139.836818920272,3689.206,7359.681785378647,7119.655272,7131.83168
2026-02-15 06:45:00+01:00,3205.350811604887,3779.651724,4147.241609999152,3826.402,7352.592421604039,7606.053723999999,7618.732631999999
2026-02-15 07:00:00+01:00,4184.845164773703,4137.071744,4169.695871299643,3929.675,8354.541036073346,8066.746744,8080.509496
2026-02-15 07:15:00+01:00,4191.103686028005,4502.735144,4153.382174948874,4145.498,8344.485860976878,8648.233144,8666.864028
2026-02-15 07:30:00+01:00,4185.675433288086,4842.843696,4159.49861980087,4229.718,8345.174053088956,9072.561696,9134.28006
2026-02-15 07:45:00+01:00,4188.071926155808,5188.288544,4152.207596627924,4204.895,8340.279522783732,9393.183544,9723.041528
2026-02-15 08:00:00+01:00,4998.450674891021,5352.043256,4497.100814088,4343.124,9495.551488979021,9695.167256,10597.149048
2026-02-15 08:15:00+01:00,4941.108826378115,5309.612408,4498.433861707949,4572.172,9439.542688086065,9881.784408,11606.087324
2026-02-15 08:30:00+01:00,4860.907854662839,5590.626784,4488.432890547335,4742.226,9349.340745210175,10332.852784,13162.701716
2026-02-15 08:45:00+01:00,4790.430890047726,5894.334568,4472.313659874018,4877.875,9262.744549921745,10772.209568,14867.570648
2026-02-15 09:00:00+01:00,4892.396195848095,6066.734332,5525.519090688566,5104.793,10417.915286536661,11171.527332,16755.402184
2026-02-15 09:15:00+01:00,4815.861313533774,6067.180948,5519.948614140608,5248.908,10335.809927674381,11316.088948,18482.825168
2026-02-15 09:30:00+01:00,4753.104080162157,5917.903308,5506.990258421566,5359.778,10260.094338583724,11277.681308,20010.145048
2026-02-15 09:45:00+01:00,4677.632803408623,5697.385704,5497.827375943891,5502.528,10175.460179352514,11199.913704,21520.156076
2026-02-15 10:00:00+01:00,4999.9688851121655,5523.617832,6421.861835237685,5654.455,11421.830720349852,11178.072832,23059.876384
2026-02-15 10:15:00+01:00,4899.971119865995,5428.478212,6402.256852221159,5655.866,11302.227972087154,11084.344212,24332.364968
2026-02-15 10:30:00+01:00,4785.3761932150155,5522.590964,6389.412869974517,5739.276,11174.789063189532,11261.866964,25689.105016
2026-02-15 10:45:00+01:00,4671.405199068628,5767.58828,6359.753776486629,5831.407,11031.158975555256,11598.99528,27152.588224
2026-02-15 11:00:00+01:00,5221.549104483655,5977.642692,6745.861933157001,5964.353,11967.411037640657,11941.995692,28637.356628
2026-02-15 11:15:00+01:00,5111.60928187474,6123.498484,6744.021152611722,5972.863,11855.630434486462,12096.361484,29832.468
2026-02-15 11:30:00+01:00,5010.692748637122,6450.379936,6737.876241595367,6038.391,11748.568990232488,12488.770936,31097.977388
2026-02-15 11:45:00+01:00,4938.977402521782,6875.037588,6716.539313077429,6078.488,11655.516715599211,12953.525588,32453.764952
2026-02-15 12:00:00+01:00,6968.219573548155,7361.43712,6671.894501238123,6155.832,13640.114074786277,13517.26912,33730.287280000004
2026-02-15 12:15:00+01:00,6951.41745533828,7798.857328,6646.854668389476,6184.597,13598.272123727755,13983.454328,34745.817824
2026-02-15 12:30:00+01:00,6947.473712597774,8164.913208,6617.0259256799545,6176.09,13564.499638277728,14341.003208,35554.771656
2026-02-15 12:45:00+01:00,6960.459252772138,8375.64894,6592.283142682233,6230.072,13552.74239545437,14605.72094,35909.82924
2026-02-15 13:00:00+01:00,8869.817128566103,9023.042276,6735.68542586916,6294.467,15605.502554435263,15317.509276,36935.730528
2026-02-15 13:15:00+01:00,8869.715375071082,9621.204844,6738.736357479935,6303.167,15608.451732551017,15924.371844,37399.87292
2026-02-15 13:30:00+01:00,8871.664373180614,9912.227356,6742.930938298194,6309.353,15614.595311478808,16221.580356,37406.891476
2026-02-15 13:45:00+01:00,8914.534786845563,9969.489792,6750.374181809077,6376.635,15664.90896865464,16346.124792,36867.093804
2026-02-15 14:00:00+01:00,11579.394628232832,10797.73046,6899.235913646151,6403.407,18478.630541878985,17201.13746,36913.049044
2026-02-15 14:15:00+01:00,11639.837245162566,11678.379436,6892.429735932948,6422.295,18532.266981095512,18100.674436,36907.76724
2026-02-15 14:30:00+01:00,11729.758124031277,12609.127268,6896.456040864793,6344.974,18626.21416489607,18954.101268,36654.403988
2026-02-15 14:45:00+01:00,11831.79692998782,13507.773184,6919.300297753102,6457.762,18751.097227740924,19965.535184,35965.833392
2026-02-15 15:00:00+01:00,14001.877005400112,14098.407456,7161.83330205643,6300.956,21163.710307456542,20399.363456,34441.237544
2026-02-15 15:15:00+01:00,14127.271023051015,15058.511164,7176.25754450572,6432.166,21303.528567556736,21490.677164,33677.801216
2026-02-15 15:30:00+01:00,14236.560307252752,15891.795612,7213.462810669406,6577.274,21450.02311792216,22469.069612,32689.451148
2026-02-15 15:45:00+01:00,14368.146234906108,16453.537084,7238.087226928656,6651.117,21606.233461834763,23104.654084,31352.21208
2026-02-15 16:00:00+01:00,18295.106409046515,17261.550016,7350.244518062249,6726.349,25645.350927108764,23987.899016000003,30483.556444
2026-02-15 16:15:00+01:00,18514.295998160756,18085.253352,7382.812175501666,6274.95,25897.108173662422,24360.203352,29154.6712
2026-02-15 16:30:00+01:00,18771.139269874286,18744.6513,7406.684652692244,6057.614,26177.82392256653,24802.2653,27899.877316
2026-02-15 16:45:00+01:00,18950.535979019212,19517.878472,7418.458958508354,6135.498,26368.99493752757,25653.376472,27349.0472
2026-02-15 17:00:00+01:00,23038.429789034897,20902.056976,7375.198780873476,6239.347,30413.628569908375,27141.403976,27830.735340000003
2026-02-15 17:15:00+01:00,23206.916773898738,22240.186804,7404.798034148864,6312.957,30611.714808047604,28553.143804,28722.017056
2026-02-15 17:30:00+01:00,23398.200489809886,23490.498108,7428.808850878696,6303.115,30827.009340688583,29793.613108,29841.900071999997
2026-02-15 17:45:00+01:00,23504.702721966878,24750.352012,7424.806326391785,6298.691,30929.50904835866,31049.043012,31080.822328
2026-02-15 18:00:00+01:00,27373.70509100919,26165.628384,7340.384655875729,6038.54,34714.089746884914,32204.168384,32233.304388
2026-02-15 18:15:00+01:00,27434.030554682653,27788.936056,7366.182613687941,6020.911,34800.213168370596,33809.847056,33836.962644
2026-02-15 18:30:00+01:00,27483.115439886566,29221.628504,7387.329048471694,6095.05,34870.44448835826,35316.678504,35341.0688
2026-02-15 18:45:00+01:00,27524.297522082816,30405.62136,7402.053413695546,6040.629,34926.35093577836,36446.25036,36465.545684
2026-02-15 19:00:00+01:00,29247.41158542504,31117.852756,7258.686056477123,6415.598,36506.09764190216,37533.450756,37550.641872
2026-02-15 19:15:00+01:00,29253.72331564863,31246.009456,7262.99714384456,6433.96,36516.72045949319,37679.969456,37696.252156
2026-02-15 19:30:00+01:00,29244.00801969583,31405.58368,7263.353893189216,6404.563,36507.36191288505,37810.14668,37837.454624
2026-02-15 19:45:00+01:00,29195.92152784675,31838.391112,7249.508738384894,6371.067,36445.43026623164,38209.458112,38224.712416
2026-02-15 20:00:00+01:00,32803.12391942195,31943.473752,7397.1223913552685,6603.272,40200.24631077722,38546.745752,38560.95386
2026-02-15 20:15:00+01:00,32774.48236925601,32178.24296,7379.848725620362,6609.82,40154.33109487637,38788.06296,38801.483204
2026-02-15 20:30:00+01:00,32742.00518029392,32514.346644,7356.043826467331,6544.636,40098.04900676125,39058.982644,39072.141328000005
2026-02-15 20:45:00+01:00,32692.796358786716,32784.166776,7337.210867003062,6614.227,40030.00722578978,39398.393776,39411.51876
2026-02-15 21:00:00+01:00,32535.996049438134,32555.2235,7245.164999505521,7304.054,39781.16104894366,39859.2775,39872.148711999995
2026-02-15 21:15:00+01:00,32485.37805440166,32238.447528,7231.939301890114,7579.777,39717.31735629177,39818.224528,39831.158535999995
2026-02-15 21:30:00+01:00,32436.583775695406,31724.534192,7215.143686592083,7715.769,39651.72746228749,39440.303192,39453.045496
2026-02-15 21:45:00+01:00,32375.47154317925,31206.5192,7203.275085698901,7733.886,39578.74662887815,38940.4052,38953.376872
2026-02-15 22:00:00+01:00,33519.333007873516,29452.730336,7158.624600300578,7767.03,40677.957608174096,37219.760336,37232.711116
2026-02-15 22:15:00+01:00,33466.393136088634,29317.917464,7119.217658816262,7838.446,40585.6107949049,37156.363463999995,37174.66598799999
2026-02-15 22:30:00+01:00,33396.046595469335,29156.421264,7096.0547938157915,7836.032,40492.101389285126,36992.453264,37035.00825200001
2026-02-15 22:45:00+01:00,33343.65942057695,28985.438536,7060.093782347791,7865.626,40403.75320292474,36851.064536000005,36865.925392000005
2026-02-15 23:00:00+01:00,33403.55655993418,28706.195988,7024.584571212818,7869.452,40428.141131147,36575.647988,36597.579095999994
2026-02-15 23:15:00+01:00,33326.910965789924,28817.338396,7013.81513512107,7885.847,40340.72610091099,36703.185396,36732.855684
2026-02-15 23:30:00+01:00,33260.51021811426,28917.641944,6984.836349588877,7909.776,40245.346567703134,36827.417944,36847.71018
2026-02-15 23:45:00+01:00,33230.94862936479,28885.955064,6954.126129946326,7936.51,40185.074759311115,36822.465064,36835.859408
2026-02-16 00:00:00+01:00,32119.37690644449,28791.245684,6944.4775239482915,7573.19,39063.85443039278,36364.435684,36375.931264000006
2026-02-16 00:15:00+01:00,32041.72266890856,28817.12602,6941.950177104366,7663.316,38983.67284601292,36480.44202,36492.189916
2026-02-16 00:30:00+01:00,31980.619445018907,28789.541036,6936.485369556143,7775.461,38917.104814575054,36565.002036,36576.577392
2026-02-16 00:45:00+01:00,31912.9952780005,28859.466888,6932.06543197019,7824.579,38845.06070997069,36684.045888,36692.853088
2026-02-16 01:00:00+01:00,32317.943504183117,28933.422652,7049.823539714646,7909.281,39367.767043897766,36842.703652,36852.67052000001
2026-02-16 01:15:00+01:00,32277.283728381393,28982.703284,7047.876396146304,7966.56,39325.1601245277,36949.263284,36960.678816
2026-02-16 01:30:00+01:00,32242.136303980198,28824.264892,7042.281661172599,7944.247,39284.417965152796,36768.511892,36779.79978
2026-02-16 01:45:00+01:00,32221.122238628115,28585.807212,7033.874217152796,7894.779,39254.996455780914,36480.586212,36491.61428
2026-02-16 02:00:00+01:00,31992.987566213887,28517.267536,7152.525130960145,7908.534,39145.51269717403,36425.801536,36436.920104
2026-02-16 02:15:00+01:00,31964.770457822244,28370.94224,7157.758287777782,7913.897,39122.52874560002,36284.83924,36296.082308000005
2026-02-16 02:30:00+01:00,31945.6782522328,28216.061076,7168.166025833592,7905.707,39113.84427806639,36121.768076,36133.069052
2026-02-16 02:45:00+01:00,31923.75747211087,28240.454972,7176.247282293467,7892.145,39100.004754404334,36132.599972,36142.026284
2026-02-16 03:00:00+01:00,32550.07693946277,28144.494164,6921.185176218647,7910.718,39471.26211568142,36055.212164,36066.184623999994
2026-02-16 03:15:00+01:00,32527.198294115806,28174.054796,6924.940323862448,7919.415,39452.13861797826,36093.469796,36102.711828
2026-02-16 03:30:00+01:00,32534.231095593837,28088.590308,6933.714044425145,7934.975,39467.94514001899,36023.565308,36034.859143999995
2026-02-16 03:45:00+01:00,32535.571316537298,28064.133108,6942.262937253993,7930.17,39477.83425379129,35994.303108,36003.496872
2026-02-16 04:00:00+01:00,32026.245530206732,28003.546692,6757.0507627223715,8114.304,38783.2962929291,36117.850692,36126.827168
2026-02-16 04:15:00+01:00,32032.529428649894,27913.822424,6749.146075324643,8107.297,38781.67550397453,36021.119424000004,36031.57741600001
2026-02-16 04:30:00+01:00,32042.68441735855,27613.740176,6756.579232976118,8061.241,38799.263650334666,35674.981176,35686.365176
2026-02-16 04:45:00+01:00,32046.423472688897,27246.469364,6772.224671541628,8021.555,38818.64814423052,35268.024364,35279.023788
2026-02-16 05:00:00+01:00,32487.74052003776,26974.3867,6688.282966628287,7463.619,39176.02348666605,34438.0057,34448.83792
2026-02-16 05:15:00+01:00,32477.19434655178,26838.191324,6684.080980717184,7388.906,39161.275327268966,34227.097324,34238.298768
2026-02-16 05:30:00+01:00,32475.11372822056,26673.793612,6678.302069465328,7346.234,39153.415797685884,34020.027612000005,34030.964564
2026-02-16 05:45:00+01:00,32474.424915970754,26476.84838,6663.158302324065,7307.019,39137.58321829482,33783.867379999996,33795.89127199999
2026-02-16 06:00:00+01:00,32700.03623912932,27016.839984,6305.724477258156,7475.687,39005.76071638748,34492.526984,34503.417839999995
2026-02-16 06:15:00+01:00,32700.69127974393,26548.294984,6335.551772414265,7533.492,39036.24305215819,34081.786984,34092.827204
2026-02-16 06:30:00+01:00,32733.419993787364,26332.567572,6359.027757610954,7540.351,39092.447751398315,33872.918572,33884.356152
2026-02-16 06:45:00+01:00,32752.86850221632,26118.647224,6368.74760073606,7677.16,39121.61610295238,33795.807224000004,33807.872148
2026-02-16 07:00:00+01:00,31809.866269012862,26105.754036,6135.759483941943,7514.343,37945.6257529548,33620.097036,33633.459136
2026-02-16 07:15:00+01:00,31838.23942775187,26187.844048,6122.687345142517,7275.308,37960.92677289439,33463.152047999996,33478.958999999995
2026-02-16 07:30:00+01:00,31860.223950246032,25979.445076,6130.062262256398,7358.218,37990.28621250243,33337.663076,33380.065548
2026-02-16 07:45:00+01:00,31883.106691302273,25797.34368,6120.773477616481,7179.337,38003.88016891875,32976.680680000005,33202.041188
2026-02-16 08:00:00+01:00,29792.09711757715,25712.26516,6184.872734112777,6966.559,35976.96985168992,32678.82416,33206.944404
2026-02-16 08:15:00+01:00,29772.31101000941,25489.15354,6191.982554361216,6767.336,35964.29356437062,32256.48954,33248.12796
2026-02-16 08:30:00+01:00,29701.864783152065,25425.809232,6183.629353023623,6730.754,35885.49413617569,32156.563232,33727.728296
2026-02-16 08:45:00+01:00,29632.647199263127,25080.906568,6165.02437676735,6592.5,35797.67157603048,31673.406568,33900.788208
2026-02-16 09:00:00+01:00,28792.51262764761,24546.113796,6292.288049287525,6418.416,35084.800676935134,30964.529796000003,33988.433392000006
2026-02-16 09:15:00+01:00,28730.145640686387,24138.940972,6283.437107132174,6359.301,35013.58274781856,30498.241972,34299.318192
2026-02-16 09:30:00+01:00,28684.41417100305,23550.018924,6267.799186840371,6213.085,34952.21335784342,29763.103924,34411.927343999996
2026-02-16 09:45:00+01:00,28629.54571664284,23085.022768,6255.662773124435,6011.542,34885.208489767276,29096.564768,34457.151424
2026-02-16 10:00:00+01:00,27339.75038728869,22657.268144,6150.31201719004,6011.913,33490.062404478726,28669.181144,34760.226736000004
2026-02-16 10:15:00+01:00,27269.065591124443,22242.460348,6133.481769294446,5966.22,33402.54736041889,28208.680348,34991.645624000004
2026-02-16 10:30:00+01:00,27192.691888180783,21707.344904,6123.658234929752,5914.58,33316.35012311053,27621.924904,35176.653948
2026-02-16 10:45:00+01:00,27114.53136954569,21378.312964,6095.117164216846,5907.458,33209.648533762534,27285.770964,35558.98538
2026-02-16 11:00:00+01:00,25826.749509238965,20798.145872,5474.246391706969,5965.14,31300.995900945934,26763.285872,35656.422976
2026-02-16 11:15:00+01:00,25728.87866276191,20236.84788,5479.057102913537,5817.58,31207.935765675444,26054.427880000003,35694.710008
2026-02-16 11:30:00+01:00,25648.191751793827,19644.649744,5472.854257388939,5561.926,31121.046009182766,25206.575744,35555.552295999994
2026-02-16 11:45:00+01:00,25601.69519452036,19280.152132,5444.865954728018,5304.748,31046.561149248377,24584.900132,35521.550532
2026-02-16 12:00:00+01:00,22878.042841811228,18864.45684,4959.595134264481,5010.979,27837.637976075708,23875.43584,35053.237587999996
2026-02-16 12:15:00+01:00,22877.692674385675,18274.154344,4945.665691313948,4711.602,27823.358365699623,22985.756344,34363.938076
2026-02-16 12:30:00+01:00,22888.68700586863,17565.438776,4922.661818112737,4446.806,27811.348823981367,22012.244776,33943.16852
2026-02-16 12:45:00+01:00,22916.624090140413,17050.702384,4901.501032021606,4243.528,27818.12512216202,21294.230384,33360.424532000005
2026-02-16 13:00:00+01:00,20564.36213557399,16705.515972,4503.479006163595,4142.833,25067.841141737583,20848.348972,33045.695148
2026-02-16 13:15:00+01:00,20589.63629661245,16294.331196,4501.01224624791,4001.549,25090.648542860363,20295.880196,32406.532388
2026-02-16 13:30:00+01:00,20614.61599781463,16051.602172,4501.375032617525,3856.082,25115.991030432157,19907.684172,31624.501148000003
2026-02-16 13:45:00+01:00,20673.90176202999,15686.078224,4519.991206297329,3649.025,25193.892968327316,19335.103224,30412.21694
2026-02-16 14:00:00+01:00,17933.239852587332,15407.467188,3761.9767422070186,3592.108,21695.21659479435,18999.575188000003,29259.094776
2026-02-16 14:15:00+01:00,18022.307305269147,15293.736916,3762.7552320723807,3585.69,21785.062537341528,18879.426916,28316.065536
2026-02-16 14:30:00+01:00,18113.838024276858,15102.57406,3765.561689039536,3531.609,21879.399713316394,18634.18306,27098.049964
2026-02-16 14:45:00+01:00,18230.851128334478,15107.118408,3795.0226146318546,3471.212,22025.87374296633,18578.330408,26124.372088000004
2026-02-16 15:00:00+01:00,15616.977747408417,15406.014524,3587.8516215281793,3435.361,19204.829368936596,18841.375524,25453.75114
2026-02-16 15:15:00+01:00,15754.372903881731,15456.815892,3608.794143187235,3414.605,19363.167047068964,18871.420892,24503.476528000003
2026-02-16 15:30:00+01:00,15863.314230850718,15091.184132,3653.3467199614765,3323.078,19516.660950812195,18414.262132,23167.37066
2026-02-16 15:45:00+01:00,16004.828997445718,14869.206048,3680.148024594755,3297.994,19684.977022040475,18167.200048,22282.833328
2026-02-16 16:00:00+01:00,14147.558554642595,14717.909168,3885.204230224817,3301.244,18032.762784867413,18019.153168,21274.0652
2026-02-16 16:15:00+01:00,14357.513181639906,14591.371452,3914.0812028725322,3274.304,18271.59438451244,17865.675452,20276.248348
2026-02-16 16:30:00+01:00,14565.899845354987,14576.564848,3942.7366168109043,3268.999,18508.63646216589,17845.563847999998,19511.097179999997
2026-02-16 16:45:00+01:00,14756.152015051228,14459.515964,3957.7232368430955,3227.612,18713.875251894322,17687.127964,18784.740188
2026-02-16 17:00:00+01:00,14545.319225170437,14459.995148,3706.103668849727,3237.212,18251.422894020165,17697.207148,18314.156496
2026-02-16 17:15:00+01:00,14670.411005695154,14837.653016,3761.251967781312,3257.286,18431.662973476465,18094.939016,18377.8497
2026-02-16 17:30:00+01:00,14841.320504885021,15122.44834,3800.933946124548,3250.417,18642.25445100957,18372.86534,18510.547076
2026-02-16 17:45:00+01:00,14962.383877264961,15088.56026,3802.7397991930557,3314.118,18765.123676458017,18402.67826,18481.484444
2026-02-16 18:00:00+01:00,15309.020334922583,15230.70664,3358.7486131672235,3401.988,18667.768948089808,18632.69464,18676.582312
2026-02-16 18:15:00+01:00,15356.448926306452,15311.979776,3386.0568747039097,3396.191,18742.50580101036,18708.170776,18748.110864
2026-02-16 18:30:00+01:00,15392.295928600202,15285.28512,3410.5563772481064,3297.527,18802.852305848308,18582.81212,18646.164188
2026-02-16 18:45:00+01:00,15421.357872219724,15352.847072,3428.33277149192,3244.195,18849.690643711645,18597.042072,18677.681156
2026-02-16 19:00:00+01:00,17485.959737989306,15301.959924,2984.5727443265578,3212.024,20470.532482315863,18513.983924,18628.924852
2026-02-16 19:15:00+01:00,17479.8362364477,15223.346848,2993.5792011983053,3190.838,20473.415437646006,18414.184848,18485.457552
2026-02-16 19:30:00+01:00,17461.033571006625,15284.828328,2999.1297942619294,3228.717,20460.163365268556,18513.545328,18554.982112
2026-02-16 19:45:00+01:00,17404.154676446622,15239.494664,2987.700189936899,3224.135,20391.85486638352,18463.629664,18479.118604
2026-02-16 20:00:00+01:00,15751.665073700808,15118.088052,2950.5776793713535,3219.568,18702.24275307216,18337.656052,18419.2427
2026-02-16 20:15:00+01:00,15715.846831043576,14986.439672,2937.1031545819887,3189.731,18652.949985625564,18176.170672,18201.587816
2026-02-16 20:30:00+01:00,15675.000067338508,14888.125544,2917.2083137587742,3170.596,18592.208381097284,18058.721544,18076.18014
2026-02-16 20:45:00+01:00,15618.593122635237,14837.909528,2899.4193828139228,3130.048,18518.01250544916,17967.957528,17979.444676
2026-02-16 21:00:00+01:00,15933.355300421921,14734.320848,2877.073736263684,3068.272,18810.429036685604,17802.592848,17837.44902
2026-02-16 21:15:00+01:00,15871.203412482791,14572.399572,2860.8077830666953,2956.847,18732.011195549487,17529.246572,17544.501444
2026-02-16 21:30:00+01:00,15821.642230868712,14390.117168,2844.7094757233745,2820.17,18666.351706592086,17210.287168000003,17222.662132
2026-02-16 21:45:00+01:00,15768.709079078924,14344.653952,2827.91652414443,2730.876,18596.625603223354,17075.529952,17091.04308
2026-02-16 22:00:00+01:00,16376.987582534712,14135.199836,2981.052067765399,2680.959,19358.03965030011,16816.158836,16841.650179999997
2026-02-16 22:15:00+01:00,16320.852014019403,14225.115304,2969.1618623238683,2576.334,19290.01387634327,16801.449304,16814.592004000002
2026-02-16 22:30:00+01:00,16246.792002409058,14193.077356,2951.40579920003,2459.571,19198.197801609087,16652.648355999998,16663.23522
2026-02-16 22:45:00+01:00,16189.340224385222,14042.880744,2921.6795510198403,2374.885,19111.01977540506,16417.765744,16428.146732
2026-02-16 23:00:00+01:00,13972.289336739159,13927.381376,2670.6876468900055,2267.402,16642.976983629163,16194.783376,16205.037984
2026-02-16 23:15:00+01:00,13893.78691792876,13745.989504,2665.422995805502,2193.588,16559.209913734263,15939.577504,15949.865811999998
2026-02-16 23:30:00+01:00,13827.070972227339,13588.793732,2640.9294852917965,2163.918,16468.000457519134,15752.711732,15763.217792
2026-02-16 23:45:00+01:00,13796.762151205174,13419.554464,2614.3765338867474,2145.092,16411.138685091923,15564.646464,15575.151096
2026-02-17 00:00:00+01:00,12511.436419904081,13362.384324,2554.369361013708,2115.246,15065.805780917788,15477.630324000002,15488.39448
2026-02-17 00:15:00+01:00,12440.047225298322,13174.616124,2551.8511091538294,2051.319,14991.898334452151,15225.935124,15236.780188
2026-02-17 00:30:00+01:00,12379.522327331853,13168.29362,2549.5682906265024,2085.957,14929.090617958356,15254.25062,15265.036524
2026-02-17 00:45:00+01:00,12315.298486132877,13098.871208,2547.304841952233,2175.952,14862.60332808511,15274.823208000002,15285.242284000002
2026-02-17 01:00:00+01:00,11630.744881848788,13063.763976,2546.9057718300664,2245.387,14177.650653678855,15309.150976,15319.284088
2026-02-17 01:15:00+01:00,11592.998526565943,13052.222112,2545.750382784211,2327.525,14138.748909350154,15379.747112,15389.894088
2026-02-17 01:30:00+01:00,11553.814612308997,12951.029876,2539.1261934658746,2488.193,14092.940805774871,15439.222876,15449.286056
2026-02-17 01:45:00+01:00,11524.955488778323,12896.038832,2530.194974872333,2657.15,14055.150463650656,15553.188832,15563.229688
2026-02-17 02:00:00+01:00,11802.573830281355,12943.444496,2872.9633505811253,2822.559,14675.53718086248,15766.003496,15775.778508
2026-02-17 02:15:00+01:00,11771.466929551261,12971.106528,2878.343028834328,2858.767,14649.80995838559,15829.873528,15839.690632
2026-02-17 02:30:00+01:00,11747.675796825388,12888.482184,2889.298700759127,2930.807,14636.974497584515,15819.289184,15829.39212
2026-02-17 02:45:00+01:00,11724.305627600417,12806.635392,2897.6137067543646,2879.837,14621.919334354781,15686.472392,15696.641624
2026-02-17 03:00:00+01:00,11703.888812873447,12949.431488,3468.5038593894083,2765.742,15172.392672262855,15715.173488,15725.283608
2026-02-17 03:15:00+01:00,11692.636695593215,12918.27678,3472.133677386236,2894.875,15164.770372979452,15813.15178,15823.16314
2026-02-17 03:30:00+01:00,11698.914939570855,12887.68956,3480.44031631808,2896.654,15179.355255888935,15784.34356,15794.318744000002
2026-02-17 03:45:00+01:00,11699.959960939344,12981.573772,3487.254556256589,2951.159,15187.214517195933,15932.732772,15942.766164
2026-02-17 04:00:00+01:00,12031.150161562422,12960.540612,3642.844670646493,3014.77,15673.994832208915,15975.310612,15985.045324
2026-02-17 04:15:00+01:00,12029.498370741594,12911.290564,3635.8204123132637,3111.667,15665.318783054858,16022.957564,16032.571224
2026-02-17 04:30:00+01:00,12026.990475882008,12844.264896,3642.6059478582347,3267.718,15669.596423740244,16111.982896,16121.804236000002
2026-02-17 04:45:00+01:00,12018.018529756018,12793.063188,3657.190864454527,3312.729,15675.209394210546,16105.792188,16115.593712
2026-02-17 05:00:00+01:00,11906.255581592402,12729.256156,3607.8881064967104,3256.658,15514.143688089112,15985.914156,15995.575284
2026-02-17 05:15:00+01:00,11891.620205494237,12737.13418,3600.157728259116,3245.559,15491.777933753354,15982.693179999998,15992.238068
2026-02-17 05:30:00+01:00,11877.821356298067,12666.7268,3590.301248737784,3309.095,15468.122605035851,15975.8218,15985.53636
2026-02-17 05:45:00+01:00,11867.149653827304,12644.19214,3573.4294021804208,3402.82,15440.579056007726,16047.01214,16056.767504
2026-02-17 06:00:00+01:00,13081.218152570049,12853.413044,3510.188651047045,3387.816,16591.406803617094,16241.229044,16251.465812
2026-02-17 06:15:00+01:00,13068.141631988472,12871.311044,3538.020987562069,3432.702,16606.16261955054,16304.013044,16319.464328
2026-02-17 06:30:00+01:00,13093.361576216355,12724.662348,3559.0638516543268,3426.552,16652.425427870683,16151.214348,16171.959508
2026-02-17 06:45:00+01:00,13100.08556212381,12582.595468,3571.0803861486474,3316.513,16671.165948272457,15899.108468,15918.542868
2026-02-17 07:00:00+01:00,13022.031650649145,12469.130524,3499.205669820767,3230.344,16521.23732046991,15699.474524,15713.288244
2026-02-17 07:15:00+01:00,13046.550085919052,12387.135868,3478.7006242657376,3338.186,16525.25071018479,15725.321868,15750.4833
2026-02-17 07:30:00+01:00,13060.101531771752,12289.508696,3484.8813972600387,3386.533,16544.98292903179,15676.041696,15748.311908
2026-02-17 07:45:00+01:00,13080.661234929956,12125.957688,3465.308995576588,3526.893,16545.970230506544,15652.850688,15990.728596
2026-02-17 08:00:00+01:00,14456.887622940476,12123.598376,3459.419817916613,3624.942,17916.30744085709,15748.540376,16480.631468
2026-02-17 08:15:00+01:00,14443.688886798684,11974.985108,3459.200699937996,3406.274,17902.88958673668,15381.259108,16649.298204
2026-02-17 08:30:00+01:00,14502.08236454245,11932.372832,3442.1030916223503,3351.97,17944.1854561648,15284.342831999998,17164.22684
2026-02-17 08:45:00+01:00,14445.151140853504,11740.175544,3428.3689267268705,3242.414,17873.520067580375,14982.589544,17586.432588
2026-02-17 09:00:00+01:00,14759.891736005653,11697.734036,3547.8116998523988,3088.093,18307.703435858053,14785.827036,18241.638723999997
2026-02-17 09:15:00+01:00,14706.12679839886,11769.334852,3539.3244929269986,2967.145,18245.45129132586,14736.479852,18906.122032
2026-02-17 09:30:00+01:00,14665.035049152744,11713.83308,3527.310388003379,2785.757,18192.345437156124,14499.59008,19510.262256
2026-02-17 09:45:00+01:00,14611.454078398181,11606.546084,3519.6257818373924,2654.013,18131.07986023557,14260.559084,20064.545388
2026-02-17 10:00:00+01:00,14658.324116196207,11560.810788,3500.1488995984723,2207.278,18158.47301579468,13768.088788,20577.857468
2026-02-17 10:15:00+01:00,14596.893735258147,11357.882156,3484.02453148,2278.676,18080.918266738146,13636.558156,21391.354384
2026-02-17 10:30:00+01:00,14536.014712992268,11173.35962,3474.914074161925,2267.267,18010.928787154193,13440.62662,22164.13588
2026-02-17 10:45:00+01:00,14478.995747491146,11114.23058,3448.001571326586,1777.905,17926.997318817732,12892.13558,22409.871428
2026-02-17 11:00:00+01:00,13718.909624078457,11019.624996,2792.904380085138,1489.554,16511.814004163596,12509.178996,22942.481408
2026-02-17 11:15:00+01:00,13642.457602742605,10846.5232,2799.466983156394,1434.722,16441.924585899,12281.2452,23471.303507999997
2026-02-17 11:30:00+01:00,13588.304453860992,10760.584172,2792.9635249698076,1494.35,16381.2679788308,12254.934172,23853.052320000003
2026-02-17 11:45:00+01:00,13569.120956487694,10751.277776,2766.23066509938,1337.862,16335.351621587073,12089.139776,23945.606532
2026-02-17 12:00:00+01:00,13514.482377318105,10953.923992,2721.260439959047,1203.039,16235.742817277152,12156.962992,24451.833556
2026-02-17 12:15:00+01:00,13535.735503473345,11176.267728,2713.8453904326307,1186.079,16249.580893905975,12362.346728,24760.341108
2026-02-17 12:30:00+01:00,13562.881772325363,11640.751076,2692.7572894332575,1133.497,16255.63906175862,12774.248076,25491.53716
2026-02-17 12:45:00+01:00,13601.232155684282,11951.454092,2674.424184526083,1026.118,16275.656340210364,12977.572092,25708.152312
2026-02-17 13:00:00+01:00,14025.378999090462,12285.021704,2445.3117375050565,1242.442,16470.69073659552,13527.463704000002,26066.00282
2026-02-17 13:15:00+01:00,14070.72723105894,12380.87858,2448.2276957397644,1437.082,16518.954926798702,13817.96058,26203.493724
2026-02-17 13:30:00+01:00,14104.513240195067,12429.426852,2449.6598012660716,1586.077,16554.173041461137,14015.503852,26092.913468
2026-02-17 13:45:00+01:00,14161.563254729112,12670.329772,2465.32386233311,1971.172,16626.887117062222,14641.501772,26471.96306
2026-02-17 14:00:00+01:00,14679.384627351797,13049.037416,2250.9560525219354,2183.69,16930.340679873734,15232.727416,26828.221492
2026-02-17 14:15:00+01:00,14776.000685470215,13429.427952,2253.140963386706,2338.445,17029.141648856923,15767.872952,26821.100144
2026-02-17 14:30:00+01:00,14892.464364977364,13477.661144,2256.205501576509,2716.63,17148.66986655387,16194.291144,26705.615524
2026-02-17 14:45:00+01:00,15027.630698418869,13654.225992,2287.064382978968,2891.862,17314.695081397836,16546.087992,26603.34366
2026-02-17 15:00:00+01:00,14401.414891597355,13980.525496,2289.672637466935,2931.127,16691.08752906429,16911.652496,25987.131867999997
2026-02-17 15:15:00+01:00,14537.521804836331,14115.939756,2315.6050752387473,3249.241,16853.126880075077,17365.180756,25738.494712
2026-02-17 15:30:00+01:00,14699.349035177283,14337.063116,2357.644100281539,3263.602,17056.993135458823,17600.665116,24852.839548
2026-02-17 15:45:00+01:00,14834.359491051553,14278.065056,2383.411835781054,3199.063,17217.771326832608,17477.128056,23611.13318
2026-02-17 16:00:00+01:00,16695.749257465017,14574.087804,2253.788743329724,3016.162,18949.538000794742,17590.249804,22560.191344
2026-02-17 16:15:00+01:00,16911.918183140788,14876.933072,2272.094633241122,2664.43,19184.01281638191,17541.363072,21272.128356
2026-02-17 16:30:00+01:00,17085.823996203482,15389.211016,2292.6699798563895,2406.311,19378.49397605987,17795.522016,20439.874468
2026-02-17 16:45:00+01:00,17334.903322695824,15587.977112,2306.352573404087,2252.813,19641.25589609991,17840.790112000002,19604.010616000003
2026-02-17 17:00:00+01:00,18319.749995045848,15952.058296,2675.4891039328545,2149.706,20995.2390989787,18101.764296,19079.958296
2026-02-17 17:15:00+01:00,18464.87047015515,16682.046352,2715.5620799827007,1989.75,21180.43255013785,18671.796352,19082.403076
2026-02-17 17:30:00+01:00,18520.669698245412,17311.883892,2740.872008656239,1829.128,21261.54170690165,19141.011892,19244.734528
2026-02-17 17:45:00+01:00,18641.589132188095,17453.374868,2746.0514779322343,1950.39,21387.64061012033,19403.764868,19444.574299999997
2026-02-17 18:00:00+01:00,18869.967000308257,17796.213544,4793.5712614526155,2207.936,23663.538261760874,20004.149544,20037.272724
2026-02-17 18:15:00+01:00,18959.53704462287,18129.65114,4816.459874235539,2388.913,23775.996918858407,20518.56414,20549.36282
2026-02-17 18:30:00+01:00,19027.805874391503,18209.889368,4835.950333447007,2525.939,23863.75620783851,20735.828368,20763.137464
2026-02-17 18:45:00+01:00,19086.150597176336,18245.151824,4845.155785116455,2944.045,23931.30638229279,21189.196824,21211.32554
2026-02-17 19:00:00+01:00,20260.155226599592,18350.64296,6029.16944417664,3313.163,26289.324670776234,21663.80596,21684.991376
2026-02-17 19:15:00+01:00,20258.89077024404,18624.7721,6037.555107814455,3476.053,26296.445878058497,22100.8251,22119.575524
2026-02-17 19:30:00+01:00,20246.901190239467,18796.845896,6042.12666188172,3462.731,26289.027852121188,22259.576896,22274.483355999997
2026-02-17 19:45:00+01:00,20205.36997662039,18805.230088,6030.804441013584,3635.761,26236.174417633974,22440.991088,22454.020776
2026-02-17 20:00:00+01:00,20403.956141738385,18893.987596,5124.695851477592,3910.495,25528.65199321598,22804.482596,22821.622067999997
2026-02-17 20:15:00+01:00,20354.123191743412,19151.64782,5111.4454445829815,4317.201,25465.568636326396,23468.84882,23483.038928
2026-02-17 20:30:00+01:00,20323.6055802018,19142.897188,5090.59241428718,4888.682,25414.197994488983,24031.579188,24043.962284
2026-02-17 20:45:00+01:00,20274.215846370615,19216.112996,5076.578918019173,5135.519,25350.794764389786,24351.631996,24363.988804
2026-02-17 21:00:00+01:00,20481.209759594858,19124.212892,4548.994528776062,5331.057,25030.204288370922,24455.269892,24467.443668
2026-02-17 21:15:00+01:00,20404.744365703355,18929.291352,4542.807993706656,5359.834,24947.55235941001,24289.125352,24301.20176
2026-02-17 21:30:00+01:00,20341.38497596352,18842.105984,4532.066013869599,5380.287,24873.45098983312,24222.392984,24234.494312000003
2026-02-17 21:45:00+01:00,20276.228335140164,18555.957676,4522.4395674435145,5392.902,24798.66790258368,23948.859676,23961.073032
2026-02-17 22:00:00+01:00,20118.322975962717,17703.295188,3450.3642876675012,5300.205,23568.687263630218,23003.500188,23014.740887999997
2026-02-17 22:15:00+01:00,20061.61763553507,17799.461296,3444.574083805474,5308.378,23506.191719340542,23107.839296,23119.297816
2026-02-17 22:30:00+01:00,19988.181945498913,17929.911212,3426.148049087832,5178.073,23414.329994586744,23107.984212,23119.609156
2026-02-17 22:45:00+01:00,19927.753264902964,17727.587956,3398.9337331439383,4826.015,23326.686998046902,22553.602956,22564.990395999997
2026-02-17 23:00:00+01:00,21558.327915498292,17489.319644,3415.7442559763276,4781.593,24974.072171474618,22270.912644,22282.258212
2026-02-17 23:15:00+01:00,21486.257212647157,17336.81758,3416.0487822331934,4603.931,24902.30599488035,21940.74858,21952.069884
2026-02-17 23:30:00+01:00,21425.53662651408,17046.291204,3395.3997048111232,4446.961,24820.936331325203,21493.252204,21504.46846
2026-02-17 23:45:00+01:00,21397.13930893674,16692.385944,3373.6367330229677,4294.471,24770.77604195971,20986.856944,20998.45106
2026-02-18 00:00:00+01:00,18507.370047117263,16361.642536,3228.9232964841863,4039.57,21736.29334360145,20401.212536,20412.699836
2026-02-18 00:15:00+01:00,18437.441051531932,16167.12568,3226.712436531123,3825.324,21664.153488063057,19992.44968,20003.711183999996
2026-02-18 00:30:00+01:00,18378.136256316873,16055.737488,3223.816368554374,3794.493,21601.952624871246,19850.230488,19861.554004
2026-02-18 00:45:00+01:00,18311.320853125668,15756.158284,3226.8386932935073,3633.91,21538.159546419174,19390.068284,19401.470632
2026-02-18 01:00:00+01:00,16443.817116363374,15401.488404,3279.2318104794685,3423.247,19723.048926842843,18824.735404,18836.2253
2026-02-18 01:15:00+01:00,16409.599181293503,15006.55854,3270.858600705409,3275.035,19680.457781998914,18281.59354,18292.95962
2026-02-18 01:30:00+01:00,16373.194993233805,14711.793144,3259.583835569697,3228.747,19632.7788288035,17940.540144,17951.812016
2026-02-18 01:45:00+01:00,16344.815383295761,14395.485176,3247.877954188114,3035.184,19592.693337483877,17430.669176,17442.003816
2026-02-18 02:00:00+01:00,13966.69391409294,14329.54106,3339.511925713878,2748.14,17306.20583980682,17077.68106,17088.80286
2026-02-18 02:15:00+01:00,13939.24534903901,14097.27892,3346.788808703072,2544.55,17286.034157742084,16641.82892,16652.800208
2026-02-18 02:30:00+01:00,13910.466321923355,13738.181548,3359.279101934744,2415.878,17269.745423858098,16154.059548,16165.143828
2026-02-18 02:45:00+01:00,13883.086257599156,13273.77752,3364.381128208663,2233.224,17247.46738580782,15507.00152,15518.233596
2026-02-18 03:00:00+01:00,12362.285551559358,12785.951996,2798.462496225313,2061.32,15160.748047784671,14847.271996,14858.256684
2026-02-18 03:15:00+01:00,12341.666301932471,12438.809784,2806.897968759884,1904.162,15148.564270692355,14342.971784,14353.948344
2026-02-18 03:30:00+01:00,12341.55320758481,11987.39804,2816.6662024249495,1775.897,15158.219410009759,13763.29504,13774.216128
2026-02-18 03:45:00+01:00,12344.995906449558,11494.9648,2827.9128530996613,1669.973,15172.90875954922,13164.9378,13176.007564
2026-02-18 04:00:00+01:00,9381.784123206744,10986.21322,2422.738940778171,1580.17,11804.523063984914,12566.38322,12577.157296
2026-02-18 04:15:00+01:00,9374.832734230526,10273.696172,2418.335804393419,1533.34,11793.168538623944,11807.036172,11817.816508
2026-02-18 04:30:00+01:00,9367.040415904701,9676.156988,2426.1973098136873,1402.974,11793.237725718389,11079.130988,11090.097936
2026-02-18 04:45:00+01:00,9355.773068538243,9101.763056,2438.5839421500787,1271.911,11794.357010688322,10373.674056,10384.481956
2026-02-18 05:00:00+01:00,7371.1614135580885,8471.346136,1837.369362357697,1224.272,9208.530775915786,9695.618136,9706.241504
2026-02-18 05:15:00+01:00,7356.21385654035,7839.3173,1829.8401773437345,1163.865,9186.054033884084,9003.1823,9014.054312
2026-02-18 05:30:00+01:00,7341.136857396947,7235.506372,1826.5715499046391,1102.078,9167.708407301587,8337.584372,8348.535348
2026-02-18 05:45:00+01:00,7331.488493495977,6733.139228,1815.9602740826488,1002.925,9147.448767578626,7736.064228,7747.111816
2026-02-18 06:00:00+01:00,4096.033519053029,6437.60568,1192.781979583073,873.053,5288.815498636101,7310.65868,7322.519996
2026-02-18 06:15:00+01:00,4082.24896883267,6084.329284,1224.8758784586687,753.798,5307.1248472913385,6838.127284,6850.09278
2026-02-18 06:30:00+01:00,4099.145069548962,5681.243844,1246.8725509463884,656.793,5346.0176204953505,6338.036843999999,6350.661639999999
2026-02-18 06:45:00+01:00,4096.405760704769,5311.095456,1256.8287860481257,558.441,5353.234546752895,5869.536456,5893.8503439999995
2026-02-18 07:00:00+01:00,3400.3690140481785,5001.390364,1068.7982152527968,475.906,4469.167229300975,5477.296364,5505.003156
2026-02-18 07:15:00+01:00,3416.5257707416813,4681.482788,1054.4320328950623,471.139,4470.957803636744,5152.621788,5241.353872000001
2026-02-18 07:30:00+01:00,3420.5931568217243,4413.013076,1064.543157132836,470.415,4485.13631395456,4883.428076,5203.0304320000005
2026-02-18 07:45:00+01:00,3426.9998165245156,4175.66316,1049.6017704356377,450.29,4476.601586960153,4625.95316,5475.515024
2026-02-18 08:00:00+01:00,2003.3465063837648,3925.63978,875.0451188875834,428.28,2878.391625271348,4353.91978,5858.581836
2026-02-18 08:15:00+01:00,1973.101530333589,3670.896092,869.9624680392865,403.105,2843.063998372875,4074.001092,6373.235212
2026-02-18 08:30:00+01:00,1974.918171481638,3403.089752,870.2713664440024,369.21,2845.1895379256403,3772.299752,6888.713659999999
2026-02-18 08:45:00+01:00,1909.5965346286048,3085.445056,853.0957382979424,316.694,2762.692272926547,3402.139056,7430.631028
2026-02-18 09:00:00+01:00,1541.2252515543303,2805.564148,776.1228645519174,275.104,2317.3481161062477,3080.6681479999997,8021.769867999999
2026-02-18 09:15:00+01:00,1460.8421820994818,2511.33334,767.3243181868562,269.202,2228.166500286338,2780.5353400000004,8652.556616000002
2026-02-18 09:30:00+01:00,1404.2126657044419,2218.188968,752.0422005789068,283.199,2156.2548662833487,2501.387968,9317.297044
2026-02-18 09:45:00+01:00,1343.276423966085,2052.635856,738.4774703897463,302.469,2081.753894355831,2355.104856,10267.327528
2026-02-18 10:00:00+01:00,1277.7355703249298,1956.46866,756.7351698549129,315.541,2034.4707401798428,2272.00966,11276.065284
2026-02-18 10:15:00+01:00,1212.3085097973858,1878.664596,742.4034209023641,328.284,1954.71193069975,2206.948596,12268.967132
2026-02-18 10:30:00+01:00,1138.9392374011836,1845.259064,733.9121798493205,330.329,1872.8514172505043,2175.588064,13497.67458
2026-02-18 10:45:00+01:00,1074.5109341341183,1802.187244,711.2377839342396,381.294,1785.748718068358,2183.481244,14871.911548
2026-02-18 11:00:00+01:00,907.3189357420949,1774.729436,854.4035376127723,421.811,1761.7224733548674,2196.540436,16143.495544
2026-02-18 11:15:00+01:00,824.1629121069334,1754.8776,862.6927862205761,439.127,1686.8556983275093,2194.0046,17260.458440000002
2026-02-18 11:30:00+01:00,761.4259943073857,1810.060576,847.278726162193,450.412,1608.7047204695787,2260.472576,18289.15696
2026-02-18 11:45:00+01:00,738.734114288797,1897.674576,813.7782399478895,430.061,1552.5123542366864,2327.735576,19188.23702
2026-02-18 12:00:00+01:00,1299.9861458667237,1913.876108,823.2592667087314,424.769,2123.2454125754552,2338.6451079999997,20084.91738
2026-02-18 12:15:00+01:00,1312.1228201880135,1928.261132,806.879906823782,422.733,2119.0027270117953,2350.9941320000003,20380.59346
2026-02-18 12:30:00+01:00,1322.8926974003896,2060.493536,781.426236821286,462.494,2104.3189342216756,2522.987536,20575.733284
2026-02-18 12:45:00+01:00,1352.0146454992246,2121.5355,767.6989349231826,498.172,2119.713580422407,2619.7075,20504.070452
2026-02-18 13:00:00+01:00,1303.742882523457,2244.724392,854.5181632748925,575.562,2158.261045798349,2820.286392,20350.658852
2026-02-18 13:15:00+01:00,1339.5354031207066,2355.723116,849.9657368293366,619.731,2189.501139950043,2975.454116,20210.679464
2026-02-18 13:30:00+01:00,1363.6281924628502,2494.315244,850.0646234664864,655.549,2213.6928159293366,3149.864244,20065.671768
2026-02-18 13:45:00+01:00,1407.7283180394797,2688.692188,856.4454220149252,693.4,2264.173740054405,3382.092188,19579.382044
2026-02-18 14:00:00+01:00,2308.511097046896,2892.439972,859.2550167816155,793.946,3167.766113828511,3686.385972,19124.215376
2026-02-18 14:15:00+01:00,2403.5656856848173,3197.372504,867.8045118680265,888.192,3271.370197552844,4085.564504,18819.370084
2026-02-18 14:30:00+01:00,2507.093263141784,3536.623668,870.5812220061277,985.239,3377.6744851479116,4521.862668,18401.512604
2026-02-18 14:45:00+01:00,2640.4014252078723,3920.087224,893.8348650536725,1104.629,3534.236290261545,5024.716224,17931.343144
2026-02-18 15:00:00+01:00,3266.79486937095,4349.387736,1023.2449494239719,1199.278,4290.039818794922,5548.665736,17361.16962
2026-02-18 15:15:00+01:00,3424.806063937027,4807.572212,1044.5793414065618,1263.205,4469.385405343589,6070.777212,16634.092948
2026-02-18 15:30:00+01:00,3558.2308258982785,5336.978104,1077.7802803708066,1366.093,4636.011106269085,6703.071104,15710.237828
2026-02-18 15:45:00+01:00,3671.0430168133366,5874.258544,1094.0563273551343,1488.105,4765.099344168471,7362.363544,14820.432528
2026-02-18 16:00:00+01:00,3814.958246489463,6281.942344,1566.1182687452088,1566.316,5381.076515234672,7848.258344,13584.279952
2026-02-18 16:15:00+01:00,3971.237236357173,6672.548264,1583.345504348586,1711.752,5554.582740705759,8384.300264,12560.553376
2026-02-18 16:30:00+01:00,4120.112639529249,7157.522072,1605.7136401417856,1824.864,5725.826279671034,8982.386072,11853.088248
2026-02-18 16:45:00+01:00,4378.91329799351,7716.56254,1618.4108875867887,1923.237,5997.324185580299,9639.79954,11395.110268
2026-02-18 17:00:00+01:00,7056.223056361314,8397.184036,2088.0029443489207,2137.366,9144.226000710234,10534.550036,11439.753196
2026-02-18 17:15:00+01:00,7192.3702595436125,9066.070848,2121.1775607881236,2349.494,9313.547820331736,11415.564848,11828.107596
2026-02-18 17:30:00+01:00,7348.378684677564,9694.550136,2161.6299566390435,2704.844,9510.008641316606,12399.394136,12581.687575999998
2026-02-18 17:45:00+01:00,7452.272058156737,10295.357244,2155.0750537016147,3035.504,9607.347111858351,13330.861244,13476.965852
2026-02-18 18:00:00+01:00,10242.966778128977,10997.864776,2456.6541212579077,3417.51,12699.620899386886,14415.374776,14541.795512
2026-02-18 18:15:00+01:00,10324.249571107704,11678.873484,2476.8469485985934,3816.731,12801.096519706298,15495.604484,15575.193744
2026-02-18 18:30:00+01:00,10388.338446178037,12433.996364,2494.7806526208233,4181.82,12883.11909879886,16615.816364,16685.686103999997
2026-02-18 18:45:00+01:00,10446.51363182381,13166.752308,2501.368909929573,4360.458,12947.882541753383,17527.210307999998,17581.6969
2026-02-18 19:00:00+01:00,12090.423697121409,13889.697564,3735.26398850706,4510.931,15825.687685628469,18400.628564,18436.576728
2026-02-18 19:15:00+01:00,12091.099147201308,14527.531616,3744.0777878272747,4796.542,15835.176935028583,19324.073616,19351.255948
2026-02-18 19:30:00+01:00,12084.529267557078,15142.0281,3749.260929278953,5071.809,15833.790196836031,20213.8371,20231.099136
2026-02-18 19:45:00+01:00,12046.371328418805,15600.781616,3740.0561828163372,5225.759,15786.427511235142,20826.540616,20842.536328
2026-02-18 20:00:00+01:00,12289.29184832665,16079.404328,4805.314098982012,5451.784,17094.60594730866,21531.188328,21556.405292
2026-02-18 20:15:00+01:00,12254.651277288778,16658.439912,4795.201572356897,5604.096,17049.852849645675,22262.535912,22288.034036
2026-02-18 20:30:00+01:00,12220.668602768152,17262.508908,4776.820925518678,5719.697,16997.48952828683,22982.205908,22995.500956
2026-02-18 20:45:00+01:00,12170.420746598431,17804.513088,4760.856939797168,5826.337,16931.2776863956,23630.850088,23643.412124
2026-02-18 21:00:00+01:00,13063.524077990316,18415.70072,5622.5240842010835,5854.562,18686.0481621914,24270.26272,24287.859348
2026-02-18 21:15:00+01:00,12993.984537798278,18821.763516,5614.191642635171,5905.54,18608.17618043345,24727.303516,24740.05436
2026-02-18 21:30:00+01:00,12927.563582244198,19175.81748,5598.6756137385455,5950.509,18526.239195982744,25126.326480000003,25138.585516000003
2026-02-18 21:45:00+01:00,12835.313551927977,19466.696232,5589.299360710358,5985.775,18424.612912638335,25452.471231999996,25464.775851999995
2026-02-18 22:00:00+01:00,13002.813120114428,18932.419376,6197.021195716371,6018.972,19199.834315830798,24951.391376,24963.036772
2026-02-18 22:15:00+01:00,12956.184560256577,19117.775656,6187.723747900309,6076.263,19143.908308156886,25194.038656,25205.641416
2026-02-18 22:30:00+01:00,12887.357158989298,19207.796844,6177.740490280632,6133.067,19065.09764926993,25340.863844,25352.255924
2026-02-18 22:45:00+01:00,12827.516332802916,19384.191344,6157.977462485525,6217.749,18985.493795288443,25601.940344,25613.533216
2026-02-18 23:00:00+01:00,13073.631001702926,19672.730556,6580.669107992106,6262.785,19654.300109695032,25935.515556,25947.214076
2026-02-18 23:15:00+01:00,13001.913356789155,19890.860156,6577.394710600155,6287.674,19579.30806738931,26178.534156,26190.124387999997
2026-02-18 23:30:00+01:00,12939.449592175502,20161.439216,6556.449536508731,6243.481,19495.899128684236,26404.920216,26416.541136
2026-02-18 23:45:00+01:00,12908.949080640974,20238.073872,6534.295585609955,6194.051,19443.24466625093,26432.124872,26443.889348
2026-02-19 00:00:00+01:00,15730.60186437874,20290.214408,6677.9277715311355,5967.998,22408.529635909876,26258.212408,26269.953768
2026-02-19 00:15:00+01:00,15656.660548383577,20474.829276,6670.294724309107,6103.926,22326.955272692685,26578.755276,26590.601916
2026-02-19 00:30:00+01:00,15591.88453079492,20730.06708,6667.885012127252,6236.132,22259.76954292217,26966.19908,26978.176668
2026-02-19 00:45:00+01:00,15515.792730692732,21006.935092,6668.252033684743,6304.643,22184.044764377475,27311.578092,27323.160672
2026-02-19 01:00:00+01:00,15721.086670234135,21179.003724,6852.773917177435,6189.635,22573.86058741157,27368.638723999997,27380.339591999997
2026-02-19 01:15:00+01:00,15674.291270172958,21316.133576,6840.127923559111,6277.774,22514.41919373207,27593.907576,27605.49894
2026-02-19 01:30:00+01:00,15631.65957738651,21550.77916,6830.940404322945,6381.25,22462.599981709456,27932.02916,27943.593048
2026-02-19 01:45:00+01:00,15594.68211058836,21740.557872,6816.541474243727,6495.222,22411.223584832085,28235.779872,28247.257
2026-02-19 02:00:00+01:00,16205.279766045973,21911.655704,6708.196742862318,6625.723,22913.47650890829,28537.378704,28548.63732
2026-02-19 02:15:00+01:00,16170.397830014932,22112.184236,6709.279813761715,6609.769,22879.677643776646,28721.953236,28733.279324000003
2026-02-19 02:30:00+01:00,16131.441564339842,22367.700048,6719.313097902592,6612.652,22850.754662242434,28980.352048,28991.687132
2026-02-19 02:45:00+01:00,16095.238401942011,22642.769232,6721.184626033451,6614.323,22816.423027975463,29257.092232,29268.601908
2026-02-19 03:00:00+01:00,15827.092291633819,22868.132852,6725.211754088837,6625.578,22552.304045722656,29493.710852,29505.061208
2026-02-19 03:15:00+01:00,15803.405486837142,23176.767984,6733.166570262917,6694.85,22536.57205710006,29871.617983999997,29882.937607999997
2026-02-19 03:30:00+01:00,15796.866192706711,23415.008932,6742.646907640365,6782.109,22539.513100347074,30197.117932,30208.353596
2026-02-19 03:45:00+01:00,15789.528836643442,23641.937032,6751.967976558787,6906.93,22541.49681320223,30548.867032,30560.093696000004
2026-02-19 04:00:00+01:00,15998.97869689117,23818.397896,6717.731250874003,6983.473,22716.70994776517,30801.870896,30813.398224
2026-02-19 04:15:00+01:00,15974.932220394598,23812.415384,6714.421552276142,6922.491,22689.35377267074,30734.906384,30746.362064
2026-02-19 04:30:00+01:00,15954.461902106881,23976.067128,6718.916627843613,6958.234,22673.378529950496,30934.301128,30945.791804
2026-02-19 04:45:00+01:00,15934.363355926342,24038.159708,6727.035433286521,6925.474,22661.398789212864,30963.633708,30975.587896
2026-02-19 05:00:00+01:00,16117.927698638687,24212.457392,6733.536311239332,6927.48,22851.46400987802,31139.937392,31151.111112
2026-02-19 05:15:00+01:00,16091.037978954013,24279.066116,6723.445530136702,7098.011,22814.483509090715,31377.077116,31388.318568
2026-02-19 05:30:00+01:00,16061.932576611032,24289.20338,6716.10431422162,6945.494,22778.036890832653,31234.69738,31245.889492
2026-02-19 05:45:00+01:00,16043.765061423625,24288.287904,6702.3076773535,6860.546,22746.072738777126,31148.833904,31160.244668
2026-02-19 06:00:00+01:00,16384.579539579725,25213.838632,6699.762903346349,6705.798,23084.342442926074,31919.636632,31931.477688
2026-02-19 06:15:00+01:00,16361.909966591926,25184.17496,6727.261925717766,6776.945,23089.171892309692,31961.11996,31972.89476
2026-02-19 06:30:00+01:00,16367.790626723354,25234.50324,6744.13877676007,6737.076,23111.929403483424,31971.57924,31983.791492
2026-02-19 06:45:00+01:00,16359.113867005037,25222.906152,6749.476637249942,6610.752,23108.59050425498,31833.658152,31846.37436
2026-02-19 07:00:00+01:00,17373.76811385837,25147.18604,6666.815298077897,6608.055,24040.583411936266,31755.24104,31772.674372
2026-02-19 07:15:00+01:00,17380.630769459396,25083.266544,6650.822925451171,6699.911,24031.453694910568,31783.177544,31824.394399999997
2026-02-19 07:30:00+01:00,17377.352717350965,25019.144304,6658.652811659757,6549.864,24036.005529010723,31569.008304000003,31788.230332000003
2026-02-19 07:45:00+01:00,17374.66199357037,24906.15528,6642.840646175463,6630.056,24017.502639745835,31536.21128,32128.229228
2026-02-19 08:00:00+01:00,17346.544720889386,24527.16884,6601.620946851095,6666.116,23948.165667740483,31193.28484,32260.944964
2026-02-19 08:15:00+01:00,17312.31933391743,24215.710356,6595.8024995064325,6726.65,23908.121833423862,30942.360355999997,32569.087003999997
2026-02-19 08:30:00+01:00,17196.390837267823,23745.313572,6605.111225156357,6722.835,23801.50206242418,30468.148572,32711.706624
2026-02-19 08:45:00+01:00,17122.900234304914,23077.904416,6584.295599806235,6724.366,23707.19583411115,29802.270416,32648.639496
2026-02-19 09:00:00+01:00,17636.957314932653,22443.869776,6576.815311696846,6752.45,24213.7726266295,29196.319776,32738.622684
2026-02-19 09:15:00+01:00,17586.486382415755,21968.469396,6565.47177315367,6784.517,24151.958155569424,28752.986396,33024.393076
2026-02-19 09:30:00+01:00,17531.703185293427,21605.016376,6546.803961204337,6842.228,24078.507146497763,28447.244376,33539.343844
2026-02-19 09:45:00+01:00,17478.041219894076,21010.042912,6533.227209044642,6829.604,24011.268428938718,27839.646912,33759.83658
2026-02-19 10:00:00+01:00,16001.405185574393,20283.997548,6665.782056451972,6757.776,22667.187242026364,27041.773547999997,33842.181524
2026-02-19 10:15:00+01:00,15951.559056708262,19817.265964,6656.326706888019,6665.406,22607.88576359628,26482.671963999997,34184.190731999995
2026-02-19 10:30:00+01:00,15896.660671673904,19500.185472,6648.781654290229,6640.425,22545.442325964133,26140.610472,34773.56136
2026-02-19 10:45:00+01:00,15851.100756669584,19338.697784,6614.854057917856,6640.376,22465.95481458744,25979.073784,35441.45172
2026-02-19 11:00:00+01:00,15275.943858435066,19182.52586,6644.290998007944,6667.673,21920.23485644301,25850.19886,36118.573208
2026-02-19 11:15:00+01:00,15207.960167451012,18888.325672,6653.664137402317,6652.719,21861.62430485333,25541.044672,36483.067752
2026-02-19 11:30:00+01:00,15158.044644521195,18688.895408,6642.814093511241,6636.539,21800.858738032435,25325.434408,36834.061052000005
2026-02-19 11:45:00+01:00,15150.581259730074,18540.787164,6612.691379845585,6348.136,21763.272639575658,24888.923164,36901.136784
2026-02-19 12:00:00+01:00,15552.94039473271,18477.7629,6498.714858077732,6213.523,22051.655252810444,24691.285900000003,37200.973132
2026-02-19 12:15:00+01:00,15575.600076462033,18713.164928,6485.633141584397,6227.124,22061.23321804643,24940.288928,37849.103508
2026-02-19 12:30:00+01:00,15599.998358984212,19103.786896,6462.110104213081,6188.6,22062.10846319729,25292.386896000004,38659.653044000006
2026-02-19 12:45:00+01:00,15637.420294932184,19449.95766,6447.402993066764,6245.09,22084.82328799895,25695.04766,39217.807916
2026-02-19 13:00:00+01:00,17495.0796293622,19981.09508,6644.575361802977,6444.763,24139.65499116518,26425.85808,40009.271
2026-02-19 13:15:00+01:00,17530.269858575015,20347.013688,6645.198390594851,6445.482,24175.468249169866,26792.495688,40345.790396
2026-02-19 13:30:00+01:00,17554.396291135065,20638.203976,6645.201411134153,6474.726,24199.597702269217,27112.929976,40391.082304
2026-02-19 13:45:00+01:00,17599.70896459975,20658.993648,6662.187473988074,6493.966,24261.896438587824,27152.959648,40092.919608
2026-02-19 14:00:00+01:00,19329.745312078707,21005.499932,6776.734184143186,6489.891,26106.479496221895,27495.390932,39925.703347999995
2026-02-19 14:15:00+01:00,19424.818283206547,21441.586692,6785.089101319633,6471.678,26209.90738452618,27913.264692,39741.158748
2026-02-19 14:30:00+01:00,19525.748612229545,21719.065752,6796.9046678484,6466.881,26322.653280077946,28185.946752,39285.430176
2026-02-19 14:45:00+01:00,19633.4112978885,21916.25262,6824.072370769038,6478.765,26457.483668657536,28395.01762,38498.733284
2026-02-19 15:00:00+01:00,20701.466285038932,21880.638936,6857.334846588698,6462.705,27558.80113162763,28343.343935999997,37361.175703999994
2026-02-19 15:15:00+01:00,20829.59644925169,22057.167688,6885.427287441487,6398.087,27715.023736693176,28455.254688,36320.324436
2026-02-19 15:30:00+01:00,20922.878775331963,22124.830884,6931.881945161942,6358.98,27854.760720493905,28483.810884,35138.94264
2026-02-19 15:45:00+01:00,21019.621897077748,22180.72976,6946.2823154543785,6346.403,27965.90421253213,28527.13276,34024.342628
2026-02-19 16:00:00+01:00,21419.029782200705,22202.527736,6929.862620003286,6369.672,28348.89240220399,28572.199736,32883.296784
2026-02-19 16:15:00+01:00,21641.423686865426,22332.32168,6930.007846127998,6344.242,28571.431532993425,28676.56368,31895.82588
2026-02-19 16:30:00+01:00,21818.155929120072,22388.322548,6938.352898037726,6426.619,28756.5088271578,28814.941548,31080.304448
2026-02-19 16:45:00+01:00,21939.89845167817,22552.382164,6940.677454124761,6449.099,28880.575905802933,29001.481163999997,30457.074267999997
2026-02-19 17:00:00+01:00,21746.489423782645,23018.225924,6996.451696610441,6453.818,28742.941120393087,29472.043924,30301.257788
2026-02-19 17:15:00+01:00,21890.250795016404,23813.900344,7012.593810863769,6467.585,28902.84460588017,30281.485344,30642.894836
2026-02-19 17:30:00+01:00,22100.11914412491,23997.25974,7025.590581199691,6480.768,29125.709725324603,30478.02774,30606.618624
2026-02-19 17:45:00+01:00,22190.392933254636,24157.764304,7026.14850616637,6485.515,29216.541439421006,30643.279304,30679.018212
2026-02-19 18:00:00+01:00,22092.6190391005,24199.19438,6968.743857110905,6536.934,29061.362896211405,30736.12838,30771.010932
2026-02-19 18:15:00+01:00,22176.46597816102,24367.842768,6985.544380321011,6528.648,29162.01035848203,30896.490768,30931.109832
2026-02-19 18:30:00+01:00,22234.8266269944,24453.420752,7006.766451614804,6535.544,29241.593078609203,30988.964752,31026.83302
2026-02-19 18:45:00+01:00,22290.135369080977,24831.774044,7026.08992969944,6550.24,29316.225298780417,31382.014044000003,31419.881444
2026-02-19 19:00:00+01:00,22323.766950293626,25056.799548,7064.018014461755,6558.973,29387.78496475538,31615.772548,31648.363912
2026-02-19 19:15:00+01:00,22337.964396892443,25088.555628,7078.712359324703,6573.004,29416.676756217144,31661.559628,31683.566435999997
2026-02-19 19:30:00+01:00,22341.377865498143,25084.019416,7082.279594369015,6571.689,29423.657459867158,31655.708416,31672.118256
2026-02-19 19:45:00+01:00,22310.9932847141,25037.294188,7078.425193622645,6554.699,29389.418478336745,31591.993188,31604.716804
2026-02-19 20:00:00+01:00,21460.304080304755,24816.46584,7114.468445452159,6504.216,28574.772525756915,31320.68184,31337.91566
2026-02-19 20:15:00+01:00,21413.342502591295,24624.30152,7119.177078123501,6483.396,28532.519580714797,31107.69752,31119.271332
2026-02-19 20:30:00+01:00,21388.38908979413,24376.174896,7118.9603825654885,6468.432,28507.34947235962,30844.606896,30855.701428
2026-02-19 20:45:00+01:00,21350.255421223483,24098.851596,7111.504677456685,6441.985,28461.76009868017,30540.836596,30551.88638
2026-02-19 21:00:00+01:00,20121.765504414856,23640.977816,7204.201191967345,6413.407,27325.966696382202,30054.384816,30065.120819999996
2026-02-19 21:15:00+01:00,20055.340288495787,23310.253644,7199.876478984109,6411.517,27255.216767479895,29721.770644,29732.73346
2026-02-19 21:30:00+01:00,19994.61091033473,23126.54956,7187.651586739187,6426.975,27182.262497073916,29553.52456,29564.685048
2026-02-19 21:45:00+01:00,19919.902723236468,23068.479776,7135.49756945688,6432.984,27055.400292693346,29501.463776,29512.540952
2026-02-19 22:00:00+01:00,18398.105437905928,22161.567412,7160.000559528442,6455.075,25558.10599743437,28616.642412,28627.554584
2026-02-19 22:15:00+01:00,18366.26385674778,22102.44216,7152.949667100135,6455.197,25519.213523847917,28557.63916,28568.454036
2026-02-19 22:30:00+01:00,18313.128118338107,21947.821108,7130.885314822491,6462.447,25444.0134331606,28410.268108,28421.33254
2026-02-19 22:45:00+01:00,18258.703128910114,21789.473996,7095.458508232265,6469.653,25354.16163714238,28259.126996,28270.1231
2026-02-19 23:00:00+01:00,18116.014639839304,21533.246216,7071.5970414703515,6452.003,25187.611681309656,27985.249216,27996.198884
2026-02-19 23:15:00+01:00,18050.57291170844,21499.177524,7065.710513463569,6468.039,25116.283425172012,27967.216524,27978.134476
2026-02-19 23:30:00+01:00,17990.835432791504,21410.886808,7042.018456456967,6482.254,25032.853889248472,27893.140808,27904.017416
2026-02-19 23:45:00+01:00,17954.55844636405,21390.108144,7017.340439976736,6481.615,24971.898886340787,27871.723144000003,27882.995052
2026-02-20 00:00:00+01:00,18515.820399887998,21362.053584,6958.431135051903,6512.937,25474.2515349399,27874.990584,27886.91884
2026-02-20 00:15:00+01:00,18452.77938600377,21376.394628,6955.35393381335,6579.214,25408.13331981712,27955.608628,27966.660136
2026-02-20 00:30:00+01:00,18401.4932653658,21271.939928,6959.299436556855,6674.842,25360.792701922655,27946.781928,27957.929184
2026-02-20 00:45:00+01:00,18341.22738380059,20777.938508,6964.104404241219,6667.879,25305.331788041807,27445.817508,27457.13118
2026-02-20 01:00:00+01:00,18355.649404272157,20226.523388,6843.170554471371,6639.596,25198.81995874353,26866.119388,26877.746024
2026-02-20 01:15:00+01:00,18318.029784802628,19679.892972,6833.984253636086,6608.831,25152.014038438712,26288.723972,26300.364148
2026-02-20 01:30:00+01:00,18288.335341930942,19122.824116,6829.752965645044,6607.198,25118.088307575985,25730.022116,25740.877812
2026-02-20 01:45:00+01:00,18259.517709770957,18610.901516,6819.451631028476,6599.971,25078.969340799435,25210.872516000003,25222.668316000003
2026-02-20 02:00:00+01:00,16151.369328086854,18295.536568,6805.891883497365,6595.756,22957.26121158422,24891.292568,24903.318328
2026-02-20 02:15:00+01:00,16126.79358340037,17922.966348,6805.121334158298,6606.663,22931.914917558668,24529.629348,24542.186136000004
2026-02-20 02:30:00+01:00,16099.167852202998,17442.86036,6815.823073569907,6618.554,22914.990925772905,24061.41436,24074.18204
2026-02-20 02:45:00+01:00,16073.586685003838,17091.166428,6820.340286956888,6626.217,22893.926971960725,23717.383428,23729.427296
2026-02-20 03:00:00+01:00,16273.426562062426,16875.452024,6780.636631024902,6605.88,23054.063193087328,23481.332024,23493.452932
2026-02-20 03:15:00+01:00,16260.18908585781,16865.626064,6789.369380765875,6608.963,23049.558466623683,23474.589064,23487.02736
2026-02-20 03:30:00+01:00,16261.873267164783,16813.380608,6798.628234805018,6621.405,23060.5015019698,23434.785608,23447.550876
2026-02-20 03:45:00+01:00,16264.36193652738,16774.5842,6808.893692713029,6640.315,23073.25562924041,23414.8992,23426.01606
2026-02-20 04:00:00+01:00,15479.360803684054,16588.39364,6805.430332941626,6455.219,22284.79113662568,23043.61264,23054.972904
2026-02-20 04:15:00+01:00,15462.359033859131,16862.62274,6799.852607727968,6461.716,22262.2116415871,23324.33874,23335.571144
2026-02-20 04:30:00+01:00,15449.955983567801,17375.12666,6805.034087636584,6459.375,22254.990071204385,23834.50166,23845.347708
2026-02-20 04:45:00+01:00,15431.866241802654,17746.693748,6811.786321738419,6488.447,22243.652563541073,24235.140748,24246.153152000003
2026-02-20 05:00:00+01:00,15260.620186705773,17786.720268,6656.757158306867,6495.219,21917.37734501264,24281.939268,24292.81374
2026-02-20 05:15:00+01:00,15238.448028124929,18028.169152,6653.687725689236,6541.146,21892.135753814164,24569.315152,24580.409452
2026-02-20 05:30:00+01:00,15209.833549727957,18371.804388,6644.019754312801,6391.766,21853.853304040756,24763.570388,24774.440116
2026-02-20 05:45:00+01:00,15189.262644013541,18472.878996,6627.7312128124495,6149.049,21816.99385682599,24621.927996,24633.0479
2026-02-20 06:00:00+01:00,16218.052784312538,19467.950484,6553.62635889018,6363.869,22771.679143202717,25831.819484,25842.930584
2026-02-20 06:15:00+01:00,16196.077935342355,19676.426384,6583.165839416462,6232.03,22779.24377475882,25908.456383999997,25919.741015999996
2026-02-20 06:30:00+01:00,16203.628423286265,19847.226136,6600.4119867832605,6247.492,22804.040410069527,26094.718136000003,26106.221852
2026-02-20 06:45:00+01:00,16191.866094178857,20144.386608,6603.578332006788,6100.542,22795.444426185644,26244.928608,26257.233976000003
2026-02-20 07:00:00+01:00,17050.00152662725,20102.535188,6513.16435989195,5949.387,23563.1658865192,26051.922188,26072.013968
2026-02-20 07:15:00+01:00,17052.27289662393,19887.297436,6498.5479869788305,5927.877,23550.820883602762,25815.174436,25865.696244
2026-02-20 07:30:00+01:00,17046.886603297702,19538.802392,6500.481490236009,5942.997,23547.36809353371,25481.799392,25806.914476
2026-02-20 07:45:00+01:00,17040.02460669318,19493.159688,6485.92611471374,5948.444,23525.95072140692,25441.603688,26530.514604
2026-02-20 08:00:00+01:00,16284.385920352814,19193.216032,6408.621308350933,5772.24,22693.007228703747,24965.456032,27093.434212
2026-02-20 08:15:00+01:00,16188.718908347431,18659.275032,6404.640318698457,5889.856,22593.35922704589,24549.131032,27858.711136
2026-02-20 08:30:00+01:00,15925.4778196433,18329.309732,6397.175907676468,5931.239,22322.65372731977,24260.548732000003,28996.8703
2026-02-20 08:45:00+01:00,15834.81048915797,17936.610384,6375.018469819388,5795.013,22209.828958977356,23731.623384,30092.811608
2026-02-20 09:00:00+01:00,15504.577293605773,17765.398952,6446.892279299431,6184.817,21951.469572905204,23950.215952,32044.600339999997
2026-02-20 09:15:00+01:00,15456.23730919918,17154.466536,6435.605226385533,6464.97,21891.842535584714,23619.436536,33454.85478
2026-02-20 09:30:00+01:00,15403.143630172026,16696.835956,6416.778680217379,6553.947,21819.922310389404,23250.782956,34821.570056
2026-02-20 09:45:00+01:00,15354.846735203962,16292.519984,6404.5876499460055,6690.915,21759.43438514997,22983.434984,36129.958736
2026-02-20 10:00:00+01:00,14985.529554720246,16076.720312,6603.16406118487,6694.434,21588.693615905115,22771.154312,37460.834984
2026-02-20 10:15:00+01:00,14946.25194751169,15710.915336,6595.3102935259985,6835.96,21541.56224103769,22546.875336,38504.531444
2026-02-20 10:30:00+01:00,14905.695268112722,15442.16228,6589.611757902349,6497.751,21495.30702601507,21939.91328,39028.020220000006
2026-02-20 10:45:00+01:00,14875.490889523535,15329.482736,6559.162043881905,6517.597,21434.65293340544,21847.079736,39880.4775
2026-02-20 11:00:00+01:00,14163.570510565845,15372.199864,6606.078444661618,6551.788,20769.648955227465,21923.987864,40737.450884
2026-02-20 11:15:00+01:00,14108.68956838561,15335.062824,6616.3477289714465,6508.241,20725.037297357056,21843.303824,41390.900844
2026-02-20 11:30:00+01:00,14070.693702455232,15363.516064,6607.291507292359,6569.099,20677.98520974759,21932.615064,42106.806964
2026-02-20 11:45:00+01:00,14072.64270651137,15247.30676,6580.378061411886,6623.713,20653.020767923255,21871.01976,42440.193808
2026-02-20 12:00:00+01:00,14455.027918901822,15011.977552,6741.004480636601,6719.676,21196.032399538424,21731.653552,42548.518508
2026-02-20 12:15:00+01:00,14485.866475875026,15047.877512,6729.806379732885,6556.048,21215.67285560791,21603.925512,42382.770172
2026-02-20 12:30:00+01:00,14520.555474305464,15139.097988,6709.42372453216,6324.035,21229.979198837624,21463.132988,42014.339268
2026-02-20 12:45:00+01:00,14561.276100514388,15367.005224,6696.405350105482,6125.841,21257.68145061987,21492.846224,41599.249240000005
2026-02-20 13:00:00+01:00,15256.66387668291,15601.582984,6726.30797805853,6234.969,21982.971854741438,21836.551984,41453.686348
2026-02-20 13:15:00+01:00,15295.743353011523,15971.40926,6730.046451779859,6162.621,22025.789804791384,22134.03026,40937.503507999994
2026-02-20 13:30:00+01:00,15324.50562058547,16043.456812,6732.86276271305,6143.991,22057.36838329852,22187.447812,40114.855104
2026-02-20 13:45:00+01:00,15372.179960917185,16164.717924,6749.672516241145,6146.309,22121.85247715833,22311.026924,39137.278632
2026-02-20 14:00:00+01:00,16029.07988067426,16102.561936,7079.806501595425,6083.338,23108.886382269688,22185.899936,38035.518636
2026-02-20 14:15:00+01:00,16127.930345380997,16214.568924,7089.318425032534,6128.872,23217.24877041353,22343.440924,37182.081176
2026-02-20 14:30:00+01:00,16230.060395137849,16324.995352,7102.216379779355,6243.306,23332.276774917205,22568.301352,36190.483288
2026-02-20 14:45:00+01:00,16342.443906563765,16619.362624,7128.630711846066,6272.269,23471.07461840983,22891.631624,35215.820812000005
2026-02-20 15:00:00+01:00,16558.86042796113,17208.660888,7101.72980317931,6454.86,23660.590231140442,23663.520888,34488.202659999995
2026-02-20 15:15:00+01:00,16684.90546354143,17556.21278,7127.224673287616,6677.426,23812.130136829044,24233.63878,33484.512384
2026-02-20 15:30:00+01:00,16811.403030859467,17786.790012,7153.445730692229,6921.202,23964.848761551693,24707.992012,32417.124932
2026-02-20 15:45:00+01:00,16904.17013724544,18228.104044,7167.647691538261,7100.96,24071.8178287837,25329.064044,31435.063736
2026-02-20 16:00:00+01:00,17349.600112722903,18491.1148,7218.774448609403,7156.627,24568.374561332304,25647.7418,30311.458888
2026-02-20 16:15:00+01:00,17516.650633108817,18799.924944,7216.5383645926695,7221.7,24733.188997701487,26021.624944,29415.950016
2026-02-20 16:30:00+01:00,17679.942635675165,18855.808396,7219.3129145101375,7300.704,24899.255550185302,26156.512396,28490.479964
2026-02-20 16:45:00+01:00,17817.75375984532,18888.09466,7216.160413795953,7492.075,25033.91417364127,26380.16966,27874.201648
2026-02-20 17:00:00+01:00,18781.320468180445,19646.563048,7231.802816601717,7637.46,26013.123284782163,27284.023048,28029.967696
2026-02-20 17:15:00+01:00,18921.05484533518,20551.901392,7253.403107115737,7654.898,26174.457952450917,28206.799392,28482.27166
2026-02-20 17:30:00+01:00,19077.647032796496,21274.783548,7263.187177352013,7637.57,26340.83421014851,28912.353548,28990.88816
2026-02-20 17:45:00+01:00,19165.11635398931,22050.26988,7264.946157257267,7728.945,26430.06251124658,29779.21488,29828.840596
2026-02-20 18:00:00+01:00,21685.105319731683,23106.883268,6888.527500865783,7727.423,28573.632820597464,30834.306268,30876.009568
2026-02-20 18:15:00+01:00,21779.06083542492,24075.031748,6909.287097854151,7688.434,28688.34793327907,31763.465748,31794.166756
2026-02-20 18:30:00+01:00,21851.499135907372,25128.552748,6929.131590192827,7733.268,28780.6307261002,32861.820748,32886.947368
2026-02-20 18:45:00+01:00,21924.18737805187,26195.188288,6941.140388561835,7753.302,28865.327766613704,33948.490288,33971.659756
2026-02-20 19:00:00+01:00,25166.851877536945,27194.383604,6981.814161673498,7705.481,32148.666039210442,34899.864604,34917.129656000005
2026-02-20 19:15:00+01:00,25195.18231919468,28160.745116,7007.5320072588365,7704.953,32202.714326453515,35865.698116,35879.882884
2026-02-20 19:30:00+01:00,25214.83647948897,28815.2641,7022.726962520888,7692.581,32237.563442009858,36507.8451,36521.898184
2026-02-20 19:45:00+01:00,25195.340857915937,29490.131144,7029.0181510407765,7849.951,32224.359008956715,37340.082144,37353.584776
2026-02-20 20:00:00+01:00,27838.663243580802,30376.364328,6985.855851558023,7849.437,34824.51909513882,38225.801328,38239.379016
2026-02-20 20:15:00+01:00,27836.81236054205,31074.069284,6994.675081382629,7778.443,34831.48744192468,38852.512284,38868.367148000005
2026-02-20 20:30:00+01:00,27831.357835605362,31837.065884,7005.171477242526,7734.027,34836.52931284789,39571.092884,39586.395284
2026-02-20 20:45:00+01:00,27813.7077122662,32634.248908,7005.386437572412,7808.113,34819.09414983862,40442.361908,40454.624848
2026-02-20 21:00:00+01:00,30464.951746026076,33059.152688,6982.5549967833085,7928.706,37447.50674280938,40987.858688,41000.683976
2026-02-20 21:15:00+01:00,30421.395863748166,33630.009816,6986.777705333992,7920.405,37408.17356908216,41550.414816,41561.771175999995
2026-02-20 21:30:00+01:00,30380.32590662068,34283.098884,6982.163797268992,8068.285,37362.489703889674,42351.383883999995,42362.900751999994
2026-02-20 21:45:00+01:00,30319.27812135463,34776.511588,6974.405329331774,8033.849,37293.6834506864,42810.360588,42822.10182
2026-02-20 22:00:00+01:00,31484.18217477857,33408.343972,7075.912591581791,7952.188,38560.09476636036,41360.531972,41373.42320800001
2026-02-20 22:15:00+01:00,31465.151594414972,34160.119352,7074.39454018927,7918.621,38539.54613460424,42078.740352,42090.22622
2026-02-20 22:30:00+01:00,31424.314364596714,34460.21308,7058.242855636887,7865.527,38482.557220233604,42325.74008,42336.94838
2026-02-20 22:45:00+01:00,31383.436317222157,34868.19442,7029.516153392142,7843.08,38412.9524706143,42711.27442,42722.216708
2026-02-20 23:00:00+01:00,32192.093408571032,35495.594588,6917.954306253681,7618.192,39110.047714824716,43113.786588,43124.48058
2026-02-20 23:15:00+01:00,32138.41315844835,35948.328492,6917.005410975741,7661.784,39055.418569424095,43610.112492,43620.697984
2026-02-20 23:30:00+01:00,32093.05745528655,36286.573808,6895.717371786983,7651.942,38988.77482707353,43938.515808,43949.479096
2026-02-20 23:45:00+01:00,32062.542218960964,36198.535024,6869.259737884327,7633.969,38931.80195684529,43832.504023999994,43843.62443599999
2026-02-21 00:00:00+01:00,32126.937898815377,36491.123492,6714.590248405075,7234.036,38841.52814722045,43725.159492,43737.357324
2026-02-21 00:15:00+01:00,32064.795075169015,36903.663192,6715.357234396659,7247.52,38780.152309565674,44151.183192,44161.87474
2026-02-21 00:30:00+01:00,32011.72943051604,37092.346884,6722.66145869516,7295.706,38734.3908892112,44388.052884,44398.837148
2026-02-21 00:45:00+01:00,31937.066278771315,37142.445036,6726.870246055522,7270.211,38663.93652482684,44412.656036,44423.534412
2026-02-21 01:00:00+01:00,32169.775582998496,37098.923708,6518.058992219034,7448.279,38687.83457521753,44547.202708,44557.928960000005
2026-02-21 01:15:00+01:00,32117.649982728424,36859.22794,6509.367133976668,7487.491,38627.017116705094,44346.71894,44357.565956
2026-02-21 01:30:00+01:00,32071.52913946542,36937.3822,6504.667131419854,7473.598,38576.19627088527,44410.9802,44421.872452
2026-02-21 01:45:00+01:00,32025.484136071216,37335.54172,6495.104737451157,7401.769,38520.58887352237,44737.31072,44748.324552
2026-02-21 02:00:00+01:00,31979.285295248552,37269.373304,6588.290639956776,7420.932,38567.57593520533,44690.305304,44701.066856000005
2026-02-21 02:15:00+01:00,31938.431981477363,37190.596196,6585.199797671081,7442.533,38523.63177914845,44633.129196,44643.999608
2026-02-21 02:30:00+01:00,31890.9924678579,37735.268292,6593.434865045861,7443.404,38484.42733290376,45178.672292,45189.907228
2026-02-21 02:45:00+01:00,31852.59540815758,37493.755848,6593.578215938496,7410.14,38446.173624096074,44903.895848,44915.576064
2026-02-21 03:00:00+01:00,32580.762336519056,37338.206172,6834.5434357559025,7462.154,39415.30577227496,44800.360172,44811.692256
2026-02-21 03:15:00+01:00,32564.172882193485,37165.41524,6841.082376846662,7535.423,39405.25525904015,44700.838240000005,44712.055736
2026-02-21 03:30:00+01:00,32559.081778356787,37124.265252,6847.642161812443,7504.037,39406.72394016923,44628.302251999994,44639.579832
2026-02-21 03:45:00+01:00,32554.699461970256,37146.053504,6854.043223777549,7397.856,39408.742685747806,44543.909504,44555.281076
2026-02-21 04:00:00+01:00,32680.552335382265,37209.998408,6915.895875275423,7261.043,39596.44821065769,44471.041408,44482.157708
2026-02-21 04:15:00+01:00,32668.093960360893,37107.359376,6905.963775190609,7259.986,39574.057735551505,44367.345376,44378.87012
2026-02-21 04:30:00+01:00,32666.29686747484,37376.903904,6907.382802553565,7427.055,39573.6796700284,44803.958904,44815.145136
2026-02-21 04:45:00+01:00,32654.33927406019,37642.100024,6907.943941658316,7404.312,39562.283215718504,45046.412024,45057.419692
2026-02-21 05:00:00+01:00,32731.49778695658,37505.16254,6923.331530432727,7496.231,39654.82931738931,45001.39354,45012.070208
2026-02-21 05:15:00+01:00,32715.93289875914,37605.399096,6913.037684119189,7721.082,39628.970582878326,45326.481096,45336.906364
2026-02-21 05:30:00+01:00,32696.882931485823,38057.708332,6894.149940739252,7650.741,39591.03287222508,45708.449332,45719.202656
2026-02-21 05:45:00+01:00,32678.87062083417,37632.955656,6881.671964347049,7654.116,39560.54258518122,45287.071656,45298.0748
2026-02-21 06:00:00+01:00,32760.70589184524,38719.536464,6974.234732438327,7387.863,39734.94062428357,46107.399463999995,46118.559751999994
2026-02-21 06:15:00+01:00,32740.801115577524,38928.548296,6997.275617491852,7344.292,39738.07673306938,46272.840296,46284.112964
2026-02-21 06:30:00+01:00,32747.837911864972,38563.65278,7010.257742577517,7356.185,39758.09565444249,45919.837779999994,45931.697283999994
2026-02-21 06:45:00+01:00,32738.475265974586,38691.110076,7004.542446747384,7350.14,39743.01771272197,46041.250076,46053.78906
2026-02-21 07:00:00+01:00,33331.81363868234,38801.50966,6948.0913379215235,7512.301,40279.904976603866,46313.81066,46326.208952
2026-02-21 07:15:00+01:00,33319.505996862834,38728.767024,6929.715208144232,7574.63,40249.22120500707,46303.397024,46330.707544
2026-02-21 07:30:00+01:00,33297.982400895635,38242.266944,6931.529145737209,7617.869,40229.51154663284,45860.135944,46006.00184
2026-02-21 07:45:00+01:00,33290.38631889803,38596.652476,6919.039964739902,7614.082,40209.426283637935,46210.734476000005,46626.67106000001
2026-02-21 08:00:00+01:00,32968.3563274398,38635.45114,6951.059987585766,7840.694,39919.41631502556,46476.14514,47277.21852
2026-02-21 08:15:00+01:00,32892.30090444855,38696.944964,6950.744103368312,7867.374,39843.045007816865,46564.318964000006,47890.164388000005
2026-02-21 08:30:00+01:00,32742.59656604257,38518.705084,6960.841228520774,7886.539,39703.437794563346,46405.244084,48377.912196
2026-02-21 08:45:00+01:00,32659.507120993934,38231.287632,6938.324721015034,7999.596,39597.83184200897,46230.883632,48953.873351999995
2026-02-21 09:00:00+01:00,32341.966439296684,37915.79978,6513.233122983562,8049.42,38855.19956228025,45965.21978,49538.294592
2026-02-21 09:15:00+01:00,32280.630235901557,37785.275064,6500.0021340021085,8020.296,38780.632369903666,45805.571064,50348.836392000005
2026-02-21 09:30:00+01:00,32229.11825865054,36874.681164,6485.153660262359,7999.246,38714.2719189129,44873.927164,50287.35726
2026-02-21 09:45:00+01:00,32176.420194427857,36404.27334,6475.448906000488,8005.681,38651.86910042835,44409.95434,50628.58818
2026-02-21 10:00:00+01:00,32320.549592251075,36061.534116,6081.709647431078,8033.352,38402.25923968216,44094.886116,51144.420464
2026-02-21 10:15:00+01:00,32279.984677725246,35631.48496,6073.280825539599,8035.285,38353.26550326485,43666.769960000005,51397.69568800001
2026-02-21 10:30:00+01:00,32245.721901448305,34883.463288,6068.287817950089,8005.231,38314.0097193984,42888.694288,51276.39272
2026-02-21 10:45:00+01:00,32229.725065620572,34202.357484,6043.124466149109,7956.408,38272.84953176968,42158.765484,51094.394816
2026-02-21 11:00:00+01:00,32177.54153160492,33860.565092,5979.976199063385,7933.586,38157.5177306683,41794.151092,51235.883292
2026-02-21 11:15:00+01:00,32125.628053328237,33260.749696,5988.939691127571,7922.025,38114.56774445581,41182.774696,51011.420992
2026-02-21 11:30:00+01:00,32091.680957801203,32735.646804,5979.700230292793,7897.302,38071.381188094,40632.948804,50677.924752
2026-02-21 11:45:00+01:00,32098.998406744184,32516.214392,5947.380887625973,7902.683,38046.379294370156,40418.897392,50768.428124
2026-02-21 12:00:00+01:00,31767.223030335386,32352.006744,5930.6799095762,7906.375,37697.90293991158,40258.381744,50732.384632
2026-02-21 12:15:00+01:00,31798.145928244496,32353.391948,5918.216406359982,7910.27,37716.36233460448,40263.661948,50794.987944
2026-02-21 12:30:00+01:00,31840.611361983676,32094.728984,5896.629362411932,7851.021,37737.24072439561,39945.749984,50542.310392
2026-02-21 12:45:00+01:00,31887.109608482682,31778.728684,5881.504855435137,7827.01,37768.61446391782,39605.738684,50261.156412
2026-02-21 13:00:00+01:00,30555.345424493895,31466.642728,5866.022564796484,7791.081,36421.36798929038,39257.723728,49716.73516
2026-02-21 13:15:00+01:00,30605.019421276895,31163.561048,5866.775079512651,7724.68,36471.79450078955,38888.241048,48877.019912
2026-02-21 13:30:00+01:00,30642.446786740285,30570.467336,5869.004838040369,7611.228,36511.45162478065,38181.695336,47838.51688
2026-02-21 13:45:00+01:00,30687.032619156147,30628.557556,5885.518153614019,7534.629,36572.55077277016,38163.186556,47425.764164
2026-02-21 14:00:00+01:00,28564.402081749628,30723.581612,5632.515863764852,7474.967,34196.91794551448,38198.548612,46925.80228
2026-02-21 14:15:00+01:00,28664.329373095516,30332.97182,5641.344052338419,7354.266,34305.67342543393,37687.237819999995,45851.55944
2026-02-21 14:30:00+01:00,28758.135034317602,29840.223088,5650.715925817386,7066.605,34408.85096013499,36906.828087999995,44535.774384
2026-02-21 14:45:00+01:00,28862.344986210825,29395.700536,5670.8872871422445,6821.218,34533.23227335307,36216.918536,43193.196944
2026-02-21 15:00:00+01:00,26141.57999021519,29060.414748,4755.918492322777,6764.783,30897.498482537965,35825.197748,42149.186804
2026-02-21 15:15:00+01:00,26255.872019867653,28893.106832,4771.514908742068,6737.823,31027.38692860972,35630.929832,41139.593644
2026-02-21 15:30:00+01:00,26338.846751149624,28399.536692,4793.055642894126,6705.096,31131.90239404375,35104.632692,39900.178488
2026-02-21 15:45:00+01:00,26429.64520001264,28076.850592,4806.103354063974,6474.795,31235.748554076614,34551.645592,38560.177608
2026-02-21 16:00:00+01:00,23642.019964432537,27943.444268,3805.8851124090406,6165.869,27447.905076841576,34109.313268,37379.796156
2026-02-21 16:15:00+01:00,23735.968381934745,27859.650544,3803.238419440136,5663.583,27539.20680137488,33523.233544,36049.378328000006
2026-02-21 16:30:00+01:00,23931.27075936639,27478.390552,3846.932155980733,5141.023,27778.202915347123,32619.413552,34428.50888
2026-02-21 16:45:00+01:00,24006.824831067628,27132.759888,3851.782187074598,5010.005,27858.607018142226,32142.764888,33302.788448
2026-02-21 17:00:00+01:00,22567.810953990753,26951.114772,3484.171384849537,4764.564,26051.98233884029,31715.678772,32361.963984
2026-02-21 17:15:00+01:00,22707.846098210626,27132.833768,3536.218934921797,4422.301,26244.06503313242,31555.134768,31827.112308
2026-02-21 17:30:00+01:00,22796.82678031869,27191.420868,3584.012856675053,4125.654,26380.839636993744,31317.074868000003,31463.032288
2026-02-21 17:45:00+01:00,22929.07089405898,27053.965216,3616.9053621097933,3887.516,26545.97625616877,30941.481216,31044.774304
2026-02-21 18:00:00+01:00,22127.66000091701,26941.477832,2906.258886550555,3872.315,25033.918887467567,30813.792832,30858.519416
2026-02-21 18:15:00+01:00,22212.051201243976,26917.871168,2950.2450101621725,3801.823,25162.29621140615,30719.694168,30773.510396
2026-02-21 18:30:00+01:00,22276.51296666167,27055.260332,2967.5011812929793,3652.737,25244.01414795465,30707.997332000003,30743.353356000003
2026-02-21 18:45:00+01:00,22364.180003068235,27041.06078,2974.514469196394,3481.213,25338.69447226463,30522.27378,30551.212516
2026-02-21 19:00:00+01:00,22284.665484777524,26989.548532,2988.788901444611,3328.678,25273.454386222136,30318.226532,30344.45998
2026-02-21 19:15:00+01:00,22316.71238270205,26940.400864,3007.3766611544834,3233.359,25324.089043856533,30173.759864,30200.626996
2026-02-21 19:30:00+01:00,22342.25765826786,26930.873752,3021.569434327389,3154.741,25363.82709259525,30085.614752,30106.177612
2026-02-21 19:45:00+01:00,22332.57330793958,27284.886708,3025.2754469199945,3135.393,25357.848754859573,30420.279708,30443.189208000003
2026-02-21 20:00:00+01:00,22245.823653197902,27362.33586,3207.4202081598182,3043.396,25453.24386135772,30405.73186,30428.340932
2026-02-21 20:15:00+01:00,22235.536694917475,27675.907832,3215.908304507197,3337.632,25451.44499942467,31013.539832,31026.773368
2026-02-21 20:30:00+01:00,22224.872422447253,27729.004828,3231.0653325770545,3610.886,25455.937755024308,31339.890828,31351.879976
2026-02-21 20:45:00+01:00,22201.387429724495,27864.080752,3235.0726379449443,3897.999,25436.46006766944,31762.079752,31773.46954
2026-02-21 21:00:00+01:00,22153.705776375093,27846.46162,3776.2251711006534,4114.557,25929.930947475747,31961.01862,31971.815236
2026-02-21 21:15:00+01:00,22104.017268816653,27622.06798,3778.01360619734,4337.999,25882.030875013992,31960.06698,31970.765436
2026-02-21 21:30:00+01:00,22062.26086804797,27512.190056,3775.761368665037,4314.955,25838.022236713008,31827.145056,31837.967812000003
2026-02-21 21:45:00+01:00,22017.306238974215,27543.287176,3771.2129721886427,4274.981,25788.519211162857,31818.268176,31829.207892
2026-02-21 22:00:00+01:00,19282.8696282633,26498.619664,3929.8612594781484,4362.744,23212.730887741447,30861.363664,30875.396448
2026-02-21 22:15:00+01:00,19266.31844533702,26394.591688,3924.7283727116433,4481.443,23191.046818048664,30876.034688,30889.058612
2026-02-21 22:30:00+01:00,19222.526118104775,26372.901564,3909.090007234213,4377.798,23131.616125338987,30750.699564,30764.043196
2026-02-21 22:45:00+01:00,19178.84037846005,26487.098464,3893.3759419819125,4216.331,23072.216320441963,30703.429464,30714.566248
2026-02-21 23:00:00+01:00,21297.754438492448,26438.151528,4252.497543233719,3624.665,25550.251981726167,30062.816528,30072.623956
2026-02-21 23:15:00+01:00,21247.61578865675,26217.619488,4252.045280507778,3616.581,25499.661069164526,29834.200488,29845.821248000004
2026-02-21 23:30:00+01:00,21204.762380676515,25797.92008,4235.1132043738535,3795.343,25439.87558505037,29593.26308,29604.36178
2026-02-21 23:45:00+01:00,21176.834400800857,25663.251336,4207.927784507605,3952.188,25384.762185308464,29615.439336000003,29627.822256000003
2026-02-22 00:00:00+01:00,24557.519667678356,25660.422952,5240.393475117673,4369.962,29797.91314279603,30030.384952,30040.9335
2026-02-22 00:15:00+01:00,24509.64435926579,25724.534604,5235.636223159122,4745.477,29745.28058242491,30470.011604,30481.176312
2026-02-22 00:30:00+01:00,24461.904664691556,25714.025492,5238.164496698706,4998.01,29700.06916139026,30712.035492000003,30722.442384
2026-02-22 00:45:00+01:00,24393.036965678868,25612.392932,5235.819319497134,5085.003,29628.856285176,30697.395932,30707.801204
2026-02-22 01:00:00+01:00,24871.18654601806,25550.230808,5584.190100837694,5054.677,30455.376646855755,30604.907808,30615.025068
2026-02-22 01:15:00+01:00,24815.178548994656,25560.519132,5570.920975548733,4945.43,30386.099524543388,30505.949132,30514.204084
2026-02-22 01:30:00+01:00,24775.768425029168,25600.67462,5564.681316259892,4872.451,30340.44974128906,30473.125620000003,30483.023052000004
2026-02-22 01:45:00+01:00,24738.092465457223,25757.216856,5557.576879088801,4680.486,30295.669344546026,30437.702856,30448.47684
2026-02-22 02:00:00+01:00,25069.675661137175,25803.103968,6211.369160335434,4769.167,31281.04482147261,30572.270968,30583.445872
2026-02-22 02:15:00+01:00,25027.13142476559,25888.217208,6209.802330207646,4809.215,31236.933754973237,30697.432208,30707.879815999997
2026-02-22 02:30:00+01:00,24996.583831486674,25956.868244,6219.278674509985,4868.49,31215.862505996658,30825.358244000003,30835.950404000003
2026-02-22 02:45:00+01:00,24955.693303204356,25967.821532,6217.7118606509675,5035.366,31173.405163855325,31003.187532000004,31013.530576000005
2026-02-22 03:00:00+01:00,23559.10199077408,25940.606184,6419.602321375988,5221.063,29978.70431215007,31161.669184,31171.81832
2026-02-22 03:15:00+01:00,23540.500911359773,26084.928064,6431.00260679698,5617.637,29971.503518156755,31702.565064,31712.834192
2026-02-22 03:30:00+01:00,23532.978797830398,26423.494332,6434.22027321122,5876.038,29967.199071041618,32299.532332,32309.769452
2026-02-22 03:45:00+01:00,23530.423797419364,26766.271332,6437.239101827593,5946.311,29967.662899246956,32712.582332,32723.19442
2026-02-22 04:00:00+01:00,25313.045985746725,27022.641928,6451.645691185724,6015.043,31764.69167693245,33037.684928,33048.094748
2026-02-22 04:15:00+01:00,25296.080605804735,27200.57712,6440.447671387712,6103.16,31736.528277192447,33303.737120000005,33314.345884
2026-02-22 04:30:00+01:00,25299.83462686871,27343.162668,6446.634007314844,6110.771,31746.468634183555,33453.933668,33464.443172
2026-02-22 04:45:00+01:00,25294.452886484753,27442.955972,6446.384614106577,6189.452,31740.83750059133,33632.407972,33643.056312
2026-02-22 05:00:00+01:00,25532.082617876506,27773.066224,6220.666995789508,6262.338,31752.749613666012,34035.404224,34048.475095999995
2026-02-22 05:15:00+01:00,25514.82651074358,28086.742864,6224.266839219224,6293.771,31739.093349962804,34380.513864,34390.907272000004
2026-02-22 05:30:00+01:00,25509.199195667137,28341.047044,6206.8532228513,6341.026,31716.052418518437,34682.073044,34692.332175999996
2026-02-22 05:45:00+01:00,25481.732832132035,28559.383376,6196.951933395049,6439.892,31678.684765527083,34999.275376000005,35009.558188
2026-02-22 06:00:00+01:00,26020.01548861998,30168.068964,5875.743171826918,6485.055,31895.7586604469,36653.123964,36662.236276
2026-02-22 06:15:00+01:00,26013.201501368854,30693.275376,5894.406667299081,6547.179,31907.608168667935,37240.454376,37248.966352
2026-02-22 06:30:00+01:00,26014.25002606686,31207.369696,5903.704866058809,6589.554,31917.95489212567,37796.923696,37806.017096
2026-02-22 06:45:00+01:00,26007.648754142418,31561.92212,5896.53360778657,6466.503,31904.182361928986,38028.42512,38038.294496
2026-02-22 07:00:00+01:00,26917.799582593827,31962.128316,5833.361053500074,6432.103,32751.1606360939,38394.231316,38406.297188
2026-02-22 07:15:00+01:00,26906.281103962738,32569.833796,5814.944080724035,6438.587,32721.225184686773,39008.420796,39038.974431999995
2026-02-22 07:30:00+01:00,26871.75384601433,33196.553656,5813.8156969512265,6347.693,32685.569542965557,39544.246656,39668.98575199999
2026-02-22 07:45:00+01:00,26872.815370989254,33358.937116,5800.424966185907,6183.865,32673.24033717516,39542.802116,39905.344476
2026-02-22 08:00:00+01:00,29421.782198878922,33705.12008,6217.510899590587,6218.961,35639.29309846951,39924.08108,40665.49258400001
2026-02-22 08:15:00+01:00,29334.952865159365,34177.483148,6215.0820370205765,6154.001,35550.03490217994,40331.484148,41529.625060000006
2026-02-22 08:30:00+01:00,29093.977763798244,34411.359384,6187.403599858244,6196.667,35281.38136365649,40608.026384,42293.39140000001
2026-02-22 08:45:00+01:00,29006.70984846696,34473.761008,6160.026661840658,6276.765,35166.736510307615,40750.526008,42960.755812
2026-02-22 09:00:00+01:00,30362.814553870452,34530.857724,6355.505955398943,6317.831,36718.3205092694,40848.688724,43619.447964
2026-02-22 09:15:00+01:00,30316.049940658475,34307.81796,6344.969142554304,6245.928,36661.01908321278,40553.74596,43900.289372
2026-02-22 09:30:00+01:00,30266.61763098892,34251.3409,6330.622179518087,6225.135,36597.23981050701,40476.475900000005,44434.47872400001
2026-02-22 09:45:00+01:00,30213.40748402324,34044.343396,6321.990480389272,6232.245,36535.397964412514,40276.588396,44888.91456
2026-02-22 10:00:00+01:00,30680.30636127631,34005.978152,6426.841684700049,6253.261,37107.14804597636,40259.239152,45494.619176
2026-02-22 10:15:00+01:00,30640.38277804005,34108.22796,6424.611503724381,5602.314,37064.99428176443,39710.541959999995,45592.403852
2026-02-22 10:30:00+01:00,30613.849204411767,34367.575024,6410.90671842393,5675.684,37024.7559228357,40043.259024,46565.655064
2026-02-22 10:45:00+01:00,30605.072594050187,34719.89744,6385.034042264983,5705.206,36990.10663631517,40425.10344,47531.157336
2026-02-22 11:00:00+01:00,32466.250805529184,35097.893184,6550.612477085663,5692.489,39016.863282614846,40790.382184,48351.767940000005
2026-02-22 11:15:00+01:00,32423.931395236374,35388.192192,6552.8726113754055,5779.02,38976.80400661178,41167.212192000006,49048.991720000005
2026-02-22 11:30:00+01:00,32399.455841529572,35629.815308,6547.923155149294,5867.905,38947.37899667887,41497.720308,49759.480112
2026-02-22 11:45:00+01:00,32410.12008160959,35828.464364,6522.538324420469,6068.817,38932.65840603006,41897.281364,50369.172132
2026-02-22 12:00:00+01:00,33565.40939209922,36105.333788,6677.712419393322,6301.513,40243.12181149254,42406.846788,50994.777892
2026-02-22 12:15:00+01:00,33599.91905991096,36129.827608,6664.7274271818,6344.406,40264.64648709276,42474.233608,51016.40324
2026-02-22 12:30:00+01:00,33638.81355902549,36341.815468,6636.394488144257,6440.084,40275.20804716975,42781.899468,51182.151576
2026-02-22 12:45:00+01:00,33681.56347992383,36375.180688,6618.208928254181,6729.972,40299.77240817801,43105.152688,51302.428276000006
2026-02-22 13:00:00+01:00,33838.7008921944,36410.923876,6721.827363117832,6975.391,40560.52825531223,43386.314876,51474.032064000006
2026-02-22 13:15:00+01:00,33890.66018955552,36543.109732,6720.630942777944,7209.836,40611.29113233346,43752.945732,51520.728948
2026-02-22 13:30:00+01:00,33927.72640529864,36408.333712,6718.1715556148565,7433.798,40645.8979609135,43842.131712,51340.811832
2026-02-22 13:45:00+01:00,33971.397297088515,36278.047348,6733.690725113659,7496.424,40705.08802220217,43774.471348,50938.315672
2026-02-22 14:00:00+01:00,33558.07716604265,36501.67478,6981.65993991671,7526.523,40539.73710595936,44028.19778,50948.461476
2026-02-22 14:15:00+01:00,33658.571674608196,36854.753624,7003.396708952648,7503.714,40661.968383560845,44358.467624,50942.51566
2026-02-22 14:30:00+01:00,33747.921642579226,37225.72812,7016.084869410005,7478.449,40764.00651198923,44704.17712,50836.480352
2026-02-22 14:45:00+01:00,33866.016407360315,37615.85378,7033.514326801977,7354.558,40899.53073416229,44970.411779999995,50601.49516399999
2026-02-22 15:00:00+01:00,34129.12935242847,38001.874448,6928.521851015276,7245.433,41057.65120344375,45247.307448,50288.343012
2026-02-22 15:15:00+01:00,34245.246287333954,38272.016592,6950.594301596773,7078.261,41195.840588930725,45350.277592,49788.90202
2026-02-22 15:30:00+01:00,34345.4597952306,38448.280652,6973.168067511553,6878.195,41318.627862742156,45326.475652,49180.411396
2026-02-22 15:45:00+01:00,34484.33279653817,38818.330444,6995.82889406876,6674.434,41480.161690606925,45492.764444,48760.281164
2026-02-22 16:00:00+01:00,34749.099843202835,39346.841968,6728.243240457636,6528.224,41477.34308366047,45875.065968,48583.182128
2026-02-22 16:15:00+01:00,34866.04131458001,39712.399192,6733.453299375982,6446.363,41599.49461395599,46158.762191999995,48317.662992
2026-02-22 16:30:00+01:00,35070.96242907575,40196.596556,6754.4703248504575,6382.283,41825.43275392621,46578.879556,48151.906312
2026-02-22 16:45:00+01:00,35126.18031079138,40571.008332,6763.083237280781,6289.465,41889.26354807216,46860.473331999994,47874.71646
2026-02-22 17:00:00+01:00,34561.9761706151,40530.054404,6548.392799996641,6128.311,41110.36897061174,46658.365404,47228.789064
2026-02-22 17:15:00+01:00,34713.74529414855,40655.524576,6564.617421565725,5967.15,41278.36271571428,46622.674576000005,46844.942948
2026-02-22 17:30:00+01:00,34772.02202997999,40559.6723,6658.954321819294,5689.86,41430.97635179928,46249.5323,46308.2236
2026-02-22 17:45:00+01:00,34853.85648260905,40577.212252,6661.478232514754,5479.771,41515.334715123805,46056.983252,46089.253636
2026-02-22 18:00:00+01:00,34566.17794662882,40570.874544,6237.410066369438,5383.302,40803.58801299826,45954.176544,45980.175812
2026-02-22 18:15:00+01:00,34674.225776652835,40755.707708,6257.440818159404,5271.645,40931.66659481224,46027.352708000006,46049.12906800001
2026-02-22 18:30:00+01:00,34791.24737445276,40578.363664,6275.879422873525,5029.16,41067.12679732629,45607.52366399999,45636.042367999995
2026-02-22 18:45:00+01:00,34896.59943834934,40097.31368,6284.136090324791,4851.073,41180.73552867413,44948.38668,44973.079324
2026-02-22 19:00:00+01:00,36507.205363390705,39660.100632,5982.821023195551,5057.674,42490.02638658626,44717.774632,44740.931596
2026-02-22 19:15:00+01:00,36554.68904290339,38937.927372,6000.768361681071,5083.299,42555.45740458446,44021.226372,44044.506896
2026-02-22 19:30:00+01:00,36591.28540771259,38262.559232,6013.69062256822,5243.387,42604.976030280806,43505.946232,43530.905768
2026-02-22 19:45:00+01:00,36598.700398785106,37390.452452,6021.172825186994,5378.285,42619.8732239721,42768.737452,42789.314072
2026-02-22 20:00:00+01:00,36388.98908091638,37414.133248,5969.805628757101,5414.166,42358.79470967348,42828.299248,42844.858164
2026-02-22 20:15:00+01:00,36398.93525526205,37524.91526,5986.227643213437,5373.41,42385.162898475486,42898.32526,42912.371252
2026-02-22 20:30:00+01:00,36408.3961924814,37500.888172,6000.793169383631,5381.674,42409.18936186503,42882.562172,42897.346448
2026-02-22 20:45:00+01:00,36348.84359976495,37616.435448,6006.483688330754,5574.401,42355.32728809571,43190.836447999995,43202.513444
2026-02-22 21:00:00+01:00,36532.19719203988,37583.23892,6450.320983807252,5783.846,42982.51817584713,43367.08492,43386.00606
2026-02-22 21:15:00+01:00,36502.94749160487,37376.711068,6447.392081170104,5759.743,42950.339572774974,43136.454068,43147.667216
2026-02-22 21:30:00+01:00,36481.683953749285,36949.636296,6445.902377279396,5888.691,42927.58633102868,42838.327296,42849.054604
2026-02-22 21:45:00+01:00,36447.20399709277,36202.570236,6446.747742340666,6183.463,42893.95173943344,42386.033236,42397.05196
2026-02-22 22:00:00+01:00,34714.72364879572,34409.38082,6629.684335825814,6447.359,41344.40798462153,40856.73982,40882.254784
2026-02-22 22:15:00+01:00,34716.00659270818,34152.40828,6601.965114286731,6816.401,41317.97170699491,40968.80928,40986.235352
2026-02-22 22:30:00+01:00,34680.17193708119,34306.206836,6585.2544928237185,6963.245,41265.42642990491,41269.451836,41279.627496
2026-02-22 22:45:00+01:00,34649.57802164967,34191.95488,6574.383093085355,7061.753,41223.96111473502,41253.707879999994,41263.70948799999
2026-02-22 23:00:00+01:00,34211.386898704026,33925.392844,6857.287070765007,7228.854,41068.67396946903,41154.246844,41164.72082
2026-02-22 23:15:00+01:00,34176.27886533471,33224.625852,6859.842689291822,7339.985,41036.12155462653,40564.610852,40574.641208
2026-02-22 23:30:00+01:00,34150.916183617606,33019.350312,6842.610923318349,7205.638,40993.52710693596,40224.988312,40235.232796
2026-02-22 23:45:00+01:00,34126.1396743397,32830.895344,6814.3606085005085,7096.154,40940.50028284021,39927.049344,39938.8425
2026-02-23 00:00:00+01:00,33179.644852456586,32602.528668,7590.080359708745,7008.393,40769.72521216533,39610.921667999995,39620.969743999995
2026-02-23 00:15:00+01:00,33141.427275968104,32285.127428,7594.69753725534,7039.073,40736.12481322345,39324.200428,39334.241736
2026-02-23 00:30:00+01:00,33102.01175833561,32125.76368,7603.811145776955,7076.011,40705.82290411257,39201.77468,39211.708896
2026-02-23 00:45:00+01:00,33037.5980073238,32106.370464,7602.894311741647,7039.872,40640.49231906545,39146.242464,39155.922428000005
2026-02-23 01:00:00+01:00,32841.62661589519,32169.795556,7579.234586910503,7134.73,40420.861202805696,39304.525556,39313.502388
2026-02-23 01:15:00+01:00,32789.23615651694,31842.301756,7563.125794624974,7201.712,40352.36195114192,39044.013756,39052.98336
2026-02-23 01:30:00+01:00,32750.4085608028,31896.45304,7554.726194039134,7224.182,40305.134754841936,39120.63504,39129.523916
2026-02-23 01:45:00+01:00,32719.379253097624,31971.896128,7542.135415657357,7252.809,40261.51466875498,39224.705128,39233.567632
2026-02-23 02:00:00+01:00,32023.258883757106,31911.710888,7521.306155763462,7201.34,39544.56503952057,39113.050888,39121.821244
2026-02-23 02:15:00+01:00,31984.255745925784,31382.117692,7518.710666984498,7128.451,39502.96641291028,38510.568692,38519.5898
2026-02-23 02:30:00+01:00,31949.821064373635,31227.278732,7529.304503847086,7148.479,39479.12556822072,38375.757732,38385.123351999995
2026-02-23 02:45:00+01:00,31905.394873579513,31380.111436,7532.454423498109,7171.418,39437.84929707762,38551.529436,38560.571284
2026-02-23 03:00:00+01:00,32634.72773371583,31117.695864,7508.719051695607,7224.981,40143.446785411434,38342.676864,38351.582792
2026-02-23 03:15:00+01:00,32619.842377720455,30856.414404,7529.496605115654,7265.052,40149.33898283611,38121.466404,38130.693456
2026-02-23 03:30:00+01:00,32621.000485842946,30945.017916,7539.641655473561,7314.579,40160.64214131651,38259.596916,38268.831524
2026-02-23 03:45:00+01:00,32626.84819482383,30994.046464,7544.787143265456,7347.073,40171.63533808928,38341.119464,38350.192652000005
2026-02-23 04:00:00+01:00,33400.707630005156,31443.15722,7468.207391708278,7327.968,40868.91502171343,38771.12522,38780.266928000005
2026-02-23 04:15:00+01:00,33389.16268646124,32065.863612,7461.667985627857,7404.39,40850.8306720891,39470.253612,39479.393004
2026-02-23 04:30:00+01:00,33392.39805493659,31903.060208,7469.315108358479,7384.236,40861.71316329507,39287.296208,39296.714628
2026-02-23 04:45:00+01:00,33390.34413620071,32183.599908,7471.435522183064,7290.916,40861.77965838377,39474.515908,39484.017884
2026-02-23 05:00:00+01:00,32967.392866619,32566.698112,7508.975953690521,7267.073,40476.368820309515,39833.771112,39843.04134
2026-02-23 05:15:00+01:00,32951.60031604752,33250.353496,7513.935522611272,7242.656,40465.5358386588,40493.009496000006,40500.81916000001
2026-02-23 05:30:00+01:00,32949.36470783525,33555.292324,7498.465294583436,7228.191,40447.83000241869,40783.483324,40790.68772
2026-02-23 05:45:00+01:00,32925.84149643554,33575.967476,7500.92178186825,7344.779,40426.76327830379,40920.746476,40929.006068
2026-02-23 06:00:00+01:00,33198.788546250966,35292.7319,7452.84344001128,7400.474,40651.63198626225,42693.2059,42702.097248
2026-02-23 06:15:00+01:00,33205.69880514351,35604.948336,7464.724912318921,7397.357,40670.42371746243,43002.305336000005,43011.07668400001
2026-02-23 06:30:00+01:00,33220.03605118792,35592.384556,7474.14141414614,7300.728,40694.17746533406,42893.112556,42902.286196
2026-02-23 06:45:00+01:00,33218.953483207915,35570.370992,7466.8584297438765,7187.519,40685.811912951795,42757.889992,42781.517347999994
2026-02-23 07:00:00+01:00,34385.18659133232,35707.80586,7503.678902530066,7052.834,41888.86549386239,42760.63986,42789.167916000006
2026-02-23 07:15:00+01:00,34389.690053989114,35714.123708,7489.243033721379,6881.642,41878.933087710495,42595.765708,42768.319112
2026-02-23 07:30:00+01:00,34368.03557918486,35691.328316,7488.507060827321,6848.597,41856.54264001219,42539.925316,43098.03798
2026-02-23 07:45:00+01:00,34365.06339064974,35619.766092,7477.761069875503,6844.874,41842.82446052524,42464.640092,43584.175916
2026-02-23 08:00:00+01:00,34144.42232350208,35320.663048,7614.9252836459955,6879.184,41759.347607148076,42199.847048,44167.494588
2026-02-23 08:15:00+01:00,34079.031199010955,35019.789996,7604.22638386036,6950.311,41683.257582871316,41970.100996,44806.737032000005
2026-02-23 08:30:00+01:00,33863.7583115788,35041.504144,7601.172143984093,7108.436,41464.93045556289,42149.940144,45949.78086
2026-02-23 08:45:00+01:00,33774.89012610214,34915.429808,7585.856200150038,7215.444,41360.74632625218,42130.873808,46985.31475600001
2026-02-23 09:00:00+01:00,34417.16443182514,34941.792496,7679.189620174504,7343.741,42096.354051999646,42285.533496,48485.304532
2026-02-23 09:15:00+01:00,34375.94633823179,35055.307872,7666.14150450142,7249.141,42042.08784273321,42304.44887199999,49688.691444
2026-02-23 09:30:00+01:00,34306.86731474928,35523.49148,7656.123509623451,7287.446,41962.99082437273,42810.93747999999,51599.71601199999
2026-02-23 09:45:00+01:00,34244.43995832596,35732.255548,7647.737376057339,7326.733,41892.1773343833,43058.988548,53141.595632
2026-02-23 10:00:00+01:00,35937.68819930418,36095.818008,7209.678411463271,7359.21,43147.36661076745,43455.028008,54791.064988
2026-02-23 10:15:00+01:00,35891.30865282745,36524.18042,7194.89875589022,7332.04,43086.20740871767,43856.22042,56388.6006
2026-02-23 10:30:00+01:00,35836.2575898607,36814.621796,7177.434505147925,7275.282,43013.69209500863,44089.903796,57533.111812
2026-02-23 10:45:00+01:00,35808.90604890255,37181.608652,7155.077866474514,7326.116,42963.983915377066,44507.724652,58746.201676
2026-02-23 11:00:00+01:00,36779.726821454235,37372.565788,6905.819591449899,7126.856,43685.546412904136,44499.421788,59499.309984
2026-02-23 11:15:00+01:00,36719.00865187827,37554.92116,6903.75553255148,7157.775,43622.76418442975,44712.69616,60079.24526
2026-02-23 11:30:00+01:00,36677.074464143094,37971.47808,6899.632962662755,7179.467,43576.70742680585,45150.94508,60705.422007999994
2026-02-23 11:45:00+01:00,36677.40616023849,38429.27118,6880.184897111118,7247.023,43557.59105734961,45676.29418,61573.08805600001
2026-02-23 12:00:00+01:00,37033.783876944384,38297.367424,6804.847042922873,7254.49,43838.63091986725,45551.857423999994,61734.18685199999
2026-02-23 12:15:00+01:00,37059.694766072986,38295.488764,6794.0486059817085,7258.723,43853.7433720547,45554.211764,61661.373168
2026-02-23 12:30:00+01:00,37083.264126521804,38811.549772,6764.301145752344,7197.495,43847.56527227415,46009.044772,61958.653268
2026-02-23 12:45:00+01:00,37105.67838099561,39030.536824,6747.297861896969,7185.093,43852.97624289258,46215.629824,62213.676176
2026-02-23 13:00:00+01:00,36641.89790116779,39362.6111,6745.14994577504,7205.334,43387.04784694283,46567.9451,62436.437856
2026-02-23 13:15:00+01:00,36683.108267287986,39420.56358,6745.124596897002,7226.194,43428.23286418499,46646.757580000005,62502.79894000001
2026-02-23 13:30:00+01:00,36701.439753345585,39765.395432,6739.368210336927,7261.679,43440.80796368251,47027.074431999994,62850.294431999995
2026-02-23 13:45:00+01:00,36738.291794022196,39628.542844,6753.245345988548,7347.509,43491.53714001075,46976.051844,62464.477856
2026-02-23 14:00:00+01:00,35668.90269632338,39463.944928,7248.041106391125,7379.615,42916.9438027145,46843.559927999995,61936.29130799999
2026-02-23 14:15:00+01:00,35750.878624405355,39442.899136,7274.606108163741,7362.541,43025.48473256909,46805.440136,61359.656004
2026-02-23 14:30:00+01:00,35816.50866547324,39297.303376,7284.06890290177,7369.084,43100.57756837501,46666.387376000006,60563.738212
2026-02-23 14:45:00+01:00,35900.562727035714,38945.999792,7297.368204085039,7349.934,43197.930931120754,46295.933792,59302.833020000005
2026-02-23 15:00:00+01:00,35829.73184100085,38598.448992,7564.706424083097,7403.385,43394.43826508395,46001.833992,57631.630836
2026-02-23 15:15:00+01:00,35927.60380958071,39005.014748,7589.887170129325,7417.796,43517.49097971003,46422.810748,56734.999748
2026-02-23 15:30:00+01:00,35993.8996304639,38581.190272,7609.178744317666,7405.784,43603.078374781566,45986.974272,54885.354928
2026-02-23 15:45:00+01:00,36066.39558854247,38806.752888,7638.410809670038,7400.691,43704.80639821251,46207.443888,53585.395736
2026-02-23 16:00:00+01:00,35183.59297805597,38746.385404,7374.502889521947,7402.101,42558.09586757791,46148.486404,52137.675728
2026-02-23 16:15:00+01:00,35247.80514260316,38064.18246,7361.761628562709,7375.881,42609.56677116587,45440.063460000005,50051.40220800001
2026-02-23 16:30:00+01:00,35271.65320267928,37308.01538,7364.761845719725,7340.82,42636.415048399,44648.83538,47989.891487999994
2026-02-23 16:45:00+01:00,35308.969300486875,36635.763792,7372.116658912614,7317.733,42681.08595939949,43953.496792,46176.669572
2026-02-23 17:00:00+01:00,33799.79488752871,36475.04232,7028.008028601165,7249.073,40827.80291612988,43724.11532,45006.020196
2026-02-23 17:15:00+01:00,33946.77233957978,36470.9253,7035.275139315985,7195.734,40982.047478895765,43666.6593,44240.531308
2026-02-23 17:30:00+01:00,34036.49995229628,36465.283992,7037.836279325779,7169.669,41074.33623162206,43634.952992,43787.319868
2026-02-23 17:45:00+01:00,34107.07881756701,35955.597864,7038.067568206623,7160.028,41145.14638577363,43115.625864,43154.89028
2026-02-23 18:00:00+01:00,32550.9199751412,35771.142436,7119.105015998716,7155.314,39670.024991139915,42926.456436,42948.461856
2026-02-23 18:15:00+01:00,32651.733349745777,35767.95558,7135.340747037302,7116.828,39787.07409678308,42884.78358,42905.268556
2026-02-23 18:30:00+01:00,32747.672746037693,35659.318172,7148.611332884282,7061.579,39896.28407892198,42720.897172,42739.869783999995
2026-02-23 18:45:00+01:00,32848.968690837464,35774.057232,7150.846301991905,7102.496,39999.81499282937,42876.553232,42902.984324
2026-02-23 19:00:00+01:00,34292.99342827489,35488.910596,7253.711575154481,7053.923,41546.705003429364,42542.833596,42568.137844
2026-02-23 19:15:00+01:00,34338.2666564833,35351.596204,7260.20311290902,6990.265,41598.469769392315,42341.861204,42364.889652
2026-02-23 19:30:00+01:00,34375.79577917395,35433.42736,7267.603987910302,6813.639,41643.39976708426,42247.06636,42268.76534400001
2026-02-23 19:45:00+01:00,34402.342973006176,35428.44154,7276.506145491974,6676.682,41678.849118498154,42105.12354,42126.538528
2026-02-23 20:00:00+01:00,34589.22358763713,34642.768884,7340.722451858028,6697.684,41929.94603949515,41340.452884,41353.66996
2026-02-23 20:15:00+01:00,34613.66231426446,33725.777292,7363.78252375892,6689.952,41977.44483802338,40415.729292,40428.24382
2026-02-23 20:30:00+01:00,34628.27145564862,32980.907276,7386.870248043404,6662.067,42015.14170369202,39642.974276,39654.406432
2026-02-23 20:45:00+01:00,34647.951026004695,32662.180064,7401.469111480712,6634.017,42049.42013748541,39296.197064,39309.911276
2026-02-23 21:00:00+01:00,32671.452742236594,32323.99622,7232.671665995277,6531.848,39904.12440823187,38855.84422,38868.840708
2026-02-23 21:15:00+01:00,32638.16619300884,31539.796424,7229.394288993084,6432.066,39867.56048200192,37971.862424,37982.217204
2026-02-23 21:30:00+01:00,32616.57594154852,30979.218576,7223.1188320193,6341.646,39839.69477356782,37320.864576,37330.829424
2026-02-23 21:45:00+01:00,32601.537838422046,30469.805484,7223.421957211087,6221.347,39824.959795633134,36691.152484,36701.291908
2026-02-23 22:00:00+01:00,31925.933774391444,28954.571512,6618.877573315255,6115.406,38544.8113477067,35069.977512,35080.657119999996
2026-02-23 22:15:00+01:00,31924.766993486548,28487.769704,6614.029694478206,5978.469,38538.79668796476,34466.238703999996,34475.594679999995
2026-02-23 22:30:00+01:00,31888.110471920234,28195.992832,6591.0478653941445,5943.23,38479.15833731438,34139.222832,34148.298532
2026-02-23 22:45:00+01:00,31869.005601699784,27678.179048,6577.580044941391,5888.396,38446.58564664118,33566.575048,33575.674244
2026-02-23 23:00:00+01:00,28193.815180047688,27300.911328,6085.76223010288,5720.735,34279.57741015057,33021.646327999995,33030.435655999994
2026-02-23 23:15:00+01:00,28163.798967819897,27120.57848,6076.746930406837,5501.439,34240.54589822674,32622.01748,32630.71896
2026-02-23 23:30:00+01:00,28134.753825512686,26348.148172,6065.170148763477,5311.704,34199.923974276164,31659.852172,31668.887208
2026-02-23 23:45:00+01:00,28112.52108869719,25701.322936,6045.713821876967,5052.402,34158.23491057416,30753.724936,30762.091704
2026-02-24 00:00:00+01:00,26315.656500869503,25096.530188,4687.760082161118,4754.985,31003.416583030623,29851.515188,29859.99108
2026-02-24 00:15:00+01:00,26277.080765096136,24404.895716,4690.759430336055,4369.717,30967.84019543219,28774.612716,28783.266876
2026-02-24 00:30:00+01:00,26241.354283422697,23841.842652,4701.680640644072,3940.851,30943.03492406677,27782.693652,27791.653772
2026-02-24 00:45:00+01:00,26181.94518905428,23275.261552,4700.487435295472,3641.054,30882.432624349753,26916.315552,26925.133424
2026-02-24 01:00:00+01:00,23151.12285909598,22509.112408,3779.6988613004464,3308.878,26930.821720396427,25817.990408,25826.665792
2026-02-24 01:15:00+01:00,23100.72715818975,21513.947536,3765.5710546302034,3065.86,26866.298212819955,24579.807536,24589.895496
2026-02-24 01:30:00+01:00,23072.81907804283,20585.917068,3758.0220395723686,2865.294,26830.8411176152,23451.211067999997,23461.672335999996
2026-02-24 01:45:00+01:00,23053.100206084666,19760.117472,3752.84868731192,2609.059,26805.948893396584,22369.176472000003,22379.571208
2026-02-24 02:00:00+01:00,21320.527393305892,19153.559016,3014.6595701431975,2372.997,24335.18696344909,21526.556016,21536.843992
2026-02-24 02:15:00+01:00,21278.459286286616,18772.324728,3009.725064175619,2243.667,24288.184350462234,21015.991728,21026.28788
2026-02-24 02:30:00+01:00,21251.390392723195,18107.366228,3019.9873227520343,1999.267,24271.377715475228,20106.633228,20116.965964
2026-02-24 02:45:00+01:00,21218.626948484794,17347.477948,3024.030099967511,1761.023,24242.657048452304,19108.500948,19118.884588
2026-02-24 03:00:00+01:00,18927.12533832164,16797.010492,2357.9328128442894,1508.448,21285.05815116593,18305.458492,18315.766544
2026-02-24 03:15:00+01:00,18918.701018015337,16036.429796,2379.697950229303,1303.709,21298.39896824464,17340.138796,17350.482852
2026-02-24 03:30:00+01:00,18934.736319485914,15405.841012,2391.848945522568,1150.455,21326.58526500848,16556.296012,16566.58518
2026-02-24 03:45:00+01:00,18949.96989989507,14675.20694,2398.634584440193,1053.939,21348.604484335265,15729.14594,15739.326032
2026-02-24 04:00:00+01:00,16052.354006378187,14048.400312,1849.2262133494035,971.855,17901.58021972759,15020.255312,15030.499172
2026-02-24 04:15:00+01:00,16063.52718718962,13518.737368,1846.1637655302604,878.149,17909.69095271988,14396.886368,14406.975648
2026-02-24 04:30:00+01:00,16070.799022175375,12858.808688,1853.3682330623662,750.504,17924.167255237742,13609.312688,13619.33206
2026-02-24 04:45:00+01:00,16080.782858470344,12348.162396,1853.436771787857,610.665,17934.2196302582,12958.827396,12968.871732
2026-02-24 05:00:00+01:00,12578.449545408641,11887.925044,1297.094009968456,556.41,13875.543555377097,12444.335044,12454.248312
2026-02-24 05:15:00+01:00,12582.387004215634,11567.462752,1300.7995609221332,503.453,13883.186565137767,12070.915752,12080.857811999998
2026-02-24 05:30:00+01:00,12592.446731009197,11252.5144,1283.1110907243867,483.406,13875.557821733584,11735.9204,11745.675112
2026-02-24 05:45:00+01:00,12574.08023955027,10654.551128,1284.7337465492078,388.457,13858.813986099478,11043.008128,11052.85684
2026-02-24 06:00:00+01:00,10299.91329079366,10284.940112,1023.4606965341505,350.264,11323.37398732781,10635.204112,10645.851348
2026-02-24 06:15:00+01:00,10317.046757858394,9796.798428,1034.8884116813413,363.891,11351.935169539734,10160.689428,10171.723984
2026-02-24 06:30:00+01:00,10335.937311843005,9238.638612,1042.282692094485,333.687,11378.22000393749,9572.325612,9584.3508
2026-02-24 06:45:00+01:00,10336.995322011906,8571.112224,1027.8613621445745,270.998,11364.85668415648,8842.110224,8856.056636
2026-02-24 07:00:00+01:00,8082.048463499294,8014.650936,918.9351956166541,216.92,9000.983659115947,8231.570936,8267.228556
2026-02-24 07:15:00+01:00,8088.347069905997,7517.267624,904.4660222892866,184.391,8992.813092195283,7701.658624,7810.729076
2026-02-24 07:30:00+01:00,8071.397283094786,6937.344272,900.0033575116421,184.643,8971.400640606427,7121.987272,7545.352704
2026-02-24 07:45:00+01:00,8072.1613799784345,6302.036984,886.9239304635541,154.298,8959.08531044199,6456.334984,7418.302952
2026-02-24 08:00:00+01:00,5054.089162838866,5744.866676,822.5679794659283,125.735,5876.657142304794,5870.601675999999,7412.548247999999
2026-02-24 08:15:00+01:00,4965.839166727078,5282.987108,820.9469048206159,112.022,5786.786071547694,5395.009108,7720.048384
2026-02-24 08:30:00+01:00,4876.288991826883,4878.967136,835.3058833287922,88.668,5711.594875155675,4967.635136,8189.155368
2026-02-24 08:45:00+01:00,4811.750337274095,4439.048012,825.6176700577759,106.2,5637.368007331871,4545.248012,8725.491508
2026-02-24 09:00:00+01:00,3073.380216069692,4041.692892,834.254697401693,103.515,3907.6349134713846,4145.207892,9396.607488
2026-02-24 09:15:00+01:00,3018.2852879670177,3756.010236,818.807168224931,102.766,3837.0924561919487,3858.776236,10223.440696
2026-02-24 09:30:00+01:00,2954.391658558509,3372.772732,809.1643329777038,111.806,3763.555991536213,3484.578732,10980.254224
2026-02-24 09:45:00+01:00,2892.651472676053,2942.777784,801.6459007942466,152.8,3694.2973734702996,3095.577784,11700.57342
2026-02-24 10:00:00+01:00,2206.1916942314933,2635.391508,887.5721536290686,230.679,3093.763847860562,2866.070508,12389.018236
2026-02-24 10:15:00+01:00,2164.6483343161317,2485.044988,857.7953330905243,305.932,3022.443667406656,2790.9769880000003,13148.643232
2026-02-24 10:30:00+01:00,2114.5600732139046,2384.914768,844.5835042538504,422.65,2959.1435774677548,2807.564768,13954.669196
2026-02-24 10:45:00+01:00,2092.327907544103,2238.431724,825.2765977597502,482.566,2917.604505303853,2720.997724,14594.812772
2026-02-24 11:00:00+01:00,1881.9478208040648,2091.322644,1283.4989943003297,495.406,3165.446815104395,2586.728644,15431.795112
2026-02-24 11:15:00+01:00,1833.0451351186905,1992.726348,1287.1844498423525,527.129,3120.2295849610427,2519.855348,16041.771092
2026-02-24 11:30:00+01:00,1805.2442669324455,1915.39716,1289.569346081482,588.781,3094.8136130139274,2504.17816,16667.268376
2026-02-24 11:45:00+01:00,1816.3232526161373,1820.386928,1280.7962122337522,621.112,3097.1194648498895,2441.498928,17093.58436
2026-02-24 12:00:00+01:00,2014.4053432268906,1759.32108,1445.2414091283267,677.96,3459.6467523552174,2437.2810799999997,17301.654532
2026-02-24 12:15:00+01:00,2046.834019969568,1740.894592,1438.6615360614019,843.744,3485.49555603097,2584.638592,17606.815428
2026-02-24 12:30:00+01:00,2083.1756640307485,1641.466736,1412.9626868948858,898.202,3496.1383509256343,2539.668736,17632.819496
2026-02-24 12:45:00+01:00,2110.194885795175,1584.716136,1405.6674025296777,993.581,3515.8622883248527,2578.297136,17777.854724
2026-02-24 13:00:00+01:00,1806.4130675101005,1563.597948,1476.815523575264,1056.942,3283.2285910853643,2620.539948,17658.064092
2026-02-24 13:15:00+01:00,1850.4214958260923,1467.9572,1484.0073539614043,1131.928,3334.428849787497,2599.8852,17554.642384
2026-02-24 13:30:00+01:00,1861.9695242549506,1411.22862,1494.8492736647577,1122.774,3356.8187979197082,2534.00262,17361.309332
2026-02-24 13:45:00+01:00,1890.1101438445949,1348.303024,1508.135269714747,1092.723,3398.2454135593416,2441.026024,17054.877596
2026-02-24 14:00:00+01:00,1771.7317659964842,1253.786932,1493.73522873112,1074.471,3265.4669947276043,2328.257932,16381.430284
2026-02-24 14:15:00+01:00,1859.5631374806367,1200.621528,1527.8400971854655,1140.6,3387.4032346661024,2341.221528,15919.509228
2026-02-24 14:30:00+01:00,1934.0834354611034,1165.334436,1530.388780336942,1164.34,3464.4722157980455,2329.674436,15142.599652
2026-02-24 14:45:00+01:00,2026.7289974564922,1102.150956,1537.5337669737748,1090.769,3564.262764430267,2192.9199559999997,14277.786712
2026-02-24 15:00:00+01:00,1625.0003738802652,1032.7941,1805.123799642088,1076.229,3430.124173522353,2109.0231000000003,13520.505224
2026-02-24 15:15:00+01:00,1725.6364602789122,956.197088,1819.4867987977482,1056.677,3545.1232590766604,2012.874088,12453.108328
2026-02-24 15:30:00+01:00,1791.9038281620924,887.894536,1856.0321162858525,1197.024,3647.935944447945,2084.918536,11540.973568
2026-02-24 15:45:00+01:00,1853.4905178224994,839.759556,1864.315713302288,1260.547,3717.8062311247877,2100.306556,10316.34742
2026-02-24 16:00:00+01:00,1451.7650322225354,824.25636,2134.2461930187637,1319.268,3586.011225241299,2143.52436,9067.379268
2026-02-24 16:15:00+01:00,1524.2520584404328,823.866888,2120.2631165777448,1368.622,3644.5151750181776,2192.488888,7687.512892
2026-02-24 16:30:00+01:00,1659.4089019155908,815.957872,2110.3391629724165,1452.293,3769.7480648880073,2268.2508719999996,6481.152671999999
2026-02-24 16:45:00+01:00,1774.104176860601,784.46202,2118.763581304376,1539.542,3892.867758164977,2324.00402,5305.262224
2026-02-24 17:00:00+01:00,1285.1217800799643,800.289352,2198.674998466777,1622.039,3483.7967785467417,2422.328352,4255.978456
2026-02-24 17:15:00+01:00,1426.9685265673702,836.272288,2206.2115611716317,1712.059,3633.180087739002,2548.331288,3498.9570839999997
2026-02-24 17:30:00+01:00,1662.0966805399407,911.590112,2236.5818071691074,1792.525,3898.678487709048,2704.115112,3115.943328
2026-02-24 17:45:00+01:00,1964.872583044092,1044.273872,2241.887138909159,1865.877,4206.759721953251,2910.150872,3074.806548
2026-02-24 18:00:00+01:00,1477.751803630345,1180.645008,2153.5421833472165,1947.184,3631.2939869775614,3127.8290079999997,3235.1627719999997
2026-02-24 18:15:00+01:00,1581.2025888807625,1308.980868,2169.402239196119,2006.197,3750.6048280768814,3315.177868,3398.956056
2026-02-24 18:30:00+01:00,1668.3926449169653,1457.721676,2177.5625045038564,2018.101,3845.9551494208217,3475.822676,3534.343324
2026-02-24 18:45:00+01:00,1750.0075420863989,1602.296596,2177.5038848414983,1970.316,3927.5114269278974,3572.612596,3619.072188
2026-02-24 19:00:00+01:00,2093.870468897602,1729.547768,2258.719834847011,2009.365,4352.590303744613,3738.912768,3794.343596
2026-02-24 19:15:00+01:00,2116.6433698674673,1859.493164,2267.3042979500133,2169.535,4383.947667817481,4029.028164,4110.961748
2026-02-24 19:30:00+01:00,2133.5431210378993,2028.284544,2278.207889842295,2258.568,4411.751010880194,4286.852544,4322.819136
2026-02-24 19:45:00+01:00,2136.566758861877,2200.737496,2292.2302389593083,2276.436,4428.796997821186,4477.173496,4490.6772040000005
2026-02-24 20:00:00+01:00,2304.6168246469897,2389.61602,2418.3277432306304,2336.304,4722.94456787762,4725.92002,4740.1077239999995
2026-02-24 20:15:00+01:00,2335.479988101225,2589.407884,2439.33690783962,2547.436,4774.816895940845,5136.843884,5148.45598
2026-02-24 20:30:00+01:00,2352.4151552187827,2707.637244,2459.03922401002,2757.71,4811.454379228802,5465.3472440000005,5476.914576
2026-02-24 20:45:00+01:00,2378.5312064425534,2820.256588,2477.736054170138,2798.49,4856.267260612691,5618.746588,5630.208424
2026-02-24 21:00:00+01:00,3132.128342587425,2970.036544,2691.038363571293,2842.094,5823.166706158718,5812.130544,5831.528211999999
2026-02-24 21:15:00+01:00,3091.2812075951483,3080.927936,2691.4654942942598,2887.308,5782.746701889408,5968.235936,5979.263224
2026-02-24 21:30:00+01:00,3061.6467430298144,3132.172508,2692.5566331361892,2972.121,5754.203376166004,6104.293508000001,6115.047208000001
2026-02-24 21:45:00+01:00,3030.92395031278,3215.884308,2704.0827217321,3065.879,5735.006672044879,6281.763308,6295.0227159999995
2026-02-24 22:00:00+01:00,3225.37459608968,3223.380856,2524.411824498916,3058.234,5749.786420588596,6281.614856,6334.446304
2026-02-24 22:15:00+01:00,3215.1648736768234,3196.243372,2528.7958386026603,2978.033,5743.960712279484,6174.276372,6216.284176
2026-02-24 22:30:00+01:00,3179.966646636717,3236.1426,2515.6187216890066,2893.789,5695.585368325724,6129.9316,6155.52334
2026-02-24 22:45:00+01:00,3157.1106474949206,3298.463556,2510.9374043336998,2905.331,5668.04805182862,6203.794556000001,6220.560984000001
2026-02-24 23:00:00+01:00,2761.136009164086,3429.6128,2479.826945911276,2993.159,5240.962955075362,6422.7718,6456.445696000001
2026-02-24 23:15:00+01:00,2713.389911391023,3597.926428,2477.435933325632,2892.309,5190.825844716655,6490.235428,6503.894136
2026-02-24 23:30:00+01:00,2678.264821973086,3721.55306,2463.06699063528,2839.058,5141.331812608366,6560.61106,6571.172552
2026-02-24 23:45:00+01:00,2652.552975470032,3792.908916,2440.674991127684,2921.586,5093.227966597716,6714.494916,6724.896471999999
2026-02-25 00:00:00+01:00,2295.2092132916546,3754.864356,1945.914983459933,2939.772,4241.124196751587,6694.636356,6704.736808
2026-02-25 00:15:00+01:00,2237.647908836131,3759.50732,1940.391926715719,2861.781,4178.03983555185,6621.28832,6640.63742
2026-02-25 00:30:00+01:00,2185.106803323434,3712.3103,1938.7468246217509,2880.674,4123.8536279451855,6592.9843,6603.817464
2026-02-25 00:45:00+01:00,2108.9802078752296,3662.74586,1927.968028876459,2920.431,4036.9482367516885,6583.17686,6593.264311999999
2026-02-25 01:00:00+01:00,1540.770286646499,3625.252096,1606.0274337011892,2870.314,3146.7977203476885,6495.5660960000005,6505.61602
2026-02-25 01:15:00+01:00,1464.4966963948941,3592.293388,1592.3051477058452,2881.965,3056.8018441007393,6474.258388,6484.635828
2026-02-25 01:30:00+01:00,1414.053117776449,3587.144492,1578.7061560246614,2944.71,2992.7592738011103,6531.854492,6541.908588
2026-02-25 01:45:00+01:00,1369.9364274049979,3562.62156,1566.3863969974225,3018.465,2936.3228244024203,6581.08656,6591.309652
2026-02-25 02:00:00+01:00,1921.3708524338713,3512.6842,1308.7297509895336,3087.392,3230.100603423405,6600.0761999999995,6609.882331999999
2026-02-25 02:15:00+01:00,1872.638623560309,3455.840884,1306.1719729997644,3169.576,3178.8105965600735,6625.416884,6635.1505640000005
2026-02-25 02:30:00+01:00,1833.8513646713432,3396.971368,1313.9795731256759,3189.509,3147.830937797019,6586.480368,6596.419852000001
2026-02-25 02:45:00+01:00,1783.54278928348,3363.392976,1310.6612707175138,3140.186,3094.204060000994,6503.578976000001,6513.473352000001
2026-02-25 03:00:00+01:00,1975.1211944974289,3295.195892,1328.7073570092855,3116.977,3303.8285515067146,6412.1728920000005,6422.391116000001
2026-02-25 03:15:00+01:00,1949.539530644432,3275.551196,1344.5588173762421,3115.659,3294.098348020674,6391.210196,6401.376612
2026-02-25 03:30:00+01:00,1952.6497090087735,3263.390988,1351.6825078840234,3090.914,3304.332216892797,6354.304988,6364.52044
2026-02-25 03:45:00+01:00,1954.1000497382133,3212.378524,1355.1248479635371,3070.957,3309.2248977017507,6283.335524,6293.647352
2026-02-25 04:00:00+01:00,2366.1575054226714,3182.236988,1366.9370678960045,2981.107,3733.094573318676,6163.3439880000005,6173.295616
2026-02-25 04:15:00+01:00,2370.945187695699,3159.613052,1360.0746257664798,2795.643,3731.0198134621787,5955.256052000001,5965.297016
2026-02-25 04:30:00+01:00,2360.0843833161025,3143.007784,1364.2554367228377,2674.34,3724.33982003894,5817.347784,5827.379843999999
2026-02-25 04:45:00+01:00,2356.889064809109,3140.611412,1362.6109235631113,2612.024,3719.4999883722203,5752.635412,5762.589416
2026-02-25 05:00:00+01:00,2549.7477110811615,3231.86282,1576.7722332133114,2589.181,4126.519944294473,5821.04382,5830.943948
2026-02-25 05:15:00+01:00,2551.0199588441965,3331.708008,1577.0308836793386,2628.56,4128.050842523535,5960.268008,5970.183836
2026-02-25 05:30:00+01:00,2554.8941332759014,3449.164488,1561.3547523788989,2639.752,4116.248885654801,6088.916488,6099.144888
2026-02-25 05:45:00+01:00,2521.9113221855496,3523.033616,1559.2420580288415,2688.744,4081.1533802143913,6211.777616,6222.216872
2026-02-25 06:00:00+01:00,3176.3576286677962,3618.098036,1695.7374109143527,2826.009,4872.095039582149,6444.107035999999,6454.573775999999
2026-02-25 06:15:00+01:00,3177.828760250072,3667.70808,1709.251654943338,2919.396,4887.08041519341,6587.10408,6598.25332
2026-02-25 06:30:00+01:00,3179.9799648011817,3733.764716,1715.7762246987454,2962.603,4895.756189499927,6696.367716000001,6728.537736
2026-02-25 06:45:00+01:00,3158.7153907975576,3852.32568,1694.9338165070235,2975.143,4853.649207304581,6827.46868,6907.113732
2026-02-25 07:00:00+01:00,4442.228472398678,4130.568532,2131.3199102116228,3015.153,6573.548382610301,7145.721532,7248.13978
2026-02-25 07:15:00+01:00,4430.661563534315,4405.838332,2113.2730869612965,3075.22,6543.934650495612,7481.058332,7904.793492000001
2026-02-25 07:30:00+01:00,4398.663822560873,4675.165412,2107.3338213546367,3109.881,6505.99764391551,7785.046412,8905.335468
2026-02-25 07:45:00+01:00,4382.446434697101,4866.860368,2092.66437300269,3118.692,6475.110807699791,7985.552368,10087.166868
2026-02-25 08:00:00+01:00,4951.239906297113,5038.304256,2540.0917150652017,3205.979,7491.331621362315,8244.283256,11584.357364
2026-02-25 08:15:00+01:00,4846.049638508213,5129.133692,2529.9457614262765,3186.099,7375.99539993449,8315.232692000001,13181.118096000002
2026-02-25 08:30:00+01:00,4779.900970663815,5155.098616,2552.3613078521303,3141.209,7332.262278515946,8296.307616,14794.096096
2026-02-25 08:45:00+01:00,4705.9612032855875,5124.058964,2548.4359203602294,3149.513,7254.3971236458165,8273.571963999999,16535.877975999996
2026-02-25 09:00:00+01:00,4943.822997610989,5009.717852,2783.6958210982,3188.475,7727.518818709189,8198.192852,18322.109924
2026-02-25 09:15:00+01:00,4899.493493688745,4861.272064,2759.44435965223,3342.872,7658.9378533409745,8204.144064,20207.50226
2026-02-25 09:30:00+01:00,4847.57400177787,4691.003028,2742.758739435102,3580.683,7590.332741212972,8271.686028,22121.755968
2026-02-25 09:45:00+01:00,4791.230893202675,4446.598224,2730.935186088991,3697.822,7522.166079291666,8144.420224,23835.877244
2026-02-25 10:00:00+01:00,4383.365881336453,4156.994208,3264.398715876033,3669.895,7647.764597212486,7826.889208,25331.620376
2026-02-25 10:15:00+01:00,4353.199869328631,3882.848784,3235.025189238933,3722.917,7588.225058567565,7605.765783999999,26833.779468
2026-02-25 10:30:00+01:00,4308.295539380443,3604.164272,3219.095902365093,3757.389,7527.391441745536,7361.553272,28347.377708
2026-02-25 10:45:00+01:00,4285.320669997685,3387.944756,3202.9103794242214,3698.218,7488.231049421907,7086.162756,29740.942519999997
2026-02-25 11:00:00+01:00,3479.4213609836647,3245.833744,3353.148451363826,3711.273,6832.56981234749,6957.106744000001,31279.737728
2026-02-25 11:15:00+01:00,3437.674185187193,3283.89226,3358.3569747073093,3811.907,6796.031159894503,7095.79926,33001.54378
2026-02-25 11:30:00+01:00,3419.187450738496,3299.22462,3359.3699630243204,3969.165,6778.557413762816,7268.38962,34558.223187999996
2026-02-25 11:45:00+01:00,3438.6971800522133,3301.619208,3353.107503910413,4070.224,6791.804683962626,7371.843208,35978.069052
2026-02-25 12:00:00+01:00,3746.1986843702794,3367.333496,3539.009867201367,4125.491,7285.208551571646,7492.824496,37332.571972
2026-02-25 12:15:00+01:00,3775.1806884349753,3468.975956,3534.8528429304847,4184.645,7310.03353136546,7653.620956000001,38542.507424
2026-02-25 12:30:00+01:00,3823.3299304519896,3593.017488,3508.4168417315122,4079.111,7331.746772183502,7672.128488,39377.996208
2026-02-25 12:45:00+01:00,3853.5982664725643,3658.850532,3499.7678371282354,4046.36,7353.3661036008,7705.210532,39980.009816
2026-02-25 13:00:00+01:00,4493.607484232436,3747.510144,3732.721209592032,4143.303,8226.328693824467,7890.813144,40329.975424
2026-02-25 13:15:00+01:00,4536.065727228701,3762.589328,3738.8792998984613,4157.827,8274.945027127162,7920.416328,40452.061188
2026-02-25 13:30:00+01:00,4553.446604429859,3781.3929,3737.1483300768396,4272.08,8290.594934506698,8053.4729,40578.733356
2026-02-25 13:45:00+01:00,4574.4519443479,3875.059824,3750.6464824410755,4299.677,8325.098426788976,8174.736824,40328.31684
2026-02-25 14:00:00+01:00,4852.786453409903,4015.223104,3784.1342855405833,4243.459,8636.920738950486,8258.682104,39661.923844
2026-02-25 14:15:00+01:00,4933.772292368248,4100.386976,3803.646204527381,4215.012,8737.418496895629,8315.398976,38669.231752
2026-02-25 14:30:00+01:00,4995.112587788221,4189.1155,3803.2691071665035,4275.365,8798.381694954725,8464.4805,37513.559308
2026-02-25 14:45:00+01:00,5070.97237429611,4362.933124,3805.7158757090956,4333.901,8876.688250005205,8696.834124,36028.896492
2026-02-25 15:00:00+01:00,5526.360399498997,4469.232076,3959.864247005271,4390.131,9486.224646504268,8859.363076000001,34189.032196
2026-02-25 15:15:00+01:00,5636.860908522578,4548.042528,3977.4921002870824,4368.398,9614.35300880966,8916.440528,32020.089787999997
2026-02-25 15:30:00+01:00,5690.470026997832,4616.967232,3985.2672393716134,4588.426,9675.737266369446,9205.393232,29659.119703999997
2026-02-25 15:45:00+01:00,5757.780883751156,4705.774372,3993.1476597887563,4518.242,9750.928543539912,9224.016372,26893.840495999997
2026-02-25 16:00:00+01:00,6458.112751577942,4915.743972,4427.5829118395395,4630.883,10885.695663417482,9546.626972,24191.019496
2026-02-25 16:15:00+01:00,6512.071011879277,5154.256644,4414.4417980712215,4803.767,10926.512809950498,9958.023644,21630.009964
2026-02-25 16:30:00+01:00,6604.697672921394,5373.974504,4412.783654351276,4796.919,11017.48132727267,10170.893504,18913.076512
2026-02-25 16:45:00+01:00,6674.278600961904,5682.028712,4411.918721806553,4813.363,11086.197322768458,10495.391712,16500.75584
2026-02-25 17:00:00+01:00,11479.832820708785,6176.499756,4743.341570030846,4822.693,16223.17439073963,10999.192756,14532.471312
2026-02-25 17:15:00+01:00,11616.748548636699,7003.275376,4759.008035883633,4768.004,16375.756584520332,11771.279376,13429.36604
2026-02-25 17:30:00+01:00,11702.824365707102,8138.876352,4875.249014917472,4724.019,16578.073380624573,12862.895352,13563.685264
2026-02-25 17:45:00+01:00,11759.84745013151,9403.566728,4869.455777079545,4732.735,16629.303227211058,14136.301728,14430.17278
2026-02-25 18:00:00+01:00,15853.596574227311,10711.368592,5163.415266707923,4918.645,21017.011840935236,15630.013592,15772.128388
2026-02-25 18:15:00+01:00,15962.851873164118,12039.794008,5175.600321184019,5105.851,21138.452194348138,17145.645008,17222.709584
2026-02-25 18:30:00+01:00,16050.585095443226,13312.621888,5180.26087317419,5228.379,21230.845968617417,18541.000888,18594.922396
2026-02-25 18:45:00+01:00,16143.103763502579,14543.931288,5182.092183097592,5416.339,21325.19594660017,19960.270288,20004.60254
2026-02-25 19:00:00+01:00,18373.917032231435,15574.034964,5576.846007394746,5619.803,23950.76303962618,21193.837964,21217.145396
2026-02-25 19:15:00+01:00,18397.997440067178,16453.552828,5584.976948211979,5898.729,23982.97438827916,22352.281828,22387.341488
2026-02-25 19:30:00+01:00,18421.747176132216,17187.349628,5589.202966889831,6096.831,24010.950143022048,23284.180628,23299.887064
2026-02-25 19:45:00+01:00,18428.327623085992,18097.014024,5597.88215330781,6153.331,24026.2097763938,24250.345024,24264.503568000004
2026-02-25 20:00:00+01:00,18682.669192205416,18972.18182,6384.773530736552,6544.68,25067.442722941967,25516.86182,25534.067188
2026-02-25 20:15:00+01:00,18694.40431853596,19753.929068,6405.575131654918,6704.404,25099.979450190876,26458.333068,26471.56166
2026-02-25 20:30:00+01:00,18695.950939290302,20223.75902,6425.7628118294315,6841.072,25121.713751119732,27064.83102,27077.5416
2026-02-25 20:45:00+01:00,18715.499712577435,20760.057692,6445.544645619085,6587.192,25161.04435819652,27347.249692,27359.656224
2026-02-25 21:00:00+01:00,19106.367798014555,21222.831576,6862.37390098357,6657.373,25968.741698998125,27880.204576,27892.322084
2026-02-25 21:15:00+01:00,19049.83336101955,21641.55722,6861.059058477263,6777.282,25910.892419496813,28418.83922,28430.395299999996
2026-02-25 21:30:00+01:00,19013.72370128405,21919.592,6861.993312048639,6875.133,25875.717013332687,28794.725,28806.409792
2026-02-25 21:45:00+01:00,18973.489547525867,22108.634444,6868.553926012061,6841.023,25842.043473537928,28949.657444,28961.37432
2026-02-25 22:00:00+01:00,18599.775840053833,21373.818284,6899.516352866607,6383.754,25499.29219292044,27757.572284,27779.00052
2026-02-25 22:15:00+01:00,18581.460522935373,21578.406212,6902.933222171799,6392.101,25484.393745107172,27970.507212,27983.676168
2026-02-25 22:30:00+01:00,18544.89702471857,21570.372244,6890.671417552096,6428.88,25435.56844227067,27999.252244,28011.417888
2026-02-25 22:45:00+01:00,18509.72435202265,21135.470504,6887.865851580078,6445.602,25397.59020360273,27581.072504,27591.7815
2026-02-25 23:00:00+01:00,18755.536744002333,21144.800276,6964.454806374824,6315.544,25719.991550377155,27460.344276000003,27470.265696
2026-02-25 23:15:00+01:00,18705.815066298124,21173.794308,6957.617673131494,6405.864,25663.43273942962,27579.658308,27589.438135999997
2026-02-25 23:30:00+01:00,18650.65174464601,21051.400916,6940.974482234097,6527.712,25591.626226880107,27579.112916,27588.542803999997
2026-02-25 23:45:00+01:00,18603.537101572405,21044.24102,6911.264055836325,6576.068,25514.80115740873,27620.30902,27629.71346
2026-02-26 00:00:00+01:00,18372.12446400626,21137.741956,6737.792723800386,6752.438,25109.917187806648,27890.179956,27899.434912
2026-02-26 00:15:00+01:00,18313.7094898083,21237.155912,6737.032647620027,6949.159,25050.74213742833,28186.314912,28195.302836
2026-02-26 00:30:00+01:00,18269.996433560802,21286.94112,6744.556518635555,7041.437,25014.552952196358,28328.37812,28337.725028
2026-02-26 00:45:00+01:00,18199.769337434205,21280.251248,6732.692117650572,7064.303,24932.461455084776,28344.554248,28353.955584
2026-02-26 01:00:00+01:00,18532.789788140333,21187.153548,6669.861854775129,6959.698,25202.65164291546,28146.851548,28156.10292
2026-02-26 01:15:00+01:00,18457.994671988607,21234.599436,6655.7323396669435,6967.247,25113.727011655552,28201.846436,28210.923436
2026-02-26 01:30:00+01:00,18403.572778909045,21116.47778,6645.099398628389,6987.486,25048.672177537435,28103.96378,28113.137024000003
2026-02-26 01:45:00+01:00,18353.330746358908,21051.941336,6632.923767132475,6985.281,24986.25451349138,28037.222336,28046.3392
2026-02-26 02:00:00+01:00,18540.92090238053,21004.252032,6748.09510004829,7142.332,25289.01600242882,28146.584032,28155.678092
2026-02-26 02:15:00+01:00,18491.083715694083,20945.49176,6740.9074019773025,7161.739,25231.991117671387,28107.23076,28116.826264
2026-02-26 02:30:00+01:00,18447.490307839238,21032.977212,6742.141459738028,7171.638,25189.631767577266,28204.615212,28213.902888
2026-02-26 02:45:00+01:00,18393.946454172736,20989.24718,6733.779678646217,7175.567,25127.726132818952,28164.81418,28174.288891999997
2026-02-26 03:00:00+01:00,18574.817997926744,20950.051828,6773.14121536494,6886.854,25347.959213291684,27836.905828,27846.149876
2026-02-26 03:15:00+01:00,18546.640604820066,21086.9639,6785.306358360579,6899.156,25331.946963180646,27986.1199,27995.071075999997
2026-02-26 03:30:00+01:00,18545.082235400867,21151.216296,6789.763511023922,6849.719,25334.845746424788,28000.935296,28010.083208
2026-02-26 03:45:00+01:00,18544.02678680813,21223.519088,6794.921579293833,6789.818,25338.948366101962,28013.337088,28022.589116
2026-02-26 04:00:00+01:00,18725.597145812702,21333.33644,6831.292460176861,6992.908,25556.889605989563,28326.24444,28335.105812
2026-02-26 04:15:00+01:00,18726.706196637107,21467.473964,6824.923200431326,6957.611,25551.629397068435,28425.084964,28434.076712
2026-02-26 04:30:00+01:00,18714.57346739213,21556.5004,6818.135939733984,6959.808,25532.709407126113,28516.3084,28525.305152
2026-02-26 04:45:00+01:00,18709.76579311307,21541.33136,6813.876019645875,6982.446,25523.641812758946,28523.77736,28532.63264
2026-02-26 05:00:00+01:00,18763.030368162574,21667.248792,6675.12684835397,5974.962,25438.15721651654,27642.210792,27650.87178
2026-02-26 05:15:00+01:00,18765.192221742636,21822.220384,6674.933072897319,5880.813,25440.125294639955,27703.033384,27711.848112000003
2026-02-26 05:30:00+01:00,18766.939948205083,21889.583696,6666.0416599774235,5725.531,25432.981608182505,27615.114696,27624.395036
2026-02-26 05:45:00+01:00,18732.21193715423,21976.305912,6674.707246938594,5581.346,25406.91918409282,27557.651912,27566.951872
2026-02-26 06:00:00+01:00,19113.348825874873,22681.868152,6649.940576559474,5556.026,25763.289402434348,28237.894152,28249.145152
2026-02-26 06:15:00+01:00,19115.347504080302,22741.274276,6667.731160632641,5605.784,25783.078664712943,28347.058276,28361.768424
2026-02-26 06:30:00+01:00,19117.07602705366,22642.46562,6674.328648135557,5636.485,25791.404675189217,28278.95062,28298.798676
2026-02-26 06:45:00+01:00,19105.228204796935,22614.99184,6655.769761524117,5636.644,25760.99796632105,28251.63584,28292.783172
2026-02-26 07:00:00+01:00,19574.851888813948,22667.372204,6649.58762240527,6041.556,26224.439511219218,28708.928204,28825.748952
2026-02-26 07:15:00+01:00,19569.24057382126,22647.872716,6635.3923072563675,6033.468,26204.632881077625,28681.340716,29178.804568000003
2026-02-26 07:30:00+01:00,19547.086329199166,22581.06976,6630.363428300477,6045.132,26177.449757499642,28626.201759999996,30172.664011999997
2026-02-26 07:45:00+01:00,19536.403636734427,21850.787292,6614.239508105338,6074.662,26150.643144839763,27925.449292,30850.831936
2026-02-26 08:00:00+01:00,19597.18292438865,21175.527864,6547.608493123002,6421.721,26144.791417511653,27597.248864,32378.93924
2026-02-26 08:15:00+01:00,19452.565121350966,20692.901032,6538.75142677788,6718.383,25991.316548128845,27411.284032000003,34180.593896000006
2026-02-26 08:30:00+01:00,19377.252652286516,20098.100676,6526.558654285101,6926.642,25903.811306571617,27024.742676,35893.016908
2026-02-26 08:45:00+01:00,19293.224999268547,19352.048588,6525.137904513418,6940.407,25818.362903781963,26292.455588,37306.132424
2026-02-26 09:00:00+01:00,17961.425721657553,18459.546492,6754.771032993677,7287.748,24716.19675465123,25747.294492,39007.30524
2026-02-26 09:15:00+01:00,17891.840764230095,17320.904184,6732.795361100553,7311.57,24624.63612533065,24632.474184,40106.023332
2026-02-26 09:30:00+01:00,17826.2901663168,16269.44812,6720.038782395895,7327.862,24546.328948712697,23597.31012,41287.53458
2026-02-26 09:45:00+01:00,17757.818019097023,15249.627012,6711.237154849826,7218.759,24469.05517394685,22468.386012000003,42160.502872
2026-02-26 10:00:00+01:00,14719.488589801624,14362.18954,6838.469328887283,7286.783,21557.957918688906,21648.97254,43414.025284
2026-02-26 10:15:00+01:00,14679.27491292795,13434.642472,6810.9050310527,7230.281,21490.17994398065,20664.923472,44192.528944
2026-02-26 10:30:00+01:00,14630.244148182115,12429.85508,6798.1476353967855,7135.283,21428.3917835789,19565.13808,44914.07828
2026-02-26 10:45:00+01:00,14603.227823507685,11492.78398,6783.260402186124,7094.325,21386.488225693807,18587.10898,45421.748916
2026-02-26 11:00:00+01:00,12245.699004673746,11154.244348,6425.213805779442,6752.569,18670.91281045319,17906.813348,46479.084780000005
2026-02-26 11:15:00+01:00,12203.857520977046,10886.939188,6428.160106615625,6714.299,18632.01762759267,17601.238188,47680.133016
2026-02-26 11:30:00+01:00,12184.683948105672,10140.869076,6427.499902819734,6833.677,18612.18385092541,16974.546076,48096.602996
2026-02-26 11:45:00+01:00,12198.436754011775,9634.24228,6422.588256817224,6873.562,18621.025010829,16507.80428,48511.452468
2026-02-26 12:00:00+01:00,10349.287360828472,9020.957764,6709.323613498345,6699.988,17058.610974326817,15720.945764,48217.992684
2026-02-26 12:15:00+01:00,10377.073147109537,9013.350108,6709.416956810775,6451.215,17086.49010392031,15464.565108,48542.938896
2026-02-26 12:30:00+01:00,10422.837615630264,8969.834372,6685.018993224345,6493.695,17107.856608854607,15463.529372,48656.776252
2026-02-26 12:45:00+01:00,10452.746518527283,8855.034972,6678.0592770541,6153.694,17130.805795581382,15008.728972,48130.301964
2026-02-26 13:00:00+01:00,11103.197156685605,8997.291104,6756.148957362633,6128.701,17859.34611404824,15125.992104,48214.257736
2026-02-26 13:15:00+01:00,11142.55969435043,9002.487932,6763.2319116926365,6144.099,17905.791606043065,15146.586932,47727.893832
2026-02-26 13:30:00+01:00,11159.649144800016,9049.669176,6765.0192538411875,6109.622,17924.668398641203,15159.291176,46982.878048
2026-02-26 13:45:00+01:00,11180.627720114977,9208.95802,6779.816522088464,6081.782,17960.44424220344,15290.74002,46477.473116
2026-02-26 14:00:00+01:00,11479.805074660862,9553.590872,6860.228663042038,6088.674,18340.0337377029,15642.264872,45712.82356
2026-02-26 14:15:00+01:00,11553.726381462884,10341.550888,6882.9482014924015,6126.981,18436.674582955286,16468.531887999998,45503.554132
2026-02-26 14:30:00+01:00,11610.508512837287,10926.6539,6887.034452751923,6474.4,18497.542965589208,17401.0539,44713.961964
2026-02-26 14:45:00+01:00,11683.17135229609,11612.303068,6888.677377551594,6679.759,18571.848729847683,18292.062068,43939.13508
2026-02-26 15:00:00+01:00,11784.382256172581,12347.661472,6754.319907697121,6883.164,18538.702163869704,19230.825472,43164.160348000005
2026-02-26 15:15:00+01:00,11888.85250659494,12776.550564,6768.356925608644,7008.927,18657.209432203585,19785.477564,41409.605876
2026-02-26 15:30:00+01:00,11943.33855975313,13054.852948,6778.454934203944,6975.302,18721.793493957073,20030.154948,39060.589144
2026-02-26 15:45:00+01:00,12010.604468927473,13324.5187,6788.863971099155,7035.007,18799.468440026627,20359.5257,36898.53846
2026-02-26 16:00:00+01:00,12066.320097949229,13479.573092,6717.041684005701,6797.512,18783.36178195493,20277.085092,34045.806236000004
2026-02-26 16:15:00+01:00,12183.742023435125,13100.887492,6707.902428125713,6746.547,18891.64445156084,19847.434492,30845.352944
2026-02-26 16:30:00+01:00,12300.547234799822,12897.75484,6701.578212989257,6590.265,19002.12544778908,19488.01984,27796.836244
2026-02-26 16:45:00+01:00,12344.911129819277,12969.3501,6708.110139890754,6391.901,19053.02126971003,19361.2511,25272.095224
2026-02-26 17:00:00+01:00,14997.05173909279,13469.3481,6603.184190179535,6486.436,21600.235929272327,19955.784099999997,23704.946555999995
2026-02-26 17:15:00+01:00,15132.26788906362,14246.154084,6607.726704415962,6393.664,21739.994593479583,20639.818084,22668.874128
2026-02-26 17:30:00+01:00,15495.219482213586,15140.951128,6601.487617282171,6179.878,22096.707099495758,21320.829128,22155.801628
2026-02-26 17:45:00+01:00,15555.188494780343,16082.271712,6603.179710129759,5889.871,22158.3682049101,21972.142712,22235.833244
2026-02-26 18:00:00+01:00,17917.94224200093,17152.44778,6542.014595939681,5966.151,24459.956837940612,23118.59878,23208.105848
2026-02-26 18:15:00+01:00,18037.514640505076,18216.58438,6557.384110496992,6030.553,24594.898751002067,24247.13738,24330.779096
2026-02-26 18:30:00+01:00,18134.556051899148,19204.75686,6565.803001627937,5977.263,24700.359053527085,25182.01986,25249.104992
2026-02-26 18:45:00+01:00,18231.456781898934,20063.8295,6572.531619854091,5793.735,24803.988401753028,25857.5645,25920.788168
2026-02-26 19:00:00+01:00,20282.904395747806,21034.624592,6789.2255072306425,6043.615,27072.12990297845,27078.239592,27158.785204
2026-02-26 19:15:00+01:00,20311.928696941202,21868.552836,6805.399017992816,6353.046,27117.327714934017,28221.598835999997,28256.034156
2026-02-26 19:30:00+01:00,20345.574323521778,22937.169952,6811.159195293371,6296.939,27156.73351881515,29234.108952,29261.508264000004
2026-02-26 19:45:00+01:00,20363.461168060898,24100.662672,6820.92024979118,6191.142,27184.381417852077,30291.804672,30315.846287999997
2026-02-26 20:00:00+01:00,21527.209017566147,24971.93806,6843.0217104873755,6161.117,28370.230728053524,31133.05506,31169.618116
2026-02-26 20:15:00+01:00,21545.338511656973,25524.411048,6877.026027940698,6246.175,28422.36453959767,31770.586048,31794.394992
2026-02-26 20:30:00+01:00,21549.27644026379,25925.912548,6908.282618022197,6273.403,28457.559058285988,32199.315548,32219.896368
2026-02-26 20:45:00+01:00,21570.351012287872,26431.882748,6935.044848425601,6303.672,28505.395860713474,32735.554748,32755.562388
2026-02-26 21:00:00+01:00,20820.232808085806,26884.119192,6947.356406242001,6254.577,27767.589214327807,33138.696191999996,33192.13286
2026-02-26 21:15:00+01:00,20772.330356980605,27203.346796,6954.33737275158,6387.672,27726.667729732184,33591.018796000004,33610.2013
2026-02-26 21:30:00+01:00,20741.494372116238,27211.939044,6962.363793813629,6140.678,27703.858165929865,33352.617044,33369.985276
2026-02-26 21:45:00+01:00,20711.92944176822,27586.105484,6966.60730769662,6107.806,27678.53674946484,33693.911484,33709.15476
2026-02-26 22:00:00+01:00,20286.080625931278,27010.898392,6919.036309248165,6139.326,27205.11693517944,33150.224392,33162.504863999995
2026-02-26 22:15:00+01:00,20275.464520128553,27300.363224,6920.750464928278,6182.083,27196.21498505683,33482.446224,33494.109628
2026-02-26 22:30:00+01:00,20246.30608373455,27414.123288,6905.146959408619,6230.561,27151.45304314317,33644.684288,33655.768264
2026-02-26 22:45:00+01:00,20214.679960750513,27112.218892,6900.931814730275,6222.723,27115.611775480786,33334.941892,33345.060436
2026-02-26 23:00:00+01:00,21340.814890064008,26966.351476,6896.161345852628,6493.051,28236.976235916634,33459.402476,33469.75608000001
2026-02-26 23:15:00+01:00,21303.08198168622,26798.891748,6882.92245142976,6578.784,28186.00443311598,33377.675747999994,33389.679815999996
2026-02-26 23:30:00+01:00,21256.410630180973,26439.46258,6861.298964886269,6499.664,28117.70959506724,32939.12658,32953.67896
2026-02-26 23:45:00+01:00,21215.476518171763,26145.14764,6832.512801128582,6459.313,28047.989319300345,32604.46064,32618.23088
2026-02-27 00:00:00+01:00,21895.894467274167,25896.50628,6706.358700340409,6257.245,28602.253167614577,32153.75128,32167.70518
2026-02-27 00:15:00+01:00,21848.491632224013,25562.546048,6711.274249223425,6386.435,28559.765881447438,31948.981048,31959.924668
2026-02-27 00:30:00+01:00,21814.026022416587,25417.061332,6722.911549712592,6420.317,28536.93757212918,31837.378332,31848.502292
2026-02-27 00:45:00+01:00,21753.510514533282,25314.198188,6723.869802019617,6365.007,28477.3803165529,31679.205188,31689.49514
2026-02-27 01:00:00+01:00,22166.50987462677,25335.991852,6602.926816179249,6523.505,28769.43669080602,31859.496852,31869.39406
2026-02-27 01:15:00+01:00,22100.322917936803,25344.170812,6598.478406366468,6608.587,28698.80132430327,31952.757812,31962.25172
2026-02-27 01:30:00+01:00,22053.985980067166,25278.005312,6597.085153151437,6661.47,28651.071133218604,31939.475312,31949.733736
2026-02-27 01:45:00+01:00,22012.37074973667,25312.231336,6591.814425623859,6789.251,28604.18517536053,32101.482336,32112.012972
2026-02-27 02:00:00+01:00,21524.425775050786,25155.976936,6716.406013010857,6918.403,28240.831788061645,32074.379936,32085.941087999996
2026-02-27 02:15:00+01:00,21481.471957482816,25222.202872,6712.422090875145,7044.572,28193.89404835796,32266.774872,32277.892952
2026-02-27 02:30:00+01:00,21444.877912475775,25345.61248,6710.34176888319,7059.107,28155.219681358965,32404.71948,32415.051556
2026-02-27 02:45:00+01:00,21395.422977483984,25454.40452,6695.486298769515,7086.131,28090.9092762535,32540.53552,32550.539744
2026-02-27 03:00:00+01:00,21462.895588614756,25508.887636,6706.756720578087,7237.571,28169.652309192843,32746.458636,32755.976644
2026-02-27 03:15:00+01:00,21439.2204772867,25656.841644,6703.372018975405,7268.92,28142.592496262107,32925.761644,32935.274792
2026-02-27 03:30:00+01:00,21442.118835276568,25745.616816,6689.833171060886,7264.368,28131.952006337455,33009.984816000004,33019.727832000004
2026-02-27 03:45:00+01:00,21440.589783872976,25726.828968,6681.135499715051,7271.436,28121.725283588028,32998.264968,33007.953812
2026-02-27 04:00:00+01:00,21494.185149831334,25717.367932,6770.426776509919,7277.021,28264.611926341255,32994.388932,33004.654152
2026-02-27 04:15:00+01:00,21505.23450934494,25722.652184,6760.434161014958,7277.101,28265.668670359897,32999.753184,33010.991736
2026-02-27 04:30:00+01:00,21499.723254566663,25662.491748,6748.681356931878,7244.447,28248.40461149854,32906.938748,32919.661452
2026-02-27 04:45:00+01:00,21500.400591742367,25594.15128,6741.708581915999,7180.085,28242.109173658366,32774.23628,32787.154416
2026-02-27 05:00:00+01:00,21485.753052793632,25717.717708,6830.3344864714645,7142.672,28316.087539265096,32860.389708,32873.941932
2026-02-27 05:15:00+01:00,21494.89809381666,25694.857164,6829.415276998258,7006.444,28324.313370814918,32701.301164,32715.789852
2026-02-27 05:30:00+01:00,21500.586761443206,25667.530552,6815.998386897864,6944.437,28316.58514834107,32611.967552,32626.411252
2026-02-27 05:45:00+01:00,21470.71944633804,25725.604844,6818.287586586897,6665.67,28289.007032924936,32391.274844,32406.324732
2026-02-27 06:00:00+01:00,21770.232538945143,27149.302548,7028.665399044874,6672.29,28798.89793799002,33821.592548,33838.683232
2026-02-27 06:15:00+01:00,21766.40307734701,27335.22254,7030.24139366265,6674.842,28796.644471009662,34010.06454,34030.483112
2026-02-27 06:30:00+01:00,21756.799256370785,27023.902128,7026.719718194589,6653.303,28783.518974565373,33677.205128,33698.368572
2026-02-27 06:45:00+01:00,21738.083910307152,26877.026288,7004.407371207295,6646.504,28742.49128151445,33523.530288,33569.802412000005
2026-02-27 07:00:00+01:00,22374.481041987212,26817.690624,6875.166973547581,6140.375,29249.648015534793,32958.065623999995,33109.374551999994
2026-02-27 07:15:00+01:00,22360.938839326565,26695.043576,6868.382792726553,6149.484,29229.321632053117,32844.527576,33630.350896
2026-02-27 07:30:00+01:00,22332.460342133163,26527.27798,6864.512026770837,6207.573,29196.972368904,32734.85098,34840.160028
2026-02-27 07:45:00+01:00,22298.129294494927,25734.203328,6850.0816188392,6374.007,29148.21091333413,32108.210328,35955.596128000005
2026-02-27 08:00:00+01:00,22298.825985460113,24905.073536,6792.885533343245,6868.089,29091.711518803357,31773.162536,37886.128932
2026-02-27 08:15:00+01:00,22172.43898907508,24350.099472,6795.202164305639,7251.281,28967.64115338072,31601.380472,40392.674328
2026-02-27 08:30:00+01:00,22075.74056965099,24036.56952,6794.58374016026,7323.963,28870.32430981125,31360.53252,43012.649164
2026-02-27 08:45:00+01:00,21972.428007601164,23605.907676,6792.152312713461,7305.26,28764.580320314624,30911.167675999997,45578.192376
2026-02-27 09:00:00+01:00,20368.5162755772,22843.414644,6699.845238860969,7227.855,27068.36151443817,30071.269644,47770.85542
2026-02-27 09:15:00+01:00,20276.732101364854,21355.267712,6680.760019864387,7246.312,26957.49212122924,28601.579712,49156.518288
2026-02-27 09:30:00+01:00,20206.198952584717,20113.150712,6672.750034200672,7167.747,26878.948986785388,27280.897712,50637.040116
2026-02-27 09:45:00+01:00,20126.208680834083,18717.46776,6657.481150844833,6912.475,26783.689831678916,25629.94276,51811.338344
2026-02-27 10:00:00+01:00,18726.186501219174,18033.97756,6485.958674345877,7083.412,25212.14517556505,25117.38956,54049.678088
2026-02-27 10:15:00+01:00,18670.283110148346,16611.028556,6456.978043054187,7146.352,25127.261153202533,23757.380556,54761.917612000005
2026-02-27 10:30:00+01:00,18602.62992322584,15409.826872,6445.034670606303,6631.469,25047.66459383214,22041.295872,55164.883352
2026-02-27 10:45:00+01:00,18559.64465847258,14766.64352,6428.895576770782,6315.872,24988.540235243363,21082.51552,56048.521804
2026-02-27 11:00:00+01:00,17163.631320494464,14400.543724,6682.083068294747,6365.532,23845.71438878921,20766.075724,57481.66103999999
2026-02-27 11:15:00+01:00,17117.21052650757,13777.675488,6686.771274635626,6170.521,23803.981801143196,19948.196488,57616.209004
2026-02-27 11:30:00+01:00,17093.065295057935,13802.823288,6692.492420402922,5882.568,23785.557715460858,19685.391288,58087.398912
2026-02-27 11:45:00+01:00,17101.27681228198,13387.44674,6689.2791245146145,5583.242,23790.555936796594,18970.68874,57482.66332
2026-02-27 12:00:00+01:00,16233.262621563037,12415.77668,6648.721642475432,5553.352,22881.98426403847,17969.12868,57343.121412
2026-02-27 12:15:00+01:00,16254.552586642028,12108.354936,6649.541388373376,5319.647,22904.093975015407,17428.001936,56582.10002
2026-02-27 12:30:00+01:00,16293.081090717998,11956.473732,6624.6022256821925,5446.651,22917.68331640019,17403.124732,56076.224944
2026-02-27 12:45:00+01:00,16311.878176132552,11517.95854,6623.938296663782,5140.528,22935.816472796334,16658.486539999998,54890.902096
2026-02-27 13:00:00+01:00,15204.931521683975,11685.044424,6192.147365523761,4871.415,21397.078887207736,16556.459424,54939.557792
2026-02-27 13:15:00+01:00,15231.129679181697,11542.985464,6196.34217945717,4701.974,21427.471858638866,16244.959464,53897.298624
2026-02-27 13:30:00+01:00,15236.003048120521,11381.676848,6197.975397277672,4639.165,21433.978445398192,16020.841848,52830.26032
2026-02-27 13:45:00+01:00,15248.450055372836,11343.871768,6215.596240267938,4714.133,21464.046295640772,16058.004768,51947.418072
2026-02-27 14:00:00+01:00,14438.348133535745,12221.375436,5582.2940394832885,5242.535,20020.642173019034,17463.910436,52126.550048
2026-02-27 14:15:00+01:00,14498.038729622065,13042.55902,5603.984598341169,5048.896,20102.023327963234,18091.45502,51741.822832
2026-02-27 14:30:00+01:00,14536.60389522651,13465.639644,5608.63083358975,5213.409,20145.23472881626,18679.048644,50560.425104
2026-02-27 14:45:00+01:00,14596.507829871261,14215.68792,5609.624811371307,5245.295,20206.13264124257,19460.98292,49823.288944
2026-02-27 15:00:00+01:00,14963.913875258675,14141.46336,4889.4864636483435,5505.066,19853.40033890702,19646.52936,47460.426136
2026-02-27 15:15:00+01:00,15100.85023556445,14478.066544,4906.202735656336,5486.865,20007.052971220786,19964.931544,45598.8004
2026-02-27 15:30:00+01:00,15151.393304356,14757.728808,4918.586040245496,5280.008,20069.979344601496,20037.736808,42969.20486
2026-02-27 15:45:00+01:00,15235.502937622683,14491.423012,4924.6119393259705,5113.826,20160.114876948654,19605.249012,39457.227503999995
2026-02-27 16:00:00+01:00,14944.80094461532,14274.796496,4035.5277213261556,4849.966,18980.328665941473,19124.762496000003,35616.000468
2026-02-27 16:15:00+01:00,15025.01272864148,13850.108224,4033.202022078098,4698.697,19058.214750719577,18548.805224,31561.584756
2026-02-27 16:30:00+01:00,15123.276922076095,13359.325952,4027.3389756190804,4422.187,19150.615897695174,17781.512951999997,27426.595968
2026-02-27 16:45:00+01:00,15189.115091355365,13231.480032,4038.5380881576616,4207.106,19227.653179513025,17438.586032,24078.179108
2026-02-27 17:00:00+01:00,15918.912884783535,13091.720876,2878.2444219081226,3992.752,18797.157306691657,17084.472876,21084.946012
2026-02-27 17:15:00+01:00,16075.899248600783,13409.60274,2880.3593256850595,3728.71,18956.258574285843,17138.31274,19212.534684
2026-02-27 17:30:00+01:00,16453.835980611235,14026.303924,2894.9985705712584,3593.501,19348.834551182492,17619.804924,18437.905544
2026-02-27 17:45:00+01:00,16678.006881086563,14969.931144,2923.9947901271253,3520.359,19602.00167121369,18490.290144,18750.43452
2026-02-27 18:00:00+01:00,17357.896500218576,16122.084584,2135.450774969218,3479.981,19493.347275187793,19602.065584,19678.385412
2026-02-27 18:15:00+01:00,17519.0778745594,17213.326776,2157.6263836118483,3485.701,19676.70425817125,20699.027776000003,20783.314360000004
2026-02-27 18:30:00+01:00,17659.07166249634,17939.16162,2172.563225957252,3462.0,19831.63488845359,21401.16162,21473.365616
2026-02-27 18:45:00+01:00,17790.873856259994,18618.493404,2186.4319280174154,3442.225,19977.30578427741,22060.718404,22110.81636
2026-02-27 19:00:00+01:00,18466.77487085631,19040.295256,1750.574747333131,3358.928,20217.34961818944,22399.223256,22429.339488
2026-02-27 19:15:00+01:00,18527.06969646037,19453.529264,1773.7260420293167,3310.542,20300.795738489687,22764.071264,22791.359204
2026-02-27 19:30:00+01:00,18588.503203083557,19847.595908,1783.3685124019928,3248.861,20371.87171548555,23096.456908,23116.900696
2026-02-27 19:45:00+01:00,18643.611654339627,20112.001776,1793.8976007245813,3175.765,20437.509255064208,23287.766776,23306.594028
2026-02-27 20:00:00+01:00,19365.71780471483,20133.4841,1284.8359813467073,3249.877,20650.553786061537,23383.3611,23426.807308000003
2026-02-27 20:15:00+01:00,19413.10412618009,20217.210272,1323.305467472633,3301.229,20736.409593652723,23518.439272,23539.043988
2026-02-27 20:30:00+01:00,19441.00696497041,20047.728992,1360.1722543606388,3246.79,20801.179219331047,23294.518992,23320.2382
2026-02-27 20:45:00+01:00,19483.283914620966,19919.5053,1379.6871608348395,3254.896,20862.971075455807,23174.4013,23194.00662
2026-02-27 21:00:00+01:00,18291.841477770584,19823.417096,1386.0120435895433,3239.841,19677.853521360128,23063.258096,23110.008288
2026-02-27 21:15:00+01:00,18272.045848111367,19946.35464,1397.0222441683663,3248.334,19669.068092279733,23194.68864,23252.177916
2026-02-27 21:30:00+01:00,18260.097427946257,19981.861944,1405.700884424695,3405.07,19665.798312370953,23386.931944,23427.986416
2026-02-27 21:45:00+01:00,18242.782951020403,19971.744452,1415.3097658237648,3429.407,19658.092716844167,23401.151452,23417.738756
2026-02-27 22:00:00+01:00,16522.84502928436,19574.351792,1275.280180978688,3408.518,17798.125210263046,22982.869792,23045.939188
2026-02-27 22:15:00+01:00,16524.477519122713,19608.726404,1275.6892112386404,3423.623,17800.166730361354,23032.349404,23081.871948
2026-02-27 22:30:00+01:00,16504.916521986615,19236.61488,1261.8307354785818,3549.351,17766.7472574652,22785.96588,22804.042324
2026-02-27 22:45:00+01:00,16464.09758598809,18797.651672,1249.2024386897467,3578.277,17713.300024677836,22375.928672,22410.120276
2026-02-27 23:00:00+01:00,16986.77396103861,18292.56988,2230.499793416757,3761.013,19217.273754455367,22053.58288,22099.592196
2026-02-27 23:15:00+01:00,16955.0585465983,17842.442936,2218.6401026152244,3837.926,19173.698649213522,21680.368936,21729.691312
2026-02-27 23:30:00+01:00,16905.477877193753,17594.739012,2205.35864392116,3915.703,19110.836521114914,21510.442012,21546.935876
2026-02-27 23:45:00+01:00,16856.066154295604,17373.92902,2183.3188757592907,3907.889,19039.385030054895,21281.81802,21305.207963999997
2026-02-28 00:00:00+01:00,17521.99683319321,17339.526548,2081.806039417123,3869.099,19603.802872610333,21208.625548000004,21244.217540000005
2026-02-28 00:15:00+01:00,17467.701181518947,17277.203328,2091.5032595248663,3877.093,19559.204441043814,21154.296328,21170.47588
2026-02-28 00:30:00+01:00,17431.749928399106,17295.875452,2103.746993774137,3968.501,19535.496922173243,21264.376452,21284.254708
2026-02-28 00:45:00+01:00,17373.51902113369,17323.669804,2100.5529307964525,3941.022,19474.071951930142,21264.691804,21278.069424
2026-02-28 01:00:00+01:00,16785.59076112382,17159.239036,2146.560380911818,3879.363,18932.15114203564,21038.602036,21050.745144
2026-02-28 01:15:00+01:00,16722.447248674467,17062.19068,2141.5937704926714,3836.721,18864.04101916714,20898.91168,20910.07326
2026-02-28 01:30:00+01:00,16672.04524700582,16957.61168,2138.432332516131,3565.803,18810.47757952195,20523.41468,20534.303068
2026-02-28 01:45:00+01:00,16632.733118780052,16942.390664,2135.6806844873386,3418.078,18768.41380326739,20360.468664,20376.476732
2026-02-28 02:00:00+01:00,16540.448421821082,16882.950576,2179.5576452538958,3252.476,18720.006067074977,20135.426576,20150.945148
2026-02-28 02:15:00+01:00,16500.638762260474,16899.73562,2178.6649135973353,3108.409,18679.30367585781,20008.14462,20021.446564
2026-02-28 02:30:00+01:00,16467.380081115807,16948.467828,2177.369169985572,2935.629,18644.74925110138,19884.096828,19896.567084
2026-02-28 02:45:00+01:00,16419.61819967739,17021.980132,2163.9401654480885,2792.567,18583.55836512548,19814.547132,19824.903616
2026-02-28 03:00:00+01:00,16731.575217311234,17156.058616,2846.064869905748,2766.437,19577.640087216983,19922.495616,19935.246228
2026-02-28 03:15:00+01:00,16712.745671166325,17370.541864,2843.0673903027023,2718.785,19555.813061469027,20089.326864,20101.582484
2026-02-28 03:30:00+01:00,16713.251486476125,17422.453348,2830.287198272846,2782.085,19543.53868474897,20204.538348,20215.756815999997
2026-02-28 03:45:00+01:00,16709.067657153526,17389.531248,2825.226124533541,2910.106,19534.29378168707,20299.637248,20309.872656
2026-02-28 04:00:00+01:00,17701.045820813186,17667.866808,2920.284180487365,3073.598,20621.33000130055,20741.464807999997,20752.557464
2026-02-28 04:15:00+01:00,17714.724693259857,17937.548208,2914.490851713755,3257.778,20629.215544973613,21195.326208,21206.427915999997
2026-02-28 04:30:00+01:00,17709.428996283954,18067.624392,2902.5243712611864,3486.832,20611.95336754514,21554.456392,21564.688504
2026-02-28 04:45:00+01:00,17707.596472421807,18392.713596,2892.0039247903164,3628.211,20599.60039721212,22020.924596,22030.272988
2026-02-28 05:00:00+01:00,20594.482914211516,18859.329864,3130.9174950555903,3490.379,23725.400409267106,22349.708864,22358.134584
2026-02-28 05:15:00+01:00,20603.392534758703,19206.603728,3125.771687699019,3325.901,23729.164222457723,22532.504728,22540.940404
2026-02-28 05:30:00+01:00,20613.694473166976,19388.550984,3108.3140134679134,3471.485,23722.008486634888,22860.035984,22868.953992
2026-02-28 05:45:00+01:00,20585.336786420277,19737.304368,3101.3767526845054,3504.464,23686.71353910478,23241.768368,23250.064624
2026-02-28 06:00:00+01:00,21525.32260099843,20608.28936,3558.544240369491,3526.488,25083.86684136792,24134.77736,24143.949128
2026-02-28 06:15:00+01:00,21528.23709046358,21015.421424,3563.963268761469,3478.259,25092.200359225048,24493.680424,24505.556591999997
2026-02-28 06:30:00+01:00,21507.246253766105,21050.910848,3551.4733621363794,3452.999,25058.719615902482,24503.909848,24514.439392
2026-02-28 06:45:00+01:00,21481.370119619478,21034.070232,3532.3501723024015,3552.761,25013.72029192188,24586.831231999997,24617.398207999995
2026-02-28 07:00:00+01:00,22551.869297167123,21254.276344,3569.0848409383825,3893.995,26120.954138105506,25148.271344,25372.876652
2026-02-28 07:15:00+01:00,22536.174103871075,21710.43586,3564.090645833952,3900.353,26100.264749705027,25610.78886,26723.155044
2026-02-28 07:30:00+01:00,22504.135838848946,22058.078404,3563.117287061526,4126.239,26067.253125910473,26184.317404,28702.387864
2026-02-28 07:45:00+01:00,22450.264668856667,22118.415672,3552.360936046797,4272.183,26002.625604903464,26390.598672,30748.648528
2026-02-28 08:00:00+01:00,21414.198353182896,22055.578428,4162.963033792452,4285.744,25577.16138697535,26341.322428,32885.255136
2026-02-28 08:15:00+01:00,21329.064285571465,21642.689536,4172.657886709798,4285.486,25501.72217228126,25928.175536,34853.233392
2026-02-28 08:30:00+01:00,21175.530053235245,21451.447752,4157.089637392174,4449.896,25332.61969062742,25901.343752,37303.994456
2026-02-28 08:45:00+01:00,21056.177482057108,20857.032452,4152.873304434911,4833.953,25209.05078649202,25690.985452,39433.414124
2026-02-28 09:00:00+01:00,20223.178645917753,20493.898844,4417.187694987676,4954.662,24640.366340905428,25448.560844,41688.968636
2026-02-28 09:15:00+01:00,20127.37041212073,18498.377028,4398.309942816182,5114.679,24525.680354936914,23613.056028,41826.147776
2026-02-28 09:30:00+01:00,20019.09627714977,17610.09394,4393.272237317804,5179.755,24412.368514467573,22789.84894,43061.690856
2026-02-28 09:45:00+01:00,19912.27857434506,17062.724648,4378.822172985673,5269.226,24291.100747330733,22331.950648,44628.856484
2026-02-28 10:00:00+01:00,20852.650992372986,16047.457252,4837.5221339391555,5073.082,25690.17312631214,21120.539252,45341.785744
2026-02-28 10:15:00+01:00,20767.532318910216,15568.237416,4809.538050227644,4964.995,25577.07036913786,20533.232416,46178.17354
2026-02-28 10:30:00+01:00,20672.43542349328,15563.256548,4795.583587094188,4860.312,25468.019010587468,20423.568548,47347.315332
2026-02-28 10:45:00+01:00,20607.36855348329,15751.605068,4780.152048592357,4785.77,25387.52060207565,20537.375068,47997.7281
2026-02-28 11:00:00+01:00,20305.538353285297,16252.066708,5706.627049401775,5052.978,26012.165402687075,21305.044708,50685.149468
2026-02-28 11:15:00+01:00,20254.65767150867,16415.206272,5710.233160280477,5179.013,25964.890831789147,21594.219272,51507.933284
2026-02-28 11:30:00+01:00,20213.62176412271,16253.149256,5720.9756173575015,5114.009,25934.59738148021,21367.158256,51640.820716
2026-02-28 11:45:00+01:00,20208.45681854901,16451.372144,5721.49304184705,4897.056,25929.94986039606,21348.428144,51939.056792
2026-02-28 12:00:00+01:00,21997.30211462921,16956.826064,6062.91802778168,5227.181,28060.22014241089,22184.007064,52791.828516
2026-02-28 12:15:00+01:00,22021.09938809285,17002.972832,6060.440864082465,5101.104,28081.540252175317,22104.076832,52550.824716
2026-02-28 12:30:00+01:00,22057.16028129687,17113.628996,6037.41682875318,4968.956,28094.57711005005,22082.584996,51970.702392
2026-02-28 12:45:00+01:00,22070.21820622625,17736.69024,6026.89522885496,4770.036,28097.11343508121,22506.72624,51955.502732
2026-02-28 13:00:00+01:00,23700.510465941952,18418.983232,6472.529546462811,4891.316,30173.040012404763,23310.299232,52038.432828
2026-02-28 13:15:00+01:00,23722.84493160864,18526.842148,6481.940014056429,4582.173,30204.78494566507,23109.015148,51011.796284
2026-02-28 13:30:00+01:00,23724.40231275898,18512.360952,6483.660293419005,4865.741,30208.062606177984,23378.101951999997,50205.28954
2026-02-28 13:45:00+01:00,23735.661686804062,18362.158768,6496.427341185965,4749.766,30232.089027990027,23111.924768,48612.410144
2026-02-28 14:00:00+01:00,26191.798456720695,19598.667096,6376.95417743616,4866.118,32568.752634156855,24464.785096,48960.133936
2026-02-28 14:15:00+01:00,26257.039028649062,20050.929952,6398.303352390344,4941.1,32655.342381039405,24992.029951999997,48566.2411
2026-02-28 14:30:00+01:00,26296.931152225396,21174.62216,6412.617598714175,5246.366,32709.54875093957,26420.98816,48761.638036
2026-02-28 14:45:00+01:00,26407.965010181757,22140.209476,6420.127611927277,5154.893,32828.092622109034,27295.102476,47664.592312
2026-02-28 15:00:00+01:00,27323.50519351691,23686.648524,6492.280404425439,5240.176,33815.78559794235,28926.824524,47286.0333
2026-02-28 15:15:00+01:00,27407.07771176247,25129.010196,6512.133245981187,5567.8,33919.21095774366,30696.810196,46952.090524
2026-02-28 15:30:00+01:00,27441.591232327293,25848.086256,6520.037945217929,5616.709,33961.62917754522,31464.795256,45557.064847999995
2026-02-28 15:45:00+01:00,27484.47200778365,27157.242696,6525.015880864205,5646.768,34009.487888647855,32804.010696,44848.482791999995
2026-02-28 16:00:00+01:00,27423.848672147695,27775.498144,6510.704595056331,5983.839,33934.55326720403,33759.337144000005,43721.898852000006
2026-02-28 16:15:00+01:00,27443.898747110303,28010.922396,6502.949984342886,6396.64,33946.84873145319,34407.562396,42198.158964
2026-02-28 16:30:00+01:00,27426.789977459488,27515.76788,6489.16283564986,6682.962,33915.95281310935,34198.72988,40095.992452
2026-02-28 16:45:00+01:00,27459.1486648398,27341.173064,6493.983664097742,6471.01,33953.13232893754,33812.183064,37882.137072
2026-02-28 17:00:00+01:00,28657.66567917749,27598.332652,6683.425735518448,6570.013,35341.09141469594,34168.345652,36775.25228
2026-02-28 17:15:00+01:00,28831.744617877986,28150.60152,6679.348072981401,6552.801,35511.09269085939,34703.40252,36151.414792
2026-02-28 17:30:00+01:00,28912.631374865905,28842.045408,6664.573309457456,6524.316,35577.20468432336,35366.361408000004,36016.10824
2026-02-28 17:45:00+01:00,29032.22317913852,29465.655988,6670.070377783051,6741.902,35702.29355692157,36207.557988,36439.058268
2026-02-28 18:00:00+01:00,28603.927418014126,30281.050596,6262.9614221825295,6768.102,34866.888840196654,37049.152596,37118.158912
2026-02-28 18:15:00+01:00,28795.004733535272,31206.785496,6281.246231552063,6648.543,35076.25096508733,37855.328496,37920.19028
2026-02-28 18:30:00+01:00,28941.497713568326,31850.552512,6294.774219373322,6593.285,35236.27193294165,38443.837512,38507.36496
2026-02-28 18:45:00+01:00,29095.81241115165,32498.411356,6302.848760988453,6601.185,35398.661172140106,39099.596356,39147.693264
2026-02-28 19:00:00+01:00,29592.557652595126,32747.100188,6136.867153278015,6589.608,35729.42480587314,39336.708188,39433.67380800001
2026-02-28 19:15:00+01:00,29669.93828593846,33197.623888,6167.507108992648,6463.115,35837.44539493111,39660.738888,39695.526596
2026-02-28 19:30:00+01:00,29756.735767011804,33623.41496,6175.519676262806,6224.899,35932.25544327461,39848.31396,39889.966868
2026-02-28 19:45:00+01:00,29839.520558318527,34146.092016,6183.641078583904,6039.911,36023.161636902434,40186.003016,40235.059612000005
2026-02-28 20:00:00+01:00,30515.37601541077,34294.164356,5849.235485218215,6068.956,36364.611500628984,40363.120356,40379.09036
2026-02-28 20:15:00+01:00,30576.871688359897,34566.86526,5887.167415847337,6096.196,36464.03910420724,40663.06126,40674.436084
2026-02-28 20:30:00+01:00,30616.58391296539,34845.562984,5923.653818167477,6235.87,36540.23773113287,41081.432984,41092.944952
2026-02-28 20:45:00+01:00,30664.435494400168,34808.111156,5942.5476285326295,6390.489,36606.9831229328,41198.600156,41209.842244
2026-02-28 21:00:00+01:00,30116.196967695632,34814.225964,6041.661763952917,6336.094,36157.85873164855,41150.319963999995,41162.58792799999
2026-02-28 21:15:00+01:00,30108.501867940835,34840.351012,6056.52781065406,6357.691,36165.029678594896,41198.042012,41213.017908
2026-02-28 21:30:00+01:00,30097.17468280042,34563.179728,6058.321222280626,6579.843,36155.49590508105,41143.022728,41157.911184
2026-02-28 21:45:00+01:00,30046.16018504007,33999.998096,6065.896514577918,6720.362,36112.056699617984,40720.360096,40734.575408
2026-02-28 22:00:00+01:00,28180.553354883446,31963.904172,6138.4473968260745,6782.655,34319.00075170952,38746.559172,38800.682616
2026-02-28 22:15:00+01:00,28198.07879739069,31829.716708,6139.193989703594,6715.352,34337.27278709428,38545.068708,38577.306076
2026-02-28 22:30:00+01:00,28193.456097500788,31675.244512,6126.154705498531,6652.565,34319.61080299932,38327.809512,38349.56548
2026-02-28 22:45:00+01:00,28149.348967867674,31629.26218,6123.025180421288,6596.23,34272.37414828896,38225.49218,38241.597996
2026-02-28 23:00:00+01:00,27816.239627595874,31491.068888,6421.340207257915,6568.351,34237.57983485379,38059.419888,38069.298596
2026-02-28 23:15:00+01:00,27791.41809871937,30853.713596,6410.806922482784,6604.985,34202.22502120215,37458.698596,37469.36062
2026-02-28 23:30:00+01:00,27738.906315698678,30290.385412,6395.406336738709,6626.569,34134.31265243739,36916.954412,36930.198572
2026-02-28 23:45:00+01:00,27689.949293936363,30061.75166,6376.569549158761,6604.218,34066.518843095124,36665.96966,36680.80924
2026-03-01 00:00:00+01:00,26821.460713678847,30126.54544,6083.044607497515,6969.226,32904.50532117636,37095.77144,37127.967968
2026-03-01 00:15:00+01:00,26774.37325661635,29864.731544,6095.1506216659645,7121.816,32869.523878282314,36986.547544,36997.374596
2026-03-01 00:30:00+01:00,26746.875402525777,29326.316776,6109.891192228675,7131.74,32856.76659475445,36458.056776,36466.88708
2026-03-01 00:45:00+01:00,26699.736759930565,28633.025328,6105.828638735245,7018.464,32805.56539866581,35651.489327999996,35660.06666
2026-03-01 01:00:00+01:00,23789.021342343283,27832.230884,6316.920700479539,6979.981,30105.942042822822,34812.211884000004,34821.034004
2026-03-01 01:15:00+01:00,23730.899909135525,27143.4177,6311.769532111757,6757.679,30042.669441247283,33901.0967,33909.581724
2026-03-01 01:30:00+01:00,23683.789399898935,26590.913204,6303.163210179447,6577.356,29986.95261007838,33168.269204,33176.886772
2026-03-01 01:45:00+01:00,23648.582664215493,25819.028268,6298.7385749975565,6150.128,29947.32123921305,31969.156268,31978.275188
2026-03-01 02:00:00+01:00,22659.538811347604,25216.7323,6207.944484792758,5920.349,28867.483296140363,31137.0813,31145.77868
2026-03-01 02:15:00+01:00,22624.4109407312,24741.961944,6203.434365294958,5596.002,28827.845306026156,30337.963944,30346.369636
2026-03-01 02:30:00+01:00,22593.98302516237,24144.2026,6197.919946025195,5415.647,28791.902971187566,29559.8496,29568.482668
2026-03-01 02:45:00+01:00,22553.98583722854,23595.600396,6183.20691461254,5352.303,28737.19275184108,28947.903396,28958.027224
2026-03-01 03:00:00+01:00,21237.4231276617,22927.695996,6238.604232538759,5185.223,27476.02736020046,28112.918996,28121.3799
2026-03-01 03:15:00+01:00,21226.498407593957,22175.1725,6236.560939333826,4798.636,27463.059346927785,26973.8085,26982.25516
2026-03-01 03:30:00+01:00,21228.358793434403,21510.291484,6230.705112885476,4592.395,27459.06390631988,26102.686484,26111.787844
2026-03-01 03:45:00+01:00,21221.113639123174,21042.774944,6230.67233808012,4458.408,27451.785977203293,25501.182944,25510.227028
2026-03-01 04:00:00+01:00,21168.57973508175,20614.190168,6529.039425527031,4528.717,27697.61916060878,25142.907168,25151.75892
2026-03-01 04:15:00+01:00,21182.531359478875,19925.285772,6527.829799084189,4801.565,27710.361158563064,24726.850772,24736.510592
2026-03-01 04:30:00+01:00,21170.189505284547,19385.51116,6521.209812636102,5101.61,27691.399317920648,24487.12116,24498.64478
2026-03-01 04:45:00+01:00,21170.52557927719,18816.216928,6516.268698742639,5210.68,27686.79427801983,24026.896928,24041.370840000003
2026-03-01 05:00:00+01:00,19215.60268484271,18538.277152,6562.687974158999,5629.231,25778.29065900171,24167.508152,24178.620004
2026-03-01 05:15:00+01:00,19234.99765070889,18350.985248,6554.3767020865025,5986.774,25789.374352795392,24337.759248,24348.915452
2026-03-01 05:30:00+01:00,19247.25203680875,17837.213072,6539.513273642822,5703.665,25786.76531045157,23540.878072,23552.344332
2026-03-01 05:45:00+01:00,19231.47060904716,17637.07058,6530.546104889446,5588.482,25762.016713936606,23225.55258,23244.089988
2026-03-01 06:00:00+01:00,16810.34510542166,17705.73598,6382.856750968645,5560.689,23193.201856390304,23266.424980000003,23278.212236000003
2026-03-01 06:15:00+01:00,16827.648534193228,17517.285824,6385.495350692018,5592.603,23213.143884885245,23109.888824,23122.244428
2026-03-01 06:30:00+01:00,16812.917082179985,17552.251384,6372.742257193536,5620.498,23185.65933937352,23172.749384,23195.421596
2026-03-01 06:45:00+01:00,16792.731714738773,17202.250328,6354.666731857324,5641.942,23147.398446596097,22844.192327999997,22874.949483999997
2026-03-01 07:00:00+01:00,15426.168903159658,16673.173176,6448.683242839216,5629.182,21874.852145998873,22302.355176,22407.687076
2026-03-01 07:15:00+01:00,15428.528181934662,16244.367516,6444.164207872417,5538.069,21872.692389807078,21782.436516,22277.422896
2026-03-01 07:30:00+01:00,15409.170401524234,15761.648108,6451.505646565207,5422.956,21860.67604808944,21184.604108,22524.56894
2026-03-01 07:45:00+01:00,15365.037802900386,15060.042164,6446.677951246475,5392.705,21811.715754146862,20452.747164,23043.071016
2026-03-01 08:00:00+01:00,14408.324921753203,14537.045564,6422.13351557899,5406.924,20830.458437332192,19943.969564,24224.632824
2026-03-01 08:15:00+01:00,14245.251744074869,13712.075684,6439.125119849376,5493.595,20684.376863924244,19205.670684,25506.66796
2026-03-01 08:30:00+01:00,14141.443476843153,12859.822332,6432.7828033620135,5450.139,20574.226280205166,18309.961332,26905.847088
2026-03-01 08:45:00+01:00,13985.557634768868,12306.23556,6427.300749988121,5194.87,20412.85838475699,17501.10556,28495.71448
2026-03-01 09:00:00+01:00,11615.529946688213,11869.853064,6457.785038042646,4921.908,18073.31498473086,16791.761064000002,30270.652292
2026-03-01 09:15:00+01:00,11403.19352007789,11659.653268,6444.706648231059,4972.937,17847.90016830895,16632.590268,32646.192668
2026-03-01 09:30:00+01:00,11267.19633064479,11356.60152,6437.067043404649,4930.522,17704.26337404944,16287.12352,34800.212236
2026-03-01 09:45:00+01:00,11119.762091870853,10803.079196,6415.495939181868,4851.282,17535.25803105272,15654.361196000002,36355.94102
2026-03-01 10:00:00+01:00,9471.915221430327,10596.704744,6870.864406161489,5273.726,16342.779627591815,15870.430744,39029.271392
2026-03-01 10:15:00+01:00,9339.71438057503,10410.46344,6847.704656281531,5320.15,16187.419036856561,15730.61344,40660.38
2026-03-01 10:30:00+01:00,9206.44145766906,10034.478892,6820.6506777854775,5359.193,16027.092135454537,15393.671891999998,41430.563899999994
2026-03-01 10:45:00+01:00,9119.660343883503,10085.996204,6797.026951822652,5388.534,15916.687295706155,15474.530204,42875.797416
2026-03-01 11:00:00+01:00,9761.783822207266,10008.570068,6930.303973476327,5197.815,16692.087795683594,15206.385068,43891.560108
2026-03-01 11:15:00+01:00,9689.58879099557,10303.122284,6926.103783716686,5277.342,16615.69257471226,15580.464283999998,45038.560236
2026-03-01 11:30:00+01:00,9649.127687663062,10246.14222,6928.013997942558,5202.753,16577.14168560562,15448.89522,45275.01586
2026-03-01 11:45:00+01:00,9625.825507531485,10227.107108,6919.721133714147,5209.158,16545.54664124563,15436.265108,45839.998472
2026-03-01 12:00:00+01:00,9905.725615352048,10100.968872,6805.16751857371,4981.433,16710.893133925758,15082.401872,45241.470328
2026-03-01 12:15:00+01:00,9919.53282292405,9905.05272,6794.622911919634,4990.581,16714.155734843684,14895.63372,44929.826756
2026-03-01 12:30:00+01:00,9950.245654986018,10054.236172,6772.677095395041,5130.943,16722.922750381058,15185.179172,45220.615224
2026-03-01 12:45:00+01:00,9945.112822286252,10190.141528,6753.19971125264,5139.14,16698.31253353889,15329.281528,45012.652224000005
2026-03-01 13:00:00+01:00,10462.304077436023,10270.824744,6940.474019929694,5186.747,17402.778097365717,15457.571744,45244.11962
2026-03-01 13:15:00+01:00,10486.491095537258,10420.783872,6943.793305283202,5295.55,17430.28440082046,15716.333872,45063.720432
2026-03-01 13:30:00+01:00,10487.028663603971,10475.585796,6942.6140423506495,5300.921,17429.64270595462,15776.506796,44379.1469
2026-03-01 13:45:00+01:00,10499.943891212093,10354.6184,6953.547178068957,5380.133,17453.49106928105,15734.7514,43722.21354
2026-03-01 14:00:00+01:00,11483.578378140694,10503.517644,6939.064576129783,5224.736,18422.642954270475,15728.253644,43086.811948
2026-03-01 14:15:00+01:00,11593.292948091777,10661.323316,6953.581295918164,5371.66,18546.87424400994,16032.983316,42476.409336
2026-03-01 14:30:00+01:00,11650.177729409204,11259.254676,6965.34533032722,5277.971,18615.523059736424,16537.225676000002,42482.83794
2026-03-01 14:45:00+01:00,11739.578949108633,11816.53802,6976.143607223823,5270.691,18715.722556332454,17087.22902,41637.783388
2026-03-01 15:00:00+01:00,11328.523109526242,11719.414096,6768.792430280606,5523.622,18097.31553980685,17243.036096,39881.374116
2026-03-01 15:15:00+01:00,11434.50259528388,11525.679288,6785.054163369847,5577.697,18219.55675865373,17103.376288,38046.180464000005
2026-03-01 15:30:00+01:00,11477.863421447568,11744.536636,6788.953009336081,5650.863,18266.81643078365,17395.399636000002,36847.3005
2026-03-01 15:45:00+01:00,11538.86551272551,11423.764524,6788.757776686545,5558.846,18327.623289412055,16982.610524,33926.986491999996
2026-03-01 16:00:00+01:00,10130.783314438375,10675.942012,6642.368276412909,5870.276,16773.151590851285,16546.218011999998,31213.14166
2026-03-01 16:15:00+01:00,10178.569062660064,10473.081752,6630.2935926088185,6089.217,16808.862655268884,16562.298752,28710.780156
2026-03-01 16:30:00+01:00,10252.52256413603,10146.05568,6611.442000354636,6075.21,16863.964564490667,16221.26568,25657.904952
2026-03-01 16:45:00+01:00,10284.397535340486,9532.858448,6612.664243300432,6192.129,16897.061778640917,15724.987448,22576.632576
2026-03-01 17:00:00+01:00,9424.684525559664,9028.194788,6655.404775895996,6050.161,16080.08930145566,15078.355788,19466.88676
2026-03-01 17:15:00+01:00,9606.541168737362,8851.010212,6645.3876662351795,5667.519,16251.928834972541,14518.529212,16930.778924
2026-03-01 17:30:00+01:00,9830.608469006553,8888.653016,6626.89254768402,5485.251,16457.501016690574,14373.904016,15448.036976
2026-03-01 17:45:00+01:00,9975.924341994581,9080.09214,6623.568272775112,5251.071,16599.492614769693,14331.16314,14686.563204
2026-03-01 18:00:00+01:00,10156.228594163002,9470.92778,6315.6519803301735,5322.896,16471.880574493174,14793.82378,14914.17456
2026-03-01 18:15:00+01:00,10375.629185598034,10075.713788,6335.733589916312,5139.136,16711.362775514346,15214.849788,15315.63082
2026-03-01 18:30:00+01:00,10560.590965989517,10935.743172,6348.7254325745835,4930.834,16909.3163985641,15866.577172,15996.334636
2026-03-01 18:45:00+01:00,10730.616554535376,11801.253244,6356.166783040784,4866.614,17086.783337576162,16667.867244,16772.619860000003
2026-03-01 19:00:00+01:00,13068.95249225386,12679.247304,6295.702077328002,5071.048,19364.654569581864,17750.295304,17796.484544
2026-03-01 19:15:00+01:00,13152.308478181103,13490.3779,6324.1738468315225,5160.65,19476.482325012625,18651.0279,18684.953236
2026-03-01 19:30:00+01:00,13243.052824895673,14468.772608,6329.772726411753,5325.274,19572.825551307425,19794.046608,19816.60368
2026-03-01 19:45:00+01:00,13325.466315657623,15239.5453,6334.419427741157,5330.663,19659.88574339878,20570.2083,20583.540567999997
2026-03-01 20:00:00+01:00,15413.249476981988,15913.199472,6289.728297326789,5355.261,21702.977774308776,21268.460472,21283.848619999997
2026-03-01 20:15:00+01:00,15476.837697491574,16656.963768,6324.488120778069,5454.815,21801.325818269645,22111.778768,22125.855492
2026-03-01 20:30:00+01:00,15509.060111956767,17333.4428,6358.130740093667,5564.559,21867.190852050433,22898.0018,22915.106308
2026-03-01 20:45:00+01:00,15567.157585810653,17939.350584,6375.416093924886,5569.487,21942.57367973554,23508.837584,23521.005988
2026-03-01 21:00:00+01:00,17309.81933027142,18434.746772,6457.65411550574,5705.206,23767.473445777163,24139.952771999997,24151.892623999996
2026-03-01 21:15:00+01:00,17304.834131404357,18782.416644,6471.506637051126,5821.071,23776.340768455484,24603.487644,24615.392804
2026-03-01 21:30:00+01:00,17297.428548771404,18921.426148,6478.716289577745,5943.741,23776.144838349148,24865.167148,24876.867384
2026-03-01 21:45:00+01:00,17292.65216136864,19085.361656,6495.678366108192,6116.001,23788.330527476828,25201.362656,25213.065076000003
2026-03-01 22:00:00+01:00,17199.680466527432,18741.359848,6521.249258946111,6178.56,23720.929725473543,24919.919848,24932.5907
2026-03-01 22:15:00+01:00,17214.494685059737,18882.10744,6521.069704398764,6500.027,23735.5643894585,25382.13444,25394.975632
2026-03-01 22:30:00+01:00,17202.312397649108,19101.96672,6511.50708964918,6625.108,23713.819487298286,25727.07472,25737.488328
2026-03-01 22:45:00+01:00,17146.405266259957,19161.489244,6514.441666410432,6725.205,23660.84693267039,25886.694244,25896.020999999997
2026-03-01 23:00:00+01:00,16227.137418415516,19076.304228,6605.75240568244,6989.108,22832.889824097954,26065.412228,26074.89988
2026-03-01 23:15:00+01:00,16189.483469172095,19167.49458,6595.406976486392,7121.853,22784.890445658486,26289.34758,26298.769871999997
2026-03-01 23:30:00+01:00,16132.309930652244,19183.631172,6585.047261375709,7177.246,22717.357192027954,26360.877172,26370.470072
2026-03-01 23:45:00+01:00,16075.375868142815,19099.274816,6570.1386094186,7231.855,22645.514477561417,26331.129816,26341.414936
2026-03-02 00:00:00+01:00,15827.029695275045,18923.436296,6438.977602757552,7115.703,22266.007298032597,26039.139296,26048.225428
2026-03-02 00:15:00+01:00,15774.309651224808,18705.308532,6452.897858477601,7302.316,22227.20750970241,26007.624532,26016.173219999997
2026-03-02 00:30:00+01:00,15731.760226846643,18611.11676,6465.894161908954,7312.639,22197.654388755596,25923.75576,25932.73022
2026-03-02 00:45:00+01:00,15666.779781381574,18137.28616,6458.485815704084,7352.594,22125.265597085658,25489.88016,25499.219844
2026-03-02 01:00:00+01:00,15455.386496771554,17542.302196,6394.962319036648,7392.687,21850.348815808204,24934.989196,24943.866568
2026-03-02 01:15:00+01:00,15378.810046171931,17079.854472,6381.38020050063,7338.747,21760.190246672562,24418.601472,24427.312248
2026-03-02 01:30:00+01:00,15318.425235833869,16956.474096,6369.755377559012,7349.078,21688.18061339288,24305.552096000003,24314.293044
2026-03-02 01:45:00+01:00,15264.40667423897,16911.912536,6353.769855848639,7333.948,21618.176530087607,24245.860536,24256.622388
2026-03-02 02:00:00+01:00,15438.914821361617,16857.533756,6368.006198250104,7454.477,21806.92101961172,24312.010756,24320.60792
2026-03-02 02:15:00+01:00,15393.212717661821,16660.64252,6352.662819255585,7446.231,21745.875536917407,24106.87352,24115.081696
2026-03-02 02:30:00+01:00,15350.208189863592,16452.849908,6340.276905617207,7424.212,21690.4850954808,23877.061908,23885.4664
2026-03-02 02:45:00+01:00,15297.045749040813,16156.502408,6322.619286962331,7462.73,21619.665036003145,23619.232408,23627.72994
2026-03-02 03:00:00+01:00,14630.222211499828,15809.806928,6573.697192792054,7477.9,21203.919404291883,23287.706928,23296.15806
2026-03-02 03:15:00+01:00,14602.816539201753,15449.034276,6557.154377220724,7417.08,21159.970916422477,22866.114276,22874.826936
2026-03-02 03:30:00+01:00,14590.403305433734,15165.641124,6545.496801453911,7289.439,21135.900106887646,22455.080124,22463.46758
2026-03-02 03:45:00+01:00,14573.208666183475,14703.592732,6541.902762994601,7159.027,21115.111429178076,21862.619732,21871.13898
2026-03-02 04:00:00+01:00,14059.40389189414,14280.9289,6420.760436142997,7293.339,20480.164328037135,21574.2679,21582.954552
2026-03-02 04:15:00+01:00,14053.946140209113,14074.638748,6427.933986641363,7179.547,20481.880126850476,21254.185748,21262.41388
2026-03-02 04:30:00+01:00,14029.308288582874,13934.528816,6430.084356773623,6955.152,20459.392645356496,20889.680816,20907.144428
2026-03-02 04:45:00+01:00,14015.036185309345,13901.683416,6427.33325641421,6732.617,20442.369441723557,20634.300416,20646.377183999997
2026-03-02 05:00:00+01:00,13601.887008629765,13892.997876,5812.002176534643,6559.236,19413.889185164408,20452.233876,20460.959508
2026-03-02 05:15:00+01:00,13613.24121564555,13979.246596,5815.535087988907,6398.176,19428.77630363446,20377.422596,20385.895516
2026-03-02 05:30:00+01:00,13610.423840888774,14000.589936,5795.895863940807,6182.359,19406.31970482958,20182.948936,20191.18162
2026-03-02 05:45:00+01:00,13588.691835093166,14030.007428,5785.345684886342,6027.556,19374.03751997951,20057.563428,20067.171976
2026-03-02 06:00:00+01:00,13595.133122703865,14206.260732,5389.620355057321,6001.165,18984.753477761187,20207.425732,20219.448532
2026-03-02 06:15:00+01:00,13608.359689773799,14164.307888,5387.66926323269,5970.489,18996.02895300649,20134.796887999997,20148.022371999996
2026-03-02 06:30:00+01:00,13593.27117902314,14132.5381,5372.999078197735,6109.823,18966.270257220876,20242.3611,20263.113816
2026-03-02 06:45:00+01:00,13560.107838308311,14148.412968,5357.8636814787615,6064.736,18917.971519787072,20213.148968,20274.866348
2026-03-02 07:00:00+01:00,13557.72294518284,14290.2666,4951.698737122584,5761.19,18509.421682305423,20051.4566,20364.854396
2026-03-02 07:15:00+01:00,13544.86557751866,14309.492892,4945.345289586963,5575.518,18490.210867105623,19885.010892,21142.18946
2026-03-02 07:30:00+01:00,13514.002698230253,14061.730124,4949.13021766754,5655.345,18463.132915897793,19717.075124,22670.737064
2026-03-02 07:45:00+01:00,13448.229091418178,13677.444624,4943.723529767879,5706.065,18391.952621186058,19383.509624,24540.95048
2026-03-02 08:00:00+01:00,13198.751818369301,13404.993044,4712.274188906342,5803.13,17911.026007275643,19208.123044,27056.35576
2026-03-02 08:15:00+01:00,13031.941442492793,13028.000168,4734.939573020869,5716.334,17766.88101551366,18744.334168,29512.047400000003
2026-03-02 08:30:00+01:00,12944.89766768264,12507.65152,4766.67253176117,5692.757,17711.57019944381,18200.408519999997,32079.409188
2026-03-02 08:45:00+01:00,12808.048453568685,11605.324264,4771.203741126224,5708.526,17579.25219469491,17313.850264,34346.62642
2026-03-02 09:00:00+01:00,10717.886184552299,10386.068248,4873.642413487327,5679.716,15591.528598039626,16065.784248,36374.78898
2026-03-02 09:15:00+01:00,10491.609334323386,9014.083124,4867.2470233072845,5598.856,15358.85635763067,14612.939124,37976.841188000006
2026-03-02 09:30:00+01:00,10330.005160971436,7746.128048,4860.092781695486,5582.04,15190.097942666922,13328.168048,39635.733888
2026-03-02 09:45:00+01:00,10166.351886036806,6753.644696,4840.670787872375,5618.886,15007.022673909181,12372.530696000002,41358.388332
2026-03-02 10:00:00+01:00,6143.596774444786,6051.681596,4703.69007814263,5552.275,10847.286852587416,11603.956596,43115.008508
2026-03-02 10:15:00+01:00,6003.139386988755,5566.281796,4673.312859321912,5511.49,10676.452246310666,11077.771796,44794.6282
2026-03-02 10:30:00+01:00,5874.671476557844,5273.051412,4643.443312067557,5491.918,10518.1147886254,10764.969412,46551.020992
2026-03-02 10:45:00+01:00,5793.159272299086,5099.10666,4617.959821194136,5508.379,10411.119093493222,10607.48566,48246.75846
2026-03-02 11:00:00+01:00,3841.8451315289076,5068.6404,4563.211504727865,5454.798,8405.056636256773,10523.4384,49764.6698
2026-03-02 11:15:00+01:00,3771.1548592521367,5056.720916,4562.025768586718,5107.676,8333.180627838854,10164.396916000002,50382.43392
2026-03-02 11:30:00+01:00,3719.869064164897,5258.655456,4561.721934871397,5061.283,8281.590999036294,10319.938456,51432.03264799999
2026-03-02 11:45:00+01:00,3698.2476364631975,5212.94702,4546.956272883429,4822.885,8245.203909346626,10035.83202,51678.579968
2026-03-02 12:00:00+01:00,4058.8695567048635,5384.279184,4533.819395690255,4547.101,8592.688952395118,9931.380184,51986.314068
2026-03-02 12:15:00+01:00,4068.6072591657585,5633.544192,4519.203918613384,4432.313,8587.811177779142,10065.857192,52247.71294
2026-03-02 12:30:00+01:00,4096.790272937182,5693.539404,4493.349633892884,4344.72,8590.139906830067,10038.259404,51889.407456
2026-03-02 12:45:00+01:00,4104.926987606349,5737.70476,4468.285623440988,4241.072,8573.212611047336,9978.77676,51491.27964
2026-03-02 13:00:00+01:00,4366.961800978001,5995.817776,4255.654481293109,4172.915,8622.616282271109,10168.732776,51546.214928
2026-03-02 13:15:00+01:00,4393.71304468967,6142.1438,4250.951528407273,4141.514,8644.664573096943,10283.6578,50979.272308
2026-03-02 13:30:00+01:00,4389.177864812745,6150.929092,4259.584479061856,4118.478,8648.762343874601,10269.407092,50112.132668
2026-03-02 13:45:00+01:00,4391.736219308801,6107.907404,4271.264545547913,4101.854,8663.000764856715,10209.761404,48709.698944
2026-03-02 14:00:00+01:00,3356.5938926598737,6061.444268,3776.4932595296605,3778.749,7133.087152189534,9840.193268,47136.233368
2026-03-02 14:15:00+01:00,3462.672377338187,6013.308424,3793.50346310472,3862.022,7256.175840442907,9875.330424,45801.022916
2026-03-02 14:30:00+01:00,3542.9203917328077,5882.366544,3827.587812719166,3963.385,7370.508204451973,9845.751544,44372.449896
2026-03-02 14:45:00+01:00,3649.3958521392506,5622.982484,3836.9083147773595,3800.982,7486.3041669166105,9423.964484,41868.965639999995
2026-03-02 15:00:00+01:00,3149.752137708856,5201.619276,3523.0362659554457,3590.991,6672.788403664302,8792.610276,38718.432408
2026-03-02 15:15:00+01:00,3275.881624269027,4790.663392,3546.2520865526103,3412.932,6822.133710821638,8203.595392,35362.594247999994
2026-03-02 15:30:00+01:00,3307.316540381789,4406.132716,3553.720336950921,3286.61,6861.03687733271,7692.742716000001,31871.797968
2026-03-02 15:45:00+01:00,3374.28976255368,3996.370836,3549.790074171001,3193.184,6924.079836724681,7189.554836,28244.007236
2026-03-02 16:00:00+01:00,3343.977216769861,3693.23296,3267.240279251245,3151.563,6611.217496021106,6844.7959599999995,24528.576256
2026-03-02 16:15:00+01:00,3366.1161412646234,3440.046828,3259.6354448964344,3083.21,6625.751586161057,6523.256828,21012.819408
2026-03-02 16:30:00+01:00,3348.1491349253492,3254.898116,3266.4073006959516,3000.392,6614.556435621301,6255.290116,17502.392780000002
2026-03-02 16:45:00+01:00,3369.762533570919,3114.61334,3255.2225584710327,2978.52,6624.985092041952,6093.13334,14370.682728
2026-03-02 17:00:00+01:00,2993.355215985848,3113.880312,3305.37170818219,2994.824,6298.726924168039,6108.704312,11545.260608
2026-03-02 17:15:00+01:00,3188.906149142591,3289.596676,3294.380032052616,3048.601,6483.286181195207,6338.197676,9427.81162
2026-03-02 17:30:00+01:00,3404.8418059385376,3716.003676,3338.97641308131,3103.882,6743.818219019848,6819.885676,8199.344632
2026-03-02 17:45:00+01:00,3559.133989944302,4353.089052,3335.1098209425104,3071.95,6894.243810886812,7425.039052,7928.205152
2026-03-02 18:00:00+01:00,5407.272063489047,5056.95014,3432.830340023259,3081.815,8840.102403512305,8138.76514,8350.081068
2026-03-02 18:15:00+01:00,5644.098140579897,5857.81374,3458.117839336651,3112.349,9102.215979916547,8970.16274,9115.983404
2026-03-02 18:30:00+01:00,5841.171578099974,6643.609148,3471.084894755788,3185.46,9312.256472855763,9829.069148,9905.461972
2026-03-02 18:45:00+01:00,6020.747596540018,7501.371088,3476.9111339686847,3300.635,9497.658730508703,10802.006088,10884.704192
2026-03-02 19:00:00+01:00,8560.469438325594,8359.491636,3920.027670926923,3387.456,12480.497109252516,11746.947636,11880.772992
2026-03-02 19:15:00+01:00,8655.362450412089,9183.346512,3941.1021560921185,3459.087,12596.464606504207,12642.433512,12688.011968
2026-03-02 19:30:00+01:00,8753.927634526612,10092.948628,3939.925616428891,3555.675,12693.853250955503,13648.623628,13679.705004
2026-03-02 19:45:00+01:00,8843.461047426832,10820.437808,3939.082741393433,3565.624,12782.543788820265,14386.061808,14415.580616
2026-03-02 20:00:00+01:00,10947.89628179423,11532.42308,4125.089206798635,3595.275,15072.985488592865,15127.69808,15146.543936
2026-03-02 20:15:00+01:00,11015.15737837091,12227.351568,4157.552469553429,3657.896,15172.70984792434,15885.247568,15899.795252
2026-03-02 20:30:00+01:00,11053.066469929761,12831.317544,4190.521024943921,3750.025,15243.587494873682,16581.342544,16596.09696
2026-03-02 20:45:00+01:00,11105.808008820473,13351.079016,4217.396345952427,3872.272,15323.2043547729,17223.351016,17237.138396000002
2026-03-02 21:00:00+01:00,13618.395332524957,13805.751936,4660.28100676881,3992.424,18278.676339293765,17798.175936,17815.899816
2026-03-02 21:15:00+01:00,13608.84208918794,14144.06256,4674.69026086953,4128.768,18283.53235005747,18272.83056,18287.035888
2026-03-02 21:30:00+01:00,13587.94075520882,14332.533624,4688.295746963953,4274.906,18276.236502172775,18607.439624,18620.778184
2026-03-02 21:45:00+01:00,13558.64094924801,14428.203848,4702.740844926578,4480.089,18261.381794174587,18908.292847999997,18921.499311999996
2026-03-02 22:00:00+01:00,13476.670107133705,14107.145656,4711.080676007391,4655.107,18187.750783141095,18762.252656,18776.138748
2026-03-02 22:15:00+01:00,13487.309122249038,14145.636516,4710.199204167469,4760.164,18197.508326416508,18905.800516,18918.685952
2026-03-02 22:30:00+01:00,13472.907843713707,14268.161264,4699.436586133783,4839.273,18172.34442984749,19107.434264,19120.082508
2026-03-02 22:45:00+01:00,13419.208509660204,14340.470028,4706.311479729974,4990.521,18125.519989390177,19330.991028,19343.268264
2026-03-02 23:00:00+01:00,13812.896702096872,14298.281836,4639.469287296155,5083.948,18452.365989393027,19382.229836,19394.185384
2026-03-02 23:15:00+01:00,13760.18573932861,14250.197624,4629.600257736599,5082.957,18389.78599706521,19333.154624000003,19345.074404000003
2026-03-02 23:30:00+01:00,13690.7014441135,14182.676348,4621.458822174754,5040.272,18312.160266288254,19222.948348,19235.352408
2026-03-02 23:45:00+01:00,13634.708450296917,14085.63186,4609.3921025779,5003.739,18244.100552874817,19089.37086,19111.745656
2026-03-03 00:00:00+01:00,12772.253579841543,13976.848736,4458.925625337025,4944.404,17231.179205178567,18921.252736,18934.216476
2026-03-03 00:15:00+01:00,12718.995069213379,13803.495392,4475.3918055808645,4870.896,17194.386874794243,18674.391392,18686.49076
2026-03-03 00:30:00+01:00,12677.279086461116,13568.32838,4486.606627238919,4810.658,17163.885713700034,18378.98638,18390.895256000003
2026-03-03 00:45:00+01:00,12601.652910324747,13349.320512,4479.251333779831,4748.616,17080.90424410458,18097.936512,18109.808344
2026-03-03 01:00:00+01:00,11124.18323987364,13036.479528,4208.620261960582,4666.008,15332.803501834223,17702.487527999998,17714.768443999998
2026-03-03 01:15:00+01:00,11040.95715422414,12682.972224,4192.7324596333465,4617.434,15233.689613857485,17300.406224,17312.776672
2026-03-03 01:30:00+01:00,10980.635085774647,12317.966624,4182.223066771393,4494.265,15162.85815254604,16812.231624,16824.398076
2026-03-03 01:45:00+01:00,10926.560352643946,12010.947924,4166.3693705409505,4344.708,15092.929723184898,16355.655924,16368.094603999998
2026-03-03 02:00:00+01:00,10020.177343052654,11787.201532,3896.8886656693658,4208.284,13917.06600872202,15995.485532,16007.668792
2026-03-03 02:15:00+01:00,9969.028305212516,11437.638836,3881.710564741689,4065.324,13850.738869954204,15502.962836,15514.988864
2026-03-03 02:30:00+01:00,9921.51128733745,11040.130784,3869.3789394712517,3897.243,13790.8902268087,14937.373784,14949.497284
2026-03-03 02:45:00+01:00,9860.726440836432,10780.47236,3852.9884276838907,3821.89,13713.714868520323,14602.36236,14614.713236
2026-03-03 03:00:00+01:00,8460.089471803949,10444.584444,3495.6566414251947,3781.29,11955.746113229143,14225.874444,14238.097756
2026-03-03 03:15:00+01:00,8419.98668806963,10107.129428,3477.736058030907,3728.533,11897.722746100537,13835.662428,13847.6332
2026-03-03 03:30:00+01:00,8397.352514285869,9814.660616,3463.4972436015396,3604.164,11860.849757887408,13418.824616,13428.070528
2026-03-03 03:45:00+01:00,8369.26718146578,9543.444984,3457.058511714339,3516.021,11826.325693180119,13059.465984,13068.924096
2026-03-03 04:00:00+01:00,7090.201086507447,9197.843368,3128.8690632061184,3412.583,10219.070149713565,12610.426368,12619.996852
2026-03-03 04:15:00+01:00,7075.6128023178735,8796.777612,3132.972412122932,3219.112,10208.585214440805,12015.889612,12025.321736
2026-03-03 04:30:00+01:00,7043.849216345263,8448.340048,3129.3552618769486,3017.601,10173.204478222211,11465.941048,11475.65392
2026-03-03 04:45:00+01:00,7025.418140257566,8192.831544,3121.8842235080006,2882.894,10147.302363765566,11075.725544,11086.030548
2026-03-03 05:00:00+01:00,5721.798699758613,8013.192288,3010.645318600863,2708.804,8732.444018359476,10721.996288,10733.249688
2026-03-03 05:15:00+01:00,5731.322188553231,7813.409388,3014.1174650469848,2597.72,8745.439653600217,10411.129388,10421.933448
2026-03-03 05:30:00+01:00,5725.362669477292,7587.901292,2988.34553962611,2452.812,8713.708209103403,10040.713292,10051.743852
2026-03-03 05:45:00+01:00,5700.188185090499,7402.706476,2967.1808559686515,2357.853,8667.369041059152,9760.559476,9777.009076
2026-03-03 06:00:00+01:00,6017.818913631668,7326.123416,2948.9938637392406,2276.805,8966.81277737091,9602.928416,9620.3986
2026-03-03 06:15:00+01:00,6027.74149078792,7110.67752,2946.438777102,2104.133,8974.18026788992,9214.81052,9235.193388
2026-03-03 06:30:00+01:00,6010.707088900553,6826.944824,2935.8680160158547,2013.593,8946.575104916406,8840.537824000001,8875.549096
2026-03-03 06:45:00+01:00,5976.935206416385,6604.903844,2920.4697429241137,1987.46,8897.404949340498,8592.363844,8705.019804
2026-03-03 07:00:00+01:00,5849.43264842083,6382.970256,2640.978943800349,1992.256,8490.411592221179,8375.226256,8803.244676
2026-03-03 07:15:00+01:00,5838.011394564654,6135.974396,2635.339039077809,1895.128,8473.350433642463,8031.102395999999,9547.970656
2026-03-03 07:30:00+01:00,5803.081708894903,5724.206248,2644.0390135893704,1782.286,8447.120722484273,7506.492248,10711.99116
2026-03-03 07:45:00+01:00,5730.6825823783065,5423.046628,2646.2736667222907,1627.326,8376.956249100596,7050.372628,12427.417176
2026-03-03 08:00:00+01:00,4616.910549988302,5287.713672,2000.0283774970205,1524.628,6616.938927485322,6812.341672,14976.937784
2026-03-03 08:15:00+01:00,4428.279109986801,5212.313568,2015.725022605763,1486.888,6444.004132592564,6699.2015679999995,17777.702304
2026-03-03 08:30:00+01:00,4321.501977622804,5063.827552,1990.3923336393204,1585.867,6311.894311262124,6649.694552,20802.080096
2026-03-03 08:45:00+01:00,4185.412007101802,4743.111704,1994.7248226272975,1812.213,6180.1368297291,6555.324704,23812.053787999997
2026-03-03 09:00:00+01:00,3359.9031596500163,4247.56258,1531.8120236709663,1927.597,4891.715183320983,6175.15958,26600.77714
2026-03-03 09:15:00+01:00,3178.4810981878795,3633.361208,1531.6095167517058,1891.831,4710.090614939585,5525.1922079999995,28901.239076
2026-03-03 09:30:00+01:00,3008.4663491780743,2939.3101,1525.8213297820896,1856.074,4534.287678960164,4795.3841,31056.615612
2026-03-03 09:45:00+01:00,2843.4382035285967,2226.556216,1507.5323387625588,1979.789,4350.970542291156,4206.345216,33111.2427
2026-03-03 10:00:00+01:00,1828.419036766819,1656.430872,1241.3313733933044,2117.654,3069.7504101601235,3774.084872,34837.767488
2026-03-03 10:15:00+01:00,1693.770989476833,1233.970164,1219.8052295680848,2152.484,2913.5762190449177,3386.454164,36649.665376
2026-03-03 10:30:00+01:00,1568.617849862482,990.35444,1191.3131324255373,2235.169,2759.9309822880195,3225.52344,38325.435224
2026-03-03 10:45:00+01:00,1501.1419110404956,892.356536,1167.3968901509654,2262.187,2668.538801191461,3154.543536,39777.023164
2026-03-03 11:00:00+01:00,1175.39978651079,902.520152,1248.4979480765555,2058.452,2423.8977345873454,2960.9721520000003,40999.63586
2026-03-03 11:15:00+01:00,1125.2230447045267,908.12962,1247.352611551326,2018.015,2372.5756562558527,2926.14462,42217.401936
2026-03-03 11:30:00+01:00,1083.4836900370783,914.583064,1244.491510145566,1885.713,2327.9752001826446,2800.296064,42878.394604
2026-03-03 11:45:00+01:00,1068.8451013440788,918.806524,1230.0482877881825,1802.235,2298.8933891322613,2721.041524,43566.308088
2026-03-03 12:00:00+01:00,532.5192366224142,989.973844,1269.1332903764123,1803.269,1801.6525269988265,2793.242844,44275.906836
2026-03-03 12:15:00+01:00,543.8214864920415,1134.208232,1254.5548255915028,1772.595,1798.3763120835442,2906.803232,44777.930779999995
2026-03-03 12:30:00+01:00,582.9702288017053,1279.575128,1232.753945505515,1781.877,1815.7241743072204,3061.452128,45019.887164
2026-03-03 12:45:00+01:00,601.9457189657522,1489.459656,1205.4000096660743,1876.519,1807.3457286318267,3365.978656,45067.65382
2026-03-03 13:00:00+01:00,511.2062107574409,1672.23262,1447.511931455746,2003.299,1958.7181422131869,3675.53162,45054.238548
2026-03-03 13:15:00+01:00,545.6884998628474,1775.501012,1449.715322161661,2010.29,1995.4038220245084,3785.791012,44079.114344
2026-03-03 13:30:00+01:00,546.6443700312909,1925.649,1458.0069724791665,2116.35,2004.6513425104574,4041.999,43735.091776
2026-03-03 13:45:00+01:00,543.1411407356131,2060.772412,1471.624875810859,2375.339,2014.7660165464722,4436.111412,42947.151096
2026-03-03 14:00:00+01:00,680.8491645133432,2102.67122,1612.4395530472877,2495.254,2293.288717560631,4597.92522,41685.885731999995
2026-03-03 14:15:00+01:00,785.6147898643219,2250.959176,1633.4171758053214,2740.147,2419.0319656696433,4991.106175999999,40594.840416
2026-03-03 14:30:00+01:00,876.9153482178476,2322.491664,1663.2904386735343,2707.727,2540.2057868913816,5030.218664,38634.922692
2026-03-03 14:45:00+01:00,1003.6239935206916,2410.944752,1674.331154773823,2706.452,2677.9551482945144,5117.396752000001,36551.547176
2026-03-03 15:00:00+01:00,1800.043667710235,2519.94182,2111.186111945327,2666.765,3911.229779655562,5186.706819999999,34136.433355999994
2026-03-03 15:15:00+01:00,1904.6276539831254,2532.333464,2138.0306338239566,2628.427,4042.658287807082,5160.760464,31528.811636
2026-03-03 15:30:00+01:00,1975.5658496689741,2521.504704,2149.039957288823,2641.103,4124.6058069577975,5162.607704,28603.366135999997
2026-03-03 15:45:00+01:00,2026.3023647552914,2486.481728,2146.1914369347414,2748.483,4172.493801690032,5234.964728000001,25590.859832
2026-03-03 16:00:00+01:00,1833.2889210625206,2488.07738,2571.996067263797,2650.865,4405.284988326318,5138.94238,22247.3967
2026-03-03 16:15:00+01:00,1876.1075674901358,2539.123444,2563.8483654220045,2466.003,4439.95593291214,5005.1264439999995,18834.641883999997
2026-03-03 16:30:00+01:00,1847.1592586277002,2520.947588,2553.4694179757703,2512.866,4400.62867660347,5033.813588,15722.218852000002
2026-03-03 16:45:00+01:00,1847.5158375322458,2573.87952,2550.9475535268207,2663.849,4398.463391059066,5237.728520000001,12957.090744
2026-03-03 17:00:00+01:00,1011.0666126358655,2686.856472,2588.284115875351,2788.641,3599.3507285112164,5475.497472,10520.434068
2026-03-03 17:15:00+01:00,1194.3061511165233,2805.108188,2582.465084149057,2822.737,3776.7712352655803,5627.845188,8524.027056
2026-03-03 17:30:00+01:00,1445.821942109951,3119.974392,2584.547056792849,2882.34,4030.3689989028,6002.314392,7309.172928
2026-03-03 17:45:00+01:00,1609.481059244495,3587.154464,2600.286419260885,2884.552,4209.7674785053805,6471.706464000001,6887.929456000001
2026-03-03 18:00:00+01:00,1565.486709738469,3910.51266,2710.3525859376277,2859.961,4275.839295676096,6770.47366,6870.824564
2026-03-03 18:15:00+01:00,1807.6165903174822,4237.148804,2723.0214926267017,2793.285,4530.638082944184,7030.433804,7086.3349960000005
2026-03-03 18:30:00+01:00,2038.7553360326704,4524.835512,2735.3895712829044,2937.137,4774.1449073155745,7461.972512,7516.751712
2026-03-03 18:45:00+01:00,2236.329741493417,4824.0557,2740.9295226225713,2916.023,4977.259264115988,7740.0787,7803.01938
2026-03-03 19:00:00+01:00,3663.630361214601,5025.893164,2885.095192118436,2777.764,6548.725553333037,7803.657164,7858.496868
2026-03-03 19:15:00+01:00,3781.395902086334,5271.529272,2909.562616542356,2600.675,6690.9585186286895,7872.204272,7910.98292
2026-03-03 19:30:00+01:00,3905.2886969455726,5478.943364,2913.73216975568,2573.402,6819.020866701252,8052.345364,8084.182216
2026-03-03 19:45:00+01:00,4019.488956733199,5679.144024,2915.599437158477,2507.676,6935.088393891676,8186.820024000001,8216.104988000001
2026-03-03 20:00:00+01:00,4998.046785334068,5832.953368,2679.4529481936406,2417.409,7677.4997335277085,8250.362368,8278.327224
2026-03-03 20:15:00+01:00,5088.285493815816,6048.542724,2715.6666865625557,2301.572,7803.952180378372,8350.114724,8373.208267999998
2026-03-03 20:30:00+01:00,5147.153044083941,6235.562728,2752.4744870646136,2111.716,7899.627531148554,8347.278728,8370.085452
2026-03-03 20:45:00+01:00,5217.496331128064,6275.4987,2779.0869227293533,1936.634,7996.583253857418,8212.1327,8235.058548
2026-03-03 21:00:00+01:00,5648.759120222855,6232.113572,2525.2026129138285,1756.253,8173.9617331366835,7988.366572,8010.988676
2026-03-03 21:15:00+01:00,5655.453478352241,6332.102092,2540.6581063752246,1557.331,8196.111584727467,7889.433092,7916.054952
2026-03-03 21:30:00+01:00,5639.270403830139,6437.542628,2558.07822058402,1429.638,8197.348624414159,7867.180628,7887.594772
2026-03-03 21:45:00+01:00,5619.730942386246,6457.501316,2573.9006388975754,1432.566,8193.631581283822,7890.067316,7909.048624
2026-03-03 22:00:00+01:00,4739.965000849779,6327.907984,2409.3660270619143,1467.702,7149.331027911694,7795.609984000001,7814.2848
2026-03-03 22:15:00+01:00,4757.078443838476,6229.393384,2417.4915396862866,1486.374,7174.569983524763,7715.767384,7732.323788
2026-03-03 22:30:00+01:00,4752.101749029642,6031.907156,2413.439175265891,1523.102,7165.540924295533,7555.009156,7569.992488
2026-03-03 22:45:00+01:00,4703.808327792715,5903.66818,2415.4884917951945,1552.809,7119.296819587909,7456.47718,7468.338076
2026-03-03 23:00:00+01:00,4853.403365311544,5733.976452,2111.9027613806265,1518.794,6965.30612669217,7252.770452,7264.943332
2026-03-03 23:15:00+01:00,4804.240052928948,5608.214088,2110.5831436451144,1387.352,6914.823196574062,6995.566088,7007.26006
2026-03-03 23:30:00+01:00,4737.0642897537955,5619.23976,2108.0760770465026,1422.334,6845.140366800299,7041.57376,7053.652452
2026-03-03 23:45:00+01:00,4678.785273080748,5608.879784,2100.5500969887908,1451.298,6779.335370069539,7060.1777839999995,7072.219948
2026-03-04 00:00:00+01:00,5043.0734343741115,5440.794368,1943.4071891553642,1434.9,6986.480623529475,6875.694368,6886.220768
2026-03-04 00:15:00+01:00,4993.375310466039,5291.942792,1952.2654588531202,1367.492,6945.6407693191595,6659.434792,6668.060316
2026-03-04 00:30:00+01:00,4950.06046418666,5215.53048,1963.056417584575,1292.898,6913.116881771235,6508.4284800000005,6517.038424
2026-03-04 00:45:00+01:00,4875.255389066033,5126.274616,1953.5862373511536,1168.594,6828.8416264171865,6294.868616,6303.34998
2026-03-04 01:00:00+01:00,5094.960340975587,4978.952672,1732.7251130263467,1145.299,6827.685454001934,6124.251672,6132.61136
2026-03-04 01:15:00+01:00,5007.45988509437,4905.24564,1715.1195659445243,1185.369,6722.579451038895,6090.61464,6098.907056
2026-03-04 01:30:00+01:00,4939.8271219856915,4804.228432,1702.3742593361967,1227.507,6642.201381321888,6031.7354319999995,6041.129596
2026-03-04 01:45:00+01:00,4881.427371776577,4835.9146,1682.4291393180677,1298.941,6563.856511094645,6134.8556,6144.486984
2026-03-04 02:00:00+01:00,4839.2216507461335,4817.979312,1760.572873054922,1336.079,6599.794523801055,6154.058312,6162.970456
2026-03-04 02:15:00+01:00,4774.797598444393,4759.912328,1741.2787323970138,1255.234,6516.076330841406,6015.146328000001,6023.902760000001
2026-03-04 02:30:00+01:00,4717.875531499699,4694.90054,1724.1513609556407,1167.347,6442.026892455339,5862.247539999999,5871.152423999999
2026-03-04 02:45:00+01:00,4654.384608498441,4572.5177,1704.5700518838712,1156.022,6358.954660382312,5728.5397,5737.512904
2026-03-04 03:00:00+01:00,4198.2650687726955,4470.643792,1802.9019731467154,1097.031,6001.167041919411,5567.674792,5576.58964
2026-03-04 03:15:00+01:00,4153.335190260124,4416.887732,1784.0692601366352,1109.977,5937.40445039676,5526.864732,5535.701828
2026-03-04 03:30:00+01:00,4125.862488617464,4436.87208,1768.5520828997023,1142.264,5894.414571517166,5579.13608,5588.181812
2026-03-04 03:45:00+01:00,4092.1498874551344,4437.409308,1758.6535990684088,1114.501,5850.803486523543,5551.910308,5561.1892800000005
2026-03-04 04:00:00+01:00,4132.0154302974615,4516.017428,1685.1216838880812,1079.267,5817.1371141855425,5595.284428,5605.314408
2026-03-04 04:15:00+01:00,4108.291091573248,4583.580692,1683.478220641102,1071.794,5791.76931221435,5655.374692,5667.497364000001
2026-03-04 04:30:00+01:00,4069.8421315457063,4604.146624,1676.0292420166768,1068.372,5745.871373562383,5672.518624,5684.609372
2026-03-04 04:45:00+01:00,4043.760954212488,4600.515568,1664.957186356121,1051.28,5708.718140568609,5651.795568,5664.429964
2026-03-04 05:00:00+01:00,4026.572145392398,4593.093032,1729.1407681512455,1031.852,5755.7129135436435,5624.945032,5637.541756
2026-03-04 05:15:00+01:00,4029.464635354356,4598.23102,1728.598957001119,949.381,5758.063592355475,5547.6120200000005,5560.1103920000005
2026-03-04 05:30:00+01:00,4014.047206050531,4524.403368,1698.0310076548865,949.53,5712.0782137054175,5473.933368,5486.478672
2026-03-04 05:45:00+01:00,3983.582589585767,4403.742892,1676.8844382239354,939.39,5660.467027809702,5343.1328920000005,5365.615308
2026-03-04 06:00:00+01:00,4061.9781335543266,4250.321808,1684.7873969941406,900.238,5746.765530548468,5150.559808,5173.776232
2026-03-04 06:15:00+01:00,4071.233144280253,4093.788624,1677.4102549940621,866.713,5748.643399274315,4960.5016239999995,4984.810063999999
2026-03-04 06:30:00+01:00,4046.380464987218,4064.848184,1666.4485039764963,821.242,5712.828968963715,4886.090184,4937.891135999999
2026-03-04 06:45:00+01:00,4005.709984554189,4078.664928,1650.4800890392794,777.871,5656.190073593469,4856.535928,5011.06876
2026-03-04 07:00:00+01:00,3719.6157067213953,4007.608392,1727.4014351123456,759.838,5447.017141833741,4767.446392,5269.141868
2026-03-04 07:15:00+01:00,3700.880108671705,3889.244828,1717.44678873632,802.428,5418.326897408025,4691.672828,6287.642232
2026-03-04 07:30:00+01:00,3650.81448866326,3663.917956,1723.3655253089294,874.857,5374.180013972189,4538.774955999999,7667.097223999999
2026-03-04 07:45:00+01:00,3572.034694596209,3509.87334,1722.431669605701,869.731,5294.46636420191,4379.60434,9408.948108
2026-03-04 08:00:00+01:00,3094.636724799849,3441.346524,1602.5484710380392,848.516,4697.185195837888,4289.862524,11798.505596
2026-03-04 08:15:00+01:00,2962.384048976052,3360.07162,1619.4209562317744,873.6,4581.805005207826,4233.67162,14317.078248000002
2026-03-04 08:30:00+01:00,2668.9920153917233,3161.46586,1634.016306259289,895.544,4303.008321651012,4057.00986,17018.729688
2026-03-04 08:45:00+01:00,2506.1049924604918,2916.549224,1638.9422862261601,929.802,4145.047278686652,3846.351224,19721.025028
2026-03-04 09:00:00+01:00,2298.0747408758148,2583.380284,1542.505483253334,1005.136,3840.5802241291485,3588.516284,22375.06904
2026-03-04 09:15:00+01:00,2080.113818158387,2179.040268,1539.4989698447046,1081.908,3619.6127880030917,3260.948268,24825.970548
2026-03-04 09:30:00+01:00,1885.3085711986348,1749.245152,1532.3492276390325,1140.479,3417.6577988376675,2889.724152,27127.861096
2026-03-04 09:45:00+01:00,1691.7834185164638,1389.91832,1514.4638412338625,1161.459,3206.2472597503265,2551.37732,29385.512312
2026-03-04 10:00:00+01:00,1706.8932425056933,1145.077824,1385.8564149993379,889.591,3092.749657505031,2034.668824,31370.620632
2026-03-04 10:15:00+01:00,1561.6884757479584,1034.74534,1363.961190682547,950.274,2925.6496664305055,1985.01934,33366.994872
2026-03-04 10:30:00+01:00,1429.9865359649643,976.787744,1335.4933789743986,973.526,2765.479914939363,1950.313744,35062.30006
2026-03-04 10:45:00+01:00,1360.280665035878,976.901224,1312.6182575448727,952.585,2672.898922580751,1929.486224,36650.897244
2026-03-04 11:00:00+01:00,1629.0087178029362,1010.339712,1248.1052461567301,532.824,2877.1139639596663,1543.163712,37756.010424
2026-03-04 11:15:00+01:00,1583.2788740037454,1032.74738,1235.8480458849353,779.318,2819.1269198886807,1812.06538,39370.1325
2026-03-04 11:30:00+01:00,1548.4352858278698,1047.795364,1230.8240851434873,827.985,2779.2593709713574,1875.780364,40611.193192
2026-03-04 11:45:00+01:00,1534.3151111001425,1075.775088,1209.9797865533833,900.537,2744.294897653526,1976.312088,41691.77062
2026-03-04 12:00:00+01:00,1067.3386453106946,1078.60592,1279.0413264709712,863.815,2346.3799717816655,1942.42092,42263.521052
2026-03-04 12:15:00+01:00,1084.8217344077855,1051.437396,1260.2566110986124,919.483,2345.078345506398,1970.920396,42872.316304
2026-03-04 12:30:00+01:00,1122.9681626320723,1029.691836,1236.3090575198216,1036.323,2359.2772201518937,2066.0148360000003,43248.386704
2026-03-04 12:45:00+01:00,1137.2288124478828,1023.715072,1205.3160931320413,1104.84,2342.544905579924,2128.555072,43134.211488
2026-03-04 13:00:00+01:00,1189.7978363953996,981.624792,1268.5365792596317,1225.266,2458.334415655031,2206.890792,43067.212732
2026-03-04 13:15:00+01:00,1224.2920871543665,956.145576,1262.658957378706,1327.764,2486.9510445330725,2283.909576,42610.591364
2026-03-04 13:30:00+01:00,1220.7757783801671,926.160524,1274.9372092946953,1366.648,2495.7129876748622,2292.808524,41749.374608
2026-03-04 13:45:00+01:00,1209.7289035087233,908.247,1283.3077906296965,1352.204,2493.03669413842,2260.451,40711.97574
2026-03-04 14:00:00+01:00,1505.2287894066512,922.721444,1320.1518770951818,1349.524,2825.380666501833,2272.245444,40149.19328
2026-03-04 14:15:00+01:00,1600.3082736418146,901.039948,1341.2743230323272,1485.649,2941.5825966741418,2386.688948,38859.069128
2026-03-04 14:30:00+01:00,1680.3298429717186,903.393164,1372.0534751482855,1616.866,3052.3833181200043,2520.259164,37140.524232
2026-03-04 14:45:00+01:00,1775.7875946845736,913.06894,1376.5594460353998,1629.145,3152.3470407199734,2542.21394,35059.85034
2026-03-04 15:00:00+01:00,1932.369043073026,924.389672,1439.4185496102461,2117.257,3371.787592683272,3041.646672,33329.813924
2026-03-04 15:15:00+01:00,2017.233424720295,933.282836,1466.325562289884,2175.073,3483.558987010179,3108.3558359999997,30830.408708
2026-03-04 15:30:00+01:00,2071.344269440408,943.991864,1470.8464877227557,2143.215,3542.1907571631637,3087.206864,28048.990568
2026-03-04 15:45:00+01:00,2104.572536265369,950.19216,1469.7025003916917,2059.6,3574.275036657061,3009.79216,25000.66832
2026-03-04 16:00:00+01:00,2315.3130357073483,952.758108,1591.6290281095644,2008.74,3906.9420638169127,2961.498108,21618.788992
2026-03-04 16:15:00+01:00,2321.836102229246,963.32616,1593.4491512670638,2064.626,3915.28525349631,3027.9521600000003,18311.895164
2026-03-04 16:30:00+01:00,2327.4195782871775,985.930572,1594.5989691983398,2028.894,3922.018547485517,3014.824572,14889.224112
2026-03-04 16:45:00+01:00,2318.998659187437,1050.368616,1592.8047894836277,2010.54,3911.803448671065,3060.9086159999997,11699.869356
2026-03-04 17:00:00+01:00,1725.2610215210939,1161.740016,1666.2703088353583,2015.151,3391.531330356452,3176.891016,8880.969704
2026-03-04 17:15:00+01:00,1902.0597260014476,1329.22498,1647.0871497849448,2019.173,3549.1468757863922,3348.3979799999997,6644.328503999999
2026-03-04 17:30:00+01:00,2081.0995184803887,1582.78634,1635.291072458617,1988.97,3716.390590939006,3571.75634,5095.0401679999995
2026-03-04 17:45:00+01:00,2249.25348636512,1971.272552,1638.1560732246592,2018.193,3887.409559589779,3989.465552,4567.537816
2026-03-04 18:00:00+01:00,1818.660079236579,2459.214236,1627.2278727708197,2006.453,3445.887952007399,4465.667235999999,4616.782123999999
2026-03-04 18:15:00+01:00,2076.6464911365256,2935.282292,1640.4617715912007,2054.215,3717.1082627277265,4989.497292,5075.10248
2026-03-04 18:30:00+01:00,2301.318216073112,3460.745516,1654.9314381420686,2154.125,3956.2496542151807,5614.870516,5705.290272
2026-03-04 18:45:00+01:00,2513.1547038734807,4044.687156,1664.1674883686158,2316.236,4177.322192242096,6360.923156,6432.710067999999
2026-03-04 19:00:00+01:00,2718.2598353707326,4637.476792,2007.0123097881453,2351.913,4725.272145158878,6989.389792,7044.5666
2026-03-04 19:15:00+01:00,2857.9955872930914,5224.096988,2033.4836387556863,2427.286,4891.4792260487775,7651.382988,7674.569644
2026-03-04 19:30:00+01:00,3003.063129819165,5713.308516,2040.1607003768486,2466.953,5043.223830196013,8180.261516,8202.888212
2026-03-04 19:45:00+01:00,3131.49842976068,6139.112728,2042.0739892702236,2529.055,5173.572419030904,8668.167728,8686.904796
2026-03-04 20:00:00+01:00,5022.332339574032,6507.019456,2397.0951925069767,2631.239,7419.427532081008,9138.258456,9163.552436
2026-03-04 20:15:00+01:00,5127.607249863753,6837.144512,2438.2716235075613,2634.481,7565.8788733713145,9471.625512,9492.760688
2026-03-04 20:30:00+01:00,5200.22893761392,7232.31826,2476.9553360921664,2660.237,7677.184273706086,9892.55526,9911.114328
2026-03-04 20:45:00+01:00,5285.970938597454,7735.177772,2505.330897735239,2743.992,7791.301836332693,10479.169772,10513.556048
2026-03-04 21:00:00+01:00,6484.602537011892,8173.15198,2763.8461837400337,2705.038,9248.448720751927,10878.18998,10898.302328
2026-03-04 21:15:00+01:00,6498.445070340745,8482.556096,2776.3711236758654,2663.425,9274.81619401661,11145.981096,11159.928624
2026-03-04 21:30:00+01:00,6483.392955685309,8780.397164,2797.6483225353495,2652.228,9281.041278220659,11432.625164,11447.198456
2026-03-04 21:45:00+01:00,6464.5751098597575,8931.6098,2817.654360198389,2628.679,9282.229470058146,11560.2888,11573.82474
2026-03-04 22:00:00+01:00,7087.114305092755,8865.8816,2996.7610962369417,2605.493,10083.875401329697,11471.3746,11486.5767
2026-03-04 22:15:00+01:00,7099.389065403436,8996.058356,3009.1250977896025,2673.479,10108.514163193038,11669.537356,11695.19292
2026-03-04 22:30:00+01:00,7089.261619461653,9046.227232,3007.6417849668806,2732.883,10096.903404428533,11779.110232,11793.096376
2026-03-04 22:45:00+01:00,7038.679454382422,9099.063584,3009.928793352413,2754.766,10048.608247734835,11853.829584,11866.575936
2026-03-04 23:00:00+01:00,8067.802298449338,9220.21834,2999.4081541324977,2749.58,11067.210452581836,11969.79834,11982.102776
2026-03-04 23:15:00+01:00,8011.655835288476,9267.905796,2993.7306661304124,2664.28,11005.386501418889,11932.185796,11944.44948
2026-03-04 23:30:00+01:00,7940.0582974220015,9357.436264,2990.3629799769337,2604.684,10930.421277398935,11962.120264,11974.272088000002
2026-03-04 23:45:00+01:00,7874.065195417486,9406.199708,2981.742102747555,2551.685,10855.80729816504,11957.884708,11970.020808
2026-03-05 00:00:00+01:00,8613.092781798712,9402.924548,2608.512618575107,2495.698,11221.605400373819,11898.622548,11910.900772
2026-03-05 00:15:00+01:00,8557.139737229552,9420.380984,2611.1218144434,2387.955,11168.261551672953,11808.335984,11820.325424
2026-03-05 00:30:00+01:00,8506.198334956556,9494.577968,2617.8576779496916,2228.833,11124.056012906247,11723.410968,11735.43814
2026-03-05 00:45:00+01:00,8427.004108500523,9574.783964,2604.58915567925,2156.631,11031.593264179774,11731.414964,11743.533436
2026-03-05 01:00:00+01:00,9166.679522964234,9655.147348,2393.2468780153254,2119.984,11559.926400979559,11775.131348,11784.735572
2026-03-05 01:15:00+01:00,9074.943464825044,9765.721996,2376.6952380164334,2077.371,11451.638702841477,11843.092996,11851.481116
2026-03-05 01:30:00+01:00,9003.241713993228,9930.283428,2365.3190816618066,2022.463,11368.560795655034,11952.746428,11961.35972
2026-03-05 01:45:00+01:00,8943.022038168923,10055.440056,2346.4627456645767,1945.588,11289.4847838335,12001.028056,12009.74762
2026-03-05 02:00:00+01:00,9810.723085114783,10180.021456,2013.7648926685522,1848.666,11824.487977783336,12028.687456,12037.325344
2026-03-05 02:15:00+01:00,9747.100659155418,10273.806584,1992.9698243036014,1722.123,11740.07048345902,11995.929584,12004.79982
2026-03-05 02:30:00+01:00,9686.91108617252,10396.351632,1973.4997465831477,1598.038,11660.410832755668,11994.389632,12003.465208
2026-03-05 02:45:00+01:00,9619.225167670917,10570.606244,1954.3458862686489,1528.503,11573.571053939566,12099.109244,12108.178336
2026-03-05 03:00:00+01:00,10435.938141304669,10793.826556,1590.3902540082793,1527.876,12026.328395312948,12321.702556,12330.660088
2026-03-05 03:15:00+01:00,10391.058302847332,10979.724136,1571.4733981479678,1498.033,11962.5317009953,12477.757136,12486.595552
2026-03-05 03:30:00+01:00,10361.952387590069,11139.260216,1557.28831193605,1461.547,11919.240699526119,12600.807216,12609.725636
2026-03-05 03:45:00+01:00,10326.852249804555,11274.032128,1546.8264904535035,1437.186,11873.67874025806,12711.218128,12720.30326
2026-03-05 04:00:00+01:00,10217.889985894593,11473.599592,1432.986343818677,1411.548,11650.87632971327,12885.147592,12897.221332
2026-03-05 04:15:00+01:00,10196.55069885257,11657.35072,1435.7230212345355,1413.447,11632.273720087105,13070.79772,13082.914968
2026-03-05 04:30:00+01:00,10161.906989980425,11858.455052,1429.2595655437924,1372.445,11591.166555524218,13230.900052,13242.870851999998
2026-03-05 04:45:00+01:00,10134.887199177954,12046.332496,1418.8520272610392,1340.597,11553.739226438993,13386.929496,13398.837492
2026-03-05 05:00:00+01:00,10352.362172295829,12332.701956,1327.078600677183,1065.868,11679.440772973012,13398.569956,13410.843648000002
2026-03-05 05:15:00+01:00,10355.744351356194,12622.571052,1325.4586985689293,1054.845,11681.203049925123,13677.416052,13689.855944
2026-03-05 05:30:00+01:00,10341.66846330551,12878.513568,1296.4821519884354,1065.718,11638.150615293946,13944.231568,13956.440576
2026-03-05 05:45:00+01:00,10313.792764059683,13002.17404,1275.7258277298286,1051.73,11589.51859178951,14053.90404,14066.766332
2026-03-05 06:00:00+01:00,10952.388384395817,13418.18266,1480.6195002300847,1196.421,12433.007884625902,14614.60366,14628.0455
2026-03-05 06:15:00+01:00,10952.840036703868,13594.065388,1465.0884894415879,1224.774,12417.928526145457,14818.839388,14835.165556
2026-03-05 06:30:00+01:00,10930.784910919398,13701.385976,1448.7819173874825,1210.236,12379.56682830688,14911.621976,14970.04464
2026-03-05 06:45:00+01:00,10896.753723260392,13761.101652,1431.895809582127,1191.356,12328.649532842519,14952.457652,15116.821316
2026-03-05 07:00:00+01:00,11103.93529733058,13926.527244,1676.186777671422,1434.262,12780.122075002002,15360.789244,16002.658384000002
2026-03-05 07:15:00+01:00,11085.654155722777,13998.883392,1669.259647622643,1424.596,12754.91380334542,15423.479392,17359.669407999998
2026-03-05 07:30:00+01:00,11032.326648627579,13601.599512,1676.9375229927882,1414.056,12709.264171620367,15015.655512,18679.274024
2026-03-05 07:45:00+01:00,10949.560438996634,13475.516576,1675.6757377251686,1611.932,12625.236176721803,15087.448576,21033.076532
2026-03-05 08:00:00+01:00,10285.935189084872,13434.827964,1674.7817213233793,1479.041,11960.716910408251,14913.868964,23642.08522
2026-03-05 08:15:00+01:00,10115.653330571186,13323.498492,1685.3881227481456,1394.145,11801.04145331933,14717.643492,26344.197536
2026-03-05 08:30:00+01:00,9993.68920629079,12996.968688,1709.2907852286837,1317.691,11702.979991519474,14314.659688000002,29083.169916
2026-03-05 08:45:00+01:00,9812.656383157866,12207.437912,1720.3895416250136,1264.971,11533.04592478288,13472.408912,31431.148348
2026-03-05 09:00:00+01:00,7592.215767103907,11144.388452,1560.1664226339524,1230.808,9152.382189737858,12375.196452,33578.73462
2026-03-05 09:15:00+01:00,7329.22641820143,9940.2534,1555.6193874629312,1211.221,8884.845805664361,11151.4744,35529.35674
2026-03-05 09:30:00+01:00,7113.439094192265,8709.007072,1546.8364422712125,1183.585,8660.275536463478,9892.592072,37099.241756
2026-03-05 09:45:00+01:00,6905.01948567393,7535.957928,1539.4901027122473,1159.449,8444.509588386178,8695.406928,38468.734528
2026-03-05 10:00:00+01:00,3635.2515030457666,6422.468672,1455.8070712149545,1020.898,5091.058574260721,7443.366672,39209.18278
2026-03-05 10:15:00+01:00,3485.7730304455663,5490.879876,1437.710561117256,928.841,4923.483591562823,6419.720876,40369.566052
2026-03-05 10:30:00+01:00,3356.9657714196733,4850.604704,1413.1740599702982,911.913,4770.139831389972,5762.517704,42011.98354
2026-03-05 10:45:00+01:00,3292.6295983490345,4479.366628,1392.5659807696766,925.119,4685.195579118711,5404.485627999999,43541.643012
2026-03-05 11:00:00+01:00,2101.3453910544954,4305.223624,1353.7747386793192,829.679,3455.120129733815,5134.902624,44881.771632
2026-03-05 11:15:00+01:00,2056.953212194875,4213.7106,1339.1310047631011,857.472,3396.0842169579764,5071.1826,46285.974052
2026-03-05 11:30:00+01:00,2030.316279858004,4133.712476,1330.1921080567138,889.837,3360.508387914718,5023.549476,47255.221424
2026-03-05 11:45:00+01:00,2020.910023088064,4075.874232,1304.5811043218755,889.562,3325.4911274099395,4965.436232,48098.687168
2026-03-05 12:00:00+01:00,1873.6600540937256,4034.026364,1516.4362687051942,945.911,3390.0963227989196,4979.937363999999,48157.0545
2026-03-05 12:15:00+01:00,1892.9780408604474,4031.899544,1495.868927308772,938.398,3388.8469681692195,4970.297544,48450.594184
2026-03-05 12:30:00+01:00,1928.8103383612547,3983.87584,1479.799413518586,918.929,3408.6097518798406,4902.80484,48766.950496
2026-03-05 12:45:00+01:00,1943.2854630271413,4010.400412,1463.614554118276,907.514,3406.900017145417,4917.914412,48810.248692
2026-03-05 13:00:00+01:00,2399.2039683241783,3972.024088,1785.5487278466144,1033.772,4184.752696170793,5005.796088,48826.213964
2026-03-05 13:15:00+01:00,2432.465673095002,3890.32508,1780.319649214303,1067.475,4212.785322309304,4957.80008,47754.582564
2026-03-05 13:30:00+01:00,2432.9145913760294,3946.516524,1789.6968344228246,1068.226,4222.611425798854,5014.742524,47209.065128
2026-03-05 13:45:00+01:00,2422.6068867542544,3967.215284,1803.6897817580839,1042.547,4226.296668512338,5009.762284,45858.247084
2026-03-05 14:00:00+01:00,2716.6246311109057,3934.892896,2293.5044577715335,1120.776,5010.129088882439,5055.668896,44208.116876
2026-03-05 14:15:00+01:00,2801.147279802914,4281.273304,2322.153584594378,1154.583,5123.300864397292,5435.856304000001,43513.338236
2026-03-05 14:30:00+01:00,2871.188290621443,4533.99034,2351.244061768474,1145.407,5222.432352389917,5679.39734,41938.457484000006
2026-03-05 14:45:00+01:00,2953.2612255517097,4655.55988,2361.064659821445,1138.963,5314.325885373155,5794.5228799999995,39795.376008
2026-03-05 15:00:00+01:00,3431.306496841144,4770.140632,2679.7964943948978,1492.708,6111.102991236042,6262.848631999999,37664.511028
2026-03-05 15:15:00+01:00,3502.0490527449697,4876.898336,2708.1084709065485,1543.906,6210.157523651518,6420.804336,35175.896872
2026-03-05 15:30:00+01:00,3534.3736393238446,4975.170672,2713.6210555830826,1577.853,6247.994694906927,6553.023672,32335.682584
2026-03-05 15:45:00+01:00,3564.9766018952446,5132.108528,2718.6803298112636,1603.754,6283.656931706508,6735.862528,29367.138948
2026-03-05 16:00:00+01:00,3867.5717716375416,5426.078776,3006.0066983836023,1756.264,6873.578470021144,7182.342776,26888.736872
2026-03-05 16:15:00+01:00,3861.956141778629,5709.695848,3006.298025416514,1966.71,6868.254167195143,7676.405848,23936.675768
2026-03-05 16:30:00+01:00,3795.526438118684,5998.517308,2999.6154267400384,2154.582,6795.141864858722,8153.099308000001,20788.588608
2026-03-05 16:45:00+01:00,3774.769371480492,6355.439112,3002.32707295148,2243.329,6777.0964444319725,8598.768112,17755.352208
2026-03-05 17:00:00+01:00,7022.327174589377,6828.582172,2975.217779813735,2600.901,9997.544954403113,9429.483172,15427.066288
2026-03-05 17:15:00+01:00,7194.570407257993,7501.18596,2971.7845221182674,2847.472,10166.35492937626,10348.65796,13848.77766
2026-03-05 17:30:00+01:00,7461.268993623178,8495.467068,2968.05636057908,3080.268,10429.325354202258,11575.735068,13290.369512
2026-03-05 17:45:00+01:00,7633.8031195637805,10054.527032,2963.985867451622,3362.877,10597.788987015403,13417.404032,14108.272364
2026-03-05 18:00:00+01:00,12527.33968140505,11774.969724,3118.5968547419784,3752.224,15645.936536147028,15527.193724,15776.103592
2026-03-05 18:15:00+01:00,12785.269961858801,13559.985056,3130.5163699565774,4070.009,15915.78633181538,17629.994056,17742.854044
2026-03-05 18:30:00+01:00,13039.612078043963,15390.436336,3149.0751226475663,4302.03,16188.68720069153,19692.466336,19748.1614
2026-03-05 18:45:00+01:00,13247.909507372653,17137.250656,3157.1696073933567,4423.031,16405.07911476601,21560.281656,21604.578448
2026-03-05 19:00:00+01:00,17881.838263985606,18705.166992,3245.7617305602175,4511.56,21127.599994545824,23216.726992,23250.073844
2026-03-05 19:15:00+01:00,18029.6367216421,20218.807536,3265.9547733176155,4670.866,21295.591494959714,24889.673536,24911.030748
2026-03-05 19:30:00+01:00,18181.616467499436,21404.653624,3272.0631656443425,4843.909,21453.67963314378,26248.562624,26267.328975999997
2026-03-05 19:45:00+01:00,18320.571239654386,22320.970704,3272.211905227068,4922.877,21592.783144881454,27243.847704,27261.61682
2026-03-05 20:00:00+01:00,20057.606670614994,22833.926256,3545.406057129292,4996.536,23603.012727744288,27830.462256,27847.763155999997
2026-03-05 20:15:00+01:00,20164.6141881995,23098.565908,3575.7789241464498,5102.959,23740.393112345948,28201.524908,28218.49294
2026-03-05 20:30:00+01:00,20240.738021178044,23235.74222,3609.7867035109157,5303.058,23850.52472468896,28538.80022,28555.556920000003
2026-03-05 20:45:00+01:00,20322.11359297507,23314.241256,3629.4780867447225,5300.083,23951.591679719793,28614.324256,28630.889676
2026-03-05 21:00:00+01:00,20031.48725472325,23283.84872,3781.6635406913165,5287.34,23813.150795414567,28571.18872,28587.614832000003
2026-03-05 21:15:00+01:00,20046.309375189157,23120.420016,3788.2061432212095,5208.748,23834.515518410368,28329.168016,28345.328968
2026-03-05 21:30:00+01:00,20037.868865431614,22870.14994,3805.701218876496,5066.877,23843.57008430811,27937.02694,27953.406256
2026-03-05 21:45:00+01:00,20024.93974422091,22479.745196,3825.6984672064673,4862.567,23850.638211427377,27342.312196,27358.087691999997
2026-03-05 22:00:00+01:00,17638.9845097477,21265.61894,3638.581972025756,4682.47,21277.566481773458,25948.08894,25962.113608
2026-03-05 22:15:00+01:00,17642.075226323203,20865.113724,3655.669845994645,4523.937,21297.745072317848,25389.050724,25402.604632
2026-03-05 22:30:00+01:00,17622.925459436938,20377.38176,3655.639026919735,4361.872,21278.564486356674,24739.25376,24751.503904
2026-03-05 22:45:00+01:00,17562.248188563288,19679.88498,3658.063026620058,4227.711,21220.311215183345,23907.59598,23917.975295999997
2026-03-05 23:00:00+01:00,16227.044993545569,19008.132572,3597.136294172155,4156.799,19824.181287717725,23164.931572,23175.019004
2026-03-05 23:15:00+01:00,16163.34832888134,18405.673764,3587.5253006671774,4037.478,19750.873629548518,22443.151764,22453.697364
2026-03-05 23:30:00+01:00,16092.575185783337,17815.27256,3581.1777178284665,3899.937,19673.752903611803,21715.209560000003,21725.545484
2026-03-05 23:45:00+01:00,16025.610582496898,17213.253484,3575.5102299036203,3746.571,19601.120812400517,20959.824484,20970.350696
2026-03-06 00:00:00+01:00,14547.951877399459,16702.637184,3262.300750811065,3574.879,17810.252628210525,20277.516184,20288.36028
2026-03-06 00:15:00+01:00,14492.551507155493,16248.43484,3259.010931375971,3393.713,17751.562438531462,19642.14784,19652.186732
2026-03-06 00:30:00+01:00,14442.766231607477,15742.873836,3261.1857194690815,3214.249,17703.951951076557,18957.122836,18968.092144
2026-03-06 00:45:00+01:00,14368.335484203975,15218.782056,3244.6548752448534,3017.818,17612.990359448828,18236.600056,18246.793296
2026-03-06 01:00:00+01:00,12973.457112730233,14656.167976,2683.5684942439693,2809.96,15657.025606974203,17466.127976,17475.8244
2026-03-06 01:15:00+01:00,12882.643189296652,14060.515712,2668.0986255487705,2597.224,15550.741814845424,16657.739712000002,16667.556704000002
2026-03-06 01:30:00+01:00,12808.224755266341,13502.011048,2656.2121888310585,2369.983,15464.4369440974,15871.994048,15882.535472
2026-03-06 01:45:00+01:00,12748.09234804498,12994.929976,2636.311054477688,2132.865,15384.403402522668,15127.794976,15140.644652
2026-03-06 02:00:00+01:00,11384.14719037044,12522.215636,1924.5340698947848,1883.492,13308.681260265224,14405.707636,14418.49732
2026-03-06 02:15:00+01:00,11325.600662743345,12007.658136,1901.4805354347973,1749.692,13227.081198178143,13757.350136,13769.910588
2026-03-06 02:30:00+01:00,11267.995851888165,11578.249768,1879.1202239178285,1653.963,13147.116075805994,13232.212768,13244.765384
2026-03-06 02:45:00+01:00,11198.08612925531,11190.51718,1859.7589082012673,1520.973,13057.845037456578,12711.49018,12724.652872
2026-03-06 03:00:00+01:00,9418.974397069334,10710.67698,1319.433002512593,1444.526,10738.407399581927,12155.20298,12167.772764
2026-03-06 03:15:00+01:00,9378.719318007023,10259.741628,1300.1627936158695,1355.818,10678.882111622892,11615.559628,11628.096764
2026-03-06 03:30:00+01:00,9346.52691759467,9842.043192,1285.930914658365,1256.085,10632.457832253036,11098.128192,11111.115348
2026-03-06 03:45:00+01:00,9308.342490227638,9494.585516,1274.4970728743438,1128.475,10582.839563101981,10623.060516,10636.182704
2026-03-06 04:00:00+01:00,7930.596597972893,9200.879124,882.7968845354909,1073.808,8813.393482508383,10274.687124,10287.459248
2026-03-06 04:15:00+01:00,7905.135251535522,8891.2673,881.8926130796699,1060.22,8787.027864615193,9951.4873,9964.07018
2026-03-06 04:30:00+01:00,7869.931723047098,8602.53012,874.8093083350786,1011.48,8744.741031382177,9614.01012,9626.76838
2026-03-06 04:45:00+01:00,7837.227769102846,8381.220636,864.0987612990092,987.954,8701.326530401855,9369.174636,9382.015488
2026-03-06 05:00:00+01:00,7833.0499599013265,8139.578164,605.3335477817423,994.408,8438.38350768307,9133.986164,9147.40868
2026-03-06 05:15:00+01:00,7835.65187699891,8000.55282,603.8465107226758,990.237,8439.498387721585,8990.78982,9004.65878
2026-03-06 05:30:00+01:00,7823.775978781691,7864.662,575.9473268946892,981.993,8399.72330567638,8846.655,8860.322
2026-03-06 05:45:00+01:00,7794.782187446075,7652.050432,554.970588565803,955.911,8349.752776011877,8607.961432,8621.604856
2026-03-06 06:00:00+01:00,7733.795458955293,7545.456608,600.2105217812725,956.606,8334.005980736565,8502.062608,8516.929904
2026-03-06 06:15:00+01:00,7738.53043922377,7394.874072,586.1788937553397,959.18,8324.70933297911,8354.054071999999,8378.824196
2026-03-06 06:30:00+01:00,7694.069647555095,7276.768932,565.6778907455307,966.296,8259.747538300626,8243.064932,8330.282592
2026-03-06 06:45:00+01:00,7650.402067080857,7146.816292,548.1636295545245,949.895,8198.565696635382,8096.711292,8325.8573
2026-03-06 07:00:00+01:00,7193.932184469929,7004.431724,879.7178065137427,930.442,8073.649990983671,7934.873724,8969.696432
2026-03-06 07:15:00+01:00,7175.492426638453,6799.355416,881.3303801593153,877.296,8056.822806797769,7676.651416000001,10230.135476
2026-03-06 07:30:00+01:00,7109.051457406507,6527.805316,888.6335005745772,887.15,7997.684957981084,7414.955316,12036.431448
2026-03-06 07:45:00+01:00,7019.121016116935,6509.9309,893.4325849569748,960.738,7912.55360107391,7470.668900000001,14616.656388
2026-03-06 08:00:00+01:00,6262.948853497009,6491.40758,973.70512636281,989.213,7236.653979859819,7480.62058,17559.186496
2026-03-06 08:15:00+01:00,6120.989332840996,6404.612972,981.8672602678528,992.4,7102.856593108849,7397.012972,20625.8132
2026-03-06 08:30:00+01:00,5894.782445314447,6079.457784,993.3889423524796,996.205,6888.171387666926,7075.662784,23388.729168
2026-03-06 08:45:00+01:00,5754.889715493018,5597.932044,1005.1507077225336,968.938,6760.0404232155515,6566.870044,26276.517544
2026-03-06 09:00:00+01:00,4455.534896222697,5178.710608,1116.3556395606495,1035.958,5571.890535783346,6214.668608,29326.639328
2026-03-06 09:15:00+01:00,4199.697701601009,4422.522416,1111.1749460139922,1004.17,5310.8726476150005,5426.692416,31769.030680000003
2026-03-06 09:30:00+01:00,3946.7285224801167,3694.102316,1102.26464703083,914.961,5048.993169510946,4609.063316,33903.579904
2026-03-06 09:45:00+01:00,3734.5870373609396,3016.70402,1098.2879791895878,872.066,4832.875016550527,3888.77002,35836.675923999996
2026-03-06 10:00:00+01:00,2172.467047759358,2442.868224,1073.8600437189218,851.601,3246.3270914782797,3294.469224,37596.31968
2026-03-06 10:15:00+01:00,2033.1590939149137,1952.370004,1055.9306518223364,795.109,3089.0897457372503,2747.4790040000003,39116.468528
2026-03-06 10:30:00+01:00,1906.4311417521258,1530.81332,1034.1855140949806,820.747,2940.6166558471064,2351.56032,40380.296112
2026-03-06 10:45:00+01:00,1840.3212791515766,1249.043768,1015.5642482861288,858.603,2855.8855274377056,2107.646768,41732.080572
2026-03-06 11:00:00+01:00,1497.0908115402249,1050.196488,1016.1298066789732,605.828,2513.220618219198,1656.024488,42503.878976
2026-03-06 11:15:00+01:00,1464.6985062855165,952.63244,1006.9281914769246,542.608,2471.626697762441,1495.24044,43472.75844
2026-03-06 11:30:00+01:00,1444.3305572704048,896.74148,1002.2714549767124,504.722,2446.6020122471173,1401.46348,44192.031164
2026-03-06 11:45:00+01:00,1437.019438978777,894.670048,981.8704549871029,464.828,2418.88989396588,1359.498048,44740.021284
2026-03-06 12:00:00+01:00,1163.5909368813982,932.443656,1082.7271986182332,405.573,2246.3181354996314,1338.016656,45142.534252
2026-03-06 12:15:00+01:00,1184.6951185162702,1005.998232,1059.4625059244352,366.169,2244.157624440705,1372.167232,45247.085744
2026-03-06 12:30:00+01:00,1223.3158066125147,1082.179644,1043.5477157655564,391.851,2266.863522378071,1474.030644,45162.137848
2026-03-06 12:45:00+01:00,1240.9388490474407,1163.31152,1029.9856506885922,384.932,2270.924499736033,1548.24352,44857.269868
2026-03-06 13:00:00+01:00,1518.7811469111994,1208.073956,1093.8158643438705,450.667,2612.59701125507,1658.740956,44342.23012
2026-03-06 13:15:00+01:00,1548.378943998544,1263.51148,1090.3041572364605,428.263,2638.6831012350044,1691.7744799999998,43549.590132
2026-03-06 13:30:00+01:00,1546.4996041802451,1264.278724,1100.3348843567671,418.761,2646.8344885370125,1683.039724,42360.51432
2026-03-06 13:45:00+01:00,1534.0468859257917,1232.808776,1112.8339745749997,410.438,2646.8808605007916,1643.246776,40964.086256
2026-03-06 14:00:00+01:00,1770.6666372502832,1208.408072,1159.3869126878553,516.467,2930.0535499381385,1724.8750719999998,39580.011524
2026-03-06 14:15:00+01:00,1854.019833045142,1175.262864,1181.535703611703,458.059,3035.555536656845,1633.321864,37677.792076
2026-03-06 14:30:00+01:00,1924.7469310164788,1158.198244,1208.6060550361601,414.399,3133.3529860526387,1572.597244,35625.329703999996
2026-03-06 14:45:00+01:00,2010.3693181497756,1129.87974,1219.1387241191173,392.111,3229.508042268893,1521.9907400000002,33320.380436
2026-03-06 15:00:00+01:00,2184.639177432385,1092.010176,880.9386571750663,373.181,3065.577834607451,1465.191176,30806.108952
2026-03-06 15:15:00+01:00,2248.136943337799,1042.59532,911.8598020148848,377.763,3159.996745352684,1420.3583199999998,28019.579048
2026-03-06 15:30:00+01:00,2272.480632586704,1001.137916,915.1973562013534,332.636,3187.6779887880575,1333.773916,25151.939556
2026-03-06 15:45:00+01:00,2291.981035852838,962.0825,920.9224320984655,283.259,3212.9034679513034,1245.3415,22047.99474
2026-03-06 16:00:00+01:00,2397.4481467562105,964.880184,871.9731553568472,200.182,3269.4213021130577,1165.062184,18679.253512
2026-03-06 16:15:00+01:00,2406.8098774449754,965.434632,880.072200478522,177.1,3286.8820779234975,1142.534632,15262.432207999998
2026-03-06 16:30:00+01:00,2363.0658030232194,985.952988,867.9203914633138,151.265,3230.9861944865333,1137.217988,11978.697108
2026-03-06 16:45:00+01:00,2332.5986684756526,1060.480548,870.2515713443347,153.249,3202.850239819987,1213.729548,8966.13424
2026-03-06 17:00:00+01:00,2186.370272039938,1189.690796,819.4266119673841,170.204,3005.7968840073218,1359.894796,6399.973016
2026-03-06 17:15:00+01:00,2357.9547033617464,1332.479576,803.6652286757541,177.366,3161.6199320375003,1509.845576,4449.936664
2026-03-06 17:30:00+01:00,2565.240614590943,1554.921016,799.7621999600478,190.198,3365.002814550991,1745.119016,3253.557516
2026-03-06 17:45:00+01:00,2744.3732170270982,1866.597504,802.0765003420473,206.242,3546.4497173691457,2072.839504,2705.39538
2026-03-06 18:00:00+01:00,3011.051748925327,2214.88364,790.0340221158981,194.012,3801.085771041225,2408.89564,2554.784204
2026-03-06 18:15:00+01:00,3274.6741024360826,2625.95306,806.2512899660527,194.452,4080.9253924021355,2820.40506,2920.677664
2026-03-06 18:30:00+01:00,3553.6851187723546,3034.96508,825.0310330016498,215.86,4378.716151774004,3250.82508,3376.634748
2026-03-06 18:45:00+01:00,3778.3672039002577,3456.674728,836.2048405908621,237.047,4614.572044491119,3693.721728,3821.14812
2026-03-06 19:00:00+01:00,3745.9962953102013,3935.578068,691.7845440116596,278.268,4437.780839321861,4213.846068,4349.193311999999
2026-03-06 19:15:00+01:00,3912.97433731955,4358.629916,713.1664916571151,323.367,4626.140828976665,4681.996916,4767.2163120000005
2026-03-06 19:30:00+01:00,4077.9779636530543,4655.198916,719.8553632791791,388.37,4797.833326932234,5043.568916,5095.104064
2026-03-06 19:45:00+01:00,4234.998820512825,4888.425212,721.5158366218068,437.559,4956.514657134631,5325.984212,5357.20604
2026-03-06 20:00:00+01:00,4359.863496140275,5099.902176,916.9552948797246,482.488,5276.8187910199995,5582.390176,5658.188024
2026-03-06 20:15:00+01:00,4485.598409490252,5300.43066,939.1666537609808,516.835,5424.765063251233,5817.26566,5845.71042
2026-03-06 20:30:00+01:00,4584.552636005314,5448.490208,970.0329073604047,547.829,5554.585543365718,5996.319208,6022.182016
2026-03-06 20:45:00+01:00,4692.176508628976,5510.01894,991.0647609211388,575.959,5683.241269550115,6085.97794,6100.830324
2026-03-06 21:00:00+01:00,5076.415541570709,5559.166652,960.8308671347157,611.066,6037.246408705425,6170.232652,6191.498196
2026-03-06 21:15:00+01:00,5115.465365282721,5592.306276,965.5901414360984,636.611,6081.05550671882,6228.917276,6251.141732
2026-03-06 21:30:00+01:00,5131.026435942189,5551.512824,982.4310107629287,628.26,6113.457446705118,6179.772824000001,6199.372356000001
2026-03-06 21:45:00+01:00,5133.730584280752,5535.401524,1000.355739769135,659.947,6134.086324049887,6195.348524,6211.270292
2026-03-06 22:00:00+01:00,4805.033457926933,5458.098732,1029.31933902639,690.428,5834.3527969533225,6148.526732,6165.305744
2026-03-06 22:15:00+01:00,4823.0120902729495,5360.153928,1047.7682004629733,721.612,5870.780290735923,6081.765928,6093.863692
2026-03-06 22:30:00+01:00,4819.020723261451,5228.5218,1050.1953581856278,735.223,5869.216081447079,5963.7448,5974.404464
2026-03-06 22:45:00+01:00,4770.113808607584,5115.489388,1053.3379588317032,667.156,5823.451767439287,5782.645388,5792.298932
2026-03-06 23:00:00+01:00,4776.54326820507,4990.138692,1036.8331629900372,623.329,5813.376431195107,5613.467692,5645.600472
2026-03-06 23:15:00+01:00,4724.274937513626,4777.852228,1023.2602110870027,598.259,5747.535148600629,5376.111228,5385.817728
2026-03-06 23:30:00+01:00,4667.854401640718,4572.375828,1016.8974802179595,592.238,5684.751881858677,5164.6138280000005,5173.721576000001
2026-03-06 23:45:00+01:00,4612.618568782462,4414.838632,1010.3059599619316,600.685,5622.924528744394,5015.523632,5025.762916000001
2026-03-07 00:00:00+01:00,4328.7230789207215,4247.831192,766.6971389245564,591.934,5095.420217845278,4839.765192,4858.81618
2026-03-07 00:15:00+01:00,4270.755159853679,4054.300256,760.3866686346005,563.206,5031.14182848828,4617.506256,4630.755891999999
2026-03-07 00:30:00+01:00,4218.793643107446,3849.478652,757.280613481782,564.685,4976.074256589228,4414.163651999999,4423.864524
2026-03-07 00:45:00+01:00,4139.919290706146,3722.123184,735.6695071321057,511.275,4875.588797838252,4233.398184,4243.0068759999995
2026-03-07 01:00:00+01:00,4038.4227907086693,3647.806196,732.2091624203067,398.362,4770.6319531289755,4046.168196,4056.29664
2026-03-07 01:15:00+01:00,3941.3169989062444,3567.46714,711.4608848917592,350.41,4652.777883798004,3917.87714,3928.30642
2026-03-07 01:30:00+01:00,3861.8709461788826,3412.328444,693.7929837803474,395.316,4555.66392995923,3807.644444,3817.172292
2026-03-07 01:45:00+01:00,3794.683082705572,3225.08528,667.9852349671381,407.502,4462.66831767271,3632.58728,3642.222284
2026-03-07 02:00:00+01:00,3704.916655025134,3027.782248,742.3183257172759,469.103,4447.23498074241,3496.885248,3506.613992
2026-03-07 02:15:00+01:00,3643.7628817470472,2858.518488,715.9756043630669,462.834,4359.7384861101145,3321.352488,3331.050852
2026-03-07 02:30:00+01:00,3583.0762334975734,2651.284156,690.8566008591672,367.946,4273.93283435674,3019.230156,3029.20708
2026-03-07 02:45:00+01:00,3511.612733951836,2439.471976,668.6832655166316,382.219,4180.295999468468,2821.690976,2831.322964
2026-03-07 03:00:00+01:00,3087.026389986386,2268.437156,973.6487711299026,303.957,4060.675161116289,2572.394156,2581.845824
2026-03-07 03:15:00+01:00,3039.737387511589,2140.750004,953.0897289367141,293.706,3992.827116448303,2434.456004,2443.935368
2026-03-07 03:30:00+01:00,3002.3648492019875,2026.417416,936.4975607495358,326.269,3938.862409951523,2352.686416,2365.132792
2026-03-07 03:45:00+01:00,2961.886335197378,1903.064784,922.351408374592,267.703,3884.23774357197,2170.7677839999997,2185.3470879999995
2026-03-07 04:00:00+01:00,2876.837158920947,1834.934908,1128.185563619451,222.158,4005.022722540398,2057.092908,2066.972984
2026-03-07 04:15:00+01:00,2846.558126016743,1767.0531,1124.1523687428353,193.124,3970.710494759578,1960.1771,1971.167156
2026-03-07 04:30:00+01:00,2810.826628956108,1709.766956,1115.532246531967,200.003,3926.358875488075,1909.769956,1921.985228
2026-03-07 04:45:00+01:00,2779.3249168548737,1652.97376,1102.0085759008978,241.192,3881.3334927557717,1894.16576,1906.59258
2026-03-07 05:00:00+01:00,3020.0139850206383,1611.403784,1164.9213487845475,300.522,4184.935333805186,1911.925784,1925.11388
2026-03-07 05:15:00+01:00,3026.0981910512164,1584.56512,1164.8739605250455,269.258,4190.972151576262,1853.82312,1867.215996
2026-03-07 05:30:00+01:00,3016.207747019017,1568.724148,1140.612989670533,301.353,4156.820736689549,1870.077148,1883.547428
2026-03-07 05:45:00+01:00,2984.3689185083426,1546.48114,1122.5350906316212,375.197,4106.904009139964,1921.67814,1935.460816
2026-03-07 06:00:00+01:00,3408.6421764773077,1538.643028,1129.7731534531772,424.815,4538.415329930485,1963.458028,1978.680608
2026-03-07 06:15:00+01:00,3409.466583708646,1563.445084,1118.5512741910334,470.689,4528.017857899679,2034.134084,2049.164044
2026-03-07 06:30:00+01:00,3363.5527377035487,1619.220332,1103.413418583452,530.721,4466.966156287001,2149.9413320000003,2191.5837840000004
2026-03-07 06:45:00+01:00,3325.380753072998,1671.591712,1087.5718081704495,576.832,4412.952561243447,2248.423712,2511.9638999999997
2026-03-07 07:00:00+01:00,3449.2759012202973,1703.424896,1187.1546932578453,523.15,4636.430594478143,2226.574896,3410.92932
2026-03-07 07:15:00+01:00,3426.870729301152,1735.661496,1185.4127417484758,423.019,4612.283471049628,2158.680496,4848.539788
2026-03-07 07:30:00+01:00,3357.2835098584846,1746.095988,1192.3016164462636,460.093,4549.585126304748,2206.188988,6865.12732
2026-03-07 07:45:00+01:00,3270.219155447408,1737.533992,1199.0869514085734,507.139,4469.306106855982,2244.672992,9338.556112
2026-03-07 08:00:00+01:00,2762.6941759676274,1727.21512,1188.3606214684423,555.087,3951.0547974360697,2282.3021200000003,12301.712368
2026-03-07 08:15:00+01:00,2606.775612876419,1690.939804,1199.239338930406,660.523,3806.0149518068247,2351.462804,15454.209
2026-03-07 08:30:00+01:00,2514.1327369163523,1595.485928,1205.1739796410193,615.784,3719.3067165573716,2211.269928,18617.627476
2026-03-07 08:45:00+01:00,2361.118606403142,1483.45818,1215.614977593908,567.634,3576.73358399705,2051.09218,21767.922996
2026-03-07 09:00:00+01:00,1742.4258890519445,1388.902612,1247.4829542376813,524.26,2989.908843289626,1913.162612,24706.423384
2026-03-07 09:15:00+01:00,1471.1768611662462,1248.322128,1241.112776861383,572.236,2712.2896380276293,1820.558128,27698.52786
2026-03-07 09:30:00+01:00,1224.3798004050525,1074.752208,1235.3275282563175,645.821,2459.70732866137,1720.5732080000002,30619.78596
2026-03-07 09:45:00+01:00,983.3920391628087,879.63698,1233.994369419114,533.553,2217.3864085819228,1413.18998,33077.584848
2026-03-07 10:00:00+01:00,1047.9667484334875,734.088732,1309.7428096564486,518.915,2357.709558089936,1253.003732,33954.826084
2026-03-07 10:15:00+01:00,889.1027864888524,611.569004,1291.6908064430895,529.328,2180.793592931942,1140.897004,35575.990679999995
2026-03-07 10:30:00+01:00,753.4779711239919,502.61092,1272.1104941071526,554.365,2025.5884652311445,1056.97592,37345.006991999995
2026-03-07 10:45:00+01:00,681.6941977463218,428.349872,1256.5019805118206,541.196,1938.1961782581425,969.545872,38871.97002
2026-03-07 11:00:00+01:00,1112.9094045620936,406.095716,1306.5129744421922,527.177,2419.422379004286,933.272716,39883.613376
2026-03-07 11:15:00+01:00,1084.1849798760236,363.434556,1297.832799915775,557.125,2382.0177797917986,920.559556,40980.984764
2026-03-07 11:30:00+01:00,1066.3006092629134,328.21744,1295.4767274133292,598.498,2361.7773366762426,926.71544,41874.291044
2026-03-07 11:45:00+01:00,1058.4634283098708,322.919644,1276.908149873002,585.887,2335.371578182873,908.806644,42497.494311999995
2026-03-07 12:00:00+01:00,962.0807951012672,344.242152,1233.4080402667696,615.878,2195.4888353680367,960.120152,43044.601964
2026-03-07 12:15:00+01:00,981.750270888997,360.260748,1208.1520764788274,666.034,2189.9023473678244,1026.294748,43331.4638
2026-03-07 12:30:00+01:00,1016.8565571073054,387.9307,1198.8713531053208,707.991,2215.7279102126263,1095.9217,43222.60914
2026-03-07 12:45:00+01:00,1032.6394037491377,395.9406,1184.7699887268002,707.292,2217.409392475938,1103.2326,42858.316344000006
2026-03-07 13:00:00+01:00,1759.657600374721,391.686264,1364.30115175562,712.783,3123.958752130341,1104.469264,42105.994256
2026-03-07 13:15:00+01:00,1778.963739234227,389.526684,1361.9470279090967,687.149,3140.910767143324,1076.675684,41076.609944
2026-03-07 13:30:00+01:00,1777.3343130130065,395.880896,1372.184557507172,724.849,3149.5188705201786,1120.729896,40050.755524
2026-03-07 13:45:00+01:00,1765.809747428394,397.854688,1383.0555173194452,768.663,3148.8652647478393,1166.517688,38816.561524
2026-03-07 14:00:00+01:00,2072.9299913349214,440.110952,1340.001517052389,738.329,3412.9315083873107,1178.439952,37892.924836
2026-03-07 14:15:00+01:00,2158.678869982946,465.623872,1360.0642027939027,770.526,3518.7430727768487,1236.149872,36376.96176
2026-03-07 14:30:00+01:00,2228.9883956815484,496.274108,1395.0112904637956,779.452,3623.9996861453437,1275.726108,34541.286068
2026-03-07 14:45:00+01:00,2306.2881949426373,551.415608,1400.1259956052354,731.264,3706.4141905478727,1282.679608,32374.98372
2026-03-07 15:00:00+01:00,2514.225498164222,592.935324,1489.8146919325857,712.111,4004.0401900968072,1305.046324,29978.720932
2026-03-07 15:15:00+01:00,2573.802961754826,638.900228,1521.7847214994295,679.063,4095.5876832542554,1317.963228,27317.18768
2026-03-07 15:30:00+01:00,2590.233359380466,696.762904,1523.6472813460916,640.162,4113.880640726557,1336.924904,24471.110596
2026-03-07 15:45:00+01:00,2601.2057759918525,764.414208,1523.1508527696649,585.18,4124.356628761518,1349.594208,21450.155616
2026-03-07 16:00:00+01:00,2484.488602272393,879.004708,1635.4396991230803,536.511,4119.928301395474,1415.515708,18501.606988
2026-03-07 16:15:00+01:00,2503.7839526658477,975.375244,1623.5050710934024,448.967,4127.28902375925,1424.342244,15563.189016
2026-03-07 16:30:00+01:00,2451.7659348121156,1045.717092,1615.643632553714,382.637,4067.4095673658294,1428.354092,12523.57566
2026-03-07 16:45:00+01:00,2422.4782385526437,1116.4129,1620.1999148235404,368.052,4042.678153376184,1484.4649,9578.290564
2026-03-07 17:00:00+01:00,2039.2341973127727,1260.641344,1152.552215797448,328.96,3191.7864131102206,1589.601344,7058.84778
2026-03-07 17:15:00+01:00,2218.098526478045,1420.560376,1148.9174707257855,321.755,3367.015997203831,1742.315376,5071.772064000001
2026-03-07 17:30:00+01:00,2419.9926847838187,1634.387332,1170.9999026800735,340.167,3590.992587463892,1974.554332,3726.88314
2026-03-07 17:45:00+01:00,2633.7872944905353,1895.710616,1206.502553834258,369.853,3840.289848324793,2265.563616,2992.434508
2026-03-07 18:00:00+01:00,2904.3485132781716,2222.235628,1130.0461276334763,366.174,4034.394640911648,2588.409628,2772.016228
2026-03-07 18:15:00+01:00,3233.4450222551222,2567.653028,1154.3807590092376,344.366,4387.82578126436,2912.019028,3023.41194
2026-03-07 18:30:00+01:00,3633.9278701395206,2948.052064,1178.8453433348416,313.689,4812.773213474362,3261.741064,3408.963136
2026-03-07 18:45:00+01:00,3902.717185793673,3319.628364,1190.6942540095256,316.68,5093.411439803198,3636.308364,3770.59806
2026-03-07 19:00:00+01:00,4241.825525908606,3639.122752,1084.1034315851016,322.831,5325.928957493708,3961.953752,4050.959972000001
2026-03-07 19:15:00+01:00,4446.068506681231,3913.640904,1106.3800404863016,286.636,5552.4485471675325,4200.276904,4265.4549400000005
2026-03-07 19:30:00+01:00,4639.960665607738,4172.29488,1117.308493189938,259.339,5757.269158797675,4431.63388,4467.128824
2026-03-07 19:45:00+01:00,4818.780851789015,4422.221272,1120.5893125031705,272.85,5939.370164292186,4695.071272,4730.819092
2026-03-07 20:00:00+01:00,5515.444763051258,4648.16178,1203.3829896176385,261.463,6718.827752668896,4909.62478,4989.088836
2026-03-07 20:15:00+01:00,5648.646404510105,4842.60738,1228.7075770213798,224.361,6877.353981531484,5066.96838,5102.9018320000005
2026-03-07 20:30:00+01:00,5752.373596437237,5057.027388,1262.4004596055609,189.544,7014.774056042798,5246.571388,5270.436336000001
2026-03-07 20:45:00+01:00,5865.0204967082,5191.824196,1280.951706524331,184.975,7145.972203232531,5376.799196,5395.343588
2026-03-07 21:00:00+01:00,5401.694215235596,5291.808552,1304.28800515451,202.687,6705.982220390106,5494.495552,5529.263192
2026-03-07 21:15:00+01:00,5436.175704912636,5327.333268,1305.9426122154966,208.842,6742.118317128133,5536.175268,5567.427528
2026-03-07 21:30:00+01:00,5445.748147407248,5267.333488,1318.465629908088,217.95,6764.213777315336,5485.283488,5504.924268
2026-03-07 21:45:00+01:00,5444.180246947208,5192.497856,1329.1973235055923,221.478,6773.3775704528,5413.975856,5429.61632
2026-03-07 22:00:00+01:00,4331.578727703508,5070.944252,1294.7843093624174,252.179,5626.363037065925,5323.123252,5342.235756
2026-03-07 22:15:00+01:00,4341.99464787901,4998.623364,1308.9616200290998,271.026,5650.95626790811,5269.649364,5301.010884
2026-03-07 22:30:00+01:00,4331.029672085487,4877.799592,1307.1875167336707,277.053,5638.217188819157,5154.852592,5197.39924
2026-03-07 22:45:00+01:00,4269.407496240095,4778.795792,1305.9693938173461,268.016,5575.3768900574405,5046.8117919999995,5060.689796
2026-03-07 23:00:00+01:00,4647.062622920147,4640.936464,1109.5436067843025,294.618,5756.60622970445,4935.554464000001,4965.678524000001
2026-03-07 23:15:00+01:00,4585.599002682839,4485.853112,1093.1572136940295,336.026,5678.756216376868,4821.879112,4855.980896
2026-03-07 23:30:00+01:00,4517.927371737058,4347.611376,1082.6798946159952,327.637,5600.607266353053,4675.248376,4689.741459999999
2026-03-07 23:45:00+01:00,4447.15778180276,4219.540172,1072.594169808328,343.904,5519.751951611088,4563.4441719999995,4576.924107999999
2026-03-08 00:00:00+01:00,3339.1473937842816,4211.244264,953.9604306630824,357.301,4293.107824447364,4568.545264,4597.583048
2026-03-08 00:15:00+01:00,3281.164600249578,4128.731884,946.5250742679897,352.02,4227.689674517568,4480.751883999999,4496.956643999999
2026-03-08 00:30:00+01:00,3232.580341051395,4085.609328,941.7227323299896,339.721,4174.303073381385,4425.330328,4435.843936
2026-03-08 00:45:00+01:00,3161.2112508562527,4036.293268,920.0978074052305,300.307,4081.309058261483,4336.600268,4346.55046
2026-03-08 01:00:00+01:00,2802.864254964912,3961.264476,891.0870225604292,304.683,3693.9512775253415,4265.947475999999,4279.025251999999
2026-03-08 01:15:00+01:00,2708.805713111492,3970.08872,869.8726275721799,305.21,3578.678340683672,4275.29872,4285.047288
2026-03-08 01:30:00+01:00,2630.1702581707605,3968.7626,855.1192103733093,274.193,3485.2894685440697,4242.9556,4252.52628
2026-03-08 01:45:00+01:00,2565.5333077252094,3980.537708,829.0229673964652,270.847,3394.556275121675,4251.384708,4261.070215999999
2026-03-08 02:00:00+01:00,2611.536013406067,3930.289824,759.7809079853931,274.854,3371.3169213914603,4205.143824,4215.7329039999995
2026-03-08 02:15:00+01:00,2552.9868932178306,3779.397488,733.6651603718633,237.985,3286.652053589694,4017.382488,4026.611316
2026-03-08 02:30:00+01:00,2498.1394716459617,3579.549344,707.5161981406087,223.889,3205.6556697865703,3803.438344,3812.601132
2026-03-08 02:45:00+01:00,2435.279036065833,3466.187564,687.072334199864,242.877,3122.3513702656974,3709.064564,3718.719128
2026-03-08 03:00:00+01:00,2683.9382722810096,3329.208348,647.3431361826997,284.783,3331.2814084637093,3613.991348,3623.718636
2026-03-08 03:15:00+01:00,2643.493744346324,3221.860276,627.8491076634677,283.417,3271.342852009792,3505.277276,3518.163956
2026-03-08 03:30:00+01:00,2615.21163547691,3062.861536,611.9612468244505,266.501,3227.1728823013605,3329.3625359999996,3342.237611999999
2026-03-08 03:45:00+01:00,2577.272068286336,2990.063144,597.3313822020955,277.488,3174.6034504884315,3267.551144,3282.201112
2026-03-08 04:00:00+01:00,2996.639877650822,2978.573232,608.7416355245886,256.586,3605.381513175411,3235.159232,3261.0094
2026-03-08 04:15:00+01:00,2970.401105902412,2936.181348,602.5970504069311,253.43,3572.998156309343,3189.611348,3219.82354
2026-03-08 04:30:00+01:00,2937.2102988800534,2927.810072,596.0413076699564,282.824,3533.25160655001,3210.6340720000003,3241.622604
2026-03-08 04:45:00+01:00,2908.603970869507,2955.45828,588.5135861864195,305.596,3497.1175570559267,3261.05428,3290.07692
2026-03-08 05:00:00+01:00,3485.512638104981,2957.908244,657.628649453955,342.873,4143.141287558936,3300.781244,3322.47274
2026-03-08 05:15:00+01:00,3498.727916146947,2965.666896,657.9278211781068,412.721,4156.655737325053,3378.387896,3391.4022480000003
2026-03-08 05:30:00+01:00,3494.031468873861,2977.250604,634.8266894752203,454.786,4128.858158349081,3432.036604,3447.319548
2026-03-08 05:45:00+01:00,3466.4725887872783,2928.78636,619.6802355732899,479.219,4086.152824360568,3408.00536,3425.504176
2026-03-08 06:00:00+01:00,4510.671251482508,2963.764016,673.3555329291821,543.203,5184.02678441169,3506.967016,3528.407
2026-03-08 06:15:00+01:00,4517.785240488826,2961.232816,658.7062611517945,570.54,5176.491501640621,3531.772816,3551.070624
2026-03-08 06:30:00+01:00,4480.654802178528,2991.43092,645.6290481264355,570.229,5126.283850304964,3561.65992,3593.2592
2026-03-08 06:45:00+01:00,4459.882943459097,3111.85982,633.56374458608,543.672,5093.446688045177,3655.53182,3839.979916
2026-03-08 07:00:00+01:00,4278.720911686063,3311.690528,591.9644319348216,498.657,4870.685343620885,3810.347528,4713.43052
2026-03-08 07:15:00+01:00,4263.76673333337,3554.79986,588.7818274212259,468.859,4852.548560754596,4023.65886,6139.881416
2026-03-08 07:30:00+01:00,4201.4647036687,3735.924896,599.4966585823174,487.777,4800.961362251018,4223.701896,7975.8652
2026-03-08 07:45:00+01:00,4121.1491464853125,3814.306792,607.3828312060506,480.677,4728.531977691363,4294.983792,10090.45714
2026-03-08 08:00:00+01:00,4344.312079223742,3941.703208,632.4162238203637,514.096,4976.728303044106,4455.799208,12659.146116
2026-03-08 08:15:00+01:00,4197.180585125547,4037.211056,646.1001751306356,537.877,4843.2807602561825,4575.0880560000005,15466.11336
2026-03-08 08:30:00+01:00,4143.283001502387,4156.141668,667.2865598775531,557.727,4810.569561379941,4713.868668,18463.044332
2026-03-08 08:45:00+01:00,3943.7501899806784,4218.09528,675.0408022549409,572.276,4618.790992235619,4790.371279999999,21470.075748
2026-03-08 09:00:00+01:00,3170.5773895598827,4207.91606,617.2055289406588,575.001,3787.7829185005417,4782.91706,24402.770516
2026-03-08 09:15:00+01:00,2873.2496945118073,4043.482272,610.1719671345946,511.586,3483.421661646402,4555.068272,27055.491444
2026-03-08 09:30:00+01:00,2620.033723560379,3853.898048,601.9700890635883,471.325,3222.003812623967,4325.223048,29583.241308
2026-03-08 09:45:00+01:00,2369.7475639735994,3545.714516,599.6694958383694,421.162,2969.417059811969,3966.876516,31913.57292
2026-03-08 10:00:00+01:00,1728.8459235368257,3285.363248,584.1858927882462,310.823,2313.0318163250718,3596.186248,33649.40616
2026-03-08 10:15:00+01:00,1560.2316300906487,2973.351344,568.0730469958543,285.407,2128.304677086503,3258.7583440000003,35309.6858
2026-03-08 10:30:00+01:00,1421.3388477976569,2627.02872,550.2042957541706,312.819,1971.5431435518276,2939.84772,36976.660275999995
2026-03-08 10:45:00+01:00,1347.1953547151547,2203.921564,537.5918499452484,314.298,1884.7872046604032,2518.219564,37885.128596
2026-03-08 11:00:00+01:00,1416.175826630484,2015.685028,459.82960630509507,335.173,1876.005432935579,2350.858028,39013.36882
2026-03-08 11:15:00+01:00,1383.7435256079623,1867.140412,448.78365840977364,300.395,1832.5271840177359,2167.535412,39947.017236
2026-03-08 11:30:00+01:00,1362.7914149001986,1744.45062,443.80224130646405,304.383,1806.5936562066627,2048.83362,40664.382256
2026-03-08 11:45:00+01:00,1352.0725736703666,1683.438236,423.80502579823326,247.836,1775.8775994685998,1931.274236,41001.254072
2026-03-08 12:00:00+01:00,1624.5417384925581,1685.586148,445.23498893626197,240.179,2069.77672742882,1925.765148,41495.325332
2026-03-08 12:15:00+01:00,1639.4638597963353,1727.474236,420.40917765749157,219.705,2059.873037453827,1947.179236,41419.200612
2026-03-08 12:30:00+01:00,1673.366508954535,1792.832184,413.307445829627,256.981,2086.673954784162,2049.813184,41280.613632
2026-03-08 12:45:00+01:00,1693.9104978351957,1893.7183,398.8882609443199,332.04,2092.7987587795155,2225.7583,41072.052336
2026-03-08 13:00:00+01:00,2127.9033088980354,1851.694676,427.74816667636736,306.482,2555.651475574403,2158.176676,39398.921984
2026-03-08 13:15:00+01:00,2149.65006465397,1813.327476,422.3176616113359,330.193,2571.967726265306,2143.5204759999997,37981.168256
2026-03-08 13:30:00+01:00,2150.8612484844157,1885.315192,431.9827836627343,364.863,2582.84403214715,2250.178192,37155.1332
2026-03-08 13:45:00+01:00,2141.767256023166,2046.391116,443.6329952050859,433.933,2585.400251228252,2480.324116,36557.426236
2026-03-08 14:00:00+01:00,2606.5045745084008,2324.469532,463.098459563608,613.304,3069.603034072009,2937.773532,36494.330556
2026-03-08 14:15:00+01:00,2682.4184074101327,2542.0365,481.5977813836429,684.966,3164.0161887937757,3227.0025,35557.667096
2026-03-08 14:30:00+01:00,2754.9440160420213,2675.1952,515.7180318554765,733.563,3270.662047897498,3408.7582,34223.937355999995
2026-03-08 14:45:00+01:00,2833.100863053406,2933.701204,518.4695514024809,825.463,3351.5704144558867,3759.164204,32983.104864
2026-03-08 15:00:00+01:00,3211.6346824458938,3351.126028,630.4526490745502,1009.475,3842.087331520444,4360.601028,32001.543968
2026-03-08 15:15:00+01:00,3263.4920522449515,3654.001944,661.3792681144308,1017.573,3924.8713203593825,4671.574944,30062.031928
2026-03-08 15:30:00+01:00,3282.4387359124544,3700.658276,670.7375328949405,972.916,3953.176268807395,4673.574276,27316.559628
2026-03-08 15:45:00+01:00,3302.0786798953427,3904.176944,674.0623538772882,980.964,3976.141033772631,4885.140944,24720.3492
2026-03-08 16:00:00+01:00,4225.356863783216,4128.950576,934.064154325385,1004.025,5159.421018108601,5132.975576,21981.752052
2026-03-08 16:15:00+01:00,4205.268081543748,4265.61438,943.2676730935267,974.966,5148.535754637274,5240.58038,19071.904924
2026-03-08 16:30:00+01:00,4148.79420848899,4457.597828,935.3245423817704,979.725,5084.118750870761,5437.322828,16342.736056
2026-03-08 16:45:00+01:00,4123.118023635364,4618.629736,937.7383667411647,1002.539,5060.856390376529,5621.168736,13835.735408
2026-03-08 17:00:00+01:00,6439.706789386237,4972.856044,1154.9640842832066,1054.634,7594.670873669444,6027.490044,11788.802644
2026-03-08 17:15:00+01:00,6622.317087176762,5581.153428,1143.3978689698645,1099.831,7765.714956146626,6680.984428,10363.514144
2026-03-08 17:30:00+01:00,6913.985669142969,6365.481156,1165.7740117253727,1100.575,8079.759680868341,7466.056156,9501.96112
2026-03-08 17:45:00+01:00,7132.447227306909,7422.792316,1174.5300596588743,1121.497,8306.977286965783,8544.289316,9426.698372
2026-03-08 18:00:00+01:00,10680.87576469439,8528.5124,1592.2999243865595,1217.689,12273.17568908095,9746.2014,9983.158872
2026-03-08 18:15:00+01:00,10996.935607050982,9590.694564,1617.828627654414,1293.399,12614.764234705395,10884.093564,10987.687888
2026-03-08 18:30:00+01:00,11340.69420643792,10571.753972,1643.1067176726096,1304.648,12983.80092411053,11876.401972,11955.3297
2026-03-08 18:45:00+01:00,11616.023056738723,11468.006408,1656.5515516860492,1294.776,13272.574608424771,12762.782408,12838.81226
2026-03-08 19:00:00+01:00,13940.052141904662,12338.682008,1741.8269985751467,1267.474,15681.879140479808,13606.156008,13655.545308
2026-03-08 19:15:00+01:00,14155.41595748438,13063.392852,1767.0157166575293,1252.956,15922.43167414191,14316.348852,14349.519328
2026-03-08 19:30:00+01:00,14359.761801654327,13687.857216,1781.483118576859,1252.066,16141.244920231187,14939.923216,14977.987168
2026-03-08 19:45:00+01:00,14545.256180802633,14156.300344,1787.827805179514,1276.499,16333.083985982146,15432.799344,15450.880472
2026-03-08 20:00:00+01:00,17331.178770975937,14454.313836,1970.7718278250356,1338.064,19301.950598800973,15792.377836,15808.166368
2026-03-08 20:15:00+01:00,17471.577295219213,14652.540456,1999.670110099636,1371.097,19471.24740531885,16023.637456,16039.413
2026-03-08 20:30:00+01:00,17581.955312544793,14867.863644,2033.9423391249322,1396.388,19615.897651669726,16264.251644,16278.347824
2026-03-08 20:45:00+01:00,17695.644342221363,15043.085748,2054.036662626871,1433.919,19749.681004848233,16477.004748,16490.718376
2026-03-08 21:00:00+01:00,19874.971368712497,15227.437792,2490.8414107172707,1459.776,22365.81277942977,16687.213792000002,16699.087224000003
2026-03-08 21:15:00+01:00,19906.020888139672,15289.455836,2492.256787350064,1530.089,22398.277675489735,16819.544836,16830.105224000003
2026-03-08 21:30:00+01:00,19915.86863030593,15310.21136,2505.322015570745,1562.246,22421.190645876675,16872.45736,16882.756976
2026-03-08 21:45:00+01:00,19916.809458606698,15331.663264,2516.583548959622,1487.294,22433.39300756632,16818.957264,16829.202184
2026-03-08 22:00:00+01:00,17777.268806478252,14890.65922,2808.4951929770546,1490.538,20585.763999455306,16381.19722,16391.450144
2026-03-08 22:15:00+01:00,17785.408622160034,14768.177064,2830.700547938864,1494.147,20616.109170098898,16262.324064,16272.212172
2026-03-08 22:30:00+01:00,17774.19960571056,14483.886296,2829.0283591443176,1454.886,20603.22796485488,15938.772296,15948.75586
2026-03-08 22:45:00+01:00,17715.088525894167,14217.119124,2825.0806242457506,1442.632,20540.16915013992,15659.751124,15669.759372
2026-03-08 23:00:00+01:00,15552.674866894444,13983.01832,2171.8738182084076,1507.163,17724.54868510285,15490.18132,15500.17432
2026-03-08 23:15:00+01:00,15491.022964677903,13767.052236,2155.237211090922,1503.697,17646.260175768824,15270.749236,15281.882904
2026-03-08 23:30:00+01:00,15424.49355712388,13481.194548,2145.211571078046,1450.247,17569.705128201927,14931.441548,14941.480992
2026-03-08 23:45:00+01:00,15355.832646186604,13079.835772,2137.066894258972,1431.069,17492.899540445575,14510.904772,14521.88132
2026-03-09 00:00:00+01:00,13155.506017078618,12631.453088,1888.6204663412411,1488.523,15044.12648341986,14119.976088,14130.388524
2026-03-09 00:15:00+01:00,13100.609684531035,12179.656052,1881.6322667490101,1496.779,14982.241951280044,13676.435052,13686.085968
2026-03-09 00:30:00+01:00,13056.463165675308,11774.743888,1875.862232313104,1527.965,14932.325397988412,13302.708888,13312.403644000002
2026-03-09 00:45:00+01:00,12990.792121344964,11401.405524,1854.1940953380674,1566.418,14844.986216683032,12967.823524,12977.467644
2026-03-09 01:00:00+01:00,12410.454100610426,11065.284672,1509.198809675955,1530.294,13919.652910286382,12595.578672,12605.254288
2026-03-09 01:15:00+01:00,12325.194509681063,10741.56744,1489.653546537151,1429.687,13814.848056218214,12171.25444,12180.929796
2026-03-09 01:30:00+01:00,12254.663733794836,10475.512716,1477.0727982767362,1334.672,13731.736532071573,11810.184716,11820.007028
2026-03-09 01:45:00+01:00,12198.980953930764,10086.024828,1453.80220384216,1211.149,13652.783157772925,11297.173828,11306.825056
2026-03-09 02:00:00+01:00,11010.631245447516,9641.287344,1343.733711929698,1132.218,12354.364957377213,10773.505344,10782.54128
2026-03-09 02:15:00+01:00,10956.403222904586,9188.675084,1318.4989049875765,1089.944,12274.902127892163,10278.619084,10287.610456
2026-03-09 02:30:00+01:00,10902.856561588353,8791.681124,1293.7876384613303,1010.851,12196.644200049683,9802.532124,9811.940352
2026-03-09 02:45:00+01:00,10845.29729437188,8437.658096,1275.1624942479245,920.862,12120.459788619804,9358.520095999998,9367.620663999998
2026-03-09 03:00:00+01:00,9103.951130609375,8148.570888,1159.805397232671,842.624,10263.756527842046,8991.194888,9000.436864
2026-03-09 03:15:00+01:00,9069.001978258284,7889.71252,1146.7573991365105,783.651,10215.759377394794,8673.36352,8682.435048000001
2026-03-09 03:30:00+01:00,9042.691312483741,7590.881256,1133.1778196903613,718.729,10175.869132174103,8309.610256,8319.010756
2026-03-09 03:45:00+01:00,9006.701617142571,7311.591228,1120.2034508711818,660.66,10126.905068013753,7972.251228,7982.543948
2026-03-09 04:00:00+01:00,8380.16910619337,7155.363996,779.4516675267273,614.663,9159.620773720098,7770.026996,7780.126328
2026-03-09 04:15:00+01:00,8351.365529491693,7021.096728,777.5637877803032,585.349,9128.929317271997,7606.445728000001,7619.255956000001
2026-03-09 04:30:00+01:00,8317.15248206726,6831.9976,772.0582500251875,556.661,9089.210732092448,7388.6586,7401.598012
2026-03-09 04:45:00+01:00,8290.821728707378,6755.922404,763.6655207085778,530.068,9054.487249415957,7285.990404,7299.299736
2026-03-09 05:00:00+01:00,8112.343097905667,6684.697872,638.1876228782955,512.493,8750.530720783961,7197.190872,7210.636016
2026-03-09 05:15:00+01:00,8126.891458849044,6596.399804,638.2047760111719,513.16,8765.096234860217,7109.5598039999995,7123.127643999999
2026-03-09 05:30:00+01:00,8121.723440085829,6453.890676,613.6733529904358,501.3,8735.396793076265,6955.190676,6969.40424
2026-03-09 05:45:00+01:00,8093.266904857898,6359.194932,597.8243441849888,510.568,8691.091249042887,6869.762932000001,6887.974744
2026-03-09 06:00:00+01:00,8215.453856859336,6243.401928,471.2868762912195,504.127,8686.740733150556,6747.528928000001,6763.219932000001
2026-03-09 06:15:00+01:00,8222.160375375744,6058.073768,455.82333633180616,499.848,8677.983711707551,6557.921768,6576.414808
2026-03-09 06:30:00+01:00,8186.476861436417,5896.238068,440.5912158412353,475.004,8627.068077277652,6371.242068,6462.021943999999
2026-03-09 06:45:00+01:00,8168.137085101218,5685.715144,427.13694362537376,438.305,8595.274028726591,6124.020144,6504.673588
2026-03-09 07:00:00+01:00,7507.767485317079,5576.18452,411.19160258407504,393.438,7918.959087901154,5969.62252,7276.2658
2026-03-09 07:15:00+01:00,7501.915396547399,5354.329764,406.2186403872536,363.597,7908.134036934653,5717.926764,8381.530588
2026-03-09 07:30:00+01:00,7445.344144684773,5169.665656,412.695175103978,366.027,7858.039319788751,5535.692656,9937.067416
2026-03-09 07:45:00+01:00,7368.565047603292,5027.534748,419.753886980399,382.39,7788.318934583692,5409.924748,11916.453732
2026-03-09 08:00:00+01:00,6419.938870231354,4927.961116,359.85402879865,419.673,6779.792899030003,5347.634116,14462.182688
2026-03-09 08:15:00+01:00,6329.1696580733915,4699.663928,375.25768237103114,443.747,6704.427340444423,5143.410928,17043.096744
2026-03-09 08:30:00+01:00,6260.081348430011,4332.345496,389.9796251960877,469.454,6650.0609736260985,4801.799496,19691.370028
2026-03-09 08:45:00+01:00,6098.386019348315,3927.650652,396.32353783026633,505.06,6494.709557178581,4432.710652,22338.013344
2026-03-09 09:00:00+01:00,4305.922411770573,3332.33798,617.8968187676245,509.693,4923.819230538197,3842.030979999999,24714.587048
2026-03-09 09:15:00+01:00,4034.084625169948,2714.333012,613.5375740375215,473.469,4647.62219920747,3187.802012,26873.244392
2026-03-09 09:30:00+01:00,3780.664801291123,2293.458668,607.705461478719,448.211,4388.370262769842,2741.6696680000005,29150.013564
2026-03-09 09:45:00+01:00,3529.373547280768,1958.497388,605.05202754737,437.364,4134.4255748281375,2395.861388,31332.249564
2026-03-09 10:00:00+01:00,2206.5892187034005,1635.973544,379.7242032363707,395.824,2586.313421939771,2031.797544,33271.397848
2026-03-09 10:15:00+01:00,2034.965687521947,1369.597224,367.9699922968038,367.595,2402.935679818751,1737.192224,35119.276064
2026-03-09 10:30:00+01:00,1896.0885324972423,1175.119432,356.64191809812945,280.77,2252.7304505953716,1455.889432,36737.916276
2026-03-09 10:45:00+01:00,1819.446197045586,1016.225272,347.67872426693765,167.082,2167.1249213125234,1183.307272,37521.79096
2026-03-09 11:00:00+01:00,1775.4296665424504,945.88138,321.7275668084658,68.128,2097.157233350916,1014.00938,38272.753452
2026-03-09 11:15:00+01:00,1740.0609540215994,912.693936,314.9919334305184,63.897,2055.052887452118,976.590936,39262.378364
2026-03-09 11:30:00+01:00,1713.28019134126,887.376596,314.9468219437998,60.559,2028.22701328506,947.935596,40061.663236
2026-03-09 11:45:00+01:00,1697.3252858220728,888.616776,298.22223384752044,59.768,1995.5475196695934,948.384776,40484.125216
2026-03-09 12:00:00+01:00,1604.2024484709286,932.986432,314.1492417983253,62.153,1918.351690269254,995.139432,40782.163804
2026-03-09 12:15:00+01:00,1615.1946270606115,999.42828,291.16473814300093,63.527,1906.3593652036125,1062.95528,41040.845012000005
2026-03-09 12:30:00+01:00,1646.0870563016822,1048.98436,286.46707508375766,61.096,1932.5541313854399,1110.08036,40923.4511
2026-03-09 12:45:00+01:00,1664.8678698729645,1071.687636,272.7932036138257,64.155,1937.6610734867902,1135.842636,40570.221744
2026-03-09 13:00:00+01:00,1236.7434096553097,1108.363216,242.1793214578396,89.629,1478.9227311131494,1197.992216,40008.80182
2026-03-09 13:15:00+01:00,1254.5753277502426,1179.116164,233.64853268442397,94.18,1488.2238604346667,1273.296164,39213.831396
2026-03-09 13:30:00+01:00,1251.840408238316,1277.334712,242.94728669009524,92.246,1494.7876949284114,1369.5807120000002,38169.736736000006
2026-03-09 13:45:00+01:00,1242.535417204193,1360.506776,254.45795711642768,87.418,1496.9933743206207,1447.9247759999998,36876.005648
2026-03-09 14:00:00+01:00,1295.0956234502955,1393.522628,265.3182324493922,313.999,1560.4138558996879,1707.521628,35448.210376
2026-03-09 14:15:00+01:00,1373.5944139995609,1406.290952,275.3525300118798,290.1,1648.9469440114408,1696.3909520000002,33648.113339999996
2026-03-09 14:30:00+01:00,1443.3562687272654,1390.337472,307.3953721259472,286.276,1750.7516408532126,1676.613472,31850.265464
2026-03-09 14:45:00+01:00,1519.9739085864937,1396.600028,307.39466640838936,302.086,1827.3685749948831,1698.686028,29871.417016
2026-03-09 15:00:00+01:00,2021.5087374632658,1395.873092,417.981710782622,321.306,2439.490448245888,1717.179092,27663.852008
2026-03-09 15:15:00+01:00,2087.579260886015,1446.665468,440.6715918462885,327.01,2528.2508527323034,1773.675468,25264.909352
2026-03-09 15:30:00+01:00,2097.998560643769,1430.10408,435.7797464711416,320.098,2533.7783071149106,1750.20208,22669.485632
2026-03-09 15:45:00+01:00,2111.9525615961165,1405.500868,429.00329677818644,328.505,2540.955858374303,1734.0058680000002,20050.591608
2026-03-09 16:00:00+01:00,2360.381254618225,1410.254848,403.77140208366006,350.709,2764.152656701885,1760.963848,17312.258244
2026-03-09 16:15:00+01:00,2335.092842063169,1430.32338,400.5703152120527,311.099,2735.6631572752217,1741.42238,14593.345908
2026-03-09 16:30:00+01:00,2286.6674341334974,1358.274256,394.1031913020878,272.089,2680.7706254355853,1630.363256,11791.583236
2026-03-09 16:45:00+01:00,2263.98605113696,1332.709492,397.01382766605957,291.077,2660.99987880302,1623.786492,9193.016516
2026-03-09 17:00:00+01:00,1928.7007807041168,1318.805056,363.9979592609077,302.197,2292.6987399650243,1621.0020559999998,6910.835104
2026-03-09 17:15:00+01:00,2109.2195911559293,1324.689228,351.3075492335674,326.023,2460.5271403894967,1650.712228,5075.814896
2026-03-09 17:30:00+01:00,2398.3607092877273,1435.175752,363.66457487428903,312.767,2762.0252841620163,1747.9427520000002,3686.040876
2026-03-09 17:45:00+01:00,2616.3174393767285,1581.469128,380.95969970556155,285.992,2997.27713908229,1867.461128,2784.456392
2026-03-09 18:00:00+01:00,2512.382588920009,1709.90114,481.1534489261478,299.637,2993.5360378461564,2009.53814,2345.619456
2026-03-09 18:15:00+01:00,2820.2156262918334,1884.78918,504.4807439568402,320.935,3324.6963702486737,2205.72418,2387.751428
2026-03-09 18:30:00+01:00,3149.203235226343,2068.427136,528.0362274833595,381.844,3677.239462709703,2450.271136,2587.9410279999997
2026-03-09 18:45:00+01:00,3424.0030226150216,2281.568628,540.8330653100173,447.36,3964.836087925039,2728.928628,2846.299188
2026-03-09 19:00:00+01:00,3669.111689030533,2496.091304,497.5507221102624,473.348,4166.6624111407955,2969.439304,3049.061272
2026-03-09 19:15:00+01:00,3882.083853828714,2592.569964,520.5240250292399,489.153,4402.607878857953,3081.7229639999996,3149.8316999999997
2026-03-09 19:30:00+01:00,4086.304718160597,2646.556928,533.5521955969901,493.763,4619.856913757587,3140.319928,3196.820608
2026-03-09 19:45:00+01:00,4273.260817135799,2717.702856,540.5943024494712,453.851,4813.85511958527,3171.553856,3208.177936
2026-03-09 20:00:00+01:00,3455.970205336688,2744.64824,538.5327633070885,418.266,3994.5029686437765,3162.91424,3211.32456
2026-03-09 20:15:00+01:00,3595.045161558532,2771.899724,566.2745006416399,404.308,4161.319662200172,3176.207724,3220.926928
2026-03-09 20:30:00+01:00,3706.6148818601587,2815.379416,598.9250404975695,419.525,4305.539922357728,3234.9044160000003,3251.41636
2026-03-09 20:45:00+01:00,3817.887451986427,2835.767152,619.5109172320892,396.947,4437.398369218517,3232.714152,3247.674084
2026-03-09 21:00:00+01:00,3764.7969001052097,2845.58268,642.6209039844381,361.109,4407.417804089648,3206.69168,3222.10196
2026-03-09 21:15:00+01:00,3797.354969925404,2872.433572,648.4409100799153,363.598,4445.795880005319,3236.031572,3250.535216
2026-03-09 21:30:00+01:00,3804.4851991506166,2876.879092,662.9034725826641,385.984,4467.388671733281,3262.863092,3276.81818
2026-03-09 21:45:00+01:00,3797.7075666250175,2907.865212,675.593320792414,448.826,4473.300887417432,3356.691212,3370.2405200000003
2026-03-09 22:00:00+01:00,3782.3907029493776,2890.362304,684.8515512956706,436.365,4467.242254245048,3326.727304,3340.667376
2026-03-09 22:15:00+01:00,3789.0472446691733,2903.770084,702.1464418629885,414.99,4491.193686532162,3318.7600840000005,3331.4589480000004
2026-03-09 22:30:00+01:00,3775.7301825530626,2929.794204,702.7257743670505,378.966,4478.455956920113,3308.7602039999997,3321.6941279999996
2026-03-09 22:45:00+01:00,3715.999627334467,2916.790224,702.2677721228611,358.911,4418.267399457328,3275.701224,3288.618508
2026-03-09 23:00:00+01:00,3988.2977686937584,2902.159408,981.8391392447272,345.798,4970.136907938486,3247.957408,3260.9170440000003
2026-03-09 23:15:00+01:00,3924.699970365863,2888.304564,968.8475520079465,312.475,4893.547522373809,3200.779564,3213.526896
2026-03-09 23:30:00+01:00,3857.708775071405,2872.57836,961.6053768882178,273.459,4819.314151959623,3146.03736,3157.603588
2026-03-09 23:45:00+01:00,3786.8764331223892,2833.55868,956.7221351712237,284.981,4743.598568293613,3118.53968,3128.4093359999997
2026-03-10 00:00:00+01:00,4263.253655388105,2823.294436,812.2829506368522,333.652,5075.536606024957,3156.946436,3171.90018
2026-03-10 00:15:00+01:00,4195.708225807944,2820.027488,806.7005615504133,331.134,5002.408787358357,3151.161488,3160.71664
2026-03-10 00:30:00+01:00,4139.002073994846,2816.369264,799.6249440241191,330.396,4938.627018018965,3146.765264,3157.044588
2026-03-10 00:45:00+01:00,4067.7044500409543,2757.543776,777.3613220340845,318.866,4845.065772075039,3076.409776,3086.632468
2026-03-10 01:00:00+01:00,4672.286457519861,2740.328712,914.6711790126524,314.937,5586.957636532514,3055.265712,3069.693644
2026-03-10 01:15:00+01:00,4582.677136924907,2709.819108,893.6747419029592,315.799,5476.351878827866,3025.618108,3035.671268
2026-03-10 01:30:00+01:00,4509.268201361282,2727.906236,878.1752725409901,312.403,5387.443473902273,3040.309236,3050.247284
2026-03-10 01:45:00+01:00,4450.398649716964,2739.088764,851.4876435896394,335.066,5301.886293306604,3074.154764,3083.828808
2026-03-10 02:00:00+01:00,4317.6882799848945,2781.806712,865.0429145163064,393.969,5182.731194501201,3175.775712,3185.216432
2026-03-10 02:15:00+01:00,4255.155976434282,2791.160492,838.2417962974887,407.542,5093.397772731771,3198.702492,3208.337908
2026-03-10 02:30:00+01:00,4195.94551978158,2762.43404,809.6857976135988,392.949,5005.6313173951785,3155.38304,3165.7893320000003
2026-03-10 02:45:00+01:00,4134.33554062454,2727.136396,785.9007986369231,371.368,4920.236339261463,3098.504396,3108.7452359999997
2026-03-10 03:00:00+01:00,4214.455015840241,2699.799516,814.1044808885218,343.674,5028.5594967287625,3043.473516,3053.677156
2026-03-10 03:15:00+01:00,4173.924098266059,2705.562528,800.4561256878027,327.672,4974.380223953862,3033.234528,3043.405548
2026-03-10 03:30:00+01:00,4140.015448276134,2685.696836,787.2429791031648,326.712,4927.258427379298,3012.408836,3022.705456
2026-03-10 03:45:00+01:00,4097.902103694842,2741.720748,772.3211617241994,327.585,4870.223265419041,3069.305748,3079.6475800000003
2026-03-10 04:00:00+01:00,3892.8021452754424,2812.418368,880.5271456256744,326.08,4773.329290901117,3138.498368,3148.848104
2026-03-10 04:15:00+01:00,3862.141065109705,2802.96356,877.4459701152113,298.183,4739.587035224916,3101.14656,3113.7846200000004
2026-03-10 04:30:00+01:00,3826.3424895762982,2768.11296,871.2872825788594,275.293,4697.629772155157,3043.40596,3057.172348
2026-03-10 04:45:00+01:00,3804.0120445004854,2761.075192,865.785823314889,281.856,4669.797867815374,3042.931192,3056.740208
2026-03-10 05:00:00+01:00,3923.2889899864304,2822.454052,765.2754287435703,250.892,4688.56441873,3073.346052,3086.948344
2026-03-10 05:15:00+01:00,3937.590773294236,2936.811596,766.8486747251147,251.479,4704.4394480193505,3188.290596,3201.9089959999997
2026-03-10 05:30:00+01:00,3931.0574572679166,3090.515308,744.3539929769054,243.425,4675.411450244822,3333.940308,3347.5216360000004
2026-03-10 05:45:00+01:00,3902.7058101799307,3142.902128,731.3291707028475,244.74,4634.034980882778,3387.6421280000004,3401.3580440000005
2026-03-10 06:00:00+01:00,4267.020394757243,3203.64066,875.5720317800178,250.773,5142.5924265372605,3454.41366,3468.74612
2026-03-10 06:15:00+01:00,4268.285006824487,3133.62606,864.3017126282986,226.307,5132.5867194527855,3359.93306,3380.028356
2026-03-10 06:30:00+01:00,4229.599736434974,3040.898396,851.2943802911259,211.645,5080.8941167261,3252.543396,3302.894668
2026-03-10 06:45:00+01:00,4205.938200385367,2983.000696,839.4792261092598,261.887,5045.417426494627,3244.887696,3562.491076
2026-03-10 07:00:00+01:00,4125.970760110487,2939.555976,491.8595064523928,305.687,4617.83026656288,3245.242976,4497.538416
2026-03-10 07:15:00+01:00,4116.211961728837,2902.270284,486.66983795908106,346.749,4602.881799687918,3249.019284,5843.541552000001
2026-03-10 07:30:00+01:00,4057.893953522143,2887.833228,491.55584426808105,348.607,4549.449797790224,3236.440228,7599.887408
2026-03-10 07:45:00+01:00,3980.5713021930915,2991.237124,497.1228312372716,389.219,4477.694133430363,3380.4561240000003,9893.219692
2026-03-10 08:00:00+01:00,3675.2585823125964,3031.940516,634.842259107091,446.623,4310.100841419688,3478.563516,12571.522472
2026-03-10 08:15:00+01:00,3520.6158685006853,2996.469756,652.8506228441668,433.802,4173.466491344852,3430.271756,15273.929968
2026-03-10 08:30:00+01:00,3519.092073767885,3012.366832,660.7066592294921,433.97,4179.798732997377,3446.336832,18165.163872
2026-03-10 08:45:00+01:00,3358.6218640647503,3021.4041,669.2114858602276,435.92,4027.833349924978,3457.3241000000003,21110.316764000003
2026-03-10 09:00:00+01:00,3169.493788145661,2967.490232,945.7625087369037,478.025,4115.256296882564,3445.515232,24124.686732
2026-03-10 09:15:00+01:00,2885.4614256918253,2777.608276,943.2853123640648,469.988,3828.74673805589,3247.596276,26684.84
2026-03-10 09:30:00+01:00,2636.102140669613,2544.40766,941.2074691986538,490.967,3577.309609868267,3035.37466,29022.535484
2026-03-10 09:45:00+01:00,2384.4835591296087,2275.899084,939.1724189232486,451.022,3323.6559780528573,2726.921084,31281.594128
2026-03-10 10:00:00+01:00,2189.2942282701124,1961.724104,970.492698966306,350.57,3159.7869272364183,2312.294104,32295.41308
2026-03-10 10:15:00+01:00,2017.4703471944676,1727.596644,961.9420503760066,352.936,2979.4123975704742,2080.532644,33827.378064000004
2026-03-10 10:30:00+01:00,1876.0511526382875,1527.509456,956.9099550059002,332.65,2832.961107644188,1860.159456,35252.278008
2026-03-10 10:45:00+01:00,1793.0025656857122,1448.548948,952.879264775315,315.111,2745.881830461027,1763.659948,36622.791652
2026-03-10 11:00:00+01:00,1805.2905644859643,1450.203996,1022.3618999744195,246.965,2827.6524644603837,1697.168996,37497.863512
2026-03-10 11:15:00+01:00,1769.1283727654456,1497.946136,1017.961702783552,247.163,2787.0900755489974,1745.109136,38269.155988
2026-03-10 11:30:00+01:00,1739.6648655999743,1563.212312,1022.4980759085701,267.227,2762.1629415085445,1830.439312,38930.024888
2026-03-10 11:45:00+01:00,1722.687178850279,1670.30448,1007.9164830028177,325.239,2730.6036618530966,1995.54348,39543.242924
2026-03-10 12:00:00+01:00,2892.465442113345,1805.226096,1021.1714739126803,345.414,3913.6369160260256,2150.640096,39846.624872
2026-03-10 12:15:00+01:00,2902.5085243021294,2044.282216,999.5763327369921,375.11,3902.0848570391217,2419.392216,40009.100948
2026-03-10 12:30:00+01:00,2933.4411738016,2376.714244,996.6460160022664,455.529,3930.0871898038667,2832.243244,39954.444304
2026-03-10 12:45:00+01:00,2953.897732187969,2696.238128,984.4581858794032,494.957,3938.355918067372,3191.195128,39816.548304
2026-03-10 13:00:00+01:00,4447.190687842907,2970.6002,1492.134877742031,518.695,5939.325565584938,3489.2952,39333.827576
2026-03-10 13:15:00+01:00,4462.390665180282,3224.796848,1487.6551995013613,616.568,5950.045864681643,3841.364848,38651.763424
2026-03-10 13:30:00+01:00,4478.564599488501,3457.57954,1498.8349999079712,733.85,5977.399599396472,4191.42954,37809.440476
2026-03-10 13:45:00+01:00,4473.0980051726765,3798.783064,1509.0477801884135,876.714,5982.14578536109,4675.497064,36923.300104
2026-03-10 14:00:00+01:00,5287.068961841688,4171.670272,2384.997273436588,981.994,7672.0662352782765,5153.664272,35838.612388
2026-03-10 14:15:00+01:00,5368.954820383575,4458.969112,2403.174729928357,1209.123,7772.129550311932,5668.092112,34565.001912
2026-03-10 14:30:00+01:00,5439.994340647086,4720.451824,2436.172384432212,1520.848,7876.166725079298,6241.299824,33213.991696
2026-03-10 14:45:00+01:00,5524.20163255401,4894.331056,2439.4894375875483,1793.816,7963.691070141558,6688.147056,31922.520712
2026-03-10 15:00:00+01:00,6092.368940164903,5143.374132,2943.8590615899825,1730.516,9036.228001754886,6873.890132,30518.192364
2026-03-10 15:15:00+01:00,6152.577343520907,5072.591968,2965.075656453462,1655.01,9117.652999974369,6727.601968,28308.571956
2026-03-10 15:30:00+01:00,6198.601694257023,4935.111684,2953.078669969182,1617.607,9151.680364226206,6552.718684,25738.809324
2026-03-10 15:45:00+01:00,6219.362703411519,4765.43496,2942.449546659745,1867.045,9161.812250071263,6632.47996,23279.805508
2026-03-10 16:00:00+01:00,7149.511261511321,4758.785308,3106.4625832389875,1976.42,10255.973844750308,6735.2053080000005,20784.38694
2026-03-10 16:15:00+01:00,7173.3426671186935,4789.140252,3103.1010877534845,1798.355,10276.443754872178,6587.495252000001,18120.847596
2026-03-10 16:30:00+01:00,7128.509392749403,4790.298484,3089.50471167022,1662.978,10218.014104419623,6453.276484,15511.7
2026-03-10 16:45:00+01:00,7111.573433215785,4852.212824,3089.4075528170324,1534.186,10200.980986032817,6386.398824,13133.204712
2026-03-10 17:00:00+01:00,4712.065397818332,5248.745444,3108.010232657791,1421.833,7820.0756304761235,6670.578444000001,11350.161172
2026-03-10 17:15:00+01:00,4903.6936249114315,5454.441476,3094.3033219909776,1328.138,7997.996946902409,6782.579476,9759.676424
2026-03-10 17:30:00+01:00,5145.749020682235,5661.240292,3116.6159420349572,1201.346,8262.364962717193,6862.586292,8535.615156
2026-03-10 17:45:00+01:00,5383.737423367556,6274.332312,3117.8787018247144,1166.728,8501.616125192271,7441.060312,8226.137664
2026-03-10 18:00:00+01:00,6086.180060748767,6792.297748,3162.33479583731,1131.078,9248.514856586076,7923.375748,8149.952984
2026-03-10 18:15:00+01:00,6412.244297086734,6993.095868,3182.4209913665345,1105.411,9594.665288453269,8098.506868,8184.844848000001
2026-03-10 18:30:00+01:00,6709.739808906286,7198.595268,3201.7050534320088,994.445,9911.444862338296,8193.040268,8295.267868
2026-03-10 18:45:00+01:00,6999.531825431446,7680.314064,3210.8128109740865,1035.686,10210.344636405533,8716.000064,8876.527756
2026-03-10 19:00:00+01:00,8047.1245115089,8191.347664,3060.3385227509193,1100.078,11107.46303425982,9291.425664,9440.180784
2026-03-10 19:15:00+01:00,8270.07073519061,8715.152632,3079.8474071834585,1266.491,11349.918142374068,9981.643632,10059.533552
2026-03-10 19:30:00+01:00,8482.499353983261,9098.2806,3087.6448699405773,1277.73,11570.144223923839,10376.0106,10402.4439
2026-03-10 19:45:00+01:00,8675.057065283245,9219.113932,3092.626069962221,1324.441,11767.683135245466,10543.554932,10567.759656
2026-03-10 20:00:00+01:00,8899.545331928364,9605.957372,3476.723900547772,1468.233,12376.269232476136,11074.190372,11157.83248
2026-03-10 20:15:00+01:00,9039.365346945246,10447.043752,3501.6752509990424,1526.355,12541.040597944288,11973.398752,12040.719248
2026-03-10 20:30:00+01:00,9150.04017439288,11376.476528,3533.702719918899,1589.525,12683.74289431178,12966.001528,12999.02618
2026-03-10 20:45:00+01:00,9257.918754745519,12107.971708,3555.195902415155,1801.51,12813.114657160673,13909.481708,13930.097644
2026-03-10 21:00:00+01:00,10261.67561739022,12490.896332,3838.7826200614422,2153.278,14100.458237451661,14644.174332,14677.337184
2026-03-10 21:15:00+01:00,10292.5666235411,12597.167504,3850.174646949629,2403.063,14142.74127049073,15000.230504,15015.89448
2026-03-10 21:30:00+01:00,10299.092120522828,12528.868016,3867.0092771996087,2524.002,14166.101397722436,15052.870016,15067.668592
2026-03-10 21:45:00+01:00,10290.682633755103,12782.2122,3878.447493024947,2617.695,14169.13012678005,15399.9072,15414.469608
2026-03-10 22:00:00+01:00,12975.641335002647,12844.52254,4375.401636753458,2777.649,17351.042971756106,15622.17154,15658.55042
2026-03-10 22:15:00+01:00,12977.781228279446,13052.205428,4390.923141997861,3050.702,17368.704370277308,16102.907428,16120.310348
2026-03-10 22:30:00+01:00,12956.607149608222,13602.117508,4393.832431816528,3422.039,17350.43958142475,17024.156508,17045.783652
2026-03-10 22:45:00+01:00,12893.548931723335,14122.544064,4392.429768857957,3880.825,17285.97870058129,18003.369064,18022.203191999997
2026-03-10 23:00:00+01:00,16372.19735923833,14559.154508,4992.245100455925,4403.965,21364.442459694255,18963.119508,18978.407776
2026-03-10 23:15:00+01:00,16303.860152463003,15011.666624,4980.9518401991345,4782.824,21284.811992662137,19794.490624,19807.499724
2026-03-10 23:30:00+01:00,16229.698743863035,15217.042692,4973.460081849472,4918.603,21203.158825712508,20135.645692,20148.444428000003
2026-03-10 23:45:00+01:00,16150.366607206026,15486.011232,4967.161898289909,4995.888,21117.528505495935,20481.899232,20494.525852
2026-03-11 00:00:00+01:00,18144.259281169485,15610.309056,5654.592820656947,4898.514,23798.852101826433,20508.823056,20523.346628
2026-03-11 00:15:00+01:00,18079.9174555873,15726.325928,5650.234889685612,4872.323,23730.152345272912,20598.648928,20611.096684000004
2026-03-11 00:30:00+01:00,18025.920744293635,15940.90562,5644.297797323215,4742.227,23670.21854161685,20683.13262,20695.28688
2026-03-11 00:45:00+01:00,17957.417749774657,16281.29764,5619.564252268552,4872.446,23576.98200204321,21153.74364,21166.037152
2026-03-11 01:00:00+01:00,18385.09500320774,16777.822088,5864.653561305153,5043.039,24249.748564512895,21820.861088,21833.377768
2026-03-11 01:15:00+01:00,18299.2576368839,17030.666716,5842.046021155482,5186.216,24141.303658039382,22216.882716,22229.304596
2026-03-11 01:30:00+01:00,18228.53340232125,17449.435832,5823.024179681622,5218.58,24051.55758200287,22668.015831999997,22680.725059999997
2026-03-11 01:45:00+01:00,18174.38002127666,17984.48818,5792.494346957116,5631.399,23966.874368233774,23615.88718,23628.366592
2026-03-11 02:00:00+01:00,19486.528686037615,18511.756376,6314.506185650476,6010.848,25801.03487168809,24522.604376000003,24535.736456
2026-03-11 02:15:00+01:00,19427.254380969323,18814.0042,6285.710397231155,6222.93,25712.96477820048,25036.9342,25049.548636
2026-03-11 02:30:00+01:00,19369.33089725175,19335.716732,6255.1235359561315,6353.502,25624.454433207884,25689.218732,25704.766276
2026-03-11 02:45:00+01:00,19310.49161246127,19726.021692,6234.004927172606,6586.949,25544.496539633874,26312.970692,26325.802368
2026-03-11 03:00:00+01:00,20991.551710108684,19977.085148,6293.181095176878,6736.07,27284.732805285563,26713.155148,26725.913075999997
2026-03-11 03:15:00+01:00,20951.12423791388,20447.479996,6278.383773424931,6958.956,27229.50801133881,27406.435996,27416.011768
2026-03-11 03:30:00+01:00,20915.959097454095,21055.159216,6264.365805639346,7083.342,27180.324903093442,28138.501216,28147.960056
2026-03-11 03:45:00+01:00,20876.681626214544,21495.8449,6249.127211847131,7074.692,27125.808838061675,28570.5369,28579.689664
2026-03-11 04:00:00+01:00,21693.559027003495,21696.106224,6444.919983869229,7138.098,28138.479010872725,28834.204224,28843.377992
2026-03-11 04:15:00+01:00,21661.700021351768,21773.716104,6439.05355991206,7268.6,28100.753581263827,29042.316104,29051.516035999997
2026-03-11 04:30:00+01:00,21625.475574943193,22081.804928,6431.430395902992,7210.99,28056.905970846186,29292.794928000003,29302.326148000004
2026-03-11 04:45:00+01:00,21605.302585686226,22489.920396,6423.17942136239,7338.676,28028.482007048617,29828.596396,29838.410356
2026-03-11 05:00:00+01:00,22676.63997140236,23100.839352,6418.906623061845,7561.709,29095.546594464206,30662.548352,30672.207939999997
2026-03-11 05:15:00+01:00,22697.290173404293,23552.460728,6420.213030388618,7610.993,29117.503203792912,31163.453728,31173.171284
2026-03-11 05:30:00+01:00,22696.015196838987,23783.694388,6398.805414054872,7499.285,29094.82061089386,31282.979388,31292.46166
2026-03-11 05:45:00+01:00,22669.551187227928,23969.645508,6385.78483014383,7594.761,29055.33601737176,31564.406508,31573.9561
2026-03-11 06:00:00+01:00,25647.395214226417,25121.319284,6390.584607571345,7704.106,32037.979821797762,32825.425284,32835.295576
2026-03-11 06:15:00+01:00,25644.485680585367,25319.263268,6378.270728287437,7829.312,32022.756408872803,33148.575268,33161.535676
2026-03-11 06:30:00+01:00,25603.479681639667,25457.115396,6365.55336854549,7762.176,31969.033050185157,33219.291396,33283.466596
2026-03-11 06:45:00+01:00,25575.99699477593,25773.55716,6354.377219071069,7454.709,31930.374213847,33228.26616,33532.40382
2026-03-11 07:00:00+01:00,26946.786696368574,26107.866088,6390.710087849014,7548.194,33337.49678421759,33656.060088,34747.43814
2026-03-11 07:15:00+01:00,26932.27558538243,25826.084364,6385.03259683686,7515.037,33317.30818221929,33341.121364,35481.503184
2026-03-11 07:30:00+01:00,26867.86606955096,25486.863472,6389.583797252009,7404.713,33257.44986680297,32891.576472,36389.44362
2026-03-11 07:45:00+01:00,26787.54048144258,25293.794424,6395.614049819477,7404.256,33183.15453126206,32698.050424,37941.421476
2026-03-11 08:00:00+01:00,26189.612941806616,25133.2875,6495.405609913046,7385.246,32685.018551719662,32518.5335,39686.327448
2026-03-11 08:15:00+01:00,26088.467708856308,24962.219036,6513.049434038329,7517.086,32601.517142894638,32479.305036,41640.912352
2026-03-11 08:30:00+01:00,26057.994282417003,24484.182964,6531.516510476157,7357.214,32589.51079289316,31841.396964,43117.837188
2026-03-11 08:45:00+01:00,25892.7921193039,24167.89894,6542.514540287417,7313.122,32435.30665959132,31481.02094,44980.319316
2026-03-11 09:00:00+01:00,28985.672976389826,23677.246412,6541.818789580729,6949.263,35527.49176597055,30626.509412,46410.845396
2026-03-11 09:15:00+01:00,28705.20000489791,23481.0231,6540.766362102207,7157.23,35245.96636700012,30638.2531,48374.601083999994
2026-03-11 09:30:00+01:00,28439.93307259727,23337.18854,6539.4327672648415,7164.296,34979.36583986211,30501.48454,50113.478132
2026-03-11 09:45:00+01:00,28185.65959525292,23399.347716,6534.4240172412065,7073.452,34720.08361249413,30472.799716,51890.156408
2026-03-11 10:00:00+01:00,32264.10820788461,24032.488748,6497.539820778137,7070.271,38761.64802866275,31102.759748,53903.910524
2026-03-11 10:15:00+01:00,32087.766819432432,24764.122572,6487.771047158762,6990.162,38575.53786659119,31754.284572,55237.994072
2026-03-11 10:30:00+01:00,31943.546717119003,25350.539112,6478.903530118794,6980.685,38422.45024723779,32331.224112,56644.72408
2026-03-11 10:45:00+01:00,31859.479306460893,26130.664812,6472.504320235704,6985.23,38331.983626696594,33115.894812,58086.553428
2026-03-11 11:00:00+01:00,33894.84820657146,26933.66348,6091.927212924912,6950.647,39986.77541949638,33884.31048,59477.15652
2026-03-11 11:15:00+01:00,33863.88958441544,27131.359736,6087.146768051993,6955.485,39951.03635246743,34086.844736,60205.59878
2026-03-11 11:30:00+01:00,33837.61597925656,27186.764232,6089.683567503185,6901.616,39927.29954675974,34088.380232,60448.947524
2026-03-11 11:45:00+01:00,33824.66552191948,27252.78726,6076.0607502363955,6818.651,39900.72627215587,34071.43826,59938.021768000006
2026-03-11 12:00:00+01:00,34638.910104153845,27507.311672,6122.245762173366,6126.489,40761.15586632721,33633.800672,58901.630548
2026-03-11 12:15:00+01:00,34651.99134408237,28151.527724,6099.385371139386,5991.78,40751.37671522176,34143.307724,58746.969851999995
2026-03-11 12:30:00+01:00,34684.75092371301,28730.303832,6095.881489947282,5863.406,40780.63241366029,34593.709832,58589.531480000005
2026-03-11 12:45:00+01:00,34707.06419023061,29223.795872,6083.391663852479,5596.44,40790.45585408309,34820.235872,58164.983856
2026-03-11 13:00:00+01:00,34694.000830349745,29768.305012,6184.364219023274,6029.569,40878.36504937302,35797.874012,58384.341488000005
2026-03-11 13:15:00+01:00,34709.67146049612,30128.583324,6182.818007996466,5877.36,40892.48946849259,36005.943324,57967.158572
2026-03-11 13:30:00+01:00,34709.079580548765,30377.96862,6194.0635040973775,5440.548,40903.143084646144,35818.51662,56872.68752000001
2026-03-11 13:45:00+01:00,34705.07673315649,30255.184084,6202.945041337815,5105.923,40908.02177449431,35361.107084,55513.112624
2026-03-11 14:00:00+01:00,32432.534635921438,30292.615852,6102.65060924776,5111.748,38535.185245169196,35404.363851999995,54232.837744
2026-03-11 14:15:00+01:00,32511.52907426451,30114.74194,6122.556085089559,4732.735,38634.085159354065,34847.47694,52808.796696000005
2026-03-11 14:30:00+01:00,32578.64086739533,30907.841036,6153.972047703912,4693.058,38732.61291509924,35600.899036,52196.76678400001
2026-03-11 14:45:00+01:00,32655.100292182666,31325.490812,6156.091759665297,4354.685,38811.19205184796,35680.175812,50768.29268
2026-03-11 15:00:00+01:00,31340.526789384385,31398.891988,6298.565123961842,4334.032,37639.09191334623,35732.923988,49423.071716000006
2026-03-11 15:15:00+01:00,31413.44262017899,30717.522692,6315.7251546018,4743.038,37729.16777478079,35460.560692,47744.149812
2026-03-11 15:30:00+01:00,31444.86318463259,30042.887244,6324.04151215879,4772.434,37768.90469679138,34815.321244,45837.078076
2026-03-11 15:45:00+01:00,31465.34574284084,29790.28548,6317.326696108804,4562.565,37782.672438949645,34352.85048,43910.2618
2026-03-11 16:00:00+01:00,27426.647138813558,29410.518172,6421.971637932469,4075.448,33848.61877674603,33485.966172,41553.911284
2026-03-11 16:15:00+01:00,27420.265954882798,29037.2857,6415.809715984927,4092.958,33836.07567086772,33130.2437,39643.692488
2026-03-11 16:30:00+01:00,27371.03447983538,28587.184936,6401.450362018292,4334.566,33772.48484185367,32921.750936000004,38089.974484000006
2026-03-11 16:45:00+01:00,27356.719603836536,28420.970664,6399.044888428582,4679.353,33755.764492265116,33100.323664,36980.141372000006
2026-03-11 17:00:00+01:00,22910.23356499329,27915.994668,6475.043753336014,5062.276,29385.277318329303,32978.270668,35748.683935999994
2026-03-11 17:15:00+01:00,23090.35200307596,26890.545416,6463.633323809882,5453.452,29553.985326885842,32343.997416,34100.350744
2026-03-11 17:30:00+01:00,23253.651342491834,25684.92968,6437.304218640396,5893.651,29690.95556113223,31578.58068,32516.888476
2026-03-11 17:45:00+01:00,23486.922452031173,24693.411464,6437.3749994669615,6273.091,29924.297451498132,30966.502464,31361.178904
2026-03-11 18:00:00+01:00,21391.825153469457,24453.929236,6345.212705340838,6425.927,27737.037858810294,30879.856236,31016.370836
2026-03-11 18:15:00+01:00,21709.0607168432,24103.474032,6365.14313762619,6223.013,28074.20385446939,30326.487031999997,30401.249596
2026-03-11 18:30:00+01:00,21986.472211544347,23658.39304,6386.418947280451,5952.896,28372.891158824797,29611.28904,29677.90866
2026-03-11 18:45:00+01:00,22263.717325920145,23199.865372,6396.879979356972,5520.925,28660.597305277115,28720.790372,28816.791968
2026-03-11 19:00:00+01:00,20903.651579283724,22771.519148,6324.408139089673,5489.991,27228.059718373395,28261.510148,28336.765728
2026-03-11 19:15:00+01:00,21120.161439747313,22480.037424,6342.667757500698,5338.301,27462.82919724801,27818.338424,27908.614304
2026-03-11 19:30:00+01:00,21324.878598736505,22647.159564,6351.440791945552,5361.078,27676.319390682056,28008.237564000003,28092.415776
2026-03-11 19:45:00+01:00,21515.86034194966,22490.300684,6354.842940374217,5217.249,27870.703282323877,27707.549684,27770.623852
2026-03-11 20:00:00+01:00,21452.356399510776,22286.458108,6176.953226493531,5077.205,27629.309626004306,27363.663108,27437.374888
2026-03-11 20:15:00+01:00,21590.250572643417,22357.672912,6202.067314211623,5113.316,27792.31788685504,27470.988912,27493.81062
2026-03-11 20:30:00+01:00,21701.175250674176,22372.52352,6236.604011481933,4858.757,27937.77926215611,27231.28052,27244.801108
2026-03-11 20:45:00+01:00,21807.231847691703,21994.602184,6259.783124906762,4673.98,28067.014972598467,26668.582184,26685.614956
2026-03-11 21:00:00+01:00,21369.599113154232,21756.656804,6417.054176257531,4757.44,27786.653289411763,26514.096803999997,26556.80292
2026-03-11 21:15:00+01:00,21403.582662636753,21354.358684,6429.90654621119,4861.298,27833.489208847943,26215.656684,26230.171184
2026-03-11 21:30:00+01:00,21411.476037193283,21030.39402,6447.785825921677,4891.85,27859.26186311496,25922.24402,25934.62158
2026-03-11 21:45:00+01:00,21411.38654167267,20810.186404,6461.98899632395,4903.21,27873.37553799662,25713.396404,25725.661372
2026-03-11 22:00:00+01:00,20318.067131122025,20096.141692,6422.4483739608095,4960.129,26740.515505082833,25056.270692,25068.494140000003
2026-03-11 22:15:00+01:00,20323.208558089198,19863.383848,6427.063326753659,4915.383,26750.271884842856,24778.766848,24790.898756
2026-03-11 22:30:00+01:00,20304.46116901443,19588.085404,6428.354742541681,5065.128,26732.81591155611,24653.213404,24665.974980000003
2026-03-11 22:45:00+01:00,20244.5514444798,19296.528256,6424.866444823573,5363.019,26669.41788930337,24659.547256,24671.9026
2026-03-11 23:00:00+01:00,18182.04164469889,18885.661916,6301.429853810171,5562.18,24483.47149850906,24447.841916,24459.809296
2026-03-11 23:15:00+01:00,18119.66887742147,18725.144012,6292.872665075571,5656.865,24412.54154249704,24382.009012,24393.851092
2026-03-11 23:30:00+01:00,18050.971974879805,18506.045352,6284.875537479854,5685.154,24335.847512359658,24191.199352000003,24203.075640000003
2026-03-11 23:45:00+01:00,17975.151171585137,18428.651364,6281.266867526094,5699.829,24256.41803911123,24128.480364000003,24140.568972
2026-03-12 00:00:00+01:00,17607.455259427556,18266.904528,5796.146120918885,5469.069,23403.60138034644,23735.973528,23747.870799999997
2026-03-12 00:15:00+01:00,17546.833761868445,18050.938252,5793.687985732594,5664.24,23340.52174760104,23715.178252,23726.706211999997
2026-03-12 00:30:00+01:00,17502.731259320415,17929.660344,5785.916682209949,6062.224,23288.647941530362,23991.884344,24003.719744
2026-03-12 00:45:00+01:00,17448.946581129007,17799.934524,5765.464848995777,6203.524,23214.411430124783,24003.458524,24013.849476000003
2026-03-12 01:00:00+01:00,16872.365612002122,17917.2598,5502.310524379039,6076.614,22374.67613638116,23993.8738,24003.237716
2026-03-12 01:15:00+01:00,16798.851131948122,17814.174916,5485.556186893068,6242.285,22284.40731884119,24056.459916,24065.786668
2026-03-12 01:30:00+01:00,16742.75667555889,18031.824804,5469.246393352568,6123.977,22212.003068911457,24155.801804,24165.167764
2026-03-12 01:45:00+01:00,16706.601333637005,18248.15508,5446.64668001515,5950.677,22153.248013652155,24198.83208,24208.119716
2026-03-12 02:00:00+01:00,17361.915471078875,18390.062124,5749.862427527369,5951.13,23111.777898606244,24341.192124,24350.063256
2026-03-12 02:15:00+01:00,17312.6390255338,18455.786236,5731.505553451073,5821.972,23044.144578984873,24277.758236,24286.667076
2026-03-12 02:30:00+01:00,17271.113032892546,18542.820208,5708.1355570505775,5654.993,22979.248589943123,24197.813208,24206.432988
2026-03-12 02:45:00+01:00,17224.274941909356,18510.786008,5697.159639957447,5590.08,22921.434581866804,24100.866007999997,24109.341319999996
2026-03-12 03:00:00+01:00,18971.938364475456,18283.768116,5902.59093020269,5780.574,24874.52929467815,24064.342116,24072.887796
2026-03-12 03:15:00+01:00,18944.800387774078,17878.516276,5897.5949705274015,5896.003,24842.39535830148,23774.519276,23783.240232
2026-03-12 03:30:00+01:00,18927.337039272275,17382.890496,5890.204974619551,5934.347,24817.542013891827,23317.237496,23326.162764
2026-03-12 03:45:00+01:00,18902.05152465109,17073.249024,5879.014080691487,6054.425,24781.065605342577,23127.674024,23136.769096
2026-03-12 04:00:00+01:00,18302.382990680173,16796.73078,5895.188312812805,6335.698,24197.57130349298,23132.42878,23141.387088000003
2026-03-12 04:15:00+01:00,18299.38897869664,16647.4658,5892.983245498743,6741.568,24192.37222419538,23389.0338,23398.523372
2026-03-12 04:30:00+01:00,18272.72687904555,16398.752604,5885.167842772394,6861.423,24157.894721817942,23260.175604,23272.253728
2026-03-12 04:45:00+01:00,18264.78654205578,16009.852748,5881.302297644614,6974.739,24146.088839700395,22984.591748,22997.334396
2026-03-12 05:00:00+01:00,18033.807399680183,15917.30118,5979.872081173285,6946.233,24013.67948085347,22863.53418,22875.989512000004
2026-03-12 05:15:00+01:00,18065.67419867346,16048.974296,5985.559391734327,6932.606,24051.233590407785,22981.580296,22994.59718
2026-03-12 05:30:00+01:00,18071.771924006574,16289.396344,5963.7380057094515,6978.562,24035.509929716027,23267.958344,23280.907816
2026-03-12 05:45:00+01:00,18052.024102125884,16468.958856,5953.4258645142345,7032.457,24005.449966640117,23501.415856,23514.86648
2026-03-12 06:00:00+01:00,19195.008489795036,17119.388804,6085.701994953028,6562.978,25280.710484748066,23682.366804,23696.482416
2026-03-12 06:15:00+01:00,19199.13001543472,17293.47218,6079.5374643083405,6552.349,25278.66747974306,23845.82118,23868.029536
2026-03-12 06:30:00+01:00,19164.194540011184,17554.766208,6067.196773734332,6655.294,25231.391313745517,24210.060208000003,24281.079856000004
2026-03-12 06:45:00+01:00,19145.957180239573,17556.469332,6047.853249715397,6746.858,25193.81042995497,24303.327332,24640.530808
2026-03-12 07:00:00+01:00,19163.12036284962,17140.073044,6435.3951102415085,6717.407,25598.515473091127,23857.480044,25011.283872
2026-03-12 07:15:00+01:00,19139.56456544084,16204.041644,6427.7188152054805,6760.827,25567.28338064632,22964.868644,25395.736724
2026-03-12 07:30:00+01:00,19064.887015973796,15945.6417,6426.7592745042275,6786.038,25491.646290478024,22731.6797,26907.274924
2026-03-12 07:45:00+01:00,18979.527275706398,15634.902896,6433.202536970233,6817.798,25412.729812676633,22452.700896,28682.323084
2026-03-12 08:00:00+01:00,16452.91302845203,15201.664852,6456.751745400721,7007.87,22909.66477385275,22209.534852,30906.397996
2026-03-12 08:15:00+01:00,16327.911018581288,14564.980184,6478.319615311459,7068.504,22806.230633892745,21633.484184,33083.767544
2026-03-12 08:30:00+01:00,16311.969313821617,13817.452048,6465.367456618214,7098.306,22777.336770439833,20915.758048,35118.064944
2026-03-12 08:45:00+01:00,16150.16436479184,13127.366644,6478.270152978484,7054.459,22628.434517770325,20181.825644,37195.749868
2026-03-12 09:00:00+01:00,13271.341300937225,12442.873484,6469.607923032536,6469.348,19740.94922396976,18912.221484,38855.138708
2026-03-12 09:15:00+01:00,12993.102189924195,12128.095644,6474.948572872954,6468.836,19468.05076279715,18596.931644,41407.5538
2026-03-12 09:30:00+01:00,12736.243267359483,12060.014616,6482.777283938002,6387.404,19219.020551297486,18447.418616000003,43729.955452
2026-03-12 09:45:00+01:00,12480.978724052713,12263.916412,6480.974173172897,6237.545,18961.95289722561,18501.461412,46180.61078
2026-03-12 10:00:00+01:00,14078.95590706054,12756.876628,6202.1250822343145,6434.596,20281.080989294853,19191.472628,49239.232952
2026-03-12 10:15:00+01:00,13898.351590695203,13485.733456,6198.69951442264,6576.888,20097.051105117844,20062.621456,52135.419996
2026-03-12 10:30:00+01:00,13748.370362710315,14256.841016,6192.1609837100505,6543.299,19940.531346420365,20800.140016,54123.395588
2026-03-12 10:45:00+01:00,13662.375777158386,14699.831772,6187.3082388026405,6103.068,19849.684015961026,20802.899772,54835.806732
2026-03-12 11:00:00+01:00,14723.52206523502,15135.585052,6083.368460751586,6001.43,20806.890525986608,21137.015052,55515.001608000006
2026-03-12 11:15:00+01:00,14692.015523553413,15481.21134,6079.559754218254,5875.473,20771.575277771666,21356.68434,56164.370496
2026-03-12 11:30:00+01:00,14666.697248130604,16091.539768,6083.025103978484,5981.471,20749.72235210909,22073.010768,56223.016792
2026-03-12 11:45:00+01:00,14655.812487693214,16996.562028,6072.248781418545,5920.461,20728.06126911176,22917.023028,56527.79942
2026-03-12 12:00:00+01:00,18186.344942445678,17557.573548,6096.65761399197,5819.362,24283.00255643765,23376.935548,56539.378596
2026-03-12 12:15:00+01:00,18206.430265347644,17851.49324,6077.535635178157,5539.03,24283.9659005258,23390.52324,56376.882096
2026-03-12 12:30:00+01:00,18247.650840112492,18437.27954,6079.129812723262,5535.757,24326.780652835754,23973.03654,57010.778188
2026-03-12 12:45:00+01:00,18278.723883527968,18249.245908,6069.760969945237,5554.71,24348.484853473205,23803.955908,56443.386804
2026-03-12 13:00:00+01:00,19747.68411958337,18527.95552,5985.434042842672,5476.578,25733.118162426043,24004.53352,56787.756884
2026-03-12 13:15:00+01:00,19771.248114882903,18732.233644,5982.818785296321,5427.838,25754.066900179223,24160.071644,56622.437092
2026-03-12 13:30:00+01:00,19777.10371264799,18188.067124,5997.57098025193,5282.956,25774.67469289992,23471.023124,55474.502404
2026-03-12 13:45:00+01:00,19784.41938368633,18506.300372,6010.616682469334,5204.064,25795.036066155662,23710.364372000004,55469.380992000006
2026-03-12 14:00:00+01:00,21284.23441488157,19233.945332,5666.315393506518,5248.564,26950.54980838809,24482.509332,55727.301672
2026-03-12 14:15:00+01:00,21367.61765962951,19342.559188,5684.751857200725,5247.919,27052.369516830237,24590.478188,54813.725376
2026-03-12 14:30:00+01:00,21438.71329807556,20021.318504,5718.046480631734,5456.185,27156.759778707295,25477.503504,54816.944244
2026-03-12 14:45:00+01:00,21543.278471579164,21038.531188,5721.693266073455,5662.722,27264.971737652617,26701.253188,54737.699652
2026-03-12 15:00:00+01:00,23517.70092130715,22241.76616,5782.817703976649,5158.593,29300.5186252838,27400.35916,54610.90714
2026-03-12 15:15:00+01:00,23573.506784077123,22846.684236,5797.830968043502,5278.07,29371.337752120624,28124.754236,53688.44762
2026-03-12 15:30:00+01:00,23576.800389698088,24140.074236,5785.754462646306,4879.563,29362.554852344394,29019.637236,52859.20148
2026-03-12 15:45:00+01:00,23591.985571900637,24965.307544,5779.806680900065,4730.516,29371.792252800704,29695.823544,51049.888412
2026-03-12 16:00:00+01:00,23963.36385943032,24768.391944,5784.864575949163,4453.789,29748.228435379482,29222.180944,48168.339396
2026-03-12 16:15:00+01:00,24017.58115139452,26349.62688,5771.759511794746,4535.158,29789.340663189265,30884.78488,47142.731812
2026-03-12 16:30:00+01:00,23971.14556980153,26723.49716,5752.129719961575,4273.955,29723.275289763107,30997.45216,44409.64524
2026-03-12 16:45:00+01:00,23954.391246908966,26548.151992,5745.243571888225,3852.086,29699.634818797193,30400.237992,40957.935356
2026-03-12 17:00:00+01:00,24746.71273503673,26285.657204,5630.333742016789,4055.862,30377.046477053518,30341.519204,38075.308008
2026-03-12 17:15:00+01:00,24921.325757905382,25512.424724,5608.512136408666,4147.836,30529.83789431405,29660.260724,34837.490376
2026-03-12 17:30:00+01:00,25105.078914796195,24923.31932,5574.3663126155325,4306.125,30679.44522741173,29229.44432,32257.102936
2026-03-12 17:45:00+01:00,25339.678913557,24917.812024,5569.590189309532,4421.468,30909.269102866532,29339.280024,30798.761608
2026-03-12 18:00:00+01:00,26195.181022889206,25795.528832,5895.729980384183,4352.2,32090.911003273388,30147.728832,30692.152848
2026-03-12 18:15:00+01:00,26499.128133223625,26512.750332,5914.551256722216,4524.423,32413.679389945843,31037.173332,31209.022687999997
2026-03-12 18:30:00+01:00,26808.923612169634,27255.29142,5926.050879434171,4691.821,32734.974491603803,31947.11242,32060.897556
2026-03-12 18:45:00+01:00,27088.567722265652,27991.52058,5937.820461179302,4698.63,33026.38818344496,32690.15058,32804.302832
2026-03-12 19:00:00+01:00,28123.825799715898,28898.23522,5902.036485191651,4932.43,34025.86228490755,33830.665219999995,33903.169627999996
2026-03-12 19:15:00+01:00,28348.32842995607,29868.308252,5928.360937577467,4981.662,34276.68936753354,34849.970252,34907.217272
2026-03-12 19:30:00+01:00,28554.775517469836,31022.826232,5940.199440702963,5006.881,34494.974958172796,36029.707232,36083.74334
2026-03-12 19:45:00+01:00,28741.89983429758,32074.125556,5949.473602079659,5029.844,34691.37343637724,37103.969556,37143.66636
2026-03-12 20:00:00+01:00,30688.376538873817,33200.846788,6547.097368349204,5230.39,37235.47390722302,38431.236788,38476.956024
2026-03-12 20:15:00+01:00,30845.041059412266,34131.91858,6575.276614814985,5662.285,37420.31767422725,39794.20358,39820.372144
2026-03-12 20:30:00+01:00,30977.890373750488,34631.479604,6610.181120506655,5793.473,37588.07149425714,40424.952604,40448.4863
2026-03-12 20:45:00+01:00,31099.27470050086,34563.86748,6639.181132565988,5793.25,37738.45583306685,40357.11748,40372.93894
2026-03-12 21:00:00+01:00,31778.63640638544,35200.501892,6718.664413979644,5690.846,38497.30082036508,40891.347892,40907.245996
2026-03-12 21:15:00+01:00,31817.79275006168,35788.149624,6739.3411929807235,5781.48,38557.133943042405,41569.629623999994,41584.551032
2026-03-12 21:30:00+01:00,31825.350122459888,35791.397176,6760.55275606388,5933.849,38585.90287852377,41725.246176,41741.077992
2026-03-12 21:45:00+01:00,31784.28608830077,35493.099492,6766.851181229499,6183.667,38551.13726953027,41676.766492,41691.44972
2026-03-12 22:00:00+01:00,31573.295683084907,34263.288424,6745.149622539516,5598.729,38318.445305624424,39862.017424,39886.686328
2026-03-12 22:15:00+01:00,31582.903251308286,34526.809236,6772.924157876794,5780.393,38355.827409185076,40307.202236,40321.379772
2026-03-12 22:30:00+01:00,31576.189834601762,34341.796548,6785.655530014503,5858.513,38361.84536461627,40200.309548,40213.207471999995
2026-03-12 22:45:00+01:00,31530.837727404516,34514.930272,6796.985175744678,5988.341,38327.822903149194,40503.271272,40514.712608
2026-03-12 23:00:00+01:00,31669.45185707467,35049.437624,6775.633915205596,5652.374,38445.08577228027,40701.811623999994,40721.451568
2026-03-12 23:15:00+01:00,31622.593883806407,35077.960412,6781.38079870006,5650.893,38403.974682506465,40728.853412,40739.392656
2026-03-12 23:30:00+01:00,31559.995520203312,35125.536608,6779.67279793916,5769.512,38339.668318142474,40895.048608000005,40905.44646400001
2026-03-12 23:45:00+01:00,31494.070104999922,35052.736052,6780.74983291343,5988.626,38274.81993791335,41041.362052,41051.761503999995
2026-03-13 00:00:00+01:00,33579.83561374404,34240.014292,7004.549538585251,6539.88,40584.38515232929,40779.894292,40790.577163999995
2026-03-13 00:15:00+01:00,33515.6889293809,33785.742,7008.320261862425,6616.685,40524.00919124333,40402.427,40412.85898799999
2026-03-13 00:30:00+01:00,33471.15212328969,33674.72002,7013.2921512695675,6530.061,40484.44427455926,40204.78102,40215.173184
2026-03-13 00:45:00+01:00,33416.025402009436,33877.376856,6999.023825672557,6500.14,40415.04922768199,40377.516856,40387.97802
2026-03-13 01:00:00+01:00,35136.81964505593,33595.969148,6841.84854968986,6431.707,41978.66819474579,40027.676148,40038.309868
2026-03-13 01:15:00+01:00,35061.14615634093,33190.612368,6831.915052005302,6361.744,41893.06120834623,39552.356368,39562.627024
2026-03-13 01:30:00+01:00,35012.66293344166,33228.428256,6813.614572011717,6325.686,41826.27750545338,39554.114256,39564.530796
2026-03-13 01:45:00+01:00,34981.24883050057,33149.731884,6794.606515314116,6131.036,41775.855345814685,39280.767884,39292.116896
2026-03-13 02:00:00+01:00,35854.829221042644,33643.880528,6894.083212700959,6505.592,42748.9124337436,40149.472528,40160.481336
2026-03-13 02:15:00+01:00,35803.77591501382,33773.490884,6874.6909365495185,6516.36,42678.46685156334,40289.850884,40300.459108
2026-03-13 02:30:00+01:00,35763.845952080774,33932.663244,6846.932628407091,6509.264,42610.778580487866,40441.927244000006,40452.94640000001
2026-03-13 02:45:00+01:00,35717.64399752634,34159.468472,6834.393156712059,6526.026,42552.0371542384,40685.494472,40696.775664
2026-03-13 03:00:00+01:00,36220.92537803279,34179.713556,6866.410840577972,6518.091,43087.33621861076,40697.804556,40708.991192
2026-03-13 03:15:00+01:00,36181.073349964405,34232.810528,6865.95991372408,6523.701,43047.033263688485,40756.511528,40767.144724000005
2026-03-13 03:30:00+01:00,36147.051019955696,34573.139812,6859.794054249617,6546.784,43006.84507420531,41119.923812,41130.35916
2026-03-13 03:45:00+01:00,36110.21300270831,34811.744748,6854.384022350983,6526.939,42964.597025059295,41338.683748,41349.477267999995
2026-03-13 04:00:00+01:00,38658.36502366332,34972.672096,6868.335873192116,6641.49,45526.70089685544,41614.162096,41624.78582
2026-03-13 04:15:00+01:00,38624.55708855934,35545.469768,6876.1790619522635,6605.096,45500.736150511606,42150.565768,42160.778124
2026-03-13 04:30:00+01:00,38596.466690520036,35716.485504,6872.604702744257,6574.826,45469.07139326429,42291.311504,42301.707612
2026-03-13 04:45:00+01:00,38572.453862263435,35893.997976,6870.236802920305,6519.19,45442.69066518374,42413.187976,42423.46684
2026-03-13 05:00:00+01:00,39084.90624540368,36524.762984,6823.975179330495,6320.412,45908.88142473418,42845.174984,42855.609064
2026-03-13 05:15:00+01:00,39114.83402088574,37226.452168,6826.135616536781,6289.055,45940.969637422524,43515.507168,43525.955700000006
2026-03-13 05:30:00+01:00,39124.30803430293,37306.764792,6803.864655957304,6109.294,45928.17269026023,43416.058792,43426.315268000006
2026-03-13 05:45:00+01:00,39107.80418814573,37965.3536,6793.7080736438065,5975.399,45901.51226178954,43940.7526,43951.282864
2026-03-13 06:00:00+01:00,39992.166059910196,40684.475552,6956.824785971398,6579.232,46948.99084588159,47263.70755200001,47274.400436
2026-03-13 06:15:00+01:00,39996.9714615606,41216.004404,6949.104520735648,6603.737,46946.07598229625,47819.741404,47843.667372
2026-03-13 06:30:00+01:00,39966.581886155145,42018.405052,6938.453952992824,6603.468,46905.03583914797,48621.873052,48789.451144000006
2026-03-13 06:45:00+01:00,39943.39639366074,42352.139532,6919.397992403491,6429.781,46862.79438606423,48781.920532,49659.81970000001
2026-03-13 07:00:00+01:00,39647.23444747922,42631.736896,6795.81642427105,5989.672,46443.05087175027,48621.408896,51004.37574
2026-03-13 07:15:00+01:00,39594.29423918722,41998.5904,6787.244449274706,6152.009,46381.53868846193,48150.5994,52429.187872
2026-03-13 07:30:00+01:00,39512.439533243036,41530.932536,6785.827400730494,6088.077,46298.26693397353,47619.009536,54217.855447999995
2026-03-13 07:45:00+01:00,39414.3828960444,40322.816384,6794.193888437507,6111.133,46208.576784481906,46433.949384,55574.566836
2026-03-13 08:00:00+01:00,38981.45037113441,40403.44364,6939.156195460687,6645.94,45920.606566595096,47049.38364,58815.324148
2026-03-13 08:15:00+01:00,38850.82682609446,40210.108096,6959.097076385224,6556.06,45809.923902479684,46766.168096,61176.183364
2026-03-13 08:30:00+01:00,38837.864209323496,39568.74924,6951.683229327719,5892.456,45789.547438651214,45461.20524,62472.720043999994
2026-03-13 08:45:00+01:00,38672.800681704735,38423.467352,6962.707381386787,5616.511,45635.508063091525,44039.978352,63643.879872
2026-03-13 09:00:00+01:00,38084.92916237754,36498.294556,7167.5648334894295,5616.923,45252.49399586697,42115.217556,63631.492144
2026-03-13 09:15:00+01:00,37811.14925945631,34503.2987,7180.588711681033,5784.96,44991.73797113734,40288.2587,62962.640111999994
2026-03-13 09:30:00+01:00,37562.756526908364,33229.182576,7188.21278663345,5778.287,44750.96931354181,39007.469576,63312.862120000005
2026-03-13 09:45:00+01:00,37319.81827133976,32023.106884,7185.161457581206,5520.737,44504.97972892097,37543.843884,62814.7556
2026-03-13 10:00:00+01:00,36978.75593842805,30084.183284,7183.586213496067,5339.58,44162.34215192412,35423.763284,61417.628364
2026-03-13 10:15:00+01:00,36831.78906044605,28428.256436,7180.599393662569,5082.232,44012.388454108615,33510.488436,60287.985352
2026-03-13 10:30:00+01:00,36705.8765000893,27990.585668,7174.814700186898,5103.597,43880.691200276204,33094.182668,61071.395372
2026-03-13 10:45:00+01:00,36647.57498654379,26555.847648,7169.304470308542,5141.91,43816.87945685233,31697.757648,60276.009148
2026-03-13 11:00:00+01:00,36704.34732182956,25592.01242,7226.885253021595,5174.399,43931.23257485116,30766.41142,60082.893816
2026-03-13 11:15:00+01:00,36685.43061496144,25225.864252,7221.3174424249755,5213.367,43906.748057386416,30439.231252,60290.04724
2026-03-13 11:30:00+01:00,36667.96830841922,24479.087608,7220.228224007797,5253.729,43888.19653242702,29732.816608,59715.888132
2026-03-13 11:45:00+01:00,36664.599466179665,23343.315964,7204.808370919846,5308.242,43869.40783709951,28651.557964,58473.183232
2026-03-13 12:00:00+01:00,36132.87052237911,22928.245972,6769.506746809445,5290.618,42902.37726918855,28218.863972,57980.766208
2026-03-13 12:15:00+01:00,36174.58044185736,23210.00198,6747.721268520335,5225.873,42922.301710377695,28435.87498,57781.062296
2026-03-13 12:30:00+01:00,36229.75612771372,23638.957292,6745.4000779664675,5324.116,42975.15620568019,28963.073292,58118.40822
2026-03-13 12:45:00+01:00,36270.28551559147,23402.134532,6727.541557731789,5190.082,42997.827073323264,28592.216532,57362.05292
2026-03-13 13:00:00+01:00,33089.564699812865,24717.715304,6734.749194904621,4504.036,39824.31389471749,29221.751304,57731.122284
2026-03-13 13:15:00+01:00,33119.47866108844,25529.130352,6728.566950147127,4271.074,39848.04561123557,29800.204352,57357.889516
2026-03-13 13:30:00+01:00,33127.807898593885,25658.514544,6730.638754631808,4397.914,39858.44665322569,30056.428544,56494.564416
2026-03-13 13:45:00+01:00,33128.01108124057,25370.12298,6732.756779828009,4168.548,39860.767861068576,29538.67098,54722.908004
2026-03-13 14:00:00+01:00,29985.153135085944,26147.698848,6601.064455428515,4186.59,36586.21759051446,30334.288848,54602.72662
2026-03-13 14:15:00+01:00,30055.952734583145,26426.016916,6615.424548116471,4181.951,36671.377282699614,30607.967916,53269.00108
2026-03-13 14:30:00+01:00,30149.973203802783,25981.034604,6645.146315593264,4276.866,36795.119519396045,30257.900604,51003.72772
2026-03-13 14:45:00+01:00,30279.667359732608,25559.216288,6634.773533461522,4254.455,36914.44089319413,29813.671288,48651.216576
2026-03-13 15:00:00+01:00,26874.996104411526,25290.65296,6296.797967047493,4406.957,33171.79407145902,29697.60996,46672.80156
2026-03-13 15:15:00+01:00,26905.260491086592,24972.976192,6314.764593216566,4809.82,33220.02508430316,29782.796192,45038.470504
2026-03-13 15:30:00+01:00,26885.43219417407,24207.989728,6300.670440436613,5105.778,33186.10263461068,29313.767728,42909.877152
2026-03-13 15:45:00+01:00,26887.761209138574,23886.64914,6297.125205186836,5522.38,33184.88641432541,29409.02914,41223.616004
2026-03-13 16:00:00+01:00,23319.273020285804,23259.415476,5806.306438194109,5939.86,29125.579458479915,29199.275476,39462.494955999995
2026-03-13 16:15:00+01:00,23281.425976741004,23113.995252,5791.573423589837,5905.829,29072.999400330842,29019.824252,37686.078972
2026-03-13 16:30:00+01:00,23251.217394252086,22828.50002,5776.849780773144,6067.261,29028.06717502523,28895.76102,35683.375492
2026-03-13 16:45:00+01:00,23222.26264262901,22070.14902,5776.586165708012,5963.538,28998.848808337025,28033.68702,33096.805544
2026-03-13 17:00:00+01:00,18659.370688196992,21468.123516,4815.638819044018,6094.364,23475.00950724101,27562.487516,31084.128148
2026-03-13 17:15:00+01:00,18787.694399282263,20665.139548,4817.101349327489,5991.557,23604.79574860975,26656.696548,28938.48414
2026-03-13 17:30:00+01:00,19001.089805016352,19736.275652,4840.047273667163,5910.446,23841.137078683514,25646.721652,26992.027208
2026-03-13 17:45:00+01:00,19182.986401749622,19038.579792,4848.148618589601,5627.281,24031.13502033922,24665.860792,25289.925532
2026-03-13 18:00:00+01:00,16305.485423340482,18755.093892,3943.065839058168,5061.87,20248.55126239865,23816.963892,23971.653444
2026-03-13 18:15:00+01:00,16578.332220121993,18615.37304,3954.34025171046,4673.914,20532.67247183245,23289.28704,23356.29734
2026-03-13 18:30:00+01:00,16841.61465080472,18559.450336,3957.17655911721,4309.888,20798.791209921932,22869.338336,22995.848812
2026-03-13 18:45:00+01:00,17098.282389284657,18506.290396,3961.2580488850385,4058.284,21059.540438169697,22564.574396,22677.124824
2026-03-13 19:00:00+01:00,16781.65662381245,18214.817092,3251.4410537012404,3842.967,20033.09767751369,22057.784092,22196.23396
2026-03-13 19:15:00+01:00,16997.208961260832,17840.725636,3274.267968892188,3702.189,20271.47693015302,21542.914636,21653.93436
2026-03-13 19:30:00+01:00,17208.273941895648,17486.257544,3285.070068696292,3594.462,20493.34401059194,21080.719544,21204.316612
2026-03-13 19:45:00+01:00,17387.458794029517,17162.970804,3291.6680553739498,3449.489,20679.126849403467,20612.459804,20672.752724
2026-03-13 20:00:00+01:00,16629.605631255195,16800.4561,2811.768332615921,3463.312,19441.373963871116,20263.7681,20366.848016
2026-03-13 20:15:00+01:00,16780.97602669911,16585.544768,2843.757913497513,3475.502,19624.733940196624,20061.046768,20125.23778
2026-03-13 20:30:00+01:00,16910.90387730728,16296.630908,2871.801080735085,3463.763,19782.704958042363,19760.393908,19799.852024
2026-03-13 20:45:00+01:00,17020.045042919086,15987.473152,2897.319327277906,3405.591,19917.364370196992,19393.064152,19412.21206
2026-03-13 21:00:00+01:00,17259.663395647753,15654.994368,2892.2326573195496,3413.114,20151.896052967302,19068.108368,19100.705816
2026-03-13 21:15:00+01:00,17271.864705220436,15407.481084,2920.574801634753,3380.082,20192.43950685519,18787.563084,18805.629028
2026-03-13 21:30:00+01:00,17266.40652960717,15090.280592,2943.6931833231733,3381.173,20210.099712930343,18471.453592,18485.295875999996
2026-03-13 21:45:00+01:00,17240.267298687773,14946.437284,2960.7847142318137,3452.13,20201.052012919587,18398.567284,18411.653936
2026-03-13 22:00:00+01:00,16218.347910569382,14510.092704,3055.340046742931,3409.264,19273.687957312315,17919.356704,17944.895888000003
2026-03-13 22:15:00+01:00,16223.629680384542,14241.842996,3080.6993703324533,3441.869,19304.329050716995,17683.711995999998,17699.22986
2026-03-13 22:30:00+01:00,16214.665310102939,13978.27102,3099.004930607103,3497.099,19313.670240710042,17475.370020000002,17488.558988
2026-03-13 22:45:00+01:00,16164.508856525348,13819.66494,3118.17827121015,3416.642,19282.6871277355,17236.306940000002,17249.576584000002
2026-03-13 23:00:00+01:00,15627.025870821159,13776.149704,3749.1519886040637,3273.287,19376.17785942522,17049.436704,17062.766116
2026-03-13 23:15:00+01:00,15584.690544176001,13641.608732,3758.496205236919,3124.072,19343.18674941292,16765.680732,16778.840932
2026-03-13 23:30:00+01:00,15520.859168981253,13397.226432,3756.7060671942936,3094.101,19277.565236175546,16491.327432,16504.625827999997
2026-03-13 23:45:00+01:00,15456.775796931986,13247.974868,3756.919895855027,3087.152,19213.695692787012,16335.126868,16348.217364
2026-03-14 00:00:00+01:00,14347.014356373811,13109.810812,3693.5407615881995,2963.045,18040.55511796201,16072.855812,16084.071108
2026-03-14 00:15:00+01:00,14280.69718539332,13060.187624,3698.9607716294086,2816.017,17979.657957022726,15876.204624,15886.78766
2026-03-14 00:30:00+01:00,14240.259578833717,13073.645988,3701.064532345547,2755.262,17941.324111179263,15828.907988,15839.192344
2026-03-14 00:45:00+01:00,14195.56733842846,13056.008144,3687.154524007237,2583.132,17882.721862435697,15639.140144,15649.369331999998
2026-03-14 01:00:00+01:00,14101.92829822116,13073.288028,4006.375109937617,2589.053,18108.303408158776,15662.341028,15672.812884
2026-03-14 01:15:00+01:00,14017.74235275856,13064.96934,3996.432602615653,2643.146,18014.174955374212,15708.11534,15718.257076
2026-03-14 01:30:00+01:00,13973.864281422791,13264.603996,3977.9131975908585,2603.678,17951.77747901365,15868.281996,15878.612544
2026-03-14 01:45:00+01:00,13945.106351494598,13323.064092,3947.432412416393,2319.867,17892.53876391099,15642.931092,15653.453836
2026-03-14 02:00:00+01:00,13274.863550567688,13043.77534,3680.4677930869384,2063.372,16955.331343654627,15107.14734,15117.986188
2026-03-14 02:15:00+01:00,13231.855983465164,12672.815896,3658.6661153524306,1876.705,16890.522098817593,14549.520896,14559.943732
2026-03-14 02:30:00+01:00,13199.366196095763,12485.484792,3629.198661188345,1713.49,16828.56485728411,14198.974792,14209.576244
2026-03-14 02:45:00+01:00,13160.891983996444,12113.551424,3615.5118517806563,1505.812,16776.4038357771,13619.363424,13629.857768
2026-03-14 03:00:00+01:00,12639.225217915351,11943.780372,3461.1967595235787,1390.887,16100.42197743893,13334.667372,13349.12946
2026-03-14 03:15:00+01:00,12596.23597742184,11815.04388,3459.661573441323,1299.642,16055.897550863163,13114.68588,13126.694356
2026-03-14 03:30:00+01:00,12569.695570771599,11673.415636,3452.7909287557222,1175.959,16022.48649952732,12849.374636,12869.130792
2026-03-14 03:45:00+01:00,12538.413512568812,11562.464436,3444.0308906347186,1003.747,15982.44440320353,12566.211436,12577.712492
2026-03-14 04:00:00+01:00,11623.522683744714,11263.812652,2682.8521654043666,865.116,14306.37484914908,12128.928652,12139.27714
2026-03-14 04:15:00+01:00,11608.581103966295,11139.438172,2689.8353158144164,776.235,14298.416419780711,11915.673172,11925.706332000002
2026-03-14 04:30:00+01:00,11578.797499810757,10985.598616,2683.9710329896047,717.281,14262.76853280036,11702.879615999998,11714.613311999998
2026-03-14 04:45:00+01:00,11559.558924513596,10857.377944,2677.378757387456,733.549,14236.937681901052,11590.926944,11603.89866
2026-03-14 05:00:00+01:00,10112.49860044748,10939.999076,1880.7905201800236,748.01,11993.289120627504,11688.009076,11700.458544
2026-03-14 05:15:00+01:00,10161.767538686454,11008.588288,1880.1806366104336,711.715,12041.948175296888,11720.303288,11734.857536
2026-03-14 05:30:00+01:00,10173.830447223212,11038.703328,1853.3545273015825,700.866,12027.184974524795,11739.569328,11752.5948
2026-03-14 05:45:00+01:00,10175.836348454837,10940.098788,1838.776977775852,724.002,12014.613326230688,11664.100788,11677.1214
2026-03-14 06:00:00+01:00,7771.24671983294,10947.428068,1492.4310255854066,760.12,9263.677745418347,11707.548068,11722.307252
2026-03-14 06:15:00+01:00,7789.307921137444,10668.192492,1483.7349515156675,787.343,9273.042872653112,11455.535492,11487.750136
2026-03-14 06:30:00+01:00,7782.991419821503,10217.326528,1472.591400978546,772.884,9255.58282080005,10990.210528,11072.05728
2026-03-14 06:45:00+01:00,7766.904217001319,9907.146352,1450.0964219533087,720.214,9217.000638954627,10627.360352,10873.481796
2026-03-14 07:00:00+01:00,6789.746366553251,9582.363468,972.3820732084994,630.686,7762.128439761751,10213.049468,10846.011168
2026-03-14 07:15:00+01:00,6721.941727529635,9475.3751,969.5641020319109,607.167,7691.505829561545,10082.5421,11314.803524
2026-03-14 07:30:00+01:00,6627.025346624949,9184.26734,965.7182120640747,622.56,7592.743558689023,9806.82734,11784.4409
2026-03-14 07:45:00+01:00,6500.0443096156105,9069.659992,974.8183717815549,581.951,7474.862681397165,9651.610992000002,12498.2154
2026-03-14 08:00:00+01:00,5544.646303260516,8684.082176,913.5093023619601,530.233,6458.155605622476,9214.315176,13056.852448
2026-03-14 08:15:00+01:00,5419.0592801652865,8542.561056,931.5445351617062,504.48,6350.603815326993,9047.041056,14092.760108
2026-03-14 08:30:00+01:00,5302.109250282046,8137.128568,952.0560077148454,464.411,6254.165257996891,8601.539568,15015.939384
2026-03-14 08:45:00+01:00,5121.567593077298,7753.32204,960.5078496802602,432.443,6082.0754427575575,8185.76504,15936.6337
2026-03-14 09:00:00+01:00,4516.120736769068,7413.97794,927.8498133756144,413.296,5443.970550144682,7827.27394,17033.5709
2026-03-14 09:15:00+01:00,4242.408973984762,7307.511724,940.8967188546043,428.294,5183.305692839366,7735.805724,18409.999548
2026-03-14 09:30:00+01:00,3989.4546614100677,7195.727872,944.9508035818305,453.423,4934.405464991898,7649.150872,19694.1529
2026-03-14 09:45:00+01:00,3758.9605481028116,6862.056476,935.6105286974563,438.506,4694.571076800268,7300.562476,20541.067896
2026-03-14 10:00:00+01:00,3524.2630808066956,6513.72856,915.1794316085964,344.622,4439.442512415292,6858.35056,20772.51844
2026-03-14 10:15:00+01:00,3402.2752893528727,6247.303596,915.0281247970307,351.08,4317.303414149904,6598.383596,21159.025584
2026-03-14 10:30:00+01:00,3305.285876801579,6162.1323,906.0708456226389,321.31,4211.356722424218,6483.442300000001,21618.79254
2026-03-14 10:45:00+01:00,3265.319523388676,6022.86618,887.2509102423577,256.122,4152.570433631034,6278.98818,21790.777292
2026-03-14 11:00:00+01:00,3484.395336120038,5835.768572,561.0626718571608,263.415,4045.4580079771986,6099.183572,21799.247264
2026-03-14 11:15:00+01:00,3475.8452491093017,5639.60436,552.1656176212389,240.36,4028.0108667305403,5879.96436,21344.10268
2026-03-14 11:30:00+01:00,3475.826737063663,5549.997792,553.7676196747051,254.693,4029.5943567383683,5804.690792,20607.325032
2026-03-14 11:45:00+01:00,3493.1414271009544,5383.31704,536.2357421012412,259.024,4029.3771692021955,5642.34104,20408.677828
2026-03-14 12:00:00+01:00,3056.729602639152,5110.770852,520.7850792344543,252.328,3577.514681873606,5363.098852,20129.91258
2026-03-14 12:15:00+01:00,3101.4111471213046,4933.378108,494.7608088027263,250.506,3596.171955924031,5183.884108,19802.925756
2026-03-14 12:30:00+01:00,3166.0131492419346,4952.45942,495.9337764865021,256.87,3661.946925728437,5209.32942,19766.185612
2026-03-14 12:45:00+01:00,3197.1453108348996,4894.261624,480.3880867117268,265.119,3677.5333975466265,5159.380623999999,19693.532908
2026-03-14 13:00:00+01:00,3204.553418132674,4736.6964,373.2814734494316,255.416,3577.8348915821052,4992.1124,19222.85976
2026-03-14 13:15:00+01:00,3233.9332547427366,4734.249876,366.75108396462804,288.843,3600.6843387073645,5023.092876,18620.092504
2026-03-14 13:30:00+01:00,3226.2225227503036,4706.3298,364.7265502226027,223.157,3590.9490729729064,4929.486800000001,17866.427036
2026-03-14 13:45:00+01:00,3230.0998716199024,4663.803836,363.3369100971479,203.733,3593.4367817170505,4867.536836,17237.906732
2026-03-14 14:00:00+01:00,3255.938044323244,4618.341476,311.45955526751055,397.526,3567.3975995907545,5015.867475999999,16705.5625
2026-03-14 14:15:00+01:00,3328.9682057237897,4542.25628,314.3166567634247,276.543,3643.2848624872145,4818.799279999999,15873.043667999998
2026-03-14 14:30:00+01:00,3435.43545665723,4388.09096,349.1051129757991,201.191,3784.540569633029,4589.28196,14843.902824
2026-03-14 14:45:00+01:00,3554.1821958947285,4403.065248,342.4118899323722,163.948,3896.5940858271006,4567.013248,14022.54998
2026-03-14 15:00:00+01:00,3365.2579623130687,4384.611256,363.12651257898744,160.199,3728.384474892056,4544.810256,13492.2097
2026-03-14 15:15:00+01:00,3407.7046059799054,4543.412572,382.4516424023628,164.307,3790.156248382268,4707.719572,12855.63514
2026-03-14 15:30:00+01:00,3423.953027309686,4493.900064,358.95952971241786,165.165,3782.912557022104,4659.065064,11838.6425
2026-03-14 15:45:00+01:00,3449.2155267550656,4400.94624,362.8986971789025,156.278,3812.1142239339683,4557.2242400000005,10856.129444
2026-03-14 16:00:00+01:00,3888.4213207126904,4447.812484,350.67399148990967,153.539,4239.0953122026,4601.351484,10018.909732
2026-03-14 16:15:00+01:00,3936.6254924992754,4449.164432,336.089633111172,140.188,4272.715125610447,4589.352432,9131.294532
2026-03-14 16:30:00+01:00,3892.3771930159755,4329.728236,320.15322904026914,157.923,4212.530422056245,4487.651236,8193.325828
2026-03-14 16:45:00+01:00,3854.4458171115803,4209.109588,306.34464411498027,146.36,4160.79046122656,4355.469588,7222.798916
2026-03-14 17:00:00+01:00,2919.435493275414,4168.497664,312.27126463040105,174.614,3231.7067579058153,4343.111664,6456.181412
2026-03-14 17:15:00+01:00,3016.4841342180766,4198.0647,302.00417865219094,175.962,3318.4883128702677,4374.0267,5847.386636
2026-03-14 17:30:00+01:00,3178.8528815799646,4127.674468,285.51927048600226,204.396,3464.372152065967,4332.070468,5235.9879439999995
2026-03-14 17:45:00+01:00,3350.6411353741064,4077.711772,295.2253456092466,176.044,3645.866480983353,4253.755772,4718.258944
2026-03-14 18:00:00+01:00,2854.5232758426546,3981.886632,316.4757960882131,159.592,3170.9990719308676,4141.478632,4331.115496
2026-03-14 18:15:00+01:00,3145.5030164344003,4011.89562,326.5151001173356,173.173,3472.018116551736,4185.06862,4290.41218
2026-03-14 18:30:00+01:00,3420.904343311851,4023.449992,329.0435143453994,214.555,3749.94785765725,4238.004992,4374.3565
2026-03-14 18:45:00+01:00,3681.9115746114117,4052.151612,329.7871921406114,224.303,4011.698766752023,4276.454612,4427.4828880000005
2026-03-14 19:00:00+01:00,2857.2387118565302,4051.71618,328.53600492778185,207.934,3185.774716784312,4259.65018,4387.6752879999995
2026-03-14 19:15:00+01:00,3084.0493840315785,4037.594532,350.9038184069197,171.294,3434.953202438498,4208.888532,4286.651432
2026-03-14 19:30:00+01:00,3313.50201869201,4000.062996,360.68089859380166,149.338,3674.1829172858115,4149.400996,4211.476336000001
2026-03-14 19:45:00+01:00,3512.0146102344793,4038.244736,365.07881739118534,140.643,3877.093427625665,4178.887736,4234.866252
2026-03-14 20:00:00+01:00,3306.3389467682873,3969.978996,362.6583104692626,183.155,3668.99725723755,4153.133996,4247.710147999999
2026-03-14 20:15:00+01:00,3471.998834429405,3851.579648,402.8131139743824,261.083,3874.8119484037875,4112.6626479999995,4163.792716
2026-03-14 20:30:00+01:00,3604.6251564767904,3729.800848,431.5487041164943,345.513,4036.1738605932846,4075.313848,4100.413272
2026-03-14 20:45:00+01:00,3702.5876643297224,3714.39796,454.0291637461354,427.846,4156.6168280758575,4142.24396,4159.252036
2026-03-14 21:00:00+01:00,3534.697382386691,3764.462436,281.6852718435016,599.836,3816.3826542301927,4364.298436,4388.52268
2026-03-14 21:15:00+01:00,3581.150039210075,3735.58588,309.6428566124444,620.052,3890.7928958225198,4355.63788,4372.09368
2026-03-14 21:30:00+01:00,3574.7749196524146,3674.109856,331.8356762805369,542.417,3906.6105959329516,4216.526856,4237.604648
2026-03-14 21:45:00+01:00,3517.27750530245,3660.497304,351.7204156221684,556.314,3868.9979209246185,4216.811304,4230.953144
2026-03-14 22:00:00+01:00,3414.4129753327907,3580.945736,329.69065029240096,513.349,3744.103625625192,4094.294736,4115.02542
2026-03-14 22:15:00+01:00,3428.1232352465995,3592.897184,357.19452283577505,570.77,3785.3177580823744,4163.667184,4177.57636
2026-03-14 22:30:00+01:00,3416.044412726307,3562.18088,376.91187122592487,579.112,3792.9562839522323,4141.29288,4156.329504
2026-03-14 22:45:00+01:00,3376.242925634352,3546.297448,392.96775196912256,470.83,3769.210677603475,4017.127448,4030.513944
2026-03-14 23:00:00+01:00,3768.8108076422886,3518.219684,485.4152999409777,416.563,4254.226107583267,3934.782684,3949.448096
2026-03-14 23:15:00+01:00,3731.8847466579537,3454.512888,492.2062009094227,377.433,4224.090947567376,3831.945888,3845.575116
2026-03-14 23:30:00+01:00,3674.1676929082705,3423.52538,493.408457991214,317.42,4167.576150899485,3740.94538,3755.567136
2026-03-14 23:45:00+01:00,3609.7254460590257,3444.589336,497.8683961506597,271.653,4107.593842209685,3716.242336,3731.382560000001
2026-03-15 00:00:00+01:00,3965.4422256787816,3343.432688,102.2381860154269,241.755,4067.6804116942085,3585.187688,3598.64046
2026-03-15 00:15:00+01:00,3905.121189698191,3288.717988,103.31570991785225,251.145,4008.436899616043,3539.862988,3557.5584639999997
2026-03-15 00:30:00+01:00,3869.452478230861,3256.093868,102.51650152514077,243.246,3971.9689797560018,3499.339868,3514.379232
2026-03-15 00:45:00+01:00,3828.5191963144894,3255.284884,83.01424828833515,219.784,3911.5334446028246,3475.0688840000003,3485.847008
2026-03-15 01:00:00+01:00,2866.7951441194373,3177.880048,207.55378830500132,244.281,3074.3489324244388,3422.161048,3433.820136
2026-03-15 01:15:00+01:00,2783.8544704508863,3105.940232,199.19725263970642,285.146,2983.0517230905925,3391.086232,3404.4321680000003
2026-03-15 01:30:00+01:00,2747.718391879034,3093.7255,179.8038527692329,288.061,2927.5222446482667,3381.7865,3393.088408
2026-03-15 01:45:00+01:00,2718.0970866894477,3056.587684,150.5383218603277,302.911,2868.6354085497755,3359.498684,3370.131988
2026-03-15 02:00:00+01:00,2680.146160089183,3090.886164,196.15667070805395,303.8,2876.3028307972368,3394.686164,3404.7698600000003
2026-03-15 02:15:00+01:00,2628.493295009176,3065.255012,171.35394951989724,273.663,2799.8472445290736,3338.918012,3349.984736
2026-03-15 02:30:00+01:00,2590.3425917630734,2977.083816,138.04463985793265,243.911,2728.387231621006,3220.994816,3231.623244
2026-03-15 02:45:00+01:00,2540.5377359434724,2896.222908,118.67862300512512,227.594,2659.2163589485976,3123.816908,3134.7216120000003
2026-03-15 03:00:00+01:00,2484.448558909807,2843.202356,17.730182596877114,244.008,2502.178741506684,3087.2103559999996,3098.7510159999997
2026-03-15 03:15:00+01:00,2434.6871087987893,2803.453028,14.283434069248003,262.547,2448.9705428680372,3066.000028,3075.900264
2026-03-15 03:30:00+01:00,2396.7555904615924,2769.072088,5.506318715668968,275.592,2402.2619091772613,3044.664088,3054.792448
2026-03-15 03:45:00+01:00,2359.7273455084473,2718.461832,0.0,280.116,2359.7273455084473,2998.577832,3008.4309359999997
2026-03-15 04:00:00+01:00,2168.6929315057514,2682.494028,77.78395842199899,332.847,2246.4768899277506,3015.341028,3025.161824
2026-03-15 04:15:00+01:00,2146.9721547510458,2589.498028,82.9728597169214,332.207,2229.945014467967,2921.705028,2931.9095359999997
2026-03-15 04:30:00+01:00,2114.564937111677,2457.044788,75.6332395833951,345.169,2190.198176695072,2802.213788,2812.390308
2026-03-15 04:45:00+01:00,2091.777237600965,2332.106752,68.41192158646241,385.09,2160.1891591874273,2717.1967520000003,2728.4160640000005
2026-03-15 05:00:00+01:00,2351.890246562706,2235.536376,104.70080246392484,403.24,2456.591049026631,2638.776376,2651.944396
2026-03-15 05:15:00+01:00,2398.8132513133214,2155.188996,103.93623750740798,395.818,2502.7494888207293,2551.006996,2564.218288
2026-03-15 05:30:00+01:00,2404.901669818085,2070.32108,78.72497567565037,415.399,2483.6266454937354,2485.72008,2499.161868
2026-03-15 05:45:00+01:00,2400.4473151067923,2016.930404,66.62697251616713,454.558,2467.074287622959,2471.4884039999997,2485.3839479999997
2026-03-15 06:00:00+01:00,2668.966625883514,1945.6911,118.89010595935315,449.253,2787.8567318428672,2394.9441,2410.153084
2026-03-15 06:15:00+01:00,2681.1651084113473,1934.440796,112.82949890784133,485.062,2793.9946073191886,2419.502796,2436.2098640000004
2026-03-15 06:30:00+01:00,2662.939428083711,1975.958756,107.85234144174267,500.134,2770.7917695254537,2476.092756,2506.15832
2026-03-15 06:45:00+01:00,2640.7917143595337,1955.81376,85.8900837958447,503.327,2726.6817981553786,2459.14076,2635.1245000000004
2026-03-15 07:00:00+01:00,2492.0168453443916,1883.044,101.20069878098882,510.349,2593.2175441253803,2393.393,3003.6684880000003
2026-03-15 07:15:00+01:00,2420.493245876679,1769.827896,98.20447326585146,547.924,2518.6977191425303,2317.751896,3632.448252
2026-03-15 07:30:00+01:00,2317.4212401656678,1648.915664,95.19159267234862,561.674,2412.6128328380164,2210.589664,4459.247596
2026-03-15 07:45:00+01:00,2190.228362288445,1502.607628,104.3067256046355,576.667,2294.535087893081,2079.274628,5462.641532
2026-03-15 08:00:00+01:00,2203.443507883576,1367.170988,528.8083027874936,642.916,2732.2518106710695,2010.086988,6654.248632
2026-03-15 08:15:00+01:00,2018.350326915962,1272.037644,539.9780968906143,689.667,2558.328423806576,1961.704644,7924.697788
2026-03-15 08:30:00+01:00,1808.4013387647242,1150.145016,542.9355094866559,700.502,2351.33684825138,1850.647016,9265.914644
2026-03-15 08:45:00+01:00,1604.9857532200351,1023.01108,543.439519179379,765.475,2148.425272399414,1788.48608,10719.405152
2026-03-15 09:00:00+01:00,1946.6158798335123,942.577788,673.3609974302257,865.617,2619.976877263738,1808.194788,12329.010652
2026-03-15 09:15:00+01:00,1624.834568262774,836.017044,692.0128171661712,979.248,2316.847385428945,1815.265044,13876.609324
2026-03-15 09:30:00+01:00,1332.6281307908384,763.013812,696.113256551499,1110.606,2028.7413873423375,1873.619812,15208.603248
2026-03-15 09:45:00+01:00,1074.6906322047976,763.739608,679.8715087924568,1278.018,1754.5621409972543,2041.757608,16636.657012
2026-03-15 10:00:00+01:00,1264.691162812315,805.641708,1256.0194176967811,1487.914,2520.710580509096,2293.555708,18029.028392
2026-03-15 10:15:00+01:00,1099.4972358791345,849.048336,1247.8718995388222,1694.761,2347.3691354179564,2543.809336,19198.844628
2026-03-15 10:30:00+01:00,994.4382064209215,877.826028,1238.702401687867,1907.127,2233.1406081087885,2784.953028,20119.440176
2026-03-15 10:45:00+01:00,918.8903358704457,944.288248,1221.1398955173643,2139.307,2140.03023138781,3083.5952479999996,20835.34106
2026-03-15 11:00:00+01:00,1843.6433945060437,1059.028444,2264.3990152376896,2393.762,4108.0424097437335,3452.790444,21444.076316
2026-03-15 11:15:00+01:00,1821.1600868284315,1192.87342,2257.755249364388,2628.108,4078.9153361928193,3820.98142,22143.30326
2026-03-15 11:30:00+01:00,1800.8824125118922,1372.792468,2260.7306873709585,2791.102,4061.6130998828507,4163.894468,22788.777456000003
2026-03-15 11:45:00+01:00,1780.216581705251,1552.839364,2244.4660086532435,2949.098,4024.6825903584945,4501.937363999999,23294.675144
2026-03-15 12:00:00+01:00,3536.3726555711464,1715.132848,3335.386175479265,3123.529,6871.758831050412,4838.661848,23691.437192
2026-03-15 12:15:00+01:00,3570.149974897846,1893.258528,3307.4292089922046,3292.539,6877.57918389005,5185.797528,24121.636816
2026-03-15 12:30:00+01:00,3634.646936194553,2057.474164,3311.984306904207,3465.943,6946.63124309876,5523.417164,24503.959012
2026-03-15 12:45:00+01:00,3648.684337347477,2268.907516,3292.2720274514004,3651.244,6940.956364798878,5920.151516,24846.365188000003
2026-03-15 13:00:00+01:00,4286.502812295864,2497.490632,3997.7739540545867,3762.612,8284.276766350451,6260.102632,25021.841132
2026-03-15 13:15:00+01:00,4332.651333730869,2713.295152,3994.0075029914856,3914.844,8326.658836722354,6628.139152,25199.446596
2026-03-15 13:30:00+01:00,4325.1611669865,2860.310432,3998.3606082577076,4075.333,8323.521775244208,6935.643432000001,25089.221932
2026-03-15 13:45:00+01:00,4314.638609158002,2974.199908,3992.6539541344955,4166.914,8307.292563292496,7141.113907999999,24862.260404
2026-03-15 14:00:00+01:00,5060.586481666659,3055.271384,4405.216301198627,4245.196,9465.802782865285,7300.467384,24552.8661
2026-03-15 14:15:00+01:00,5135.388717440364,3146.214556,4415.004689545226,4441.645,9550.39340698559,7587.859556,24115.691888
2026-03-15 14:30:00+01:00,5221.536743518793,3249.671116,4447.144240512001,4607.161,9668.680984030794,7856.832116,23623.402388
2026-03-15 14:45:00+01:00,5306.011847647382,3271.843272,4438.880087113388,4724.162,9744.89193476077,7996.005272,22737.475752
2026-03-15 15:00:00+01:00,5578.103414836296,3323.787208,5001.509242914923,4888.777,10579.612657751219,8212.564208,21979.748112
2026-03-15 15:15:00+01:00,5614.044845400196,3424.615636,5028.584215641095,5063.998,10642.62906104129,8488.613636,21349.634548
2026-03-15 15:30:00+01:00,5620.934266493434,3547.986016,5013.767780892136,5239.102,10634.70204738557,8787.088016,20616.079676
2026-03-15 15:45:00+01:00,5639.336724005572,3748.711216,5002.695789171366,5413.944,10642.032513176939,9162.655216,19751.815284
2026-03-15 16:00:00+01:00,5964.338789435838,3795.149908,5490.228685258215,5565.323,11454.567474694053,9360.472908,18786.013692
2026-03-15 16:15:00+01:00,6057.736863668321,3805.282212,5469.9889411156055,5776.249,11527.725804783928,9581.531212,17715.008688
2026-03-15 16:30:00+01:00,6024.807636979865,3792.366096,5449.086277853295,5990.802,11473.89391483316,9783.168096,16633.22806
2026-03-15 16:45:00+01:00,5971.116385993341,3797.348764,5431.365206697591,6088.761,11402.481592690932,9886.109764,15448.152048
2026-03-15 17:00:00+01:00,6277.78347343032,3847.023668,5564.761394106579,5977.27,11842.544867536899,9824.293668,14061.094496000002
2026-03-15 17:15:00+01:00,6347.340083521822,3863.36104,5544.85531935798,5884.824,11892.195402879803,9748.18504,12766.556848
2026-03-15 17:30:00+01:00,6489.8960511253445,4045.597592,5518.964555516392,5722.005,12008.860606641736,9767.602592,11730.875992
2026-03-15 17:45:00+01:00,6644.242979496243,4462.789704,5520.249033216344,5730.58,12164.492012712588,10193.369704,11336.455076
2026-03-15 18:00:00+01:00,7792.01118771942,5403.222628,5691.00390372812,5984.578,13483.015091447542,11387.800628,11923.271376
2026-03-15 18:15:00+01:00,8069.76001879102,6459.799652,5690.080991627194,6072.598,13759.841010418215,12532.397652,12740.876744
2026-03-15 18:30:00+01:00,8321.889864269457,7544.978116,5681.642076461312,6203.127,14003.531940730769,13748.105116,13885.82938
2026-03-15 18:45:00+01:00,8572.108958386243,8814.661544,5675.5591376504,6254.552,14247.668096036643,15069.213544,15132.799224
2026-03-15 19:00:00+01:00,12141.141589778017,10124.02994,5844.751519986007,5776.629,17985.893109764023,15900.65894,15955.254696000002
2026-03-15 19:15:00+01:00,12343.083404524423,11425.853728,5862.805411359475,5718.129,18205.888815883896,17143.982728,17183.753075999997
2026-03-15 19:30:00+01:00,12551.97388602954,12728.795288,5868.549639228615,5543.917,18420.523525258155,18272.712288,18305.971776
2026-03-15 19:45:00+01:00,12732.413509295104,13954.119888,5867.614964238458,5620.384,18600.028473533563,19574.503888,19601.162064
2026-03-15 20:00:00+01:00,17641.309760166645,14898.495948,5827.204001159036,5835.853,23468.51376132568,20734.348948,20754.843859999997
2026-03-15 20:15:00+01:00,17798.74281507066,16030.409424,5865.987817197762,5991.543,23664.73063226842,22021.952424,22039.761784
2026-03-15 20:30:00+01:00,17916.122754042386,16916.825048,5893.151506223842,5983.782,23809.27426026623,22900.607048,22916.923076
2026-03-15 20:45:00+01:00,18002.333638601325,17838.792736,5912.335287147288,6074.668,23914.668925748614,23913.460736,23929.595644
2026-03-15 21:00:00+01:00,20483.434815802357,18813.217088,5742.917931168329,6201.047,26226.352746970686,25014.264088,25031.386816
2026-03-15 21:15:00+01:00,20515.930609559153,19679.01054,5768.4876320740805,6257.559,26284.418241633233,25936.56954,25952.405632
2026-03-15 21:30:00+01:00,20497.69008382615,20463.176072,5788.8922461864395,6201.417,26286.58233001259,26664.593072,26681.258184
2026-03-15 21:45:00+01:00,20477.335688367246,21227.389496,5810.4925334577465,6097.426,26287.82822182499,27324.815496,27340.669888
2026-03-15 22:00:00+01:00,22406.235054757,20860.419328,5934.101593051661,6811.088,28340.33664780866,27671.507328,27688.142296
2026-03-15 22:15:00+01:00,22410.203891072288,21700.027672,5968.654861133355,7098.684,28378.85875220564,28798.711672,28814.342076
2026-03-15 22:30:00+01:00,22394.657922715047,22507.976404,5990.474394664772,7054.024,28385.13231737982,29562.000404,29582.658416
2026-03-15 22:45:00+01:00,22354.837571723223,23029.367408,6007.881153960879,7021.515,28362.718725684103,30050.882408,30065.100251999997
2026-03-15 23:00:00+01:00,23592.015221955484,23583.17666,5842.535499985985,6650.426,29434.55072194147,30233.60266,30245.297808
2026-03-15 23:15:00+01:00,23553.68546829038,24228.218464,5845.705402042914,6811.085,29399.390870333293,31039.303464,31050.741424
2026-03-15 23:30:00+01:00,23493.415731781308,24856.789904,5846.922866103701,6824.014,29340.33859788501,31680.803904,31692.404184
2026-03-15 23:45:00+01:00,23429.141619506205,25336.14824,5851.326441630043,6804.391,29280.46806113625,32140.53924,32153.40354
2026-03-16 00:00:00+01:00,25316.330265476066,25923.818168,5927.554557106443,6631.988,31243.88482258251,32555.806168000003,32573.699536000004
2026-03-16 00:15:00+01:00,25267.526180551875,26587.198872,5931.849613767197,6798.186,31199.375794319072,33385.384872,33396.709948
2026-03-16 00:30:00+01:00,25231.29338243402,27305.802844,5933.023289529116,6958.659,31164.316671963137,34264.461844000005,34275.895944
2026-03-16 00:45:00+01:00,25194.686279944173,27876.477036,5915.58972269766,7051.6,31110.276002641833,34928.077036,34938.825012
2026-03-16 01:00:00+01:00,27226.949723743357,28321.136508,5944.9823335599785,6999.139,33171.93205730333,35320.275508,35331.330775999995
2026-03-16 01:15:00+01:00,27143.66098416628,28768.141312,5942.003571680934,6734.443,33085.664555847216,35502.584312,35513.927451999996
2026-03-16 01:30:00+01:00,27106.047635050327,29180.025224,5927.236394793825,6502.544,33033.28402984415,35682.569224,35693.06332
2026-03-16 01:45:00+01:00,27075.79756015968,29495.69556,5901.7544139832335,6315.937,32977.551974142916,35811.63256,35822.62448
2026-03-16 02:00:00+01:00,29086.15338463648,29763.980404,5851.091282079624,6285.887,34937.244666716106,36049.867404,36061.58805200001
2026-03-16 02:15:00+01:00,29030.24740345816,29970.903712,5828.892132536163,6238.872,34859.13953599433,36209.775712,36221.851992
2026-03-16 02:30:00+01:00,28990.13217474457,30197.678564,5800.699944506328,5553.228,34790.832119250896,35750.906564000004,35762.90164800001
2026-03-16 02:45:00+01:00,28942.491854377768,30361.931584,5786.4160918997295,5330.022,34728.9079462775,35691.953584,35703.152796
2026-03-16 03:00:00+01:00,30794.568479123445,30331.935296,5805.438673820241,5382.031,36600.00715294368,35713.966296,35723.571584
2026-03-16 03:15:00+01:00,30744.650822291405,30346.370424,5805.649952032705,5487.465,36550.30077432411,35833.835424000004,35843.723912
2026-03-16 03:30:00+01:00,30703.25892582971,29955.858828,5799.332246510418,5501.023,36502.59117234013,35456.881828,35466.241764
2026-03-16 03:45:00+01:00,30665.661573910867,29610.99834,5778.220886975066,5859.73,36443.882460885936,35470.72834,35479.344008
2026-03-16 04:00:00+01:00,32629.451765395912,29358.0365,6247.292338955592,6027.05,38876.74410435151,35385.0865,35394.091071999996
2026-03-16 04:15:00+01:00,32606.904401540425,29313.826908,6257.211081449627,6131.61,38864.115482990055,35445.436907999996,35455.099647999996
2026-03-16 04:30:00+01:00,32569.989190939126,29001.354804,6254.656287342394,6197.321,38824.64547828152,35198.675804,35208.276204
2026-03-16 04:45:00+01:00,32552.902167970846,28693.10988,6250.68232120214,6281.147,38803.58448917299,34974.25688,34983.667816
2026-03-16 05:00:00+01:00,33479.85613302918,28735.849232,6642.987449117588,6297.934,40122.843582146765,35033.783232,35043.042384
2026-03-16 05:15:00+01:00,33532.57357025045,29142.190136,6641.293862021638,6273.167,40173.86743227209,35415.357136,35424.961328
2026-03-16 05:30:00+01:00,33567.52299877324,29453.92418,6617.698199627095,6471.933,40185.22119840034,35925.85718,35935.765144
2026-03-16 05:45:00+01:00,33569.74346321125,29869.21422,6606.935204289971,6529.74,40176.67866750122,36398.95422,36408.693428
2026-03-16 06:00:00+01:00,33775.6854576145,30865.552504,6745.9071377959535,6684.817,40521.59259541045,37550.369504,37562.607516
2026-03-16 06:15:00+01:00,33793.33690313148,30570.25994,6745.505182909629,6710.692,40538.842086041106,37280.95194,37306.912896
2026-03-16 06:30:00+01:00,33786.77296282253,29997.657776,6743.877634374432,6754.32,40530.65059719696,36751.977776,36945.03818
2026-03-16 06:45:00+01:00,33780.36771603132,29117.192728,6724.6839841880355,7028.543,40505.05170021935,36145.735728,36917.821364
2026-03-16 07:00:00+01:00,33663.42819323608,28585.509772,6550.838109528459,7313.916,40214.26630276454,35899.425772,37525.407016000005
2026-03-16 07:15:00+01:00,33606.51640802398,28109.586228,6550.018665660954,7311.675,40156.53507368493,35421.261228,38013.638128000006
2026-03-16 07:30:00+01:00,33523.32945544641,27486.573796,6550.479591328604,7181.702,40073.809046775015,34668.275796,38426.4142
2026-03-16 07:45:00+01:00,33412.575684461415,26915.34726,6561.40043957519,7105.504,39973.976124036606,34020.851259999996,39018.340359999995
2026-03-16 08:00:00+01:00,31809.929908014685,26477.964984,6182.469423879915,6501.282,37992.3993318946,32979.246984,39434.217416
2026-03-16 08:15:00+01:00,31691.405517366155,26265.535304,6200.322746838984,6167.449,37891.728264205136,32432.984304,40222.409464
2026-03-16 08:30:00+01:00,31602.468143669983,26020.470984,6186.227594497455,6120.905,37788.69573816744,32141.375984,41306.536744
2026-03-16 08:45:00+01:00,31402.762738351073,25735.840292,6185.919605984089,6000.198,37588.68234433516,31736.038292,42369.904564
2026-03-16 09:00:00+01:00,33515.82314303627,25947.389632,6214.99988133852,5892.683,39730.82302437479,31840.072632,43562.173052
2026-03-16 09:15:00+01:00,33207.84055258179,26083.563988,6237.783665339024,5740.499,39445.62421792081,31824.062988,44422.31164
2026-03-16 09:30:00+01:00,32945.19132354617,26567.98116,6242.113206253357,5722.314,39187.30452979953,32290.29516,45441.797052
2026-03-16 09:45:00+01:00,32693.829590783913,26796.761336,6223.7049336839455,5839.922,38917.53452446786,32636.683336,46408.484163999994
2026-03-16 10:00:00+01:00,33486.90035819441,27283.763764,5966.322290484111,6046.944,39453.22264867852,33330.707764,48094.288248
2026-03-16 10:15:00+01:00,33321.78959694509,27344.182492,5955.95169717531,5921.574,39277.7412941204,33265.756492,49079.947828
2026-03-16 10:30:00+01:00,33230.29282748223,27309.690476,5941.931301751191,5639.044,39172.22412923342,32948.734476,49582.11122399999
2026-03-16 10:45:00+01:00,33161.37544531431,27249.518776,5921.261139961857,5716.972,39082.63658527617,32966.490776,50540.820764
2026-03-16 11:00:00+01:00,32901.58795129328,27517.834376,5664.366511026432,5672.767,38565.954462319714,33190.601376,51387.924327999994
2026-03-16 11:15:00+01:00,32886.970955298646,27684.100956,5653.402857496572,5525.794,38540.37381279522,33209.894956,52295.561588
2026-03-16 11:30:00+01:00,32872.96647125653,27922.55942,5650.990128461217,5348.74,38523.95659971774,33271.29942,53441.196500000005
2026-03-16 11:45:00+01:00,32851.405365211256,27480.688944,5632.1206343498825,5296.538,38483.52599956114,32777.226944,53030.658932000006
2026-03-16 12:00:00+01:00,32672.157705594058,27518.42588,5172.717111194284,4683.976,37844.874816788346,32202.40188,53045.455967999995
2026-03-16 12:15:00+01:00,32705.142881082338,27648.03602,5145.572017642848,4454.205,37850.714898725186,32102.24102,53603.86614
2026-03-16 12:30:00+01:00,32776.45973049118,27445.035716,5149.945528371628,4202.52,37926.40525886281,31647.555716,53590.333436
2026-03-16 12:45:00+01:00,32798.27898632744,27624.119524,5131.006666720846,4244.517,37929.28565304828,31868.636524,54186.05712
2026-03-16 13:00:00+01:00,30508.803947895394,27484.075164,4893.364227138984,4003.027,35402.16817503438,31487.102164000004,53709.303612
2026-03-16 13:15:00+01:00,30564.432172112916,27240.141956,4888.056161170982,3945.87,35452.488333283894,31186.011956,53561.45324
2026-03-16 13:30:00+01:00,30569.727516475912,26837.896764,4891.703103359529,3907.797,35461.43061983544,30745.693764,53047.17612
2026-03-16 13:45:00+01:00,30567.05263113963,26896.315204,4886.668521462791,3838.3,35453.721152602426,30734.615204,52843.840683999995
2026-03-16 14:00:00+01:00,29285.9246584623,26298.470304,4866.03940361933,3550.75,34151.96406208163,29849.220304,51347.298232
2026-03-16 14:15:00+01:00,29371.082736985194,26153.246616,4866.54508121328,3470.684,34237.627818198474,29623.930616,50542.815376
2026-03-16 14:30:00+01:00,29458.651252390122,25922.124956,4896.813821028735,3468.219,34355.465073418854,29390.343956,49287.460708
2026-03-16 14:45:00+01:00,29581.167762164034,25659.431036,4890.151515998588,3368.186,34471.31927816262,29027.617036000003,48020.460248
2026-03-16 15:00:00+01:00,27991.529394006135,25037.093292,5106.339527067652,3414.382,33097.86892107379,28451.475292000003,46157.158004
2026-03-16 15:15:00+01:00,28036.91023230043,24861.872524,5134.199994440558,3320.687,33171.11022674099,28182.559523999997,44653.06058399999
2026-03-16 15:30:00+01:00,28029.900992453073,24288.57728,5121.308026131618,3148.469,33151.20901858469,27437.04628,42549.340424
2026-03-16 15:45:00+01:00,28049.89571717238,23523.836764,5110.786462830681,3047.863,33160.68218000306,26571.699764,40230.231264
2026-03-16 16:00:00+01:00,23546.941858102953,23012.22696,5362.0671472293,2867.119,28909.009005332253,25879.34596,38087.277224
2026-03-16 16:15:00+01:00,23576.474743990722,22134.505228,5341.868802750684,2862.285,28918.343546741406,24996.790228,35388.151668000006
2026-03-16 16:30:00+01:00,23529.7833981438,20850.658632,5317.077474443748,3035.456,28846.86087258755,23886.114631999997,32692.787947999997
2026-03-16 16:45:00+01:00,23478.003600233766,19558.446136,5298.731248790423,3165.627,28776.73484902419,22724.073136,29910.085836
2026-03-16 17:00:00+01:00,17819.6844210039,18019.22154,4494.809144606994,3286.673,22314.493565610894,21305.89454,26766.436327999996
2026-03-16 17:15:00+01:00,17888.20542769625,16230.296512,4478.0283885456665,3274.29,22366.23381624192,19504.586512,23423.11058
2026-03-16 17:30:00+01:00,18010.614395431345,14681.5415,4465.595527487393,3109.955,22476.209922918737,17791.4965,20293.247324
2026-03-16 17:45:00+01:00,18175.284593422344,13658.2609,4476.235387825041,2958.276,22651.519981247384,16616.5369,17957.486696
2026-03-16 18:00:00+01:00,15577.330560160986,13622.090156,4498.143222652862,2902.574,20075.47378281385,16524.664156,16997.315332
2026-03-16 18:15:00+01:00,15835.699332534114,13545.642984,4492.056627968462,2913.751,20327.755960502574,16459.393984000002,16578.668628000003
2026-03-16 18:30:00+01:00,16061.496766010727,13277.213692,4480.5859173594745,2847.349,20542.0826833702,16124.562692,16194.84502
2026-03-16 18:45:00+01:00,16304.790044190706,12794.27636,4472.730817757373,2707.759,20777.52086194808,15502.03536,15568.182572
2026-03-16 19:00:00+01:00,14637.317687889745,12347.106032,4109.480326654267,2573.316,18746.798014544012,14920.422032,15014.070439999998
2026-03-16 19:15:00+01:00,14828.274711586313,12127.574016,4124.306426853656,2489.601,18952.58113843997,14617.175016,14757.515592000002
2026-03-16 19:30:00+01:00,15025.498304265848,11969.918808,4132.740127810502,2439.439,19158.23843207635,14409.357808,14514.203808
2026-03-16 19:45:00+01:00,15201.278101097843,11824.590368,4132.52299050147,2528.944,19333.801091599315,14353.534368,14401.983696
2026-03-16 20:00:00+01:00,14967.638084815344,11646.493404,3918.942959618181,2603.41,18886.581044433526,14249.903404,14309.344592
2026-03-16 20:15:00+01:00,15114.009950341648,11363.105804,3960.3863337067687,2596.098,19074.396284048416,13959.203804,13982.797188
2026-03-16 20:30:00+01:00,15221.345384897353,11206.397408,3988.7806867494182,2510.2,19210.126071646773,13716.597408,13733.19594
2026-03-16 20:45:00+01:00,15302.675299753555,11162.703088,4007.5121659837578,2403.964,19310.187465737312,13566.667088,13584.426044
2026-03-16 21:00:00+01:00,14947.150587873979,11097.158036,4060.5460098570834,2343.355,19007.69659773106,13440.513036,13460.695488
2026-03-16 21:15:00+01:00,14974.832997217027,10983.408916,4090.20777609148,2433.543,19065.04077330851,13416.951916,13437.910388
2026-03-16 21:30:00+01:00,14949.057353091372,10972.994232,4112.0522335537935,2414.32,19061.109586645165,13387.314232,13402.631564
2026-03-16 21:45:00+01:00,14928.60328765359,11008.276376,4135.781291312987,2374.024,19064.38457896658,13382.300376,13396.16748
2026-03-16 22:00:00+01:00,14556.209355421079,10863.04854,4209.818567280981,2614.478,18766.02792270206,13477.52654,13494.375999999998
2026-03-16 22:15:00+01:00,14555.97472384751,10999.36226,4245.644098513111,2896.298,18801.618822360622,13895.66026,13909.631292
2026-03-16 22:30:00+01:00,14536.314458399656,10947.19752,4270.851046370546,3164.329,18807.1655047702,14111.52652,14125.468464
2026-03-16 22:45:00+01:00,14495.014649746274,10750.7521,4289.129724159598,3409.276,18784.14437390587,14160.0281,14173.681056
2026-03-16 23:00:00+01:00,14076.192742297279,10405.245228,4113.485891906758,3609.7,18189.678634204036,14014.945228,14029.217172
2026-03-16 23:15:00+01:00,14036.748131686352,10214.449156,4120.746226277622,3923.548,18157.494357963973,14137.997156,14152.690240000002
2026-03-16 23:30:00+01:00,13973.168503408458,10080.117568,4125.29137572707,4162.293,18098.459879135527,14242.410568,14259.963572
2026-03-16 23:45:00+01:00,13907.116047485884,9981.963884,4134.474581773667,4440.347,18041.59062925955,14422.310884,14437.12616
2026-03-17 00:00:00+01:00,11704.580452981712,9780.212684,4191.138877678872,4668.99,15895.719330660584,14449.202684,14462.367144
2026-03-17 00:15:00+01:00,11669.576947000412,9695.71474,4204.915374852353,4754.075,15874.492321852766,14449.78974,14463.047624
2026-03-17 00:30:00+01:00,11649.659635401813,9762.715012,4212.752264568012,4773.195,15862.411899969826,14535.910012,14546.994972
2026-03-17 00:45:00+01:00,11622.191976860611,9787.119756,4202.088349126277,4865.834,15824.280325986889,14652.953756,14663.057316
2026-03-17 01:00:00+01:00,12404.239664698642,9714.863372,3667.4826635504414,4801.154,16071.722328249083,14516.017372,14525.916988
2026-03-17 01:15:00+01:00,12331.038408737133,9617.314104,3659.0970991948025,4683.533,15990.135507931936,14300.847104,14310.553676
2026-03-17 01:30:00+01:00,12301.20756224818,9365.4568,3639.0881385959406,4472.805,15940.29570084412,13838.2618,13848.471388
2026-03-17 01:45:00+01:00,12274.962007043843,9184.086388,3607.7277502870365,4452.904,15882.68975733088,13636.990388,13646.916012
2026-03-17 02:00:00+01:00,11062.85924223347,9045.756856,3624.4062849478064,4297.426,14687.265527181276,13343.182856,13352.75444
2026-03-17 02:15:00+01:00,11008.882015213363,8894.664408,3600.74868269011,4214.655,14609.630697903473,13109.319408,13118.933292
2026-03-17 02:30:00+01:00,10973.561049016476,8764.252004,3552.4740517101704,4141.254,14526.035100726647,12905.506004,12916.496099999998
2026-03-17 02:45:00+01:00,10925.43361189146,8514.112256,3530.5860807362005,4145.816,14456.01969262766,12659.928256,12673.197412
2026-03-17 03:00:00+01:00,9863.365668675886,8266.16026,3633.1595512134136,4066.376,13496.5252198893,12332.53626,12345.635644
2026-03-17 03:15:00+01:00,9809.997982004243,7982.83488,3637.3270342260753,3992.113,13447.325016230317,11974.94788,11988.408576
2026-03-17 03:30:00+01:00,9751.835062547609,7723.4365,3630.8547122757295,3804.061,13382.689774823339,11527.4975,11540.888316
2026-03-17 03:45:00+01:00,9698.829355133346,7488.046676,3622.8621258301423,3739.55,13321.691480963489,11227.596676,11240.945124000002
2026-03-17 04:00:00+01:00,8833.69933954742,7305.712288,3786.6900169687215,3701.319,12620.389356516142,11007.031288,11020.254192
2026-03-17 04:15:00+01:00,8808.078345754411,7100.919956,3798.785474788602,3714.829,12606.863820543014,10815.748956,10828.537404
2026-03-17 04:30:00+01:00,8762.742658239717,6866.76226,3798.8077150258623,3658.655,12561.550373265578,10525.41726,10538.112388
2026-03-17 04:45:00+01:00,8734.069091498095,6600.456588,3797.0866006207075,3601.629,12531.155692118802,10202.085588,10214.957248
2026-03-17 05:00:00+01:00,7777.352638498903,6335.549396,4134.0199572696065,3594.128,11911.37259576851,9929.677396,9942.483428
2026-03-17 05:15:00+01:00,7839.145809381465,6124.42168,4131.545783560742,3586.119,11970.691592942207,9710.54068,9724.049696
2026-03-17 05:30:00+01:00,7862.94639887739,5910.182052,4114.862678912552,3621.625,11977.809077789942,9531.807052,9545.701536
2026-03-17 05:45:00+01:00,7875.495697581552,5763.386964,4105.500201021063,3794.005,11980.995898602614,9557.391964,9573.123176
2026-03-17 06:00:00+01:00,7758.654033181865,5678.103584,4258.671772754715,3890.973,12017.32580593658,9569.076584,9589.025536
2026-03-17 06:15:00+01:00,7767.762382007539,5628.584572,4260.48823972689,3963.11,12028.250621734429,9591.694572,9652.51046
2026-03-17 06:30:00+01:00,7744.332877276876,5655.303968,4262.145387250763,3858.295,12006.47826452764,9513.598968,9841.80726
2026-03-17 06:45:00+01:00,7714.640217001946,5653.679132,4253.239785409091,3836.658,11967.880002411039,9490.337132,10455.148488
2026-03-17 07:00:00+01:00,7538.5751045796205,5638.63136,4227.621404753695,3970.331,11766.196509333316,9608.96236,11460.032592
2026-03-17 07:15:00+01:00,7468.013104038134,5593.858688,4228.53691531204,4135.896,11696.550019350174,9729.754688,12575.758392000002
2026-03-17 07:30:00+01:00,7369.7818174356435,5475.495112,4227.977118450039,3959.343,11597.758935885682,9434.838112,13456.454544
2026-03-17 07:45:00+01:00,7247.367003425627,5407.575428,4239.918145945012,3856.889,11487.28514937064,9264.464428,14647.885168
2026-03-17 08:00:00+01:00,7356.826338384608,5230.761104,4251.976777137114,3861.075,11608.803115521721,9091.836104,15993.64468
2026-03-17 08:15:00+01:00,7238.661022919543,4989.619748,4258.703585946634,4011.592,11497.364608866177,9001.211748,17462.149832
2026-03-17 08:30:00+01:00,7285.636916494507,4713.948084,4252.35450817668,4084.429,11537.991424671187,8798.377084,18970.012616
2026-03-17 08:45:00+01:00,7092.219813113913,4420.206516,4255.315741480902,4077.322,11347.535554594815,8497.528516,20268.296112
2026-03-17 09:00:00+01:00,6553.291410291004,4088.671988,4379.507053597636,4190.404,10932.79846388864,8279.075988,21751.255916
2026-03-17 09:15:00+01:00,6260.377863290598,3738.187164,4407.9026176855805,4200.123,10668.280480976178,7938.310164,23231.044624
2026-03-17 09:30:00+01:00,5991.318278333917,3454.75784,4418.139290803952,4281.12,10409.457569137869,7735.87784,24841.408296
2026-03-17 09:45:00+01:00,5751.373117009467,3226.697528,4408.500297543941,4445.676,10159.873414553407,7672.373528,26534.339768
2026-03-17 10:00:00+01:00,4866.679198401691,3012.689148,4070.4631646239313,4477.795,8937.142363025621,7490.484148,27976.166652
2026-03-17 10:15:00+01:00,4709.794277523293,2837.664168,4065.9000313071383,4506.623,8775.694308830432,7344.287167999999,29201.797339999997
2026-03-17 10:30:00+01:00,4619.935297096366,2747.94752,4058.5486938908434,4465.258,8678.48399098721,7213.20552,30193.501564
2026-03-17 10:45:00+01:00,4554.759712953768,2730.082128,4046.251527827281,4442.092,8601.011240781048,7172.174128,31191.170632
2026-03-17 11:00:00+01:00,3678.646954602399,2766.820824,3880.25253793808,4335.92,7558.899492540479,7102.740824,31954.873288
2026-03-17 11:15:00+01:00,3668.743993577878,2829.51756,3879.029922116767,4361.488,7547.7739156946445,7191.00556,32827.175864
2026-03-17 11:30:00+01:00,3659.367404179969,2858.046416,3884.1314094452514,4390.188,7543.4988136252205,7248.234416,33909.296524
2026-03-17 11:45:00+01:00,3647.3762152529107,2856.537232,3872.964834556001,4373.13,7520.3410498089115,7229.667232,34263.642756
2026-03-17 12:00:00+01:00,3626.2654964341696,2870.235288,3297.353954594964,4360.578,6923.619451029133,7230.813288,34600.378791999996
2026-03-17 12:15:00+01:00,3665.5007086986407,2891.79392,3278.0082224497223,4320.056,6943.5089311483625,7211.84992,34961.586279999996
2026-03-17 12:30:00+01:00,3741.207876017495,2870.514148,3288.738667611967,4185.407,7029.946543629461,7055.921148,35141.361848
2026-03-17 12:45:00+01:00,3772.1428725403957,2830.073284,3275.9984462253524,4053.549,7048.141318765748,6883.622284,35118.282304
2026-03-17 13:00:00+01:00,3280.8934301777463,2741.190372,3044.302991753233,3814.872,6325.196421930979,6556.062372,34127.62868
2026-03-17 13:15:00+01:00,3342.3916617803347,2637.922944,3045.781336484832,3658.844,6388.172998265167,6296.766944,33266.778792
2026-03-17 13:30:00+01:00,3352.500785190114,2674.60002,3056.5139827474395,3459.087,6409.014767937553,6133.687019999999,32487.950884
2026-03-17 13:45:00+01:00,3355.6859485062896,2709.914752,3054.4876010033763,3292.662,6410.1735495096655,6002.576752,31633.388404
2026-03-17 14:00:00+01:00,2431.653778969062,2718.198864,2840.412020918316,3082.157,5272.065799887378,5800.355864,30869.955512
2026-03-17 14:15:00+01:00,2511.1019339328996,2688.78732,2846.3371582620352,2901.081,5357.439092194934,5589.86832,30008.928
2026-03-17 14:30:00+01:00,2602.4912738183502,2708.58004,2881.339737520889,2722.266,5483.831011339239,5430.84604,28947.382644
2026-03-17 14:45:00+01:00,2692.2085804054614,2774.349912,2879.2013326429437,2596.07,5571.409913048405,5370.419912,27623.287032
2026-03-17 15:00:00+01:00,2815.148583743865,2836.999508,2806.8694562089636,2521.588,5622.018039952829,5358.5875080000005,26088.379176
2026-03-17 15:15:00+01:00,2865.0789799937393,2897.1329,2839.8169635375416,2459.034,5704.895943531281,5356.1669,24654.867248
2026-03-17 15:30:00+01:00,2870.418473740269,2928.682048,2829.3975184192586,2332.294,5699.815992159527,5260.976048,22874.10784
2026-03-17 15:45:00+01:00,2897.758178293033,2970.260876,2824.1903229499144,2210.088,5721.948501242947,5180.348876,20899.458248000003
2026-03-17 16:00:00+01:00,2961.2991206097963,3042.68192,2721.5983249052824,2213.934,5682.897445515078,5256.61592,19102.294984
2026-03-17 16:15:00+01:00,2990.8311361118103,3104.023824,2704.2724289848843,2299.68,5695.103565096695,5403.703824,17256.390436
2026-03-17 16:30:00+01:00,2964.7540582983406,3190.6208,2686.11278076234,2348.336,5650.866839060681,5538.9568,15315.265464
2026-03-17 16:45:00+01:00,2922.835763020121,3265.465992,2671.942135063399,2364.945,5594.777898083519,5630.410992,13355.079236
2026-03-17 17:00:00+01:00,2945.9861462557983,3436.42046,2677.97335968471,2363.708,5623.959505940508,5800.12846,11547.211296
2026-03-17 17:15:00+01:00,3018.9636828727835,3560.914112,2674.923867492583,2314.402,5693.887550365367,5875.316112,9841.667164
2026-03-17 17:30:00+01:00,3185.1331130543376,3844.895724,2707.664281946498,2333.323,5892.797395000835,6178.218724,8659.246796
2026-03-17 17:45:00+01:00,3349.5617723537052,4233.933784,2730.58496010821,2176.772,6080.146732461915,6410.705784,7748.582956
2026-03-17 18:00:00+01:00,4509.022363792819,4778.1164,2951.7456071499514,2091.459,7460.76797094277,6869.5754,7416.824328
2026-03-17 18:15:00+01:00,4795.896519523053,5368.144028,2946.6287115668683,2173.625,7742.525231089921,7541.769028,7796.575395999999
2026-03-17 18:30:00+01:00,5135.511211703789,6147.327516,2936.894610538908,2405.669,8072.4058222426975,8552.996516,8723.064284
2026-03-17 18:45:00+01:00,5414.547354073543,6953.47242,2929.588754325522,2867.713,8344.136108399065,9821.18542,9985.108904
2026-03-17 19:00:00+01:00,6938.338489176031,7710.854488,3084.0640723317633,3413.06,10022.402561507794,11123.914488,11272.022952
2026-03-17 19:15:00+01:00,7167.357352855081,8496.534232,3095.5413357158413,3834.458,10262.898688570924,12330.992232,12399.43436
2026-03-17 19:30:00+01:00,7402.296949700182,9302.528056,3098.5047118568887,4122.268,10500.80166155707,13424.796056,13463.755392
2026-03-17 19:45:00+01:00,7613.757052433252,10259.277616,3099.1472094188557,4434.093,10712.904261852109,14693.370616,14740.122248
2026-03-17 20:00:00+01:00,8908.932706564403,11166.867908,3460.942504433555,4683.836,12369.875210997958,15850.703908,15900.955556
2026-03-17 20:15:00+01:00,9087.637511149573,11954.484892,3503.4387694145275,4852.42,12591.0762805641,16806.904892,16825.368312
2026-03-17 20:30:00+01:00,9222.800403561194,12676.738668,3528.764208645966,4904.627,12751.56461220716,17581.365668,17595.980632
2026-03-17 20:45:00+01:00,9334.343061772865,13321.342664,3547.5558684269054,4991.493,12881.89893019977,18312.835664,18326.587716
2026-03-17 21:00:00+01:00,11191.713577598195,13923.483772,3931.264313591194,5149.528,15122.977891189388,19073.011772,19089.2322
2026-03-17 21:15:00+01:00,11247.616482457914,14469.555748,3958.867632016574,5395.744,15206.484114474488,19865.299748,19885.23512
2026-03-17 21:30:00+01:00,11248.402054690388,15066.244212,3974.9388532889475,5558.976,15223.340907979336,20625.220212,20638.246184
2026-03-17 21:45:00+01:00,11247.917733022576,15512.925208,3992.2316588424314,5706.781,15240.149391865007,21219.706208,21232.096524
2026-03-17 22:00:00+01:00,12720.89369312065,15682.085732,4748.7888567199225,5727.916,17469.682549840574,21410.001732,21423.259984
2026-03-17 22:15:00+01:00,12747.93130396361,16077.417648,4784.674065833322,5705.582,17532.605369796933,21782.999648,21797.249512
2026-03-17 22:30:00+01:00,12754.475587423709,16550.182856,4804.38408711217,5661.125,17558.85967453588,22211.307856,22225.82272
2026-03-17 22:45:00+01:00,12733.268993980842,17004.267864,4816.337219423394,5735.084,17549.606213404237,22739.351864,22753.483
2026-03-17 23:00:00+01:00,15027.026710380647,17437.688496,4976.365130664934,5810.804,20003.39184104558,23248.492496,23263.194108
2026-03-17 23:15:00+01:00,15007.88300748095,17909.670796,4984.927171616774,5808.621,19992.810179097723,23718.291796,23730.840707999996
2026-03-17 23:30:00+01:00,14966.112105107091,18393.717476,4985.997505051925,5892.991,19952.109610159016,24286.708476,24296.257168
2026-03-17 23:45:00+01:00,14916.969570435353,18778.270068,4990.39726526299,5947.2,19907.366835698343,24725.470068,24734.357088
2026-03-18 00:00:00+01:00,16777.740883453185,19198.881248,5471.795974671977,6016.132,22249.53685812516,25215.013248000003,25224.1494
2026-03-18 00:15:00+01:00,16742.561429742993,19655.20374,5485.266731618636,6054.636,22227.828161361627,25709.839740000003,25719.065564000004
2026-03-18 00:30:00+01:00,16727.238329639775,19935.114876,5492.138756016233,6009.818,22219.377085656008,25944.932876,25954.529732
2026-03-18 00:45:00+01:00,16702.565908235454,20198.447248,5483.410768996084,5969.939,22185.976677231538,26168.386248000003,26177.811588000004
2026-03-18 01:00:00+01:00,17441.495583844597,20377.452948,5604.50736019651,5969.108,23046.002944041105,26346.560948,26356.02022
2026-03-18 01:15:00+01:00,17367.686866955515,20589.282584,5591.091165609278,5891.246,22958.77803256479,26480.528584,26490.022504
2026-03-18 01:30:00+01:00,17332.97430288027,20723.05574,5562.322457043784,5818.04,22895.296759924055,26541.09574,26550.7422
2026-03-18 01:45:00+01:00,17302.62901461621,20910.93784,5528.776576595305,5779.468,22831.405591211515,26690.40584,26699.919868
2026-03-18 02:00:00+01:00,18340.82447554052,21038.709404,5201.534400905246,5745.806,23542.358876445767,26784.515404,26793.86088
2026-03-18 02:15:00+01:00,18283.344693172592,21183.149664,5174.9973711397815,5738.329,23458.342064312375,26921.478664,26932.238308000004
2026-03-18 02:30:00+01:00,18245.838374181818,21159.807192,5124.246274400918,5674.198,23370.084648582735,26834.005192,26847.133256
2026-03-18 02:45:00+01:00,18192.419257179135,21137.410192,5102.416779223531,5568.146,23294.836036402667,26705.556192,26718.87836
2026-03-18 03:00:00+01:00,18324.09964398603,21179.379156,4906.245628703144,5654.632,23230.34527268917,26834.011156,26847.236848
2026-03-18 03:15:00+01:00,18263.412655753214,21155.412224,4907.029920224448,5732.773,23170.442575977664,26888.185224,26901.404552
2026-03-18 03:30:00+01:00,18199.489635302194,21056.986764,4894.04164395654,5683.489,23093.531279258736,26740.475764000003,26753.998648000004
2026-03-18 03:45:00+01:00,18140.281882047057,21011.16546,4886.980330011417,5571.752,23027.262212058475,26582.91746,26596.27266
2026-03-18 04:00:00+01:00,17690.485166109756,20903.91816,4733.93394674108,5464.25,22424.419112850836,26368.16816,26381.5314
2026-03-18 04:15:00+01:00,17658.123094868035,20882.28044,4746.3686346320455,5351.941,22404.49172950008,26234.22144,26247.769072
2026-03-18 04:30:00+01:00,17606.428777402103,20740.390928,4744.800101439076,5285.308,22351.22887884118,26025.698928,26039.41646
2026-03-18 04:45:00+01:00,17569.549294064418,20601.552744,4739.521194697164,5247.112,22309.070488761583,25848.664744,25862.63564
2026-03-18 05:00:00+01:00,17430.05468672088,20333.50874,4604.281439311458,5206.76,22034.336126032336,25540.26874,25554.075928
2026-03-18 05:15:00+01:00,17482.229452837095,19967.979248,4601.220202614391,5149.57,22083.449655451484,25117.549248,25131.444848
2026-03-18 05:30:00+01:00,17496.577025061215,19854.065408,4588.166547631571,5164.672,22084.743572692787,25018.737407999997,25033.161608
2026-03-18 05:45:00+01:00,17502.27715968659,20065.606492,4581.428188696874,5195.761,22083.705348383464,25261.367492,25279.079828
2026-03-18 06:00:00+01:00,17333.32370342653,20659.803716,4439.148541828152,5123.726,21772.47224525468,25783.529715999997,25803.969511999996
2026-03-18 06:15:00+01:00,17334.136638176038,20693.037356,4441.833415464594,5082.152,21775.97005364063,25775.189356000003,25857.523068
2026-03-18 06:30:00+01:00,17303.114008751276,20741.774916,4439.433295805884,4976.641,21742.54730455716,25718.415916,26179.013059999997
2026-03-18 06:45:00+01:00,17264.471247607584,20576.633984,4426.727091108761,5042.904,21691.198338716345,25619.537984,27269.552880000003
2026-03-18 07:00:00+01:00,16145.589416851864,19830.022928,4378.915541421367,5187.473,20524.50495827323,25017.495927999997,28527.706827999995
2026-03-18 07:15:00+01:00,16066.131001638265,19261.445736,4378.031393128802,5258.437,20444.162394767067,24519.882736,30429.565468
2026-03-18 07:30:00+01:00,15958.148539192109,18572.175708,4370.695682712508,4932.651,20328.844221904616,23504.826708,32250.0089
2026-03-18 07:45:00+01:00,15828.038972512166,17753.593548,4380.053695523003,4957.422,20208.09266803517,22711.015548,34589.592476
2026-03-18 08:00:00+01:00,14231.018989580303,16707.986236,4169.7717649431615,5042.581,18400.790754523463,21750.567236000003,37119.559832
2026-03-18 08:15:00+01:00,14085.895908698818,15292.042028,4174.260580120959,5057.792,18260.156488819775,20349.834028,39224.044716
2026-03-18 08:30:00+01:00,14028.556692544575,13720.034564,4167.664303164263,4950.032,18196.220995708838,18670.066564,41152.635372
2026-03-18 08:45:00+01:00,13814.33174186377,12276.24018,4163.117474615798,4864.168,17977.449216479567,17140.40818,43067.342884
2026-03-18 09:00:00+01:00,9694.634097725566,11278.519676,4049.356159537361,4921.888,13743.990257262927,16200.407676,45641.699563999995
2026-03-18 09:15:00+01:00,9397.143655539547,10623.889548,4068.795771610176,4934.515,13465.939427149722,15558.404548,47967.896316
2026-03-18 09:30:00+01:00,9149.887965769385,9987.167996,4074.995399304178,4795.655,13224.883365073563,14782.822996,49411.668676
2026-03-18 09:45:00+01:00,8927.189376472761,9503.430092,4064.9178788742843,4477.056,12992.107255347046,13980.486092,50725.744228
2026-03-18 10:00:00+01:00,6154.108097503027,8691.00508,4009.975820077328,4325.989,10164.083917580356,13016.99408,51685.821844000006
2026-03-18 10:15:00+01:00,6003.31066197644,8198.649172,4001.6605380789424,3734.818,10004.971200055383,11933.467172,51988.88162
2026-03-18 10:30:00+01:00,5909.266773268462,7824.843024,3984.2467568882334,3276.631,9893.513530156695,11101.474024,51037.93649199999
2026-03-18 10:45:00+01:00,5834.429875250596,7798.299776,3971.309813398503,3208.588,9805.739688649099,11006.887776,52018.78303599999
2026-03-18 11:00:00+01:00,5912.564081947152,8016.77128,3857.194655381598,3090.505,9769.75873732875,11107.27628,52738.402628
2026-03-18 11:15:00+01:00,5900.594581926374,7598.145708,3851.934518815032,2971.138,9752.529100741405,10569.283708,52968.026172
2026-03-18 11:30:00+01:00,5886.381163916176,7442.09516,3850.241132157834,2854.116,9736.622296074009,10296.21116,53415.624248
2026-03-18 11:45:00+01:00,5849.1021855251165,7226.808412,3836.4603108021943,2740.983,9685.562496327311,9967.791412,53688.693395999995
2026-03-18 12:00:00+01:00,5949.957526391857,7093.45422,3023.2561990272384,2615.257,8973.213725419095,9708.71122,54176.274035999995
2026-03-18 12:15:00+01:00,5979.3279838508615,6845.388676,2996.8365154531084,2456.717,8976.16449930397,9302.105676,53662.993708
2026-03-18 12:30:00+01:00,6037.260895275941,6866.828676,2999.915091554986,2352.424,9037.175986830927,9219.252676,53538.643604
2026-03-18 12:45:00+01:00,6067.07904656679,6680.5986,2986.684141303628,2199.911,9053.763187870418,8880.509600000001,52922.440076
2026-03-18 13:00:00+01:00,6256.17395869485,6672.759028,2226.192893282553,2013.34,8482.366851977404,8686.099028,52435.171784000006
2026-03-18 13:15:00+01:00,6292.904583298471,6832.24526,2221.924278822499,1858.289,8514.82886212097,8690.53426,51869.302464
2026-03-18 13:30:00+01:00,6283.796767390913,7081.63302,2229.113834639781,1744.249,8512.910602030694,8825.882020000001,51009.3129
2026-03-18 13:45:00+01:00,6288.27024251402,7161.400204,2223.6584549759277,1658.837,8511.928697489948,8820.237204,50307.011783999995
2026-03-18 14:00:00+01:00,6544.686030890364,7408.61874,1394.474694609756,1589.373,7939.16072550012,8997.99174,50315.62228
2026-03-18 14:15:00+01:00,6595.152444458529,8096.853628,1397.468360082933,1531.684,7992.620804541462,9628.537628,49859.836524
2026-03-18 14:30:00+01:00,6654.555104936084,8372.220372,1433.8120032070663,1608.323,8088.36710814315,9980.543372,48329.8747
2026-03-18 14:45:00+01:00,6711.670548355819,8771.39608,1426.6166483130787,1572.304,8138.287196668898,10343.70008,47648.168008
2026-03-18 15:00:00+01:00,7146.749339505125,9463.795556,1381.7514748155995,1436.892,8528.500814320725,10900.687556,46209.769175999994
2026-03-18 15:15:00+01:00,7167.567699985527,9988.22776,1408.1240518014572,1277.305,8575.691751786984,11265.53276,44137.680844
2026-03-18 15:30:00+01:00,7137.3132304782375,10337.647276,1396.592535672343,1372.174,8533.905766150581,11709.821276,41730.67612
2026-03-18 15:45:00+01:00,7139.281449355704,10507.522616,1387.5424982598313,1286.608,8526.823947615536,11794.130616,38660.139972
2026-03-18 16:00:00+01:00,7591.365263861161,10601.774268,1182.2173348337171,1283.479,8773.582598694878,11885.253268,35312.830384
2026-03-18 16:15:00+01:00,7608.072595659746,10803.661024,1178.6660872420923,1224.529,8786.738682901838,12028.190024,32194.293340000004
2026-03-18 16:30:00+01:00,7526.389161689975,10864.521464,1172.6214957229276,1102.149,8699.010657412902,11966.670464,28590.214248
2026-03-18 16:45:00+01:00,7433.8705033512015,10960.267768,1160.9545109194223,983.354,8594.825014270624,11943.621768,25056.134236
2026-03-18 17:00:00+01:00,10639.879769031344,10886.75208,917.4440666932471,920.115,11557.323835724592,11806.86708,21513.054468
2026-03-18 17:15:00+01:00,10632.354214520295,10688.549656,899.0725069055002,845.075,11531.426721425796,11533.624656,18231.863296
2026-03-18 17:30:00+01:00,10713.503905941963,10506.513436,892.5119513903389,732.189,11606.015857332302,11238.702436,15409.454392
2026-03-18 17:45:00+01:00,10813.344910901082,10624.736964,892.8469084475885,656.403,11706.19181934867,11281.139964,13571.536788
2026-03-18 18:00:00+01:00,13150.09151496375,11045.507504,986.7959513333061,640.343,14136.887466297056,11685.850504,12660.355448
2026-03-18 18:15:00+01:00,13384.612618205718,11812.901776,991.3245035965783,638.15,14375.937121802297,12451.051776,12815.7922
2026-03-18 18:30:00+01:00,13652.756920480648,12639.54724,978.6131927863491,664.416,14631.370113266998,13303.96324,13432.976872
2026-03-18 18:45:00+01:00,13902.167307654676,13398.870548,969.5807287060925,700.245,14871.748036360768,14099.115548000002,14168.958008
2026-03-18 19:00:00+01:00,14526.008520021456,14195.775676,787.194886621465,756.064,15313.20340664292,14951.839676,15040.218304
2026-03-18 19:15:00+01:00,14740.342307577113,15032.259756,795.5661634446614,800.251,15535.908471021774,15832.510756,15908.271672
2026-03-18 19:30:00+01:00,14960.822088680632,15712.473744,797.7338995412345,878.305,15758.555988221866,16590.778744,16642.75808
2026-03-18 19:45:00+01:00,15150.157993877672,16130.76538,801.3935828274696,934.283,15951.551576705142,17065.04838,17100.387312
2026-03-18 20:00:00+01:00,15462.106867984576,16405.122336,919.5379625511354,1001.441,16381.644830535712,17406.563336,17456.286356
2026-03-18 20:15:00+01:00,15621.689735364445,16730.482324,960.0321022955977,1010.362,16581.721837660043,17740.844324,17783.646376
2026-03-18 20:30:00+01:00,15739.400911816952,17122.787524,983.3461414664654,947.401,16722.74705328342,18070.188524,18098.018808
2026-03-18 20:45:00+01:00,15838.693826901357,17264.395928,996.2511408695127,997.948,16834.94496777087,18262.343928,18279.232048
2026-03-18 21:00:00+01:00,15906.85926735257,17374.990076,1056.2428841729295,1038.229,16963.1021515255,18413.219076,18435.666791999996
2026-03-18 21:15:00+01:00,15966.20290180182,17493.209108,1077.5448932507288,1078.677,17043.74779505255,18571.886108,18588.184744
2026-03-18 21:30:00+01:00,15980.243095204485,17592.573336,1088.2683883779896,1172.652,17068.511483582475,18765.225336000003,18780.328324
2026-03-18 21:45:00+01:00,15993.90053819658,17367.669012,1102.967796451408,1262.979,17096.86833464799,18630.648012,18644.588151999997
2026-03-18 22:00:00+01:00,14925.324248817167,16619.449876,1208.3026234868223,1287.837,16133.62687230399,17907.286876,17921.813479999997
2026-03-18 22:15:00+01:00,14958.387276261195,16327.580472,1247.9167023183882,1277.415,16206.303978579585,17604.995472,17617.900591999998
2026-03-18 22:30:00+01:00,14966.54935792346,16126.402076,1273.7529356563286,1203.841,16240.302293579789,17330.243076,17343.262424
2026-03-18 22:45:00+01:00,14944.33448701193,15945.399624,1290.1505730914962,1229.839,16234.485060103427,17175.238623999998,17188.429384
2026-03-18 23:00:00+01:00,13833.318087204496,15523.828572,1292.6546919043599,1270.941,15125.972779108855,16794.769572,16808.058668
2026-03-18 23:15:00+01:00,13804.818812896981,15278.532112,1308.9249598779204,1233.948,15113.743772774902,16512.480112,16525.335432
2026-03-18 23:30:00+01:00,13756.49739313284,14934.878616,1314.9964537273713,1188.199,15071.493846860212,16123.077616,16135.764344
2026-03-18 23:45:00+01:00,13706.527936065877,14596.945616,1325.228671160804,1172.796,15031.756607226682,15769.741616,15779.570328000002
2026-03-19 00:00:00+01:00,12545.363432753311,14323.441108,1221.9467796745237,1107.897,13767.310212427834,15431.338108,15441.6801
2026-03-19 00:15:00+01:00,12520.52977563443,14090.974672,1233.6143338534337,992.904,13754.144109487863,15083.878672,15094.312696
2026-03-19 00:30:00+01:00,12512.185768763573,13862.056172,1235.9716960658084,900.22,13748.15746482938,14762.276172,14773.8706
2026-03-19 00:45:00+01:00,12491.52547467621,13521.08346,1224.9853370305716,826.622,13716.510811706781,14347.70546,14359.834148
2026-03-19 01:00:00+01:00,10684.443348830797,13032.561732,924.1393247256241,751.104,11608.58267355642,13783.665732,13794.90582
2026-03-19 01:15:00+01:00,10615.85324381071,12657.67622,907.425211498896,746.182,11523.278455309606,13403.85822,13414.81426
2026-03-19 01:30:00+01:00,10588.921391406775,12218.588904,877.9173288958503,736.216,11466.838720302625,12954.804904,12965.475204
2026-03-19 01:45:00+01:00,10570.1939965537,11686.57326,845.3323667521365,678.872,11415.526363305837,12365.44526,12375.783564
2026-03-19 02:00:00+01:00,9902.006944883351,11168.7135,864.119768508571,628.501,10766.126713391923,11797.2145,11807.244036
2026-03-19 02:15:00+01:00,9853.061248648122,10628.221784,838.0875437186561,569.143,10691.14879236678,11197.364784,11206.964852
2026-03-19 02:30:00+01:00,9819.553671134718,10151.804932,787.4755892409842,513.505,10607.029260375703,10665.309931999998,10675.098416
2026-03-19 02:45:00+01:00,9765.72675255552,9767.33832,763.9773141072571,491.153,10529.704066662776,10258.49132,10268.59892
2026-03-19 03:00:00+01:00,8455.305969454452,9445.400752,582.5562748815321,461.08,9037.862244335984,9906.480752,9917.933552
2026-03-19 03:15:00+01:00,8394.199801991928,9042.210012,585.2716292327698,431.322,8979.471431224698,9473.532012,9487.070096
2026-03-19 03:30:00+01:00,8331.82331087235,8688.372736,571.134499547011,377.586,8902.957810419362,9065.958736,9079.325223999998
2026-03-19 03:45:00+01:00,8273.660460822506,8313.216128,561.6379377825278,324.092,8835.298398605035,8637.308128,8650.764844000001
2026-03-19 04:00:00+01:00,6619.732082616285,7992.134828,569.4209984259289,300.604,7189.153081042214,8292.738828,8306.198564
2026-03-19 04:15:00+01:00,6590.216211846161,7646.766232,578.5052496425294,287.54,7168.721461488691,7934.306232,7947.9
2026-03-19 04:30:00+01:00,6544.389682171551,7322.96606,576.6280415387448,274.09,7121.017723710295,7597.05606,7610.651016
2026-03-19 04:45:00+01:00,6514.684896611683,7006.260596,571.9468506716973,263.156,7086.631747283381,7269.416596,7283.824168
2026-03-19 05:00:00+01:00,6889.447903659283,6742.430136,617.0528600004756,254.924,7506.500763659758,6997.354136,7011.4005
2026-03-19 05:15:00+01:00,6933.834534959439,6519.099216,614.4284833243685,265.917,7548.2630182838075,6785.016216,6802.743824
2026-03-19 05:30:00+01:00,6949.090258688748,6232.837724,603.1094615077069,290.07,7552.199720196455,6522.907724,6535.436068
2026-03-19 05:45:00+01:00,6965.51298982412,5990.952076,598.0217316875012,328.684,7563.534721511622,6319.636076,6333.896896
2026-03-19 06:00:00+01:00,6759.721372746653,5866.300556,474.1425251046578,345.152,7233.863897851311,6211.452556,6236.576868
2026-03-19 06:15:00+01:00,6773.910860719232,5709.240792,474.90108998162395,342.584,7248.811950700856,6051.824791999999,6164.724639999999
2026-03-19 06:30:00+01:00,6751.640666373621,5628.652668,470.1944664523912,337.976,7221.835132826012,5966.628667999999,6609.208376
2026-03-19 06:45:00+01:00,6715.847790178533,5487.578016,456.2050630305281,317.039,7172.052853209061,5804.617016,7715.477076
2026-03-19 07:00:00+01:00,5751.058386502256,5248.85566,296.756843962347,296.382,6047.815230464604,5545.23766,9242.708296
2026-03-19 07:15:00+01:00,5657.124354487394,4953.97444,303.81432258959904,270.492,5960.938677076993,5224.46644,11265.031472
2026-03-19 07:30:00+01:00,5539.784450146313,4691.97904,285.9723355741093,222.93,5825.756785720422,4914.9090400000005,13655.47924
2026-03-19 07:45:00+01:00,5396.781857966002,4381.949772,300.2638204525935,188.454,5697.045678418595,4570.403772,16492.167696
2026-03-19 08:00:00+01:00,4593.797381507857,3919.561264,249.70372457858173,163.918,4843.501106086438,4083.479264,19478.870756
2026-03-19 08:15:00+01:00,4425.013583530179,3440.976484,259.98067322493023,133.103,4684.994256755109,3574.079484,22114.366371999997
2026-03-19 08:30:00+01:00,4250.144458890971,2943.013672,225.4407954336968,114.561,4475.585254324667,3057.574672,25201.980048
2026-03-19 08:45:00+01:00,4048.8997853088717,2517.991384,223.91688524218276,102.65,4272.816670551055,2620.641384,27834.793012
2026-03-19 09:00:00+01:00,2920.272171674391,2097.72112,296.55306920116305,90.08,3216.825240875554,2187.80112,30284.136848
2026-03-19 09:15:00+01:00,2645.4113145547944,1723.398928,316.8640604120944,97.451,2962.2753749668886,1820.849928,32780.89112
2026-03-19 09:30:00+01:00,2429.455212296258,1409.10182,328.6178510465055,100.88,2758.073063342764,1509.98182,35186.800644
2026-03-19 09:45:00+01:00,2218.3983485434755,1225.173548,328.57071901782746,87.364,2546.969067561303,1312.537548,37526.2544
2026-03-19 10:00:00+01:00,1287.5282673562554,1139.506444,246.8231775360601,66.643,1534.3514448923154,1206.149444,39492.03332
2026-03-19 10:15:00+01:00,1145.7234646769562,1109.35394,240.225244101018,63.339,1385.9487087779742,1172.69294,41485.54292
2026-03-19 10:30:00+01:00,1064.3384469616199,1176.832296,223.02671264966324,61.37,1287.3651596112832,1238.202296,43376.940768
2026-03-19 10:45:00+01:00,997.7272486267187,1258.22718,209.19906834202038,47.325,1206.9263169687392,1305.55218,44490.255836
2026-03-19 11:00:00+01:00,1088.7959648525225,1399.46656,159.0284623611852,33.426,1247.8244272137076,1432.89256,46097.139896
2026-03-19 11:15:00+01:00,1091.613412212365,1551.612704,158.710707229871,23.412,1250.3241194422358,1575.024704,47157.968596000006
2026-03-19 11:30:00+01:00,1092.5563161450586,1686.75628,164.54972518362214,38.97,1257.1060413286807,1725.72628,48188.850392
2026-03-19 11:45:00+01:00,1064.3389393996147,1746.527924,156.9288561653159,44.325,1221.2677955649306,1790.852924,49006.424476
2026-03-19 12:00:00+01:00,909.9825557261316,1767.407896,30.80593686752968,56.308,940.7884925936613,1823.715896,49546.451304
2026-03-19 12:15:00+01:00,955.1399303798942,1748.712436,11.67649575394347,109.206,966.8164261338377,1857.918436,49771.136992
2026-03-19 12:30:00+01:00,1030.2514062232935,1726.594004,17.414732038897853,167.758,1047.6661382621915,1894.352004,49224.975712
2026-03-19 12:45:00+01:00,1073.0708710520425,1798.668612,5.921697243967628,214.389,1078.9925682960102,2013.057612,49367.673716
2026-03-19 13:00:00+01:00,1491.7653466646962,1882.250536,51.456140271359914,238.983,1543.221486936056,2121.233536,49184.355864
2026-03-19 13:15:00+01:00,1535.9909582320665,1883.010156,50.14753097961375,266.532,1586.1384892116803,2149.542156,48793.665732
2026-03-19 13:30:00+01:00,1535.00111964292,1881.328008,55.553366523985346,279.815,1590.5544861669055,2161.143008,48008.552352
2026-03-19 13:45:00+01:00,1552.0798163080722,1908.123296,51.78831942354901,350.459,1603.8681357316211,2258.582296,47150.280904
2026-03-19 14:00:00+01:00,1792.6768442956206,2033.353176,233.0902476665192,438.918,2025.7670919621398,2472.271176,45793.775976
2026-03-19 14:15:00+01:00,1845.734651676695,2094.23486,231.12378493339673,457.073,2076.8584366100918,2551.30786,44200.597424
2026-03-19 14:30:00+01:00,1910.9606764334844,2234.504684,263.13832123569006,505.546,2174.0989976691744,2740.050684,42667.685184
2026-03-19 14:45:00+01:00,1970.5180873420616,2371.186344,254.99952718226143,478.354,2225.517614524323,2849.540344,40508.956932
2026-03-19 15:00:00+01:00,2322.553767891511,2498.770848,314.08703826102953,473.916,2636.640806152541,2972.6868480000003,38131.181384
2026-03-19 15:15:00+01:00,2346.0423844884212,2553.42072,338.9753949525557,525.298,2685.017779440977,3078.71872,35525.529572
2026-03-19 15:30:00+01:00,2329.6026112907175,2591.991008,327.98895528944206,695.11,2657.5915665801595,3287.101008,33249.24152
2026-03-19 15:45:00+01:00,2333.84827967731,2642.0626,317.14268339700277,797.743,2650.9909630743127,3439.8056,30532.510972
2026-03-19 16:00:00+01:00,3231.4448886320015,2699.07438,511.92431341235454,836.222,3743.369202044356,3535.29638,27274.247444
2026-03-19 16:15:00+01:00,3240.1327059493788,2816.944344,512.7562070226088,869.627,3752.8889129719873,3686.571344,24010.24058
2026-03-19 16:30:00+01:00,3152.487167665058,2822.374436,509.4916448044348,1076.72,3661.9788124694933,3899.094436,20646.93204
2026-03-19 16:45:00+01:00,3071.6668414910987,2833.945848,499.9985383386126,1162.784,3571.665379829711,3996.729848,17222.13586
2026-03-19 17:00:00+01:00,3693.009931104732,2926.9744,835.0489640086273,1082.627,4528.0588951133595,4009.6014,13936.330816
2026-03-19 17:15:00+01:00,3676.935361517006,3040.104692,819.4033086977319,1006.449,4496.338670214738,4046.553692,10969.914996
2026-03-19 17:30:00+01:00,3732.879962344367,3100.552524,800.2994447086853,981.221,4533.179407053052,4081.773524,8426.068911999999
2026-03-19 17:45:00+01:00,3843.1916115263984,3302.294152,793.97600659095,1013.501,4637.167618117348,4315.795152,6689.343256
2026-03-19 18:00:00+01:00,5082.22708882132,3667.802984,1008.4110308190974,1104.165,6090.638119640417,4771.967984,5797.982959999999
2026-03-19 18:15:00+01:00,5344.517902259157,4078.158744,1008.1407291937538,1180.455,6352.658631452911,5258.613744,5595.931204
2026-03-19 18:30:00+01:00,5625.152368539691,4463.620012,1005.4967729648255,1313.544,6630.649141504517,5777.164012,5878.198256000001
2026-03-19 18:45:00+01:00,5866.107610751267,4888.366736,1011.3735020006295,1434.549,6877.481112751897,6322.915736,6425.327284
2026-03-19 19:00:00+01:00,6771.535509543728,5269.394208,1127.5558806968907,1601.353,7899.091390240619,6870.747208,7020.780028
2026-03-19 19:15:00+01:00,7003.225171713989,5629.702488,1148.06821113354,1831.342,8151.293382847529,7461.044488,7570.369204
2026-03-19 19:30:00+01:00,7237.243437830303,5860.073956,1157.2019670072877,1996.498,8394.445404837592,7856.571956,7928.357247999999
2026-03-19 19:45:00+01:00,7446.8205630744305,6171.634592,1169.257095758709,2227.806,8616.07765883314,8399.440592,8463.034032000001
2026-03-19 20:00:00+01:00,7202.675005185936,6482.656344,1349.7947010115683,2358.899,8552.469706197504,8841.555344,8896.756584
2026-03-19 20:15:00+01:00,7381.699039924634,6732.389708,1394.2185017278834,2451.072,8775.917541652518,9183.461708,9220.421391999998
2026-03-19 20:30:00+01:00,7517.191133560131,6953.888304,1418.2531400696573,2512.397,8935.444273629788,9466.285304,9490.62484
2026-03-19 20:45:00+01:00,7631.018404757226,7053.578448,1433.663888694062,2477.211,9064.682293451287,9530.789448,9544.167144
2026-03-19 21:00:00+01:00,6962.028377930154,7129.181896,1374.751229809756,2260.817,8336.77960773991,9389.998896,9402.712276
2026-03-19 21:15:00+01:00,7037.64617677116,7238.522572,1404.7090107048693,2211.13,8442.355187476029,9449.652572,9462.756516
2026-03-19 21:30:00+01:00,7071.7863457366775,7297.833388,1422.818422284111,2300.873,8494.604768020788,9598.706388,9612.350376
2026-03-19 21:45:00+01:00,7097.573316504717,7102.404128,1443.118195678014,2416.269,8540.691512182731,9518.673128,9530.998168
2026-03-19 22:00:00+01:00,6833.928944369036,6912.712768,1386.4659039371638,2649.126,8220.3948483062,9561.838768,9583.630380000002
2026-03-19 22:15:00+01:00,6873.122820603181,6832.556596,1427.032136849973,2818.49,8300.154957453155,9651.046596,9665.317252
2026-03-19 22:30:00+01:00,6892.986939808331,6761.550336,1453.8294713078392,2598.824,8346.81641111617,9360.374336,9372.578372
2026-03-19 22:45:00+01:00,6886.44203952905,6710.063056,1473.4537465225542,2290.231,8359.895786051604,9000.294056,9012.288424
2026-03-19 23:00:00+01:00,6809.772827476776,6549.649668,1670.3755188442378,2240.02,8480.148346321013,8789.669668,8804.285416
2026-03-19 23:15:00+01:00,6797.660186440691,6565.463504,1688.240388416796,2252.568,8485.900574857487,8818.031504,8829.872456000001
2026-03-19 23:30:00+01:00,6766.340074501996,6545.700792,1696.752603812485,1964.085,8463.09267831448,8509.785791999999,8522.523615999999
2026-03-19 23:45:00+01:00,6732.167184983987,6333.598652,1708.145711959956,1831.655,8440.312896943942,8165.253651999999,8176.718435999999
2026-03-20 00:00:00+01:00,6184.1301056412685,6203.368744,1371.4319973913216,1656.79,7555.56210303259,7860.158744,7871.693192000001
2026-03-20 00:15:00+01:00,6156.863014562737,6031.419104,1381.3595034091973,1454.412,7538.2225179719335,7485.831104,7497.189824
2026-03-20 00:30:00+01:00,6141.191624035998,5732.493592,1380.19787413518,1390.431,7521.389498171178,7122.924591999999,7134.296527999999
2026-03-20 00:45:00+01:00,6112.128294025658,5536.11422,1365.0816460429023,1427.505,7477.20994006856,6963.6192200000005,6974.71824
2026-03-20 01:00:00+01:00,5532.475605206526,5289.120368,1303.2400973319059,1364.609,6835.715702538431,6653.729368,6665.067972
2026-03-20 01:15:00+01:00,5455.018836232764,5085.955924,1284.6192834166677,1280.698,6739.638119649432,6366.653924,6377.8756920000005
2026-03-20 01:30:00+01:00,5418.74972671275,4919.548932,1251.1713926345476,1267.941,6669.9211193472975,6187.4899319999995,6198.715047999999
2026-03-20 01:45:00+01:00,5387.031496428271,4822.437968,1213.1825036521716,1156.018,6600.214000080442,5978.455968,5989.9030920000005
2026-03-20 02:00:00+01:00,5095.691089750407,4675.395508,953.436443567278,1002.06,6049.1275333176845,5677.455507999999,5688.914803999999
2026-03-20 02:15:00+01:00,5032.070328115316,4447.996616,925.693442858513,906.285,5957.763770973829,5354.281616,5365.675588
2026-03-20 02:30:00+01:00,4988.320722249578,4305.651928,877.3136160873387,899.639,5865.634338336917,5205.290928,5217.232704
2026-03-20 02:45:00+01:00,4927.236121786494,4225.49574,855.4268417837174,877.861,5782.662963570211,5103.35674,5115.462852000001
2026-03-20 03:00:00+01:00,4392.551839535105,4181.480936,776.5046933435592,850.662,5169.056532878663,5032.142936,5044.165660000001
2026-03-20 03:15:00+01:00,4322.85415255744,4190.762772,775.0073400586793,863.041,5097.861492616119,5053.803772,5065.826612
2026-03-20 03:30:00+01:00,4253.688452880456,4169.722812,759.9883108693899,924.945,5013.676763749846,5094.667812,5106.841708
2026-03-20 03:45:00+01:00,4184.596724201767,4213.537664,748.0467304836533,982.395,4932.64345468542,5195.932664,5207.78224
2026-03-20 04:00:00+01:00,4276.202285333838,4249.378412,646.5625939293817,1047.577,4922.764879263219,5296.955412,5308.736604000001
2026-03-20 04:15:00+01:00,4239.532962082361,4336.209368,652.2849915579867,1086.961,4891.817953640348,5423.170368,5435.09182
2026-03-20 04:30:00+01:00,4188.014275896152,4385.377224,646.1187632848355,1084.771,4834.133039180988,5470.148224,5482.669551999999
2026-03-20 04:45:00+01:00,4151.782265894521,4435.61856,640.4594686168106,1116.159,4792.241734511331,5551.77756,5564.4061360000005
2026-03-20 05:00:00+01:00,4130.25694844579,4447.317352,627.3394546552945,1107.157,4757.596403101084,5554.474352,5566.859808
2026-03-20 05:15:00+01:00,4166.904087708657,4409.492832,625.1680379375478,1155.17,4792.072125646205,5564.662832,5577.169376
2026-03-20 05:30:00+01:00,4175.6289131732865,4429.570464,612.8378039154284,1209.108,4788.466717088715,5638.6784640000005,5651.722564000001
2026-03-20 05:45:00+01:00,4185.479766399161,4392.677084,605.9662043155649,1198.534,4791.445970714726,5591.2110840000005,5607.625212000001
2026-03-20 06:00:00+01:00,4449.483547194611,4311.865836,543.2475798870479,1187.889,4992.731127081659,5499.754836,5520.60504
2026-03-20 06:15:00+01:00,4458.280401232412,4136.887912,543.4626720076955,1181.148,5001.743073240108,5318.035912,5450.202592000001
2026-03-20 06:30:00+01:00,4439.0382258354275,4030.35108,539.4838214817025,1162.525,4978.52204731713,5192.87608,5864.480452
2026-03-20 06:45:00+01:00,4404.405592043075,3916.029684,528.5639630709377,1132.925,4932.969555114012,5048.954684,6916.2544720000005
2026-03-20 07:00:00+01:00,4171.771428305567,3655.184548,345.59258092227265,1099.779,4517.364009227839,4754.963548,8350.025328
2026-03-20 07:15:00+01:00,4075.319153711631,3352.76074,348.3488722379972,1066.487,4423.668025949628,4419.247740000001,10064.218684
2026-03-20 07:30:00+01:00,3957.0865326290514,3108.413116,328.5899188227686,932.815,4285.67645145182,4041.228116,12032.840288
2026-03-20 07:45:00+01:00,3814.5395147244335,2838.062212,337.3160733929345,830.46,4151.855588117368,3668.522212,14237.125756
2026-03-20 08:00:00+01:00,3078.6344760118673,2478.029056,335.2923867523888,831.337,3413.926862764256,3309.366056,16753.058148
2026-03-20 08:15:00+01:00,2962.145711205734,2073.622824,350.29885362207153,772.21,3312.4445648278056,2845.832824,19012.156692
2026-03-20 08:30:00+01:00,2828.2285510430947,1647.2072,341.79998905296566,723.64,3170.02854009606,2370.8472,21406.699536
2026-03-20 08:45:00+01:00,2596.7961983159435,1289.711148,340.67620751394776,670.192,2937.472405829891,1959.903148,23742.809224
2026-03-20 09:00:00+01:00,2034.7101703542357,1040.482488,257.84092496466155,571.546,2292.5510953188973,1612.0284880000002,25995.90692
2026-03-20 09:15:00+01:00,1746.5388183540665,870.762436,281.0663487549524,501.656,2027.605167109019,1372.418436,28222.188632
2026-03-20 09:30:00+01:00,1513.3354277869053,755.694612,293.49087779991197,526.503,1806.8263055868172,1282.197612,30374.009396
2026-03-20 09:45:00+01:00,1296.559025014593,701.532088,288.3551365095486,540.737,1584.9141615241417,1242.269088,32570.079464
2026-03-20 10:00:00+01:00,1434.1153540095079,645.383764,304.8631940316446,563.683,1738.9785480411524,1209.066764,34511.86392
2026-03-20 10:15:00+01:00,1286.7916486705817,625.596732,279.7720720139795,583.839,1566.5637206845613,1209.435732,35913.110464
2026-03-20 10:30:00+01:00,1201.0999069398551,619.88558,250.47768742807665,637.748,1451.5775943679319,1257.6335800000002,37257.008396000005
2026-03-20 10:45:00+01:00,1135.8791561778298,648.526876,247.8871035522791,679.86,1383.766259730109,1328.386876,38644.636164
2026-03-20 11:00:00+01:00,1289.7462734024791,707.5501,176.20820917428415,630.696,1465.9544825767632,1338.2461,40064.820971999994
2026-03-20 11:15:00+01:00,1284.0118229053542,814.220564,174.43632272263403,571.998,1458.4481456279882,1386.218564,41186.13206
2026-03-20 11:30:00+01:00,1281.9188302622845,909.739172,175.26954559971236,498.557,1457.1883758619967,1408.296172,42086.001992000005
2026-03-20 11:45:00+01:00,1248.5184225931926,940.83426,168.48737896720502,463.477,1417.0058015603977,1404.31126,42563.898028
2026-03-20 12:00:00+01:00,1083.1228981449408,1002.453416,98.85545098955853,427.607,1181.9783491344992,1430.060416,42919.4665
2026-03-20 12:15:00+01:00,1115.079538693772,1079.639148,76.34462047039199,395.374,1191.424159164164,1475.013148,43062.846548
2026-03-20 12:30:00+01:00,1177.1198423834317,1089.061972,79.98967945600157,397.915,1257.1095218394332,1486.976972,42887.641528
2026-03-20 12:45:00+01:00,1206.4661800416447,1102.788676,67.11081970504887,364.19,1273.5769997466937,1466.978676,42484.93274
2026-03-20 13:00:00+01:00,1211.884258310287,1131.710848,0.0,345.939,1211.884258310287,1477.649848,42056.3786
2026-03-20 13:15:00+01:00,1258.1028895566874,1194.192836,0.0,330.954,1258.1028895566874,1525.146836,41252.32028
2026-03-20 13:30:00+01:00,1263.836728568746,1216.85246,0.0,330.884,1263.836728568746,1547.73646,40252.09692
2026-03-20 13:45:00+01:00,1277.920688776269,1235.961168,0.0,346.447,1277.920688776269,1582.408168,39198.689796
2026-03-20 14:00:00+01:00,1680.652998220362,1259.559532,82.74297527699196,365.309,1763.395973497354,1624.868532,37709.251676
2026-03-20 14:15:00+01:00,1743.4761572304087,1337.431808,74.89367793398236,426.414,1818.3698351643911,1763.845808,36202.12752
2026-03-20 14:30:00+01:00,1816.5420322224975,1379.158004,97.67165961739767,482.666,1914.213691839895,1861.824004,34178.810936
2026-03-20 14:45:00+01:00,1884.3935603730542,1441.064252,84.7550238066296,517.516,1969.148584179684,1958.5802519999995,32164.42654
2026-03-20 15:00:00+01:00,1958.4345269891655,1492.7041,88.34406059732015,527.566,2046.7785875864856,2020.2701,30246.826224
2026-03-20 15:15:00+01:00,1993.2063764460252,1580.023796,100.04231689673469,563.963,2093.24869334276,2143.986796,28172.387272
2026-03-20 15:30:00+01:00,1985.604613064825,1690.672252,92.75459561077719,579.321,2078.359208675602,2269.993252,26046.695236
2026-03-20 15:45:00+01:00,1999.8341610927084,1816.934152,82.28875883315237,568.716,2082.122919925861,2385.650152,23669.841856
2026-03-20 16:00:00+01:00,2391.5336914676814,1981.866052,103.34774080701936,564.742,2494.8814322747007,2546.608052,21200.054528
2026-03-20 16:15:00+01:00,2369.978780937005,2075.117,114.69791933150265,566.064,2484.676700268508,2641.181,18604.12714
2026-03-20 16:30:00+01:00,2282.4361690437077,2182.618484,115.91222437220966,580.524,2398.348393415917,2763.142484,16093.318596
2026-03-20 16:45:00+01:00,2208.1973102581924,2329.264036,108.07574075745504,611.056,2316.2730510156475,2940.320036,13625.987271999998
2026-03-20 17:00:00+01:00,3329.7239611217346,2465.273244,259.12507050211,651.118,3588.849031623845,3116.391244,11267.048248
2026-03-20 17:15:00+01:00,3292.2550618683636,2628.19752,246.51208585531901,632.535,3538.7671477236827,3260.73252,9076.555124
2026-03-20 17:30:00+01:00,3275.9641586673206,2766.7852,238.5903935445702,600.253,3514.554552211891,3367.0382,7178.807844
2026-03-20 17:45:00+01:00,3386.215421117864,2962.697948,238.20993674355174,592.037,3624.4253578614157,3554.7349480000003,5776.786308000001
2026-03-20 18:00:00+01:00,4214.059617947222,3297.02326,177.8296307642698,558.758,4391.889248711492,3855.78126,4845.263704
2026-03-20 18:15:00+01:00,4461.580669118607,3838.540144,176.09660064806496,516.586,4637.677269766672,4355.126144,4696.074724
2026-03-20 18:30:00+01:00,4698.177780873327,4327.347252,171.28552083352827,462.669,4869.463301706855,4790.016251999999,4935.493388
2026-03-20 18:45:00+01:00,4953.836338605201,4789.446676,167.11979237277242,421.757,5120.956130977973,5211.203675999999,5294.786671999999
2026-03-20 19:00:00+01:00,6143.922633311396,5219.437044,150.06307647440985,363.184,6293.985709785806,5582.621044,5698.622852
2026-03-20 19:15:00+01:00,6385.177997442726,5583.14612,167.30123827146235,336.876,6552.479235714189,5920.0221200000005,6034.320092000001
2026-03-20 19:30:00+01:00,6626.80097613537,5882.982804,179.02202360647044,272.106,6805.82299974184,6155.088804,6231.28088
2026-03-20 19:45:00+01:00,6841.317144832846,6244.706716,187.4348377605299,230.819,7028.751982593376,6475.525716,6517.037152
2026-03-20 20:00:00+01:00,7976.969602893777,6451.02292,222.86524933803494,219.882,8199.834852231812,6670.90492,6773.235016
2026-03-20 20:15:00+01:00,8152.084229263514,6614.57582,254.83306256085828,216.658,8406.917291824373,6831.23382,6910.999872
2026-03-20 20:30:00+01:00,8294.550862044,6644.427224,260.1474507104482,225.299,8554.698312754448,6869.726224,6917.283096
2026-03-20 20:45:00+01:00,8406.163235229631,6626.374812,269.4007235922031,235.525,8675.563958821835,6861.899812,6896.135472
2026-03-20 21:00:00+01:00,8683.177985193026,6600.064388,193.6318542133643,233.116,8876.80983940639,6833.180388,6940.455344
2026-03-20 21:15:00+01:00,8766.316359185608,6598.805152,223.1532890630374,227.167,8989.469648248645,6825.972152,6886.661880000001
2026-03-20 21:30:00+01:00,8803.467562988575,6561.0228,242.6987427122289,206.404,9046.166305700805,6767.426799999999,6810.4324879999995
2026-03-20 21:45:00+01:00,8828.769841347912,6499.197108,264.47123736131806,219.98,9093.24107870923,6719.177108,6748.1235719999995
2026-03-20 22:00:00+01:00,7656.69211255299,6316.237572,239.04415168610464,259.273,7895.736264239094,6575.510572,6601.991796
2026-03-20 22:15:00+01:00,7682.705192101021,6233.252836,277.84488714529755,246.615,7960.550079246318,6479.867835999999,6512.407152
2026-03-20 22:30:00+01:00,7691.169971066214,6093.708296,304.98618662232,233.217,7996.156157688534,6326.925295999999,6343.617552
2026-03-20 22:45:00+01:00,7684.159056837018,5902.102608,333.8365045024402,212.116,8017.995561339459,6114.218608,6129.895396
2026-03-20 23:00:00+01:00,6391.854967960055,5719.447624,333.79325911093486,189.623,6725.648227070989,5909.070624,5932.070212
2026-03-20 23:15:00+01:00,6375.980511074491,5537.97004,355.09821856717025,177.236,6731.078729641661,5715.20604,5731.102856
2026-03-20 23:30:00+01:00,6342.852777442859,5377.538404,365.9414802726106,190.003,6708.79425771547,5567.541404,5584.9566159999995
2026-03-20 23:45:00+01:00,6309.715595496978,5288.9869,380.2336728553481,192.855,6689.949268352326,5481.841899999999,5497.121128
2026-03-21 00:00:00+01:00,6232.31990945261,5194.705536,416.1327435577491,176.271,6648.452653010359,5370.976536,5397.5662760000005
2026-03-21 00:15:00+01:00,6204.516960013896,5035.951636,426.0530398163996,166.855,6630.569999830295,5202.806635999999,5219.095063999999
2026-03-21 00:30:00+01:00,6182.681016828803,4961.246032,423.9611588436428,171.918,6606.642175672446,5133.164032,5147.777303999999
2026-03-21 00:45:00+01:00,6155.362960386973,4937.5086,414.5994788268694,161.589,6569.962439213842,5099.0976,5113.811844
2026-03-21 01:00:00+01:00,5630.630828545468,4911.504644,556.0858018326666,142.309,6186.716630378134,5053.813644,5066.014912
2026-03-21 01:15:00+01:00,5559.440839675811,4878.6418,539.4529506945266,130.675,6098.893790370337,5009.3168000000005,5020.922568000001
2026-03-21 01:30:00+01:00,5526.591018834738,4793.5804,507.4905032629773,121.799,6034.081522097716,4915.3794,4928.085983999999
2026-03-21 01:45:00+01:00,5500.807071866164,4660.532,472.37956114995586,125.289,5973.186633016119,4785.821,4797.767052
2026-03-21 02:00:00+01:00,4826.778447948797,4484.023896,470.2228704482906,125.517,5297.001318397088,4609.5408959999995,4621.480047999999
2026-03-21 02:15:00+01:00,4764.251964835871,4302.674952,446.2887999714711,144.948,5210.540764807342,4447.622952000001,4459.602796000001
2026-03-21 02:30:00+01:00,4726.6816459768015,4063.957792,398.79113206460767,140.092,5125.47277804141,4204.049792,4218.0648519999995
2026-03-21 02:45:00+01:00,4676.742442210754,3862.569224,381.9140857763875,121.009,5058.656527987142,3983.578224,3995.606084
2026-03-21 03:00:00+01:00,4284.940619565874,3703.526488,386.9656337281593,110.517,4671.906253294033,3814.043488,3828.183908
2026-03-21 03:15:00+01:00,4226.056332197564,3641.685464,390.2541424651315,110.334,4616.310474662696,3752.019464,3764.378652
2026-03-21 03:30:00+01:00,4170.208616236028,3595.888504,380.96728028529157,94.752,4551.17589652132,3690.640504,3703.229484
2026-03-21 03:45:00+01:00,4117.351088078498,3557.438948,374.0006927278335,87.439,4491.351780806332,3644.877948,3657.142112
2026-03-21 04:00:00+01:00,3725.8334212471977,3561.078428,406.079302759394,89.11,4131.912724006592,3650.188428,3665.68568
2026-03-21 04:15:00+01:00,3711.2725230163956,3629.776492,413.8307261476428,93.576,4125.103249164038,3723.352492,3739.06554
2026-03-21 04:30:00+01:00,3678.1653943731294,3619.106748,411.4565974396495,106.468,4089.621991812779,3725.574748,3741.276196
2026-03-21 04:45:00+01:00,3659.256049188436,3576.37478,410.61055415840895,127.482,4069.866603346845,3703.85678,3719.574324
2026-03-21 05:00:00+01:00,3774.6807899772307,3572.0856,453.44172474031734,125.769,4228.122514717548,3697.8546,3715.086172
2026-03-21 05:15:00+01:00,3825.797519099282,3508.768684,454.0186342013383,100.241,4279.8161533006205,3609.009684,3624.376032
2026-03-21 05:30:00+01:00,3850.5246575076967,3434.333748,445.0160430214328,91.288,4295.540700529129,3525.621748,3541.220032
2026-03-21 05:45:00+01:00,3872.2681653168565,3387.431256,440.40682538897937,120.335,4312.674990705836,3507.766256,3526.239244
2026-03-21 06:00:00+01:00,4462.37399970445,3380.917776,344.3203696448419,138.884,4806.694369349292,3519.801776,3538.890016
2026-03-21 06:15:00+01:00,4475.323308882034,3374.4816,348.38593661228816,127.714,4823.709245494322,3502.1956,3582.342824
2026-03-21 06:30:00+01:00,4464.95278372807,3393.324428,347.18995336666086,104.317,4812.142737094731,3497.641428,3943.064648
2026-03-21 06:45:00+01:00,4437.992691721001,3436.142064,338.6601774495627,91.756,4776.652869170564,3527.898064,4776.214764
2026-03-21 07:00:00+01:00,4121.0571338810605,3389.998848,434.1894578722965,103.591,4555.246591753357,3493.589848,5837.585080000001
2026-03-21 07:15:00+01:00,4028.0740006014566,3347.091424,435.7284832233955,137.694,4463.802483824852,3484.785424,7136.521052
2026-03-21 07:30:00+01:00,3913.745968723214,3319.3554,413.2207852122469,154.291,4326.9667539354605,3473.6464,8665.267952
2026-03-21 07:45:00+01:00,3774.2910225414603,3252.10346,419.12300534861646,169.178,4193.414027890077,3421.2814599999997,10351.022396
2026-03-21 08:00:00+01:00,4040.1232124198114,3118.66406,509.0276397555676,175.044,4549.1508521753785,3293.70806,12107.209336
2026-03-21 08:15:00+01:00,3919.2968374922984,2896.22904,522.5930101527708,185.462,4441.8898476450695,3081.69104,13777.685996
2026-03-21 08:30:00+01:00,3778.8915256009345,2601.54098,501.1572787443178,194.751,4280.048804345252,2796.2919800000004,15356.77966
2026-03-21 08:45:00+01:00,3548.2466334180335,2316.896624,500.7218636065538,231.37,4048.968497024587,2548.266624,16934.444596
2026-03-21 09:00:00+01:00,2397.6213677874953,2075.659948,451.1868859603836,267.813,2848.808253747879,2343.472948,18725.650276
2026-03-21 09:15:00+01:00,2112.6055027849743,1902.516196,473.9754397485782,298.493,2586.5809425335524,2201.009196,20418.099716
2026-03-21 09:30:00+01:00,1890.1147249509215,1766.477636,485.362619600645,337.992,2375.4773445515666,2104.4696360000003,22279.800676000003
2026-03-21 09:45:00+01:00,1676.9726797514213,1687.891048,478.94953767137173,376.031,2155.922217422793,2063.922048,24083.833264
2026-03-21 10:00:00+01:00,1859.6824227482598,1703.425012,330.4941942531507,385.808,2190.1766170014107,2089.2330119999997,25898.565312
2026-03-21 10:15:00+01:00,1715.7802153997268,1868.275852,304.74704973845087,376.861,2020.5272651381777,2245.136852,27800.926368
2026-03-21 10:30:00+01:00,1633.0926014847007,2046.316632,275.5821352325015,364.505,1908.6747367172022,2410.821632,29556.70634
2026-03-21 10:45:00+01:00,1571.3656327659257,2201.45602,270.95412372615385,355.334,1842.3197564920797,2556.79002,31246.706064
2026-03-21 11:00:00+01:00,2299.0982902639357,2452.261516,180.84836061443667,370.811,2479.9466508783726,2823.072516,32863.435976
2026-03-21 11:15:00+01:00,2295.736929670397,2666.282772,178.55997771421048,334.738,2474.2969073846075,3001.020772,34008.627744
2026-03-21 11:30:00+01:00,2294.0930619450587,2962.624212,178.9247846461265,340.953,2473.0178465911854,3303.577212,34700.8609
2026-03-21 11:45:00+01:00,2260.0770167787764,3262.268804,172.13782857372962,333.533,2432.214845352506,3595.8018039999997,35237.661704
2026-03-21 12:00:00+01:00,2883.2624723192744,3443.09854,117.07492628150922,350.935,3000.3373986007837,3794.03354,35251.828108
2026-03-21 12:15:00+01:00,2913.395631921003,3694.65216,96.1553807617534,333.996,3009.551012682756,4028.64816,35147.737096
2026-03-21 12:30:00+01:00,2969.4030408622207,3952.933848,99.45834578081252,308.041,3068.8613866430333,4260.974848,34850.122148
2026-03-21 12:45:00+01:00,2998.6758647899533,4145.316764,86.8200027994275,296.186,3085.495867589381,4441.502764,34207.5256
2026-03-21 13:00:00+01:00,3281.883621020869,4276.8212,128.59668649431438,303.318,3410.4803075151835,4580.1392000000005,33273.640092
2026-03-21 13:15:00+01:00,3324.828536543956,4333.824192,114.25356579578795,311.437,3439.082102339744,4645.261192,32159.611784
2026-03-21 13:30:00+01:00,3327.3846749196364,4376.832124,111.47638343124379,325.684,3438.8610583508803,4702.516124,31068.272288
2026-03-21 13:45:00+01:00,3337.591111621269,4422.131888,96.4989580240424,331.967,3434.090069645312,4754.0988879999995,30251.326992
2026-03-21 14:00:00+01:00,3764.5646486482647,4534.820532,58.9057951938226,350.09,3823.470443842087,4884.910532,29353.884192
2026-03-21 14:15:00+01:00,3821.813902368845,4738.865424,49.2475311699726,373.687,3871.0614335388177,5112.5524239999995,28688.768036
2026-03-21 14:30:00+01:00,3890.4472315043868,5004.909136,69.87897971782394,393.404,3960.3262112222105,5398.313136000001,27771.63918
2026-03-21 14:45:00+01:00,3953.5254866937717,5184.502332,53.784700792600006,444.071,4007.3101874863714,5628.573332,26752.743036
2026-03-21 15:00:00+01:00,4358.417007527007,5287.299712,101.6230357116799,552.141,4460.040043238687,5839.440712,25767.018416
2026-03-21 15:15:00+01:00,4388.396506075027,5556.519596,112.87718263981338,556.908,4501.27368871484,6113.427596,24496.104072
2026-03-21 15:30:00+01:00,4372.001453332537,5795.157736,108.65460283323125,609.682,4480.656056165768,6404.839736,23158.264047999997
2026-03-21 15:45:00+01:00,4375.785695830171,5882.220956,98.40237485220689,700.287,4474.188070682378,6582.507956,21585.56712
2026-03-21 16:00:00+01:00,4872.4941122249165,6026.076396,157.5638592309619,800.128,5030.057971455878,6826.204396,19933.744352
2026-03-21 16:15:00+01:00,4850.133375120846,6248.739212,164.43722813766152,795.932,5014.570603258508,7044.671212,18327.453192
2026-03-21 16:30:00+01:00,4766.109100956988,6598.855096,168.95122139937195,742.901,4935.06032235636,7341.756096,16670.63628
2026-03-21 16:45:00+01:00,4686.136502271837,6865.89892,161.38732685801938,698.914,4847.5238291298565,7564.812919999999,15093.056079999998
2026-03-21 17:00:00+01:00,5506.419531132899,7049.077956,292.022098185975,693.15,5798.441629318873,7742.227956,13532.930848
2026-03-21 17:15:00+01:00,5457.818638852493,7285.07566,292.0160354996989,703.609,5749.8346743521915,7988.684660000001,12204.305772
2026-03-21 17:30:00+01:00,5437.49771340298,7554.652828,260.87493020193585,741.262,5698.3726436049155,8295.914828,11144.447492
2026-03-21 17:45:00+01:00,5536.563217075513,7787.746044,245.56888087259685,872.685,5782.132097948111,8660.431044,10335.94352
2026-03-21 18:00:00+01:00,8795.972014916233,8257.445876,241.02490350321355,977.565,9036.996918419447,9235.010876,10033.415632
2026-03-21 18:15:00+01:00,9033.435285779364,8960.5645,248.445527702876,1149.268,9281.88081348224,10109.8325,10448.350416
2026-03-21 18:30:00+01:00,9312.916390993669,9745.979576,237.8021074814747,1198.031,9550.718498475144,10944.010576,11121.799288
2026-03-21 18:45:00+01:00,9555.03593419959,10571.338344,232.0661315248001,1029.162,9787.10206572439,11600.500344,11705.199976
2026-03-21 19:00:00+01:00,13729.167322103893,11508.18304,545.650317811875,991.777,14274.817639915767,12499.96004,12632.819016
2026-03-21 19:15:00+01:00,13956.393997018939,12140.86832,561.0313615091637,971.386,14517.425358528102,13112.25432,13251.345016
2026-03-21 19:30:00+01:00,14180.783509180255,12755.61864,569.6056195497699,1132.288,14750.389128730025,13887.90664,13965.242372
2026-03-21 19:45:00+01:00,14384.405113894769,13276.185016,579.5659681806835,1253.751,14963.971082075452,14529.936016,14573.331064
2026-03-21 20:00:00+01:00,15469.231458017424,13841.976436,641.0006755505306,1286.835,16110.232133567955,15128.811436,15185.24508
2026-03-21 20:15:00+01:00,15629.367689193325,14357.18626,669.8050314673834,1249.208,16299.172720660708,15606.39426,15650.681736
2026-03-21 20:30:00+01:00,15756.605489748814,14748.176084,672.4520738189045,1171.374,16429.05756356772,15919.550084,15959.488384
2026-03-21 20:45:00+01:00,15851.48988601398,15214.098252,676.9273954083584,1089.163,16528.41728142234,16303.261252,16324.06426
2026-03-21 21:00:00+01:00,15439.240861106422,15459.049596,759.0520685318124,1002.776,16198.292929638235,16461.825596000002,16487.935476000002
2026-03-21 21:15:00+01:00,15507.560786419874,15746.794684,784.7402558653192,1049.954,16292.301042285193,16796.748684000002,16819.543128
2026-03-21 21:30:00+01:00,15533.807044774023,15821.552608,804.593255984142,1111.253,16338.400300758165,16932.805608,16953.966679999998
2026-03-21 21:45:00+01:00,15542.43773656552,15916.31504,827.7575843871045,1168.075,16370.195320952625,17084.39004,17100.470179999997
2026-03-21 22:00:00+01:00,15881.183461310527,15822.852972,914.3453065619854,1198.062,16795.528767872514,17020.914972,17053.92208
2026-03-21 22:15:00+01:00,15897.504543945675,15987.437104,954.8621611734853,1224.229,16852.366705119162,17211.666104,17229.904812
2026-03-21 22:30:00+01:00,15899.080523780594,16144.179176,973.3620650069894,1324.953,16872.442588787584,17469.132176,17485.710656
2026-03-21 22:45:00+01:00,15884.312983181548,16221.286812,990.276871079942,1423.603,16874.58985426149,17644.889812,17660.842768000002
2026-03-21 23:00:00+01:00,17022.68942991214,16231.623372,1941.4990421958037,1646.76,18964.188472107944,17878.383372,17896.02002
2026-03-21 23:15:00+01:00,16999.5895725334,16315.41816,1961.8804080806044,1982.391,18961.469980614005,18297.80916,18313.646668
2026-03-21 23:30:00+01:00,16957.59327546246,16429.2475,1965.1720176622623,2196.998,18922.76529312472,18626.2455,18646.995656
2026-03-21 23:45:00+01:00,16916.59224750233,16481.85872,1976.2491189609655,2297.775,18892.841366463294,18779.63372,18796.389796000003
2026-03-22 00:00:00+01:00,17965.381515208603,16567.646644,2518.686091328068,2337.719,20484.06760653667,18905.365644,18920.959024
2026-03-22 00:15:00+01:00,17927.191708848386,16569.440536,2524.2624584272335,2209.604,20451.45416727562,18779.044536,18794.435872
2026-03-22 00:30:00+01:00,17895.41220613253,16634.15874,2518.7716219555673,2043.309,20414.183828088095,18677.46774,18692.432732
2026-03-22 00:45:00+01:00,17858.77737135309,16676.643016,2507.5669739807745,1883.379,20366.344345333866,18560.022016000003,18574.892560000004
2026-03-22 01:00:00+01:00,17928.33776719298,16523.616996,1955.3710770844207,1618.867,19883.7088442774,18142.483996,18157.756972
2026-03-22 01:15:00+01:00,17853.265162131553,16432.47604,1936.1839288134759,1434.012,19789.44909094503,17866.48804,17882.078528000002
2026-03-22 01:30:00+01:00,17811.6289717986,16431.514028,1901.8327594671368,1355.408,19713.461731265736,17786.922028,17805.769732
2026-03-22 01:45:00+01:00,17776.937807981238,16301.988548,1864.32795100835,1247.499,19641.265758989586,17549.487548,17565.257892
2026-03-22 02:00:00+01:00,17732.804783888423,16239.808272,1466.957018699013,1177.107,19199.761802587436,17416.915272,17432.395107999997
2026-03-22 02:15:00+01:00,17660.83208933768,16186.763212,1444.6336719922258,1196.6,19105.465761329906,17383.363212,17398.39236
2026-03-22 02:30:00+01:00,17610.04526597685,16091.11422,1398.463789473302,1220.988,19008.50905545015,17312.10222,17327.26586
2026-03-22 02:45:00+01:00,17547.766816593954,16011.113848,1381.5332651695908,1246.008,18929.300081763544,17257.121848000003,17272.454752
2026-03-22 03:00:00+01:00,16824.205153577226,15833.110928,1228.2097038881693,1160.946,18052.414857465395,16994.056927999998,17009.470444
2026-03-22 03:15:00+01:00,16756.38010158416,15729.120972,1229.7705141567978,1132.233,17986.150615740957,16861.353972,16877.240588
2026-03-22 03:30:00+01:00,16694.27293265812,15739.059004,1218.241683965152,1158.104,17912.514616623273,16897.163004000002,16915.480316
2026-03-22 03:45:00+01:00,16635.552538263102,15686.234892,1208.1858605803843,1068.554,17843.738398843485,16754.788892,16770.656316
2026-03-22 04:00:00+01:00,16445.45611821578,15717.956996,1488.5076134023655,918.928,17933.963731618147,16636.884996,16652.54856
2026-03-22 04:15:00+01:00,16432.63375325789,15685.714272,1497.7093535376514,946.511,17930.343106795543,16632.225272,16647.83316
2026-03-22 04:30:00+01:00,16395.21503321077,15557.034208,1494.909043610337,934.573,17890.124076821106,16491.607207999998,16507.490071999997
2026-03-22 04:45:00+01:00,16373.478654719524,15552.154004,1495.7360362950737,951.977,17869.214691014597,16504.131004,16520.089271999997
2026-03-22 05:00:00+01:00,15957.359999863169,15538.235356,1523.1323025931679,983.587,17480.492302456336,16521.822356,16536.95598
2026-03-22 05:15:00+01:00,16002.931873283707,15446.060124,1518.1965003058247,907.605,17521.12837358953,16353.665124,16368.703336
2026-03-22 05:30:00+01:00,16023.96821860542,15472.262344,1513.0665857996478,852.162,17537.034804405066,16324.424344,16339.624112
2026-03-22 05:45:00+01:00,16043.421112041337,15630.011156,1511.2522369875767,891.74,17554.67334902891,16521.751156000002,16539.242476000003
2026-03-22 06:00:00+01:00,16090.899239759643,15826.202916,1572.078537236856,1051.639,17662.9777769965,16877.841916,16918.964444
2026-03-22 06:15:00+01:00,16103.518111972817,15559.504252,1574.573876348408,1193.773,17678.091988321226,16753.277252,17011.1078
2026-03-22 06:30:00+01:00,16092.741339706463,15408.435764,1574.2990886837922,1231.805,17667.040428390254,16640.240764,17649.200087999998
2026-03-22 06:45:00+01:00,16067.71986253376,14994.76516,1569.1727964042132,1198.017,17636.892658937973,16192.78216,18596.545768
2026-03-22 07:00:00+01:00,14697.860209209359,14340.43554,1818.8400334668265,1092.706,16516.700242676186,15433.14154,19784.263708
2026-03-22 07:15:00+01:00,14608.099952219905,13921.31952,1818.3714748718503,1086.799,16426.471427091754,15008.11852,21797.625768
2026-03-22 07:30:00+01:00,14497.703552228857,13347.29664,1801.1166191065613,1195.177,16298.820171335417,14542.47364,24180.6039
2026-03-22 07:45:00+01:00,14363.115307551136,12678.379832,1804.6983222930464,1286.122,16167.813629844182,13964.501832,26774.851128
2026-03-22 08:00:00+01:00,10894.138591654297,11652.027852,1895.7662577064789,1213.842,12789.904849360775,12865.869852,29044.209736
2026-03-22 08:15:00+01:00,10780.641978760472,10388.481468,1907.4782996305657,1105.587,12688.120278391038,11494.068468,31115.353168
2026-03-22 08:30:00+01:00,10611.10121115373,9067.82912,1905.8079603065685,1100.835,12516.909171460298,10168.66412,33387.26616
2026-03-22 08:45:00+01:00,10393.362659764325,7853.931416,1903.3126598222912,1127.162,12296.675319586617,8981.093416,35697.608596
2026-03-22 09:00:00+01:00,6078.946183529064,6847.411232,1700.149074261546,1087.176,7779.09525779061,7934.587232,38015.876512
2026-03-22 09:15:00+01:00,5808.9201322502195,6055.557472,1719.1713946060588,1069.894,7528.0915268562785,7125.451472000001,39957.787552
2026-03-22 09:30:00+01:00,5591.406173557485,5227.341856,1728.7942616031107,948.893,7320.200435160596,6176.234856,41612.645992000005
2026-03-22 09:45:00+01:00,5397.682759457928,4633.208424,1722.8892345464076,835.269,7120.5719940043355,5468.477424000001,42879.26648400001
2026-03-22 10:00:00+01:00,4814.647960626702,4829.110524,1317.5332297558375,896.12,6132.18119038254,5725.230524,45360.746168
2026-03-22 10:15:00+01:00,4685.764294753281,4968.348608,1295.3215824122747,814.98,5981.085877165556,5783.328608,47060.150764000005
2026-03-22 10:30:00+01:00,4612.515651781603,4860.4787,1268.93292534048,729.236,5881.448577122083,5589.7146999999995,48389.986247999994
2026-03-22 10:45:00+01:00,4556.575988435455,5080.070328,1264.6035065928477,651.546,5821.179495028302,5731.616328,49788.588328
2026-03-22 11:00:00+01:00,5581.072360152191,5175.691696,972.6246160009634,566.834,6553.6969761531545,5742.525696,50170.963143999994
2026-03-22 11:15:00+01:00,5587.052279876254,5310.494216,969.4369510551103,511.675,6556.489230931365,5822.169216,50277.760032000006
2026-03-22 11:30:00+01:00,5592.225690543006,5760.04284,967.899847179629,497.834,6560.125537722635,6257.87684,51231.2596
2026-03-22 11:45:00+01:00,5563.86868964922,5892.805652,967.457234637352,438.401,6531.3259242865715,6331.206652,51576.667392
2026-03-22 12:00:00+01:00,6205.559997495027,5369.999292,472.90544356293105,397.873,6678.465441057959,5767.872292,50938.398968
2026-03-22 12:15:00+01:00,6231.07210179139,5201.061696,450.9816253266465,378.472,6682.0537271180365,5579.5336959999995,50631.44036
2026-03-22 12:30:00+01:00,6275.525271693505,5224.550908,454.6679532048249,396.969,6730.193224898329,5621.519908,50477.791260000005
2026-03-22 12:45:00+01:00,6295.850000125783,5422.829756,439.490486047016,397.925,6735.340486172799,5820.754756,50230.27768
2026-03-22 13:00:00+01:00,7465.309242628212,5296.874352,145.2543436018146,382.557,7610.563586230027,5679.431352,49314.39694
2026-03-22 13:15:00+01:00,7499.579260991752,5265.329204,130.49519611133985,422.675,7630.074457103092,5688.004204,48451.142444
2026-03-22 13:30:00+01:00,7495.235038803238,5358.22476,127.41002702337522,331.154,7622.645065826613,5689.37876,47796.10716
2026-03-22 13:45:00+01:00,7506.256585829207,5518.421828,112.79974817766123,316.365,7619.056334006868,5834.786827999999,46797.335199999994
2026-03-22 14:00:00+01:00,7281.237408351844,6430.412704,88.49227484164987,170.831,7369.729683193495,6601.243704,47132.924968
2026-03-22 14:15:00+01:00,7329.494533192916,6617.641552,81.46910639075037,209.278,7410.963639583666,6826.919552,45471.328968
2026-03-22 14:30:00+01:00,7392.393009639654,6581.040216,103.48225383088732,216.864,7495.8752634705415,6797.904216,43877.417404
2026-03-22 14:45:00+01:00,7452.837624484444,6557.983124,89.12729459480556,208.131,7541.96491907925,6766.114124000001,41946.79376
2026-03-22 15:00:00+01:00,7452.104871871676,6763.896232,23.778619261924405,351.745,7475.8834911336,7115.641232,40694.388048
2026-03-22 15:15:00+01:00,7482.198832730203,6858.710552,38.27164024670273,375.633,7520.470472976906,7234.343551999999,38793.373848
2026-03-22 15:30:00+01:00,7469.159780538533,7116.311512,37.034091585125054,549.95,7506.1938721236575,7666.261512,36883.22536
2026-03-22 15:45:00+01:00,7477.161308490454,7244.832788,27.522227937067868,643.423,7504.683536427522,7888.255788,34165.049028
2026-03-22 16:00:00+01:00,6904.929282184036,7252.456916,87.95202742922942,599.052,6992.881309613265,7851.508916,31309.376536
2026-03-22 16:15:00+01:00,6885.643641604966,7263.275776,94.97115442273528,532.044,6980.614796027702,7795.319776,28399.297288
2026-03-22 16:30:00+01:00,6794.602915420972,7156.761276,94.94062398148375,424.128,6889.543539402455,7580.889276,24776.999684
2026-03-22 16:45:00+01:00,6719.556311697024,7083.856752,87.8791581215599,379.365,6807.435469818584,7463.221752,21258.405452
2026-03-22 17:00:00+01:00,5265.000844606006,6916.875096,179.56668059212691,376.098,5444.567525198133,7292.973096,17778.422072
2026-03-22 17:15:00+01:00,5203.944231676969,6727.884572,170.75532174598854,324.363,5374.699553422957,7052.247572,14535.228412
2026-03-22 17:30:00+01:00,5213.287266199455,6473.211476,148.9503116086926,276.556,5362.237577808148,6749.767476,11628.311408
2026-03-22 17:45:00+01:00,5322.233560161795,6344.299324,128.75543705417792,234.82,5450.988997215973,6579.119323999999,9392.024496
2026-03-22 18:00:00+01:00,6914.20252126899,6417.138416,115.28103378026134,210.069,7029.483555049251,6627.207416,7958.682000000001
2026-03-22 18:15:00+01:00,7174.565410202016,6728.516764,103.12663486554638,204.104,7277.6920450675625,6932.620764,7384.037116
2026-03-22 18:30:00+01:00,7468.200639615405,7108.291584,91.5237705367887,198.595,7559.724410152194,7306.886584,7419.200284
2026-03-22 18:45:00+01:00,7707.103529479386,7658.03136,84.90175889860771,191.251,7792.0052883779945,7849.28236,7902.150908
2026-03-22 19:00:00+01:00,10126.319672693377,8302.756232,307.05177762143273,196.683,10433.37145031481,8499.439232,8563.964292
2026-03-22 19:15:00+01:00,10356.440004945454,8830.920048,321.2498470584703,204.119,10677.689852003925,9035.039048,9091.613628
2026-03-22 19:30:00+01:00,10582.654713959546,9264.946432,327.8486968151952,218.961,10910.503410774741,9483.907432,9538.775632
2026-03-22 19:45:00+01:00,10790.787998412501,9621.64496,336.80037744885556,262.661,11127.588375861356,9884.30596,9915.242176
2026-03-22 20:00:00+01:00,10601.30159002665,9862.964992,370.82851769406716,301.146,10972.130107720717,10164.110992,10210.029356
2026-03-22 20:15:00+01:00,10765.124469917497,9929.459568,399.3663031129481,329.293,11164.490773030444,10258.752568,10278.994652
2026-03-22 20:30:00+01:00,10895.412145850156,10074.50376,402.5119362587423,384.916,11297.924082108899,10459.41976,10483.020076
2026-03-22 20:45:00+01:00,10993.317917184115,10134.640972,407.5379894898359,409.014,11400.85590667395,10543.654971999998,10560.3366
2026-03-22 21:00:00+01:00,10585.437594015882,10082.307844,444.4494573226094,416.183,11029.887051338492,10498.490844,10518.734432
2026-03-22 21:15:00+01:00,10658.720315083498,9974.82514,469.0919854055533,463.087,11127.812300489051,10437.91214,10458.430168
2026-03-22 21:30:00+01:00,10686.291846542088,9707.906524,487.0693621893661,476.51,11173.361208731454,10184.416524,10200.215608
2026-03-22 21:45:00+01:00,10692.060017686477,9496.237356,508.4030833666349,457.555,11200.463101053112,9953.792356,9969.624552
2026-03-22 22:00:00+01:00,8550.951797020385,9045.9543,380.2679884220888,446.888,8931.219785442474,9492.8423,9512.975852
2026-03-22 22:15:00+01:00,8565.018696353292,8777.44484,419.1674188160025,428.264,8984.186115169296,9205.70884,9224.067032
2026-03-22 22:30:00+01:00,8565.311255350285,8404.137832,435.74032535972265,401.477,9001.051580710007,8805.614832000001,8823.392552000001
2026-03-22 22:45:00+01:00,8548.318262304374,7961.689468,450.10108661970025,401.161,8998.419348924075,8362.850467999999,8379.613032
2026-03-22 23:00:00+01:00,7343.466097789342,7445.81644,385.5060800340815,409.793,7728.972177823423,7855.609439999999,7871.425576
2026-03-22 23:15:00+01:00,7314.932415217627,6940.741608,404.35325316128166,368.989,7719.285668378909,7309.730608,7325.377088
2026-03-22 23:30:00+01:00,7270.211961862954,6444.167736,406.6522194681246,322.154,7676.864181331079,6766.321736,6782.201696
2026-03-22 23:45:00+01:00,7227.254723020572,5909.862056,416.75058396509064,305.379,7644.005306985662,6215.241056,6231.831424
2026-03-23 00:00:00+01:00,5361.760330417381,5432.933532,383.13260992410846,275.147,5744.8929403414895,5708.080532,5724.136336
2026-03-23 00:15:00+01:00,5322.573234469855,4971.178916,383.2944285342683,269.885,5705.867663004124,5241.063916,5256.382928
2026-03-23 00:30:00+01:00,5294.784832716077,4579.526896,371.0706144416735,296.334,5665.855447157751,4875.860896,4891.00868
2026-03-23 00:45:00+01:00,5271.826121915684,4199.29614,356.2137695511247,247.413,5628.0398914668085,4446.709140000001,4461.882784000001
2026-03-23 01:00:00+01:00,3859.893425332361,3808.634288,463.5082763495665,210.441,4323.401701681927,4019.075288,4034.317392
2026-03-23 01:15:00+01:00,3797.9659521533804,3397.897396,440.47875067690586,210.295,4238.444702830287,3608.192396,3623.51654
2026-03-23 01:30:00+01:00,3771.477724259398,3041.268424,404.8782181667081,196.279,4176.355942426107,3237.547424,3251.16194
2026-03-23 01:45:00+01:00,3747.140444486232,2736.7624,365.41398234371394,181.251,4112.554426829945,2918.0134000000003,2930.1279440000003
2026-03-23 02:00:00+01:00,3182.6210120792475,2486.492384,373.63852978347677,144.78,3556.2595418627243,2631.2723840000003,2652.0996000000005
2026-03-23 02:15:00+01:00,3120.4329071248853,2266.793952,352.1188843398289,99.905,3472.5517914647144,2366.698952,2378.927772
2026-03-23 02:30:00+01:00,3080.515899448414,2075.420576,307.79883173905273,105.986,3388.314731187467,2181.406576,2193.605228
2026-03-23 02:45:00+01:00,3026.461205857086,1896.288256,291.90310044042644,141.003,3318.3643062975125,2037.291256,2049.564352
2026-03-23 03:00:00+01:00,2859.131396787559,1766.741764,510.48955210533455,120.933,3369.6209488928935,1887.674764,1900.036352
2026-03-23 03:15:00+01:00,2790.2509735888516,1603.14858,511.3937207598921,116.897,3301.6446943487435,1720.04558,1732.448876
2026-03-23 03:30:00+01:00,2731.5031336823586,1473.318412,500.7773354810676,87.698,3232.280469163426,1561.0164120000002,1574.774372
2026-03-23 03:45:00+01:00,2674.0409088808783,1340.754628,488.5512745966605,75.19,3162.592183477539,1415.944628,1431.862864
2026-03-23 04:00:00+01:00,2656.467912063261,1238.700704,872.3020916258306,76.152,3528.7700036890915,1314.852704,1330.881432
2026-03-23 04:15:00+01:00,2635.361514335584,1184.866468,881.672006018478,101.575,3517.033520354062,1286.441468,1302.96556
2026-03-23 04:30:00+01:00,2581.5116392419536,1120.11296,878.828623820122,133.788,3460.340263062076,1253.90096,1271.335968
2026-03-23 04:45:00+01:00,2549.8339099434,1053.64636,879.5024762759813,151.659,3429.3363862193814,1205.3053599999998,1225.1909119999998
2026-03-23 05:00:00+01:00,2601.6473077083338,1008.750596,847.3411520734636,221.344,3448.9884597817972,1230.094596,1247.0668839999998
2026-03-23 05:15:00+01:00,2636.5160305155023,984.895688,839.2042129773127,339.441,3475.720243492815,1324.336688,1341.063268
2026-03-23 05:30:00+01:00,2647.763473444715,944.467296,836.458270287929,424.814,3484.2217437326444,1369.281296,1386.0606200000002
2026-03-23 05:45:00+01:00,2667.6603776766237,920.506848,841.785809670837,500.605,3509.4461873474606,1421.111848,1441.587856
2026-03-23 06:00:00+01:00,2897.2359739267654,885.57984,999.2362367730158,699.097,3896.472210699781,1584.67684,1659.487076
2026-03-23 06:15:00+01:00,2896.2610252017157,831.935024,1009.7586996556273,826.632,3906.019724857343,1658.567024,2038.607792
2026-03-23 06:30:00+01:00,2877.389826807636,809.415148,1010.5530035918492,803.186,3887.942830399485,1612.6011480000002,2872.585556
2026-03-23 06:45:00+01:00,2833.7664315566753,836.962792,1008.6655016456864,747.252,3842.4319332023615,1584.214792,4281.143092
2026-03-23 07:00:00+01:00,2219.871945545525,870.12754,975.2088135003888,697.167,3195.0807590459135,1567.29454,6135.826308
2026-03-23 07:15:00+01:00,2127.129111462368,892.414384,974.7790598569286,577.759,3101.908171319297,1470.1733840000002,8226.439276000001
2026-03-23 07:30:00+01:00,2013.5189053557153,873.171364,960.5227736655721,580.521,2974.0416790212876,1453.692364,10722.841004
2026-03-23 07:45:00+01:00,1865.7160511866114,835.50462,965.9007680864905,595.355,2831.616819273102,1430.8596200000002,13473.63254
2026-03-23 08:00:00+01:00,1678.566694787471,807.305192,1003.1810006333592,489.607,2681.7476954208305,1296.912192,16557.995248
2026-03-23 08:15:00+01:00,1540.2722138214122,801.852932,1008.4513350487377,431.343,2548.72354887015,1233.195932,19653.966568
2026-03-23 08:30:00+01:00,1375.5471703012317,773.267728,1018.8380268189893,391.237,2394.385197120221,1164.504728,22861.019324
2026-03-23 08:45:00+01:00,1164.6508962552082,673.790488,1020.5116360527999,368.524,2185.162532308008,1042.314488,25913.364312
2026-03-23 09:00:00+01:00,1087.0795904636807,551.436828,915.8952952868403,309.53,2002.974885750521,860.966828,29084.337668
2026-03-23 09:15:00+01:00,835.6594576564479,454.43634,927.0955851016402,269.997,1762.7550427580882,724.43334,31883.5052
2026-03-23 09:30:00+01:00,638.4871490155465,363.219768,934.5200596567548,189.805,1573.0072086723012,553.024768,33771.661960000005
2026-03-23 09:45:00+01:00,458.29682551547785,298.970992,925.72656505958,121.446,1384.0233905750579,420.4169920000001,35817.845784
2026-03-23 10:00:00+01:00,627.4420059102756,268.434268,746.3150163605205,99.595,1373.7570222707961,368.029268,38311.773336
2026-03-23 10:15:00+01:00,516.083317033819,246.972624,720.4460001026357,78.313,1236.5293171364547,325.285624,40303.075708
2026-03-23 10:30:00+01:00,456.3222539384459,220.69776,703.6937396896632,95.878,1160.015993628109,316.57576,42139.735496
2026-03-23 10:45:00+01:00,408.6402877544931,223.286092,697.8515291485385,110.729,1106.4918169030316,334.015092,43646.233772
2026-03-23 11:00:00+01:00,366.7842070283815,248.028236,529.5238336345843,145.88,896.3080406629658,393.908236,45026.572232000006
2026-03-23 11:15:00+01:00,378.2714016328115,283.802632,526.8887664048706,136.84,905.1601680376821,420.6426320000001,46011.464228
2026-03-23 11:30:00+01:00,389.83201786632037,322.384988,523.5843789814994,115.767,913.4163968478198,438.151988,46544.044872
2026-03-23 11:45:00+01:00,373.9389878752215,350.551036,520.875270168655,108.742,894.8142580438765,459.293036,46623.935288
2026-03-23 12:00:00+01:00,377.3896000067813,367.508868,411.9020162523486,94.47,789.2916162591298,461.978868,46314.423588
2026-03-23 12:15:00+01:00,408.87023002373667,421.862396,394.29296890202374,84.72,803.1631989257604,506.582396,45874.638824
2026-03-23 12:30:00+01:00,457.34389100141595,504.944752,403.0102589810357,100.34,860.3541499824516,605.284752,45115.75236
2026-03-23 12:45:00+01:00,477.0044396345543,600.887112,392.96269440404626,136.3,869.9671340386005,737.1871120000001,44208.452872
2026-03-23 13:00:00+01:00,875.0008394354713,686.262896,356.89486256372743,168.734,1231.8957019991988,854.996896,42821.133215999995
2026-03-23 13:15:00+01:00,900.5346171591635,772.970996,344.8542969882832,173.126,1245.3889141474467,946.096996,41275.090968
2026-03-23 13:30:00+01:00,896.1122297071546,856.730332,342.32979086751936,178.071,1238.442020574674,1034.801332,39870.419576
2026-03-23 13:45:00+01:00,906.0718886125733,942.98568,328.705779026917,174.867,1234.7776676394903,1117.85268,38154.712936
2026-03-23 14:00:00+01:00,1102.7144199712964,1032.705856,196.20379197804237,173.708,1298.9182119493387,1206.413856,36577.772144
2026-03-23 14:15:00+01:00,1154.658141087848,1087.250808,189.10429766399696,179.009,1343.762438751845,1266.259808,34655.757988000005
2026-03-23 14:30:00+01:00,1222.7735555931063,1131.524596,208.29122458548474,184.539,1431.064780178591,1316.063596,32735.320364
2026-03-23 14:45:00+01:00,1286.6423243910886,1189.00492,195.70764772159436,171.488,1482.349972112683,1360.49292,30671.897436
2026-03-23 15:00:00+01:00,1589.0389518350682,1208.433492,231.24262808941174,140.997,1820.28157992448,1349.430492,28697.04542
2026-03-23 15:15:00+01:00,1619.6221134944865,1204.142196,240.1202483343327,136.688,1859.7423618288192,1340.830196,26483.452776
2026-03-23 15:30:00+01:00,1610.7472965596573,1167.640728,234.45350345789151,158.643,1845.2008000175488,1326.283728,24327.175116
2026-03-23 15:45:00+01:00,1611.4310880119467,1057.920456,226.09200596678133,182.066,1837.523093978728,1239.986456,21897.554915999997
2026-03-23 16:00:00+01:00,2012.8727117240933,936.979384,190.01250040280306,201.53,2202.8852121268965,1138.509384,19426.474392
2026-03-23 16:15:00+01:00,2002.2529117914758,845.24,203.99067678432868,166.043,2206.2435885758046,1011.283,17023.402004
2026-03-23 16:30:00+01:00,1936.4227399159313,792.187408,219.39608955391344,139.287,2155.818829469845,931.474408,14529.215016
2026-03-23 16:45:00+01:00,1873.8600336500615,717.754748,205.96368283404934,140.318,2079.8237164841107,858.0727479999999,11821.909292
2026-03-23 17:00:00+01:00,2242.7803242552363,705.808244,293.83627137473115,152.914,2536.6165956299674,858.7222439999999,9261.426876
2026-03-23 17:15:00+01:00,2168.454597655446,717.813752,272.80885091972397,165.657,2441.26344857517,883.4707520000001,6949.6435360000005
2026-03-23 17:30:00+01:00,2134.458027604428,727.467584,243.63628736487706,179.72,2378.0943149693053,907.187584,4938.425584
2026-03-23 17:45:00+01:00,2218.6667426479817,762.647028,225.0169446513167,208.108,2443.6836872992985,970.755028,3400.781612
2026-03-23 18:00:00+01:00,2226.2810241689117,750.919228,246.5884483385925,245.395,2472.8694725075043,996.314228,2232.859996
2026-03-23 18:15:00+01:00,2445.9883385319563,748.9232,252.1706151318989,277.581,2698.1589536638553,1026.5042,1537.2805239999998
2026-03-23 18:30:00+01:00,2678.415635011902,804.506296,241.51718287376406,291.178,2919.932817885666,1095.684296,1286.0710319999998
2026-03-23 18:45:00+01:00,2912.085426235969,851.377564,230.1735650100846,298.939,3142.2589912460535,1150.316564,1318.172844
2026-03-23 19:00:00+01:00,2546.274136074381,877.275684,274.4117850807819,341.409,2820.685921155163,1218.6846839999998,1370.492464
2026-03-23 19:15:00+01:00,2761.7028141124656,878.150296,288.3470628457657,366.924,3050.0498769582314,1245.074296,1375.26856
2026-03-23 19:30:00+01:00,2981.1725847578114,911.51992,299.90852493963393,385.61,3281.0811096974453,1297.12992,1435.911056
2026-03-23 19:45:00+01:00,3178.8943410924885,913.077024,307.76844943230054,369.625,3486.662790524789,1282.7020240000002,1358.516276
2026-03-23 20:00:00+01:00,2767.0946734863587,898.82518,303.2674370892936,410.441,3070.3621105756524,1309.26618,1414.0247880000002
2026-03-23 20:15:00+01:00,2921.41459486094,902.801,332.1743776504575,454.168,3253.5889725113975,1356.969,1436.046068
2026-03-23 20:30:00+01:00,3037.779536959331,918.768596,334.6146688240689,515.798,3372.3942057833997,1434.566596,1481.127736
2026-03-23 20:45:00+01:00,3123.442677242136,920.21932,335.2115534686917,582.791,3458.654230710828,1503.01032,1520.114048
2026-03-23 21:00:00+01:00,3334.5965743865277,949.931072,363.05357826451245,606.985,3697.65015265104,1556.916072,1578.053956
2026-03-23 21:15:00+01:00,3396.9830789688626,1013.12774,388.6344103810336,649.981,3785.6174893498965,1663.10874,1676.603424
2026-03-23 21:30:00+01:00,3406.7436487865803,1077.714528,403.54839659425807,704.131,3810.2920453808383,1781.8455279999998,1795.756356
2026-03-23 21:45:00+01:00,3394.362215803403,1155.18416,426.5465371828323,759.742,3820.9087529862354,1914.92616,1928.265864
2026-03-23 22:00:00+01:00,3240.4214322110156,1198.745864,886.9748285866574,929.969,4127.396260797673,2128.714864,2152.7468360000003
2026-03-23 22:15:00+01:00,3237.314733999131,1250.2738,926.3625098494257,1041.326,4163.677243848557,2291.5998,2304.936948
2026-03-23 22:30:00+01:00,3232.482744978104,1356.43982,946.2227656790524,1195.015,4178.705510657157,2551.45482,2567.177436
2026-03-23 22:45:00+01:00,3205.6419116349384,1449.501376,962.665057744059,1351.226,4168.306969378998,2800.727376,2815.096624
2026-03-23 23:00:00+01:00,3270.7782850882604,1562.579996,1156.664939042606,1495.245,4427.443224130866,3057.824996,3071.0147439999996
2026-03-23 23:15:00+01:00,3231.223374689126,1718.726456,1179.930458840004,1654.516,4411.15383352913,3373.242456,3387.844768
2026-03-23 23:30:00+01:00,3180.2194625181537,1932.812144,1187.7430624221456,1910.888,4367.9625249403,3843.700144,3856.622872
2026-03-23 23:45:00+01:00,3141.431487003622,2146.284924,1200.081848017005,2239.916,4341.513335020627,4386.200924000001,4399.428704000001
2026-03-24 00:00:00+01:00,3162.7620930109515,2367.0837,1573.9881894308696,2299.524,4736.750282441821,4666.6077000000005,4682.301344
2026-03-24 00:15:00+01:00,3099.648329231457,2675.10646,1573.6662525045342,2424.931,4673.314581735991,5100.03746,5115.482835999999
2026-03-24 00:30:00+01:00,3055.7102486803665,3030.436056,1561.3835327690351,2566.682,4617.093781449402,5597.118055999999,5612.460779999999
2026-03-24 00:45:00+01:00,3019.897315241458,3463.69508,1546.4104114051775,2767.543,4566.307726646635,6231.23808,6245.703084
2026-03-24 01:00:00+01:00,4793.048302662114,3927.658384,2183.7826239485667,2994.719,6976.830926610681,6922.377383999999,6937.274087999999
2026-03-24 01:15:00+01:00,4726.821116120705,4474.208588,2160.085889407381,3237.641,6886.907005528085,7711.849588000001,7726.076248000001
2026-03-24 01:30:00+01:00,4688.215132296881,5037.858836,2125.3060910292734,3500.386,6813.5212233261545,8538.244836,8550.570876
2026-03-24 01:45:00+01:00,4644.561232053821,5672.218856,2088.1539309890604,3743.112,6732.715163042882,9415.330856,9427.198412
2026-03-24 02:00:00+01:00,5563.416836659272,6248.4623,2894.5881330815937,3916.239,8458.004969740865,10164.7013,10176.685212
2026-03-24 02:15:00+01:00,5498.039757496461,6823.877444,2871.787229055491,3803.65,8369.826986551952,10627.527444,10639.337904
2026-03-24 02:30:00+01:00,5438.294270408177,7429.092056,2829.007579654063,3768.826,8267.30185006224,11197.918056,11209.852752
2026-03-24 02:45:00+01:00,5386.320583693942,8136.237644,2815.360383880537,3943.86,8201.680967574479,12080.097644,12091.842972
2026-03-24 03:00:00+01:00,6537.193983510413,8890.639544,3509.9819598947365,4171.263,10047.17594340515,13061.902544,13073.912552
2026-03-24 03:15:00+01:00,6469.953259428323,9547.353872,3508.974922480926,4367.291,9978.928181909248,13914.644872,13926.542556
2026-03-24 03:30:00+01:00,6410.271461017024,10121.842352,3498.8748884086244,4488.601,9909.14634942565,14610.443351999998,14622.423963999998
2026-03-24 03:45:00+01:00,6350.108646146609,10707.674008,3482.9593714832986,4693.623,9833.068017629908,15401.297008,15413.531516
2026-03-24 04:00:00+01:00,8719.414315861004,11297.082508,4446.952394420025,4847.386,13166.366710281029,16144.468508,16156.551244
2026-03-24 04:15:00+01:00,8699.839993298829,11815.278052,4456.51372175994,5015.007,13156.353715058769,16830.285052,16842.524292
2026-03-24 04:30:00+01:00,8638.463578104067,12293.202752,4450.187843816552,5064.65,13088.651421920618,17357.852752,17370.032735999997
2026-03-24 04:45:00+01:00,8598.467379895752,12826.011376,4451.941730583048,5179.237,13050.4091104788,18005.248376,18020.621888
2026-03-24 05:00:00+01:00,10398.15871114659,13472.2442,5484.87142363848,5472.614,15883.030134785071,18944.8582,18957.95422
2026-03-24 05:15:00+01:00,10428.373431953636,14292.330264,5473.8301936831995,5634.545,15902.203625636836,19926.875264,19941.32238
2026-03-24 05:30:00+01:00,10425.673273864115,15098.958812,5474.8061763087335,5807.919,15900.479450172848,20906.877812,20920.873748
2026-03-24 05:45:00+01:00,10455.247058445795,15765.742032,5481.589995270972,5890.724,15936.837053716768,21656.466032,21670.9
2026-03-24 06:00:00+01:00,12691.611200855254,17181.03354,6040.008903799458,6092.92,18731.62010465471,23273.95354,23323.830544000004
2026-03-24 06:15:00+01:00,12683.127279449067,17843.03962,6055.42801793996,6288.773,18738.555297389026,24131.81262,24492.473124
2026-03-24 06:30:00+01:00,12674.076977979827,18448.876636,6055.604957106833,6281.926,18729.68193508666,24730.802636,25935.792776
2026-03-24 06:45:00+01:00,12628.702945325149,19004.884996,6052.285007323765,6399.32,18680.987952648913,25404.204996,27740.496848
2026-03-24 07:00:00+01:00,17025.888873083422,19329.23162,6306.215448835677,5570.596,23332.104321919098,24899.827619999996,28629.199039999996
2026-03-24 07:15:00+01:00,16937.825096927296,19610.26266,6300.460805161982,5869.775,23238.28590208928,25480.03766,30696.299416
2026-03-24 07:30:00+01:00,16839.130722024365,19651.67052,6285.553671604874,5993.464,23124.68439362924,25645.13452,32449.856052
2026-03-24 07:45:00+01:00,16684.611987753167,19803.073976,6290.95176801464,6103.991,22975.563755767806,25907.064976,34475.496144000004
2026-03-24 08:00:00+01:00,15573.233962934677,19797.857768,6191.991367637561,6082.471,21765.225330572237,25880.328768,36519.86042
2026-03-24 08:15:00+01:00,15440.631141797205,19630.65382,6194.847562889397,6086.91,21635.4787046866,25717.56382,38366.188084
2026-03-24 08:30:00+01:00,15248.473839542752,19364.976012,6200.362930858644,6132.717,21448.836770401394,25497.693012,40258.699724
2026-03-24 08:45:00+01:00,15015.73394768544,19190.09296,6199.091679209104,6077.919,21214.825626894544,25268.011960000003,42230.77310800001
2026-03-24 09:00:00+01:00,11387.229215008685,18709.306852,6187.079062213107,5828.267,17574.308277221793,24537.573852,43677.08958
2026-03-24 09:15:00+01:00,11123.3224836879,18218.951624,6197.716281425811,6048.685,17321.03876511371,24267.636624,45598.945576
2026-03-24 09:30:00+01:00,10933.002044438494,17802.912272,6201.708415546807,6260.414,17134.7104599853,24063.326272,47252.666972000006
2026-03-24 09:45:00+01:00,10753.288955197098,17449.914596,6189.498128475007,6397.222,16942.787083672105,23847.136595999997,48888.491328
2026-03-24 10:00:00+01:00,10585.721843523748,17418.1624,6270.292215773655,6263.629,16856.014059297402,23681.7914,50772.411148
2026-03-24 10:15:00+01:00,10492.504009581018,17620.303508,6242.511746424793,6332.168,16735.01575600581,23952.471508,52995.196448
2026-03-24 10:30:00+01:00,10451.477777677224,17904.844472,6224.813434963056,6380.006,16676.29121264028,24284.850472,55132.50378
2026-03-24 10:45:00+01:00,10429.744508307573,17521.142964,6217.60016419977,6295.652,16647.344672507345,23816.794964,55667.678104000006
2026-03-24 11:00:00+01:00,13386.816084043148,18251.988048,5928.439724765332,5198.726,19315.25580880848,23450.714048,56441.6551
2026-03-24 11:15:00+01:00,13416.971541213074,18284.898256,5924.937158418654,5216.895,19341.908699631727,23501.793256,57614.205323999995
2026-03-24 11:30:00+01:00,13454.339909441238,18181.558292,5921.720485286061,4989.269,19376.060394727298,23170.827292,57710.996192
2026-03-24 11:45:00+01:00,13449.146732521498,18896.9984,5916.344045987023,4989.124,19365.49077850852,23886.1224,59096.590176
2026-03-24 12:00:00+01:00,16174.412868209747,19139.74296,5787.272750516444,5011.725,21961.68561872619,24151.46796,59281.816628
2026-03-24 12:15:00+01:00,16201.344201498778,18895.98928,5769.282029097707,4797.235,21970.626230596485,23693.22428,58221.267764
2026-03-24 12:30:00+01:00,16257.54653667886,19400.022468,5779.446839953926,4657.975,22036.993376632785,24057.997468,58480.22904
2026-03-24 12:45:00+01:00,16292.116124375907,19414.720832,5770.089481175034,4613.742,22062.205605550942,24028.462831999997,58039.540964
2026-03-24 13:00:00+01:00,17162.74025960372,19999.477176,5685.952602626173,4895.337,22848.692862229895,24894.814176,58345.559544
2026-03-24 13:15:00+01:00,17196.189637614847,20638.569524,5677.278400146084,4963.914,22873.468037760933,25602.483524,58783.995904
2026-03-24 13:30:00+01:00,17211.84341169806,21153.424488,5675.505505821615,4851.539,22887.348917519674,26004.963488,58153.602192000006
2026-03-24 13:45:00+01:00,17225.54572255906,21444.386176,5664.445179344306,4929.961,22889.990901903366,26374.347176,57570.391352
2026-03-24 14:00:00+01:00,18339.01384334191,22161.575192,5612.5942635150805,4845.537,23951.60810685699,27007.112192,56968.026807999995
2026-03-24 14:15:00+01:00,18408.323324637902,23025.560848,5610.322337670676,5025.065,24018.645662308576,28050.625848,56855.117656
2026-03-24 14:30:00+01:00,18489.874727578343,24044.397812,5637.30528462082,5166.047,24127.180012199162,29210.444812,56592.818272
2026-03-24 14:45:00+01:00,18572.47005229308,24871.152084,5632.202544186197,5254.337,24204.67259647928,30125.489084,55561.337428
2026-03-24 15:00:00+01:00,18521.70778477437,25758.703748,5758.29520015188,5530.892,24280.00298492625,31289.595748,54954.481096
2026-03-24 15:15:00+01:00,18561.844610014312,27070.958844,5768.605962339821,5809.55,24330.450572354133,32880.508844,54580.892340000006
2026-03-24 15:30:00+01:00,18570.77496461958,28177.486668,5769.279142506515,5947.634,24340.054107126096,34125.120668,53568.19054
2026-03-24 15:45:00+01:00,18586.18990909011,28788.206364,5767.5365137176295,5967.062,24353.72642280774,34755.268364,51791.085376
2026-03-24 16:00:00+01:00,19570.043891217523,28270.970716,5684.779436519877,6670.772,25254.823327737402,34941.742716,49623.410588
2026-03-24 16:15:00+01:00,19559.340611233525,27495.80778,5701.660550935939,6627.068,25261.001162169465,34122.87578,46563.313592000006
2026-03-24 16:30:00+01:00,19498.521842019138,26552.26384,5713.451994418522,6729.549,25211.97383643766,33281.81284,43791.254499999995
2026-03-24 16:45:00+01:00,19445.008507232,26068.8661,5702.727628993935,6773.228,25147.736136225933,32842.0941,41283.19586
2026-03-24 17:00:00+01:00,19518.52476156243,26113.11048,5822.835053404637,6998.188,25341.359814967065,33111.29848,39514.932219999995
2026-03-24 17:15:00+01:00,19447.978443837124,26154.05874,5811.501064919792,7080.47,25259.479508756915,33234.52874,37899.501668
2026-03-24 17:30:00+01:00,19446.970357753882,26160.646332,5791.113023623995,7112.511,25238.083381377877,33273.157332,36476.066796
2026-03-24 17:45:00+01:00,19532.05745403269,26494.035468,5779.376146565311,7267.741,25311.433600598,33761.776468,35804.351176
2026-03-24 18:00:00+01:00,22695.59086976562,27168.844964,5808.6084230732995,7020.386,28504.19929283892,34189.230964,35243.018748
2026-03-24 18:15:00+01:00,22931.94159155601,28257.151912,5804.68178811762,6726.258,28736.62337967363,34983.409912,35390.277472
2026-03-24 18:30:00+01:00,23199.423506341507,29454.580584,5798.785212010094,6579.838,28998.2087183516,36034.418584,36156.7469
2026-03-24 18:45:00+01:00,23438.38144176359,30648.9193,5792.346843788941,6553.217,29230.728285552534,37202.1363,37260.960508
2026-03-24 19:00:00+01:00,25305.94992752379,31739.557848,6064.886478516018,6652.899,31370.83640603981,38392.456848,38458.441032
2026-03-24 19:15:00+01:00,25556.28535387581,33022.132156,6081.777471874734,6616.325,31638.062825750545,39638.457156,39710.62736
2026-03-24 19:30:00+01:00,25782.455374522582,34227.96748,6096.12662840767,6538.389,31878.582002930252,40766.35648,40834.259000000005
2026-03-24 19:45:00+01:00,25974.242453263294,35298.839152,6105.581099988859,6461.016,32079.823553252154,41759.855152,41816.01302400001
2026-03-24 20:00:00+01:00,30730.023355624795,36435.491484,6231.037107809861,6489.776,36961.06046343465,42925.267484,42977.273184
2026-03-24 20:15:00+01:00,30872.72431881534,37408.309892,6252.05056729319,6786.262,37124.77488610853,44194.571892,44229.032092
2026-03-24 20:30:00+01:00,30987.737405675034,38088.951068,6248.818593499189,6898.77,37236.55599917422,44987.721068,45016.810352
2026-03-24 20:45:00+01:00,31067.984560411445,38499.243288,6242.1317885475855,6878.401,37310.11634895903,45377.644288,45396.988532
2026-03-24 21:00:00+01:00,34113.93630982151,39005.10734,6377.729509000767,6735.136,40491.66581882228,45740.24334,45762.667384
2026-03-24 21:15:00+01:00,34176.15563391761,39300.683344,6403.38781459136,6530.777,40579.54344850897,45831.460344,45845.464812
2026-03-24 21:30:00+01:00,34179.6715520325,40180.706412,6418.74972868552,6078.852,40598.42128071802,46259.558412,46275.821176
2026-03-24 21:45:00+01:00,34153.74081214175,40621.123816,6441.613714304337,5820.659,40595.354526446084,46441.782816,46458.3943
2026-03-24 22:00:00+01:00,35428.84817574315,38982.207512,6352.12358848417,5491.305,41780.97176422732,44473.512512,44499.674828
2026-03-24 22:15:00+01:00,35420.35942053101,39027.184668,6378.7611376970435,5725.217,41799.12055822805,44752.401668,44772.249248
2026-03-24 22:30:00+01:00,35404.611520607104,39364.755752,6399.8530274019495,5832.923,41804.464548009055,45197.678752,45213.5863
2026-03-24 22:45:00+01:00,35285.072999202224,39394.011488,6419.911213907996,5834.975,41704.98421311022,45228.986487999995,45240.46292
2026-03-24 23:00:00+01:00,37708.41168776506,39268.623224,6280.263387974748,5412.006,43988.67507573981,44680.629224,44690.754152
2026-03-24 23:15:00+01:00,37660.41132193795,39287.318108,6305.14336946013,5328.215,43965.55469139808,44615.533108,44625.898484000005
2026-03-24 23:30:00+01:00,37607.338239598,39029.361648,6303.269491460432,5331.327,43910.60773105843,44360.688648,44371.23787999999
2026-03-24 23:45:00+01:00,37540.746412417895,38703.30292,6309.790241624582,5249.632,43850.53665404248,43952.93492,43963.55536
2026-03-25 00:00:00+01:00,39976.289086481316,39230.816468,6126.837311262439,5603.56,46103.126397743756,44834.376467999995,44844.969723999995
2026-03-25 00:15:00+01:00,39920.08597772494,39448.380212,6119.72755260191,5756.741,46039.81353032685,45205.121212,45216.035768
2026-03-25 00:30:00+01:00,39885.8022196799,39396.183308,6104.885606020413,5668.773,45990.68782570031,45064.956308,45076.085264
2026-03-25 00:45:00+01:00,39863.37160139903,39248.462716,6093.2857098342165,5725.135,45956.65731123324,44973.597716,44984.347236
2026-03-25 01:00:00+01:00,40667.922876076096,39074.455052,6109.693231486509,5552.071,46777.61610756261,44626.526052,44638.31804
2026-03-25 01:15:00+01:00,40616.26851805516,38993.029968,6095.665739858715,5591.946,46711.934257913876,44584.975968,44596.723264
2026-03-25 01:30:00+01:00,40591.6009507609,39161.518064,6070.5996518563215,5057.371,46662.20060261722,44218.889064,44231.020116
2026-03-25 01:45:00+01:00,40560.8482698424,38951.54048,6045.840524425952,4948.209,46606.68879426835,43899.749480000006,43911.05772
2026-03-25 02:00:00+01:00,41110.43919349388,38612.931104,6410.922603879557,5435.498,47521.361797373436,44048.429104,44058.888584
2026-03-25 02:15:00+01:00,41058.74570757883,38335.70454,6384.617621824076,5448.133,47443.36332940291,43783.83754,43793.700904
2026-03-25 02:30:00+01:00,41014.0871930188,38208.700396,6340.722158921415,5458.768,47354.80935194022,43667.468396,43677.924344
2026-03-25 02:45:00+01:00,40980.974185196086,37991.667068,6327.614653332276,5402.637,47308.58883852836,43394.304068000005,43409.966168000006
2026-03-25 03:00:00+01:00,40705.59894824224,38075.534588,6023.119446973939,5609.443,46728.71839521618,43684.977588,43695.422108
2026-03-25 03:15:00+01:00,40653.319079964625,37661.626472,6017.095378169058,5496.681,46670.41445813368,43158.307472,43169.13542
2026-03-25 03:30:00+01:00,40601.31946547018,37490.213032,6003.694722776397,5562.432,46605.014188246576,43052.645032,43063.740836
2026-03-25 03:45:00+01:00,40549.17431647868,38185.23734,5998.381426049868,5600.711,46547.55574252855,43785.94834,43797.304704
2026-03-25 04:00:00+01:00,39615.71704038642,38703.172116,5918.635602954558,5452.704,45534.35264334098,44155.876116,44166.589144
2026-03-25 04:15:00+01:00,39605.28589901412,38804.29022,5929.7634543707945,5534.937,45535.049353384915,44339.22722,44350.271244
2026-03-25 04:30:00+01:00,39554.588672839585,38873.406184,5924.892088797287,5532.025,45479.48076163687,44405.431184,44416.848296
2026-03-25 04:45:00+01:00,39527.06260203992,39562.347812,5927.55004809779,5591.252,45454.612650137715,45153.599812,45164.494764
2026-03-25 05:00:00+01:00,40504.83135044627,40986.224192,5724.599740420158,5795.853,46229.43109086643,46782.077192,46792.907656
2026-03-25 05:15:00+01:00,40547.284433814915,41561.405584,5717.428885755144,5925.505,46264.71331957006,47486.910584,47498.724484
2026-03-25 05:30:00+01:00,40559.23486801908,42488.24532,5721.27765240752,6069.366,46280.51252042659,48557.61132,48570.754400000005
2026-03-25 05:45:00+01:00,40599.246165664306,43334.178092,5727.188241811931,6128.785,46326.434407476234,49462.963092000005,49477.870180000005
2026-03-25 06:00:00+01:00,41228.51989684378,45517.719412,5555.811620663676,6388.273,46784.33151750746,51905.992412,51940.247744
2026-03-25 06:15:00+01:00,41223.72849816173,45677.17646,5574.883358306356,6533.177,46798.61185646808,52210.35346,52443.639568
2026-03-25 06:30:00+01:00,41217.39397061695,45915.341996,5573.990944395707,6702.993,46791.384915012655,52618.334996000005,53514.079860000005
2026-03-25 06:45:00+01:00,41178.42603654174,46013.279896,5576.980159719593,6711.516,46755.406196261334,52724.795896,54532.67008
2026-03-25 07:00:00+01:00,40497.97192646526,45748.7641,5513.343063552837,7120.691,46011.314990018094,52869.4551,55890.809092
2026-03-25 07:15:00+01:00,40403.238039843134,46434.922076,5515.055957769745,7078.52,45918.29399761288,53513.44207600001,57799.49905600001
2026-03-25 07:30:00+01:00,40290.646468058985,46594.257352,5506.238470873553,7058.422,45796.88493893254,53652.679352,59382.959528
2026-03-25 07:45:00+01:00,40139.98374059435,46523.870088,5518.451665225316,7092.662,45658.43540581966,53616.53208800001,60831.69491600001
2026-03-25 08:00:00+01:00,40925.961482169485,45850.258248,5574.229904220076,7298.757,46500.19138638956,53149.015248,61734.084176
2026-03-25 08:15:00+01:00,40771.8210500457,44552.703188,5580.478851712899,7644.074,46352.2999017586,52196.777188,62145.517832
2026-03-25 08:30:00+01:00,40433.762955753926,43515.715064,5566.636755627088,7798.131,46000.39971138101,51313.846064000005,62475.29954400001
2026-03-25 08:45:00+01:00,40199.96787754392,43114.910596,5561.727944053371,7763.696,45761.695821597285,50878.606596,63142.216812
2026-03-25 09:00:00+01:00,40176.826731580775,42532.502616,5266.13110957215,7296.833,45442.95784115292,49829.335616,63081.539048
2026-03-25 09:15:00+01:00,39922.04261531089,41563.52638,5277.061650090801,7134.864,45199.10426540169,48698.39038,62405.92312400001
2026-03-25 09:30:00+01:00,39734.83943087449,41136.4234,5278.814599726519,6986.858,45013.65403060101,48123.2814,62590.62256
2026-03-25 09:45:00+01:00,39562.56713899956,40688.910472,5264.526872529708,7035.284,44827.09401152927,47724.194472,63042.587884
2026-03-25 10:00:00+01:00,39296.831264103144,40763.4771,5312.969372408962,7039.749,44609.800636512104,47803.2261,63826.755056
2026-03-25 10:15:00+01:00,39202.17132405394,40915.290324,5303.211077826506,7064.461,44505.382401880444,47979.751324,64449.607972000005
2026-03-25 10:30:00+01:00,39154.18248694924,40331.264924,5284.057386367874,7102.699,44438.239873317114,47433.963924,64051.72996
2026-03-25 10:45:00+01:00,39123.874631974686,40147.865132,5275.8868337944405,7054.093,44399.76146576913,47201.958132,64037.8924
2026-03-25 11:00:00+01:00,36843.92198074306,40173.7546,4987.803006034967,6872.559,41831.724986778034,47046.3136,63930.131036000006
2026-03-25 11:15:00+01:00,36865.571749170995,39321.22066,4981.799038350895,6861.731,41847.37078752189,46182.95166,63509.064272
2026-03-25 11:30:00+01:00,36896.34489174563,38667.07684,4975.50365987202,7094.858,41871.84855161765,45761.93484,63088.506788
2026-03-25 11:45:00+01:00,36887.18134964164,37866.51672,4967.77697424888,7179.607,41854.958323890525,45046.12372,62292.226012
2026-03-25 12:00:00+01:00,35982.08040018804,37295.893844,5377.603918591008,7055.906,41359.684318779044,44351.799844,61834.051564
2026-03-25 12:15:00+01:00,36009.91900922314,36522.169748,5358.288536624375,7038.129,41368.207545847516,43560.298748,61188.506228
2026-03-25 12:30:00+01:00,36062.30107775872,35250.634384,5365.222775642897,7056.455,41427.52385340162,42307.089384,59933.920228
2026-03-25 12:45:00+01:00,36099.23387958722,34445.5664,5348.636010096747,7079.423,41447.86988968396,41524.989400000006,58962.158800000005
2026-03-25 13:00:00+01:00,35000.06293864535,33284.222712,5381.504758742848,6844.649,40381.5676973882,40128.871712,57525.429468
2026-03-25 13:15:00+01:00,35032.986737722335,32873.977344,5367.996586611181,6851.716,40400.983324333516,39725.693344,57020.780203999995
2026-03-25 13:30:00+01:00,35055.81358654197,32365.895192,5360.183640395889,6839.795,40415.997226937856,39205.690192,56266.010944
2026-03-25 13:45:00+01:00,35076.419426917026,31504.088344,5348.111263748631,6714.047,40424.530690665655,38218.135344,55044.183288
2026-03-25 14:00:00+01:00,34578.19310613759,31392.258388,5330.782206473659,6970.437,39908.97531261125,38362.695388,55334.006612
2026-03-25 14:15:00+01:00,34640.6065017908,31211.448364,5330.081212032012,6951.882,39970.68771382281,38163.330364,55221.73852
2026-03-25 14:30:00+01:00,34713.73125219236,30448.192676,5357.734399907285,6845.516,40071.46565209964,37293.708675999995,54165.686667999995
2026-03-25 14:45:00+01:00,34795.748898336686,29873.552852,5356.5172604176505,6636.309,40152.26615875433,36509.861852,52644.563708
2026-03-25 15:00:00+01:00,33557.903542288645,29483.686864,5652.652488313786,6437.918,39210.55603060243,35921.604864,51261.325224
2026-03-25 15:15:00+01:00,33592.82934223882,28780.082896,5667.820018235151,6401.065,39260.64936047397,35181.147896,49931.541232
2026-03-25 15:30:00+01:00,33635.061097099955,28234.738328,5675.396964216775,6006.914,39310.45806131673,34241.652328,47565.316248
2026-03-25 15:45:00+01:00,33641.05312145614,27611.59706,5680.777268505084,5855.993,39321.83038996122,33467.59006,45381.555316
2026-03-25 16:00:00+01:00,32577.60913335575,26939.928136,5812.53408118887,5530.805,38390.143214544616,32470.733136,43006.846884
2026-03-25 16:15:00+01:00,32563.5128230435,25925.508328,5830.452599261121,5483.234,38393.965422304624,31408.742328,40884.579548
2026-03-25 16:30:00+01:00,32504.387805807466,25448.399276,5843.42847343901,5352.75,38347.81627924648,30801.149276,38940.693316
2026-03-25 16:45:00+01:00,32444.37028484937,24932.798864,5835.901192680635,5320.781,38280.271477530005,30253.579864,36970.18882
2026-03-25 17:00:00+01:00,30334.64501117258,24593.872488,6043.274678034149,6079.217,36377.91968920673,30673.089488,36030.301708
2026-03-25 17:15:00+01:00,30257.24234368223,24046.491204,6037.765683812038,6282.231,36295.00802749427,30328.722204,34496.101664
2026-03-25 17:30:00+01:00,30222.798310744507,23454.558696,6028.822124276473,6215.665,36251.62043502098,29670.223696,32558.818832
2026-03-25 17:45:00+01:00,30326.611812653548,22631.895144,6024.247185242865,6069.649,36350.858997896416,28701.544144,30485.024492
2026-03-25 18:00:00+01:00,28320.522180309297,22214.523068,5761.100537248117,6900.411,34081.62271755742,29114.934068,30069.554212
2026-03-25 18:15:00+01:00,28545.45901692066,22325.882952,5761.540566706139,7006.355,34306.9995836268,29332.237952,29770.754744
2026-03-25 18:30:00+01:00,28788.875358406673,22502.289492,5763.510860584054,6978.623,34552.38621899072,29480.912492,29704.784392
2026-03-25 18:45:00+01:00,29038.856839336964,22487.175104,5762.740031268141,6865.62,34801.596870605106,29352.795104,29506.470964
2026-03-25 19:00:00+01:00,27746.44950615667,22038.600416,5846.2760546674,7147.121,33592.72556082407,29185.721416,29273.514528
2026-03-25 19:15:00+01:00,27987.6531062126,22008.281148,5863.274691080477,7186.223,33850.92779729308,29194.504148,29265.091668
2026-03-25 19:30:00+01:00,28228.329729843204,21968.909568,5873.760642062882,7167.107,34102.09037190609,29136.016568,29231.294696
2026-03-25 19:45:00+01:00,28438.96803944565,22125.308416,5879.042404075136,7175.982,34318.01044352079,29301.290416,29371.00304
2026-03-25 20:00:00+01:00,28259.345198559866,22056.319776,6092.353983663865,7099.768,34351.69918222373,29156.087776,29273.80922
2026-03-25 20:15:00+01:00,28395.117059984095,22244.442304,6115.353596909819,7224.257,34510.470656893915,29468.699304,29512.306248
2026-03-25 20:30:00+01:00,28496.39057729057,22126.115096,6113.928277874345,7207.201,34610.318855164915,29333.316096,29353.205984000004
2026-03-25 20:45:00+01:00,28569.484289682176,21759.68508,6103.9134628345355,7167.721,34673.397752516714,28927.40608,28943.063828
2026-03-25 21:00:00+01:00,28533.744790871508,21842.55592,6031.735190307269,7490.803,34565.479981178774,29333.35892,29380.315032
2026-03-25 21:15:00+01:00,28600.87689607058,21946.21232,6052.880082348205,7745.083,34653.75697841878,29691.295319999997,29724.442883999996
2026-03-25 21:30:00+01:00,28617.10005424966,22143.125068,6065.726087749843,7692.789,34682.8261419995,29835.914068,29856.851608
2026-03-25 21:45:00+01:00,28609.273334705264,22439.52396,6081.381417492045,7667.161,34690.65475219731,30106.68496,30119.460691999997
2026-03-25 22:00:00+01:00,28164.89031667626,21797.241044,6053.845293364377,7700.859,34218.73561004064,29498.100044,29524.583996
2026-03-25 22:15:00+01:00,28165.03301299859,21896.293512,6079.2702926971515,7682.066,34244.30330569574,29578.359512,29590.778856
2026-03-25 22:30:00+01:00,28147.115866106247,21919.576556,6099.54215820088,7787.023,34246.65802430713,29706.599556,29718.578436
2026-03-25 22:45:00+01:00,28109.79840984757,21775.266488,6120.438670450283,7946.463,34230.237080297855,29721.729488,29735.76878
2026-03-25 23:00:00+01:00,25128.490344656107,22071.312252,6228.15761104318,7935.115,31356.647955699285,30006.427252,30019.94608
2026-03-25 23:15:00+01:00,25104.251643078096,22071.407924,6250.242517969463,8056.273,31354.494161047558,30127.680924,30139.53434
2026-03-25 23:30:00+01:00,25063.454490626526,21806.634968,6261.388820531015,8029.81,31324.84331115754,29836.444968,29848.970148
2026-03-25 23:45:00+01:00,25025.530833379675,21657.03104,6278.886754132056,8207.204,31304.41758751173,29864.23504,29876.500464
2026-03-26 00:00:00+01:00,24191.366105711433,21402.512256,6574.607503830581,8249.636,30765.973609542016,29652.148256,29663.052132
2026-03-26 00:15:00+01:00,24149.908344055533,21559.019408,6571.077156802243,8255.581,30720.985500857776,29814.600408,29825.546848
2026-03-26 00:30:00+01:00,24118.345521594827,21911.350968,6553.54319835683,8282.957,30671.888719951658,30194.307968,30205.173872
2026-03-26 00:45:00+01:00,24091.373289747793,22126.093092,6544.694877161323,8324.481,30636.068166909117,30450.574092,30462.827224
2026-03-26 01:00:00+01:00,24490.511509357424,21858.341184,6563.587975828607,8486.407,31054.09948518603,30344.748184,30357.06868
2026-03-26 01:15:00+01:00,24445.399354393634,21606.344728,6548.782129516608,8448.609,30994.18148391024,30054.953728,30067.260324
2026-03-26 01:30:00+01:00,24423.403167994835,21590.577948,6509.3059478453215,8358.94,30932.709115840156,29949.517948,29962.027968
2026-03-26 01:45:00+01:00,24385.031892442028,21563.467328,6481.196936389581,8319.31,30866.22882883161,29882.777327999996,29895.528139999995
2026-03-26 02:00:00+01:00,24432.51932894626,22164.619584,6369.232050271835,8403.14,30801.751379218094,30567.759584,30580.371736
2026-03-26 02:15:00+01:00,24387.894029166782,22612.478708,6345.839961370394,8370.185,30733.733990537177,30982.663708,30996.225068
2026-03-26 02:30:00+01:00,24344.250411913625,22806.375832,6303.1470664614735,8357.254,30647.397478375096,31163.629832,31176.917956
2026-03-26 02:45:00+01:00,24300.972625025002,22594.191496,6288.3645588787385,8369.377,30589.337183903743,30963.568496,30976.432432
2026-03-26 03:00:00+01:00,23938.713356021373,22736.91372,6508.108580602325,8272.84,30446.8219366237,31009.75372,31022.533916
2026-03-26 03:15:00+01:00,23883.36063057795,22807.102728,6498.7236750567745,8197.184,30382.084305634726,31004.286728,31017.787112
2026-03-26 03:30:00+01:00,23825.84476996662,22910.251892,6486.383545150795,8381.786,30312.228315117416,31292.037892,31304.949508
2026-03-26 03:45:00+01:00,23792.47265078772,23071.145928,6481.503416011425,8324.783,30273.976066799143,31395.928928,31409.805904
2026-03-26 04:00:00+01:00,25426.112792741093,23069.274164,6427.395194674855,8332.317,31853.50798741595,31401.591164,31414.9014
2026-03-26 04:15:00+01:00,25428.947595640704,23002.790452,6438.2068792245145,8294.903,31867.15447486522,31297.693452,31310.9108
2026-03-26 04:30:00+01:00,25385.873088470173,22740.872056,6434.129126672451,8254.043,31820.002215142624,30994.915056,31008.541404
2026-03-26 04:45:00+01:00,25369.916993138875,22286.809196,6440.8406714269295,8328.038,31810.757664565805,30614.847196,30628.540644
2026-03-26 05:00:00+01:00,25876.26405784996,22270.530932,6418.177496358269,8400.495,32294.441554208228,30671.025932000004,30684.403812000004
2026-03-26 05:15:00+01:00,25914.27128452687,22166.202836,6415.438626322209,8466.453,32329.709910849077,30632.655836,30644.934179999997
2026-03-26 05:30:00+01:00,25942.427448479924,22136.136504,6422.994246449779,8348.375,32365.421694929704,30484.511504,30496.573068
2026-03-26 05:45:00+01:00,26002.751362417293,21934.31238,6427.288219797669,8376.636,32430.039582214962,30310.94838,30325.828904
2026-03-26 06:00:00+01:00,24956.069752415257,22654.9047,6518.335307178916,7837.615,31474.405059594174,30492.519699999997,30539.391375999996
2026-03-26 06:15:00+01:00,24947.516814255196,22565.632108,6541.162531079329,7985.551,31488.679345334524,30551.183108,30804.41426
2026-03-26 06:30:00+01:00,24948.41964909946,22342.5371,6547.650221588355,7933.38,31496.069870687814,30275.9171,31054.794404000004
2026-03-26 06:45:00+01:00,24913.660697160125,21368.093204,6553.611698252877,7851.683,31467.272395413,29219.776204,30832.575928
2026-03-26 07:00:00+01:00,23235.94162997124,20721.05768,6519.9237862986765,7756.355,29755.865416269917,28477.41268,31223.64804
2026-03-26 07:15:00+01:00,23161.98314274322,20683.155356,6524.646606834903,7769.258,29686.629749578122,28452.413355999997,32559.694883999997
2026-03-26 07:30:00+01:00,23056.673378025203,20768.006028,6516.389880312099,7776.811,29573.0632583373,28544.817028,34140.540263999996
2026-03-26 07:45:00+01:00,22909.98039719869,20644.524184,6529.003176389101,7418.92,29438.983573587793,28063.444184,35258.54318
2026-03-26 08:00:00+01:00,25939.404218743082,20908.182636,6491.642067221382,6707.166,32431.046285964465,27615.348636,36494.020516
2026-03-26 08:15:00+01:00,25728.17646539786,21376.803032,6503.06775833721,6627.193,32231.24422373507,28003.996032,38579.357575999995
2026-03-26 08:30:00+01:00,25395.45088909513,22101.556396,6428.485341296444,6616.032,31823.936230391573,28717.588396,40928.990648
2026-03-26 08:45:00+01:00,25164.278238205967,22770.445088,6418.725476145224,6575.699,31583.00371435119,29346.144088,42874.278552
2026-03-26 09:00:00+01:00,26454.067616992215,22991.900096,6101.251081201657,6363.024,32555.31869819387,29354.924096,44197.468772
2026-03-26 09:15:00+01:00,26188.768136135506,23323.04856,6120.218384895872,6312.395,32308.98652103138,29635.44356,45704.132548
2026-03-26 09:30:00+01:00,25980.517184961638,23089.49904,6126.368958559206,6340.489,32106.886143520846,29429.988039999997,46468.211172
2026-03-26 09:45:00+01:00,25795.983485881687,23302.613228,6114.876959734965,6332.576,31910.86044561665,29635.189228,47914.386836
2026-03-26 10:00:00+01:00,28196.62222366165,23621.92086,6238.053618610603,5696.224,34434.67584227225,29318.14486,48835.502735999995
2026-03-26 10:15:00+01:00,28097.013786604606,23372.552856,6231.294215442652,5452.274,34328.308002047255,28824.826856,49790.892988
2026-03-26 10:30:00+01:00,28048.475287622306,23194.176276,6215.032387728003,5471.726,34263.50767535031,28665.902275999997,50717.561372
2026-03-26 10:45:00+01:00,27997.303801321177,23168.402708,6202.714762936361,5547.473,34200.01856425754,28715.875708,52218.15312
2026-03-26 11:00:00+01:00,28585.27672447503,23521.996272,6273.191979864452,5000.092,34858.46870433948,28522.088272,53393.294524
2026-03-26 11:15:00+01:00,28600.297009020316,23409.52968,6266.875971006539,5005.137,34867.17298002685,28414.66668,54486.453316
2026-03-26 11:30:00+01:00,28614.540511871826,22947.91842,6253.677864341287,4537.012,34868.21837621312,27484.93042,54468.557544
2026-03-26 11:45:00+01:00,28612.636883726882,22918.531364,6239.683898196218,4497.308,34852.3207819231,27415.839364,55089.814203999995
2026-03-26 12:00:00+01:00,28012.914374329102,23251.9709,6295.5330187299205,5296.986,34308.447393059025,28548.9569,56555.67504
2026-03-26 12:15:00+01:00,28034.052418835632,23236.280252,6270.382306679911,5465.084,34304.434725515544,28701.364252,57789.961216
2026-03-26 12:30:00+01:00,28085.202465447594,22402.116616,6274.062910634003,5670.989,34359.265376081596,28073.105616,57963.902084
2026-03-26 12:45:00+01:00,28116.164397725108,22865.64284,6249.3335159509,5609.284,34365.49791367601,28474.92684,58538.511976
2026-03-26 13:00:00+01:00,29615.3875570162,23017.379668,6357.497680607945,5798.505,35972.88523762415,28815.884668,58696.927436
2026-03-26 13:15:00+01:00,29664.55689695137,23185.684876,6344.331257406136,5990.427,36008.888154357504,29176.111876,58824.698168
2026-03-26 13:30:00+01:00,29692.147906432365,23171.501284,6334.819647152052,6005.094,36026.967553584414,29176.595284000003,59027.593036000006
2026-03-26 13:45:00+01:00,29725.194133174748,23310.959548,6323.230841873869,5959.432,36048.42497504862,29270.391548,58734.590792
2026-03-26 14:00:00+01:00,29550.447040458457,23073.469356,6250.154924166193,5761.488,35800.60196462465,28834.957356000003,58222.745912
2026-03-26 14:15:00+01:00,29649.807222892883,22949.25632,6255.672934624326,5485.528,35905.48015751721,28434.78432,56983.9311
2026-03-26 14:30:00+01:00,29754.615045353134,23210.012932,6286.551470024782,5971.054,36041.16651537792,29181.066932,56860.110528000005
2026-03-26 14:45:00+01:00,29900.636684115794,22789.056624,6288.805835131504,5653.2,36189.4425192473,28442.256624,55075.324336000005
2026-03-26 15:00:00+01:00,26350.578181799065,22251.99624,6205.0693629408,5390.637,32555.647544739862,27642.63324,53658.963656
2026-03-26 15:15:00+01:00,26412.08120887586,22632.323364,6227.9366717272205,5608.963,32640.01788060308,28241.286364,52851.874528
2026-03-26 15:30:00+01:00,26467.516059432975,23175.087368,6240.167807888753,5400.897,32707.683867321728,28575.984368,51432.146984000006
2026-03-26 15:45:00+01:00,26485.707755336975,23572.167,6247.07902787751,5559.512,32732.786783214484,29131.679,50062.989883999995
2026-03-26 16:00:00+01:00,26025.191405869347,22897.938352,6347.577120756686,6102.748,32372.768526626034,29000.686352,48065.514664
2026-03-26 16:15:00+01:00,26043.47309748224,22959.051876,6364.196152611687,6000.766,32407.669250093928,28959.817876,46308.077872
2026-03-26 16:30:00+01:00,25972.66488451225,22764.8974,6380.723772270251,5963.689,32353.388656782503,28728.5864,43568.607552
2026-03-26 16:45:00+01:00,25920.36276439814,22365.66318,6375.537048163393,6261.06,32295.899812561533,28626.72318,40983.11742
2026-03-26 17:00:00+01:00,21914.933051927488,21670.016704,6264.924453518748,6392.657,28179.857505446234,28062.673704,37747.669876
2026-03-26 17:15:00+01:00,21846.279090101725,20689.859436,6263.669862033179,6414.886,28109.948952134902,27104.745435999997,34280.199307999996
2026-03-26 17:30:00+01:00,21823.73107691394,19246.8793,6256.962307499148,6197.64,28080.693384413087,25444.5193,30420.372468
2026-03-26 17:45:00+01:00,21932.096304574196,17983.028548,6257.265690284561,6748.718,28189.36199485876,24731.746548,27926.986136
2026-03-26 18:00:00+01:00,18965.384426071792,16586.978788,6300.3263291447865,6973.641,25265.71075521658,23560.619788,25293.752552
2026-03-26 18:15:00+01:00,19267.315261067462,15894.751732,6294.270368699203,7345.635,25561.585629766665,23240.386732,23967.321596
2026-03-26 18:30:00+01:00,19510.00297301017,16048.655068,6294.254349803449,7023.959,25804.25732281362,23072.614068,23288.344604
2026-03-26 18:45:00+01:00,19785.968941261224,15640.735632,6291.859667724192,7060.56,26077.828608985415,22701.295632,22803.541496
2026-03-26 19:00:00+01:00,16140.95704275596,14842.003792,6271.287638928816,7126.539,22412.244681684773,21968.542792,22022.536176
2026-03-26 19:15:00+01:00,16415.673098035517,14745.04242,6288.746538635571,7129.061,22704.41963667109,21874.10342,21925.030784
2026-03-26 19:30:00+01:00,16682.152846356985,14941.7506,6301.763295644689,6671.367,22983.916142001675,21613.1176,21670.690396
2026-03-26 19:45:00+01:00,16917.9116416723,15054.026928,6308.673517960405,6413.883,23226.585159632705,21467.909928,21517.413912
2026-03-26 20:00:00+01:00,16197.85740548329,15472.956844,6378.328692566512,6926.524,22576.186098049802,22399.480844,22525.791604
2026-03-26 20:15:00+01:00,16382.499550036811,15674.5409,6409.776984775709,6905.461,22792.27653481252,22580.0019,22604.014732
2026-03-26 20:30:00+01:00,16532.221545190172,15839.560132,6412.95063672171,6773.944,22945.172181911883,22613.504132,22631.425544
2026-03-26 20:45:00+01:00,16623.755308550593,15961.575272,6403.7349021891805,6614.448,23027.490210739772,22576.023272,22591.712143999997
2026-03-26 21:00:00+01:00,16249.30099900678,16252.800732,6178.731225455884,6584.292,22428.032224462666,22837.092732,22851.793632
2026-03-26 21:15:00+01:00,16343.585378045193,16635.673508,6196.193009011503,6357.573,22539.778387056696,22993.246508,23008.886364
2026-03-26 21:30:00+01:00,16398.85666716013,16802.199956,6198.469569694024,6216.442,22597.326236854155,23018.641956,23031.733764
2026-03-26 21:45:00+01:00,16430.51843639784,16828.82008,6209.698558458929,6141.315,22640.216994856768,22970.13508,22983.17708
2026-03-26 22:00:00+01:00,16876.029025380147,16567.91778,6013.816351787166,5951.279,22889.845377167312,22519.19678,22532.237308
2026-03-26 22:15:00+01:00,16890.491747586813,16629.413548,6048.603104828908,5765.366,22939.09485241572,22394.779548,22408.180864
2026-03-26 22:30:00+01:00,16889.35913405606,16600.532572,6071.602453952252,5516.424,22960.96158800831,22116.956572,22130.962544
2026-03-26 22:45:00+01:00,16869.90383424385,16603.414828,6093.143379802791,5304.85,22963.04721404664,21908.264828,21921.064552
2026-03-26 23:00:00+01:00,17560.96905803528,16545.093368,5857.625853945818,5243.05,23418.594911981098,21788.143368,21802.499544
2026-03-26 23:15:00+01:00,17542.716891232423,16347.280316,5886.065554535973,5086.406,23428.782445768396,21433.686316,21444.752732
2026-03-26 23:30:00+01:00,17516.774960519688,16244.43152,5902.2641080314925,4917.293,23419.03906855118,21161.72452,21172.079132
2026-03-26 23:45:00+01:00,17488.92373357255,15854.965996,5923.944936058722,4587.341,23412.868669631272,20442.306996,20451.804368
2026-03-27 00:00:00+01:00,14664.627235749327,15422.146064,5011.464628676792,4307.387,19676.09186442612,19729.533064,19738.949516
2026-03-27 00:15:00+01:00,14645.863438090297,14988.537064,5018.540753520541,3933.442,19664.40419161084,18921.979064,18931.1225
2026-03-27 00:30:00+01:00,14638.59984135725,14678.215612,5013.932052908553,3749.156,19652.531894265805,18427.371612,18436.600028
2026-03-27 00:45:00+01:00,14631.59791248298,14426.587712,5014.389761468964,3566.607,19645.987673951942,17993.194712,18002.8459
2026-03-27 01:00:00+01:00,13257.297267652702,14189.750832,4555.735649466097,3363.479,17813.0329171188,17553.229832,17562.395488000002
2026-03-27 01:15:00+01:00,13231.862042557113,13929.098348,4546.420417544544,3052.969,17778.28246010166,16982.067348,16992.33124
2026-03-27 01:30:00+01:00,13234.035237338367,13595.295456,4510.752880316284,2815.34,17744.78811765465,16410.635456,16423.01416
2026-03-27 01:45:00+01:00,13217.459731908082,13276.538372,4489.031619772418,2699.147,17706.4913516805,15975.685372,15987.899324
2026-03-27 02:00:00+01:00,11895.691291762223,12896.971808,3680.394511689322,2574.276,15576.085803451544,15471.247808,15483.866348
2026-03-27 02:15:00+01:00,11873.243341443016,12485.768728,3660.064624999451,2357.618,15533.307966442468,14843.386728,14856.190908
2026-03-27 02:30:00+01:00,11852.944533461585,12084.136356,3624.9563741834727,2188.388,15477.900907645057,14272.524356000002,14285.517412
2026-03-27 02:45:00+01:00,11824.552567550303,11742.41776,3617.3523275286902,2120.312,15441.904895078993,13862.72976,13876.396368
2026-03-27 03:00:00+01:00,11712.407141480744,11493.75962,2468.2745899565375,2046.847,14180.681731437282,13540.60662,13555.61458
2026-03-27 03:15:00+01:00,11680.459698947645,11123.4711,2463.1625655558014,1856.489,14143.622264503447,12979.9601,12994.930232
2026-03-27 03:30:00+01:00,11644.4715479385,10596.427088,2460.485025655136,1861.477,14104.956573593636,12457.904088,12475.394616
2026-03-27 03:45:00+01:00,11636.169663628612,10351.215624,2456.9696636639524,1724.199,14093.139327292565,12075.414624,12091.060156
2026-03-27 04:00:00+01:00,10202.774302314725,10182.272188,1803.0429912011903,1459.717,12005.817293515915,11641.989188,11657.374364
2026-03-27 04:15:00+01:00,10190.978241468827,10067.955016,1810.719588525013,1323.059,12001.69782999384,11391.014016,11406.346028
2026-03-27 04:30:00+01:00,10159.859910995796,9868.932692,1809.2569618418604,1320.409,11969.116872837656,11189.341692,11204.829168
2026-03-27 04:45:00+01:00,10146.104438694532,9519.230672,1821.493599768899,1298.108,11967.598038463431,10817.338672,10832.688964
2026-03-27 05:00:00+01:00,8265.944108290494,9254.82756,1439.9722991737187,1292.13,9705.916407464212,10546.95756,10561.906364
2026-03-27 05:15:00+01:00,8308.806386384205,9118.596956,1440.5763470307177,1287.834,9749.382733414923,10406.430956,10421.407532
2026-03-27 05:30:00+01:00,8344.076832546343,8855.028172,1444.8446314162795,1201.398,9788.921463962623,10056.426172,10072.135376
2026-03-27 05:45:00+01:00,8412.866046286475,8644.402428,1452.3529696302205,1157.169,9865.219015916697,9801.571428,9830.046536
2026-03-27 06:00:00+01:00,8410.860193329705,8486.63318,1233.6440768012212,1164.785,9644.504270130927,9651.41818,9823.380412
2026-03-27 06:15:00+01:00,8413.628735095635,8254.511116,1259.7488871348812,1099.329,9673.377622230517,9353.840116,10037.151704
2026-03-27 06:30:00+01:00,8423.946303996978,7746.642372,1265.6749667080173,1051.06,9689.621270704994,8797.702372,10640.77298
2026-03-27 06:45:00+01:00,8381.958004167196,7095.036504,1270.5860218628218,1102.785,9652.544026030018,8197.821504,11627.184584
2026-03-27 07:00:00+01:00,6877.818415659969,6609.869496,1251.1823629018609,1108.308,8129.00077856183,7718.177496,13186.154236
2026-03-27 07:15:00+01:00,6818.252943942208,6209.366408,1256.6049169350576,1085.58,8074.857860877266,7294.946408,15111.195904
2026-03-27 07:30:00+01:00,6733.0267526083735,5662.65262,1248.6440587254592,1133.025,7981.670811333833,6795.67762,17224.440844
2026-03-27 07:45:00+01:00,6603.914639027464,5061.021356,1251.8376555191248,1148.78,7855.752294546588,6209.801356,19548.18584
2026-03-27 08:00:00+01:00,5077.150508509821,4470.032228,1202.738273242997,1213.773,6279.8887817528175,5683.805228,22233.42318
2026-03-27 08:15:00+01:00,4901.597611341708,3933.181656,1212.0491172718614,1301.885,6113.646728613569,5235.066656,24716.007108
2026-03-27 08:30:00+01:00,4778.311427027612,3562.192704,1197.407398698252,1458.818,5975.718825725864,5021.010704,27549.908532
2026-03-27 08:45:00+01:00,4552.88694385313,3371.87564,1186.0821155691751,1627.323,5738.969059422305,4999.1986400000005,30191.619252000004
2026-03-27 09:00:00+01:00,4468.3415550681675,3351.561328,1107.5564298581885,1825.374,5575.897984926356,5176.935328,33118.608508000005
2026-03-27 09:15:00+01:00,4189.701263402276,3355.124056,1121.3486143883924,2044.064,5311.049877790669,5399.188056,35359.661232
2026-03-27 09:30:00+01:00,3983.641873029177,3488.404192,1122.8525181239197,2185.051,5106.494391153097,5673.455191999999,37687.761292
2026-03-27 09:45:00+01:00,3801.6740808731583,3640.549128,1111.7522791621168,2363.671,4913.426360035275,6004.220128,39706.631768
2026-03-27 10:00:00+01:00,3744.7266207280018,3909.533172,1587.7424183574506,2313.136,5332.469039085452,6222.669172,41232.328756
2026-03-27 10:15:00+01:00,3654.9189098539628,4267.881348,1579.0365455079525,2499.235,5233.9554553619155,6767.116348,42401.650244
2026-03-27 10:30:00+01:00,3592.9736631751784,4560.132572,1560.773665727703,2778.327,5153.747328902881,7338.459572000001,43316.709604
2026-03-27 10:45:00+01:00,3541.0065614617647,4865.0853,1546.9040595324377,3063.201,5087.910620994202,7928.2863,44377.238648
2026-03-27 11:00:00+01:00,3774.9118772452903,5065.937136,2272.6383309825233,3369.184,6047.5502082278135,8435.121136,45238.33164
2026-03-27 11:15:00+01:00,3767.187607359867,5179.823032,2265.415795868778,3630.369,6032.603403228644,8810.192032,45490.917856
2026-03-27 11:30:00+01:00,3763.903147652457,5467.71328,2257.187489885402,3788.875,6021.090637537859,9256.58828,45993.843412
2026-03-27 11:45:00+01:00,3743.094488880963,5512.256,2244.610669996207,3958.584,5987.70515887717,9470.84,46390.88765999999
2026-03-27 12:00:00+01:00,3610.8188435341967,5601.49012,3152.933335932421,4241.646,6763.752179466617,9843.13612,46943.83633599999
2026-03-27 12:15:00+01:00,3611.247714515419,5694.128444,3123.0701965417143,4506.282,6734.317911057133,10200.410444,47664.617244
2026-03-27 12:30:00+01:00,3629.6212664384293,5867.367412,3124.8538325458735,4768.521,6754.475098984303,10635.888412,48329.967488
2026-03-27 12:45:00+01:00,3639.666482465902,5932.036364,3105.4368202715705,5043.881,6745.103302737472,10975.917364,48522.552608
2026-03-27 13:00:00+01:00,4000.397250937575,5890.023948,3685.1484927713254,5145.582,7685.545743708901,11035.605948,47744.939348
2026-03-27 13:15:00+01:00,4041.19362561037,5933.708156,3670.679476535524,5403.846,7711.873102145893,11337.554155999998,47916.747191999995
2026-03-27 13:30:00+01:00,4056.0223621978266,5685.945908,3659.71861538796,5236.513,7715.740977585787,10922.458908,46608.789088
2026-03-27 13:45:00+01:00,4067.238341415095,5638.749968,3646.1894341841835,5373.061,7713.427775599279,11011.810968,46260.379539999994
2026-03-27 14:00:00+01:00,4772.438311250371,5991.682368,4078.4464668047067,5873.608,8850.884778055079,11865.290368,46639.641196
2026-03-27 14:15:00+01:00,4856.795741403357,5874.632332,4082.588528653074,5563.722,8939.384270056431,11438.354332,45338.257324000006
2026-03-27 14:30:00+01:00,4941.560169424407,6063.22364,4109.185394957701,5862.999,9050.745564382109,11926.22264,44550.935551999995
2026-03-27 14:45:00+01:00,5024.074599495869,6085.874204,4107.928756647221,6013.143,9132.00335614309,12099.017204,42993.047716
2026-03-27 15:00:00+01:00,5004.213033720236,6329.490012,4873.4229966900675,6437.58,9877.636030410304,12767.070012,42519.268404
2026-03-27 15:15:00+01:00,5050.232014740437,6425.35674,4895.790842558814,6602.508,9946.022857299251,13027.86474,40943.24972
2026-03-27 15:30:00+01:00,5093.170136939541,6336.71256,4894.076333796386,6796.454,9987.246470735929,13133.16656,39155.48786
2026-03-27 15:45:00+01:00,5097.03323635538,6287.379928,4898.535366521254,6838.035,9995.568602876634,13125.414928,36876.268312
2026-03-27 16:00:00+01:00,4932.983003488927,6299.527228,5449.881169109533,6932.152,10382.86417259846,13231.679228,34481.47832
2026-03-27 16:15:00+01:00,4918.097833344641,6222.99664,5462.946363874513,6981.171,10381.044197219155,13204.16764,31844.984968
2026-03-27 16:30:00+01:00,4839.705670711511,6232.855964,5472.934540008023,7022.884,10312.640210719534,13255.739964,29038.480416
2026-03-27 16:45:00+01:00,4778.868605380938,6235.465692,5464.899090358828,7109.423,10243.767695739767,13344.888692,26184.453768
2026-03-27 17:00:00+01:00,4134.125980493644,6082.4856,6046.7874066043505,7118.865,10180.913387097995,13201.3506,23271.060712
2026-03-27 17:15:00+01:00,4055.427472294855,6030.603448,6049.009768413319,7072.426,10104.437240708174,13103.029448,20664.785504
2026-03-27 17:30:00+01:00,4000.5696014121786,5834.058336,6039.3306774801995,6994.381,10039.900278892379,12828.439336,18133.759764
2026-03-27 17:45:00+01:00,4088.0690384129866,5736.261216,6035.660848424893,7015.956,10123.729886837878,12752.217216,16178.991044
2026-03-27 18:00:00+01:00,4689.292483857316,5747.672764,6141.281526372402,7106.341,10830.574010229719,12854.013764,14693.820552
2026-03-27 18:15:00+01:00,4972.8683668408685,5965.375408,6136.945594241049,7144.82,11109.813961081916,13110.195408,13939.787824
2026-03-27 18:30:00+01:00,5333.642043085619,6393.65906,6136.00692628129,7206.159,11469.64896936691,13599.81806,13943.959708
2026-03-27 18:45:00+01:00,5600.5581936329245,6830.572424,6131.832774123511,7160.99,11732.390967756435,13991.562424,14200.278424
2026-03-27 19:00:00+01:00,6130.81274720889,7453.611464,6198.2011589471,7201.958,12329.01390615599,14655.569464,14833.36566
2026-03-27 19:15:00+01:00,6395.082033851591,8150.237808,6212.088136631508,7179.473,12607.1701704831,15329.710808,15484.031124
2026-03-27 19:30:00+01:00,6649.646200587951,8966.964516,6222.132994079519,7158.139,12871.77919466747,16125.103516,16236.5053
2026-03-27 19:45:00+01:00,6879.234822778343,9748.05808,6229.036253280883,7017.038,13108.271076059227,16765.09608,16817.95196
2026-03-27 20:00:00+01:00,8203.086030624298,10517.33842,6334.111472829355,6948.644,14537.197503453652,17465.98242,17551.679764
2026-03-27 20:15:00+01:00,8384.512229413129,11420.493316,6363.114704386499,6958.357,14747.626933799627,18378.850316,18410.319656
2026-03-27 20:30:00+01:00,8525.381950961275,12296.47128,6360.6000152347315,6899.387,14885.981966196006,19195.85828,19214.760456
2026-03-27 20:45:00+01:00,8602.404624082586,12984.837096,6349.9622571215095,6878.9,14952.366881204096,19863.737095999997,19880.905268
2026-03-27 21:00:00+01:00,10488.272387304263,13532.200404,6392.33254123557,7086.051,16880.604928539833,20618.251404,20641.192359999997
2026-03-27 21:15:00+01:00,10579.378442696016,14199.559052,6414.990138272072,7201.203,16994.368580968086,21400.762052,21419.24692
2026-03-27 21:30:00+01:00,10637.40312638352,14860.736372,6413.16016470467,7226.06,17050.56329108819,22086.796372,22113.968012
2026-03-27 21:45:00+01:00,10676.0301522215,15272.958432,6420.981836472437,7258.45,17097.011988693936,22531.408432,22549.515588
2026-03-27 22:00:00+01:00,11436.100172736726,15054.182984,6348.948264677466,7298.561,17785.048437414192,22352.743984,22377.2453
2026-03-27 22:15:00+01:00,11453.75841310242,15618.112128,6384.848590540476,7262.434,17838.607003642894,22880.546128,22901.941368000003
2026-03-27 22:30:00+01:00,11451.690702629658,16291.846484,6412.144547045409,7072.99,17863.835249675067,23364.836484,23383.042352
2026-03-27 22:45:00+01:00,11426.934173386193,16798.666332,6431.438301622638,6806.171,17858.37247500883,23604.837332000003,23621.264748
2026-03-27 23:00:00+01:00,15050.404286859983,17361.877,6201.388810208497,6051.995,21251.79309706848,23413.872,23435.015704
2026-03-27 23:15:00+01:00,15026.863144824161,17855.396504,6235.277671639702,5892.843,21262.140816463863,23748.239504,23764.175564
2026-03-27 23:30:00+01:00,14990.363213422697,18397.49534,6251.511335611031,5594.413,21241.874549033728,23991.90834,24009.678184
2026-03-27 23:45:00+01:00,14956.753421696076,18783.887364,6274.708744793885,5528.721,21231.46216648996,24312.608364,24327.877464
2026-03-28 00:00:00+01:00,17222.24982639923,19040.466252,5434.240060641711,5109.928,22656.48988704094,24150.394252,24167.187496
2026-03-28 00:15:00+01:00,17190.76470951896,19270.945428,5433.088100643115,5060.553,22623.852810162076,24331.498428,24346.789827999997
2026-03-28 00:30:00+01:00,17175.27706103179,19637.729112,5423.140322658273,5072.266,22598.417383690063,24709.995112,24728.315816
2026-03-28 00:45:00+01:00,17161.043448782213,19869.994132,5417.370231103865,4903.732,22578.413679886078,24773.726132,24786.997744
2026-03-28 01:00:00+01:00,17693.36290381027,20050.524224,4400.422882618267,5049.099,22093.785786428536,25099.623224000003,25111.993372000004
2026-03-28 01:15:00+01:00,17660.50015495052,20197.604888,4382.399169254746,4995.369,22042.899324205267,25192.973888,25204.515396
2026-03-28 01:30:00+01:00,17652.50612921445,20358.750668,4339.310153241075,4698.315,21991.816282455526,25057.065668,25078.722336
2026-03-28 01:45:00+01:00,17627.3499481324,20337.423732,4312.774319404319,4372.139,21940.124267536718,24709.562732,24721.440607999997
2026-03-28 02:00:00+01:00,18224.492860352242,20253.500524,3617.5721926250953,4020.947,21842.065052977337,24274.447524,24286.287096
2026-03-28 02:15:00+01:00,18191.894402231585,20203.139948,3589.7471088338943,4010.622,21781.641511065478,24213.761948,24227.115728
2026-03-28 02:30:00+01:00,18161.962226065953,20074.256448,3550.7389340430327,3738.332,21712.701160108983,23812.588448,23824.47554
2026-03-28 02:45:00+01:00,18124.76874512863,19881.894608,3542.7490939014933,3306.572,21667.517839030123,23188.466608,23200.396116
2026-03-28 03:00:00+01:00,18734.171309971047,19708.349324,2968.8560292111983,3026.114,21703.027339182245,22734.463324,22746.140672
2026-03-28 03:15:00+01:00,18693.04311956275,19535.616852,2959.261964404268,2838.563,21652.305083967018,22374.179852,22385.783300000003
2026-03-28 03:30:00+01:00,18644.3673558969,19451.060244,2957.6386706478274,2907.552,21602.006026544725,22358.612244,22372.157924
2026-03-28 03:45:00+01:00,18631.146890921395,19442.433724,2951.180287378529,2950.468,21582.32717829992,22392.901724,22408.997232
2026-03-28 04:00:00+01:00,18667.083548664767,19425.393444,2913.4395329381323,2970.277,21580.5230816029,22395.670444000003,22410.47084
2026-03-28 04:15:00+01:00,18653.28456800871,19162.466092,2926.2961462392013,3036.83,21579.58071424791,22199.296091999997,22214.191632
2026-03-28 04:30:00+01:00,18617.841983404836,18845.495052,2928.1480912264356,3118.448,21545.99007463127,21963.943052,21980.564056
2026-03-28 04:45:00+01:00,18595.106631258084,18464.464944,2941.0816317911604,3166.88,21536.188263049244,21631.344944,21646.333068
2026-03-28 05:00:00+01:00,16682.9099624022,18206.264132,3253.390847204187,3344.877,19936.300809606386,21551.141132,21566.19174
2026-03-28 05:15:00+01:00,16719.20605776949,17890.915076,3252.821017797427,3464.349,19972.02707556692,21355.264076,21369.99488
2026-03-28 05:30:00+01:00,16743.47859631215,17624.676044,3253.9540377646954,3593.91,19997.432634076846,21218.586044,21237.320612
2026-03-28 05:45:00+01:00,16809.529079542157,17320.58034,3258.71992177693,3771.879,20068.249001319087,21092.45934,21133.034132
2026-03-28 06:00:00+01:00,15255.133237022545,17268.102336,3353.7203332872537,3875.241,18608.8535703098,21143.343336,21372.263143999997
2026-03-28 06:15:00+01:00,15250.354324970245,16981.5905,3375.253581852789,3880.529,18625.607906823036,20862.119499999997,21863.164972
2026-03-28 06:30:00+01:00,15245.149447355581,16598.671044,3378.756261164119,3932.705,18623.905708519702,20531.376043999997,22849.680468
2026-03-28 06:45:00+01:00,15183.175998027831,16075.775804,3384.0254906296827,3911.462,18567.201488657513,19987.237804,23975.727492
2026-03-28 07:00:00+01:00,14627.003002735133,15431.562808,3542.6662402550583,3969.378,18169.669242990192,19400.940808,25363.976884
2026-03-28 07:15:00+01:00,14550.696882346796,14925.553976,3545.2550775606946,3876.949,18095.951959907492,18802.502976,26965.98742
2026-03-28 07:30:00+01:00,14445.129026542572,14340.295088,3537.6890351538414,3909.268,17982.818061696413,18249.563088000003,28757.20658
2026-03-28 07:45:00+01:00,14297.87207311412,13457.3409,3540.5914574102903,3845.592,17838.463530524412,17302.9329,30264.510076
2026-03-28 08:00:00+01:00,10837.113771166454,12304.782424,3486.3915220211884,3915.657,14323.505293187642,16220.439424,31598.825556
2026-03-28 08:15:00+01:00,10657.941115015135,11369.582692,3498.063304778912,4055.779,14156.004419794048,15425.361692,33149.879908
2026-03-28 08:30:00+01:00,10466.811929416655,10382.202048,3487.4530090247904,4160.068,13954.264938441445,14542.270047999998,34429.024999999994
2026-03-28 08:45:00+01:00,10265.033273207991,9727.334264,3474.946966658729,4197.49,13739.98023986672,13924.824264,35677.2227
2026-03-28 09:00:00+01:00,7765.086697163755,9579.720004,3473.714466506425,4309.992,11238.801163670181,13889.712004,37741.36294
2026-03-28 09:15:00+01:00,7505.772315261574,9567.362104,3480.658519584486,4377.818,10986.43083484606,13945.180104,39408.915944
2026-03-28 09:30:00+01:00,7302.279848344006,9453.55484,3475.7471627991727,4360.653,10778.027011143178,13814.20784,40016.71704
2026-03-28 09:45:00+01:00,7136.469561912256,9762.66326,3461.1880671609047,4449.903,10597.657629073161,14212.56626,41129.346104
2026-03-28 10:00:00+01:00,6969.045019260597,9962.420696,3383.3774331159425,4183.192,10352.422452376539,14145.612696,41112.378052
2026-03-28 10:15:00+01:00,6881.836476525847,9943.235392,3365.855391343158,4144.264,10247.691867869005,14087.499392000002,41478.70104
2026-03-28 10:30:00+01:00,6822.758598151452,10082.257564,3347.1873402757583,4065.286,10169.94593842721,14147.543564,42138.17162
2026-03-28 10:45:00+01:00,6776.823015470269,10156.821944,3335.183970599428,3813.101,10112.006986069697,13969.922944,42400.012132
2026-03-28 11:00:00+01:00,7669.947391411905,10120.443288,3002.3827801561697,3822.241,10672.330171568075,13942.684288,42183.4607
2026-03-28 11:15:00+01:00,7656.504705848089,10494.445336,2992.8412252410835,3928.068,10649.345931089172,14422.513336,42831.269324
2026-03-28 11:30:00+01:00,7639.160277663431,10781.446116,2967.7530046365287,3930.843,10606.91328229996,14712.289116,42942.325884000005
2026-03-28 11:45:00+01:00,7618.065597194245,10787.685096,2951.506350458538,3765.756,10569.571947652783,14553.441096,42723.013516
2026-03-28 12:00:00+01:00,8007.39176741032,10825.79662,2619.732568137326,3624.591,10627.124335547647,14450.38762,42309.887448
2026-03-28 12:15:00+01:00,8004.8002480896985,11139.420444,2593.4539166853538,3586.97,10598.254164775051,14726.390444,42171.361836
2026-03-28 12:30:00+01:00,7996.657773182504,10965.161736,2602.998170478394,3659.836,10599.655943660899,14624.997736,41386.559236
2026-03-28 12:45:00+01:00,8017.654701864957,10968.390488,2583.226024137328,3759.443,10600.880726002284,14727.833488,40753.503012
2026-03-28 13:00:00+01:00,8187.661323694775,10890.484404,2500.61250512456,3854.11,10688.273828819336,14744.594404,39914.768776
2026-03-28 13:15:00+01:00,8232.49948945891,10883.838244,2491.570316847606,3829.53,10724.069806306517,14713.368244,38925.010384
2026-03-28 13:30:00+01:00,8246.13657649382,11069.064592,2477.474308952742,3795.463,10723.610885446562,14864.527592,38217.302752
2026-03-28 13:45:00+01:00,8258.283602695245,10871.15546,2462.6162438218603,3639.003,10720.899846517104,14510.15846,36873.812212
2026-03-28 14:00:00+01:00,8413.008733036051,11850.7982,2665.2481940377183,3778.857,11078.25692707377,15629.6552,37381.340212
2026-03-28 14:15:00+01:00,8491.083370044871,12094.966452,2662.9483499144626,3689.672,11154.031719959334,15784.638452,36446.228324
2026-03-28 14:30:00+01:00,8579.394296299291,11986.656832,2700.4119022118803,3616.815,11279.80619851117,15603.471832,34929.060620000004
2026-03-28 14:45:00+01:00,8643.56567025338,12055.927124,2688.777399168597,3447.042,11332.343069421977,15502.969124,33391.309536
2026-03-28 15:00:00+01:00,9377.998291385853,12154.113432,2246.459255991576,3265.449,11624.45754737743,15419.562432,32254.595364
2026-03-28 15:15:00+01:00,9433.686628377,12145.99832,2275.3048823981258,3111.505,11708.991510775126,15257.50332,30912.75888
2026-03-28 15:30:00+01:00,9489.645814518673,11668.643136,2252.6733692248113,2931.281,11742.319183743484,14599.924136,29101.375432
2026-03-28 15:45:00+01:00,9503.367994013113,11342.861692,2260.0874166109897,2915.058,11763.455410624103,14257.919692,27418.800224
2026-03-28 16:00:00+01:00,10896.994883838473,11211.420948,1975.2522326470403,2902.804,12872.247116485514,14114.224948,25803.733684
2026-03-28 16:15:00+01:00,10866.958087519371,11180.028412,1987.5853756575498,2891.36,12854.54346317692,14071.388412,24250.028384
2026-03-28 16:30:00+01:00,10781.657305245197,11105.543616,1996.2379721116527,2867.715,12777.895277356849,13973.258616,22575.239108
2026-03-28 16:45:00+01:00,10704.671125987854,10947.183056,1996.0714546434829,2782.328,12700.742580631337,13729.511056,20875.92322
2026-03-28 17:00:00+01:00,9652.675334014328,10817.240676,1976.424847261028,2723.357,11629.100181275357,13540.597676,19294.328448
2026-03-28 17:15:00+01:00,9529.80128931219,10418.575068,2001.5961974943216,2775.585,11531.397486806512,13194.160068,17633.124068
2026-03-28 17:30:00+01:00,9455.587787750717,9894.204092,1990.529176452729,2767.215,11446.116964203446,12661.419092,15890.551984
2026-03-28 17:45:00+01:00,9471.918031062261,9280.214696,2011.1446019282516,2653.985,11483.062632990514,11934.199696,14116.105348
2026-03-28 18:00:00+01:00,8923.140741456165,8989.9589,2531.568011859136,2777.926,11454.7087533153,11767.8849,13017.693528
2026-03-28 18:15:00+01:00,9123.582336275464,8904.77122,2535.0071519789954,2828.716,11658.58948825446,11733.48722,12322.907764
2026-03-28 18:30:00+01:00,9432.567406851234,9060.332532,2521.943589422987,2660.128,11954.51099627422,11720.460532,12034.792144
2026-03-28 18:45:00+01:00,9649.202836400149,8823.090924,2513.7105956652804,2623.897,12162.91343206543,11446.987924,11591.123148
2026-03-28 19:00:00+01:00,9086.143043223414,8579.484008,3107.7833939797574,2657.754,12193.926437203172,11237.238008,11382.089976
2026-03-28 19:15:00+01:00,9316.560884805596,8453.183312,3113.7881107292815,2829.157,12430.348995534878,11282.340312,11415.387988
2026-03-28 19:30:00+01:00,9549.612813410744,8381.949284,3105.499540912982,3320.094,12655.112354323726,11702.043284,11851.46066
2026-03-28 19:45:00+01:00,9750.882362046335,8372.916036,3103.789971537857,3367.478,12854.672333584193,11740.394036000002,11853.819324000002
2026-03-28 20:00:00+01:00,10360.655335694057,8714.579296,2612.057075590058,3177.846,12972.712411284116,11892.425296,12060.46136
2026-03-28 20:15:00+01:00,10521.307183856048,9046.633696,2635.7793777322822,3329.839,13157.08656158833,12376.472696,12441.4194
2026-03-28 20:30:00+01:00,10649.680737282843,9436.521616,2626.3358341868184,3940.669,13276.016571469661,13377.190616,13428.627148
2026-03-28 20:45:00+01:00,10713.28910634696,9726.122252,2619.1017055445536,4262.454,13332.390811891513,13988.576252,14019.120244
2026-03-28 21:00:00+01:00,11498.722085888361,10014.089948,2536.067289082479,4170.056,14034.78937497084,14184.145948,14227.995572000002
2026-03-28 21:15:00+01:00,11584.678577582641,10173.396524,2548.64475850348,4318.93,14133.323336086121,14492.326524,14522.357568
2026-03-28 21:30:00+01:00,11637.106315591514,10453.275316,2540.1851488778398,4757.657,14177.291464469354,15210.932316,15228.589616
2026-03-28 21:45:00+01:00,11669.26938989857,10875.531652,2546.7465344441857,4980.032,14216.015924342757,15855.563652,15871.423848
2026-03-28 22:00:00+01:00,12870.857232415774,11069.133184,2574.308147007352,4928.92,15445.165379423126,15998.053184,16024.193264
2026-03-28 22:15:00+01:00,12883.663881075949,11165.270032,2603.984200215561,5185.702,15487.64808129151,16350.972032,16369.06374
2026-03-28 22:30:00+01:00,12880.043677011847,11339.817428,2622.425476617238,5366.632,15502.469153629085,16706.449428,16722.108008
2026-03-28 22:45:00+01:00,12866.930364957796,11655.287428,2640.3713039456456,5274.379,15507.301668903441,16929.666428,16949.14274
2026-03-28 23:00:00+01:00,11686.688384111958,11678.980176,2476.876836101333,5094.216,14163.565220213291,16773.196175999998,16790.061852
2026-03-28 23:15:00+01:00,11656.02237049265,11595.540932,2502.9797434957527,4947.703,14159.002113988403,16543.243932,16559.074520000002
2026-03-28 23:30:00+01:00,11619.255493023893,11520.65794,2510.280917966588,4684.268,14129.53641099048,16204.92594,16221.38766
2026-03-28 23:45:00+01:00,11574.56793456275,11205.913024,2521.624554613579,4579.696,14096.19248917633,15785.609024,15803.501224
2026-03-29 00:00:00+01:00,11230.672304838103,11041.653388,2480.0579913289935,4591.597,13710.730296167096,15633.250388,15649.227264
2026-03-29 00:15:00+01:00,11201.964130962693,10876.113032,2472.3539215655505,4511.196,13674.318052528244,15387.309032,15409.028608
2026-03-29 00:30:00+01:00,11194.17709762858,10709.845912,2460.7236542207183,4464.026,13654.900751849298,15173.871912,15192.970328
2026-03-29 00:45:00+01:00,11184.822456262284,10659.368864,2449.687047748162,4443.463,13634.509504010446,15102.831864,15118.797852
2026-03-29 01:00:00+01:00,10443.017992839235,10785.041868,2238.0201724615904,4220.479,12681.038165300826,15005.520868,15021.590456
2026-03-29 01:15:00+01:00,10411.693974878366,10935.075864,2218.466197718212,3982.169,12630.160172596577,14917.244864,14933.274332
2026-03-29 01:30:00+01:00,10409.909004306468,11017.256512,2167.7815303705434,3779.579,12577.69053467701,14796.835512,14812.59846
2026-03-29 01:45:00+01:00,10385.236120731935,11087.629312,2132.98940859621,3652.317,12518.225529328145,14739.946312,14755.733504
2026-03-29 03:00:00+02:00,10799.031059083705,11154.934656,2120.5090704262416,3439.412,12919.540129509947,14594.346656,14608.539012
2026-03-29 03:15:00+02:00,10749.991035430117,11180.151152,2106.165837827379,3365.097,12856.156873257496,14545.248152,14558.134208
2026-03-29 03:30:00+02:00,10698.603495504176,11161.84434,2107.8627159754665,3270.765,12806.466211479643,14432.60934,14445.998683999998
2026-03-29 03:45:00+02:00,10683.549315978878,11120.778232,2104.45589141388,3188.823,12788.005207392758,14309.601232,14323.059568
2026-03-29 04:00:00+02:00,10105.944816643865,10944.29662,2319.794729563395,3058.76,12425.73954620726,14003.05662,14016.601824
2026-03-29 04:15:00+02:00,10081.954986800618,10689.355816,2334.854652916554,2982.76,12416.809639717172,13672.115816,13687.70248
2026-03-29 04:30:00+02:00,10036.307398979648,10404.138384,2338.5941124188666,2918.175,12374.901511398515,13322.313384,13341.16536
2026-03-29 04:45:00+02:00,10004.293823096035,10193.291008,2351.757000699516,2960.32,12356.050823795551,13153.611008,13176.977976
2026-03-29 05:00:00+02:00,9279.503407346132,10233.218536,2705.1069433548137,3013.072,11984.610350700947,13246.290536,13272.630848
2026-03-29 05:15:00+02:00,9301.5091331167,10281.727864,2710.2437020533894,2894.017,12011.75283517009,13175.744864,13197.674976
2026-03-29 05:30:00+02:00,9316.284947497219,10311.943484,2718.705217143667,2768.026,12034.990164640887,13079.969484,13097.181624
2026-03-29 05:45:00+02:00,9361.664472941051,10277.003972,2732.165866567873,2630.128,12093.830339508924,12907.131972,12923.66544
2026-03-29 06:00:00+02:00,9495.794807693326,10282.874852,3181.9725597662996,2438.327,12677.767367459626,12721.201852000002,12737.66642
2026-03-29 06:15:00+02:00,9481.9721524479,10166.096528,3202.220137278705,2341.501,12684.192289726605,12507.597528,12524.970096
2026-03-29 06:30:00+02:00,9469.375877515582,10022.411484,3206.378011475144,2205.002,12675.753888990726,12227.413484,12248.78494
2026-03-29 06:45:00+02:00,9395.52787264306,9661.471068,3210.4411045119878,2080.358,12605.968977155047,11741.829068,11780.471884
2026-03-29 07:00:00+02:00,9493.80001968042,9259.93966,2902.4593202361893,2183.947,12396.25933991661,11443.88666,11580.950556
2026-03-29 07:15:00+02:00,9406.405511595967,8939.24294,2902.3514868097045,2430.69,12308.756998405672,11369.93294,11920.415076
2026-03-29 07:30:00+02:00,9289.2365272366,8439.803732,2895.4039020948767,2794.121,12184.640429331477,11233.924732,12595.83062
2026-03-29 07:45:00+02:00,9141.550308233847,8044.076224,2895.3134618859503,2947.372,12036.863770119799,10991.448224,13461.780092
2026-03-29 08:00:00+02:00,8998.705103728178,7751.265528,2755.346351775418,3158.097,11754.051455503595,10909.362528,14804.965584
2026-03-29 08:15:00+02:00,8794.173423682461,7526.723308,2762.2962985570657,3023.83,11556.469722239526,10550.553308,16231.171319999998
2026-03-29 08:30:00+02:00,8563.709188221017,7417.699516,2737.778304531344,2744.746,11301.487492752362,10162.445516,17886.413696
2026-03-29 08:45:00+02:00,8381.161755575293,7089.381796,2729.8141803268663,2466.805,11110.97593590216,9556.186796,19486.309212
2026-03-29 09:00:00+02:00,7792.964832779364,6431.823796,2807.9474114068103,2266.936,10600.912244186175,8698.759796,20912.845148
2026-03-29 09:15:00+02:00,7570.926599021691,5772.277584,2819.2804339628483,2073.75,10390.20703298454,7846.027584,22362.533644
2026-03-29 09:30:00+02:00,7403.992614654739,5306.90764,2817.415546627461,1999.328,10221.4081612822,7306.235640000001,24132.546916
2026-03-29 09:45:00+02:00,7273.643340331575,5196.845304,2810.8570471661787,2026.416,10084.500387497754,7223.261304000001,26169.33734
2026-03-29 10:00:00+02:00,6980.450726711425,5219.545944,2977.8268678735044,2076.965,9958.27759458493,7296.510944000001,28250.206716
2026-03-29 10:15:00+02:00,6930.08326750772,5399.237988,2966.4770350666486,2078.571,9896.56030257437,7477.808988,30046.15938
2026-03-29 10:30:00+02:00,6907.142026317682,5650.01504,2958.2805835612994,1981.709,9865.422609878982,7631.72404,31815.734392
2026-03-29 10:45:00+02:00,6896.157467223781,5905.479588,2955.2376103810966,1977.648,9851.395077604877,7883.127588,33375.368444
2026-03-29 11:00:00+02:00,7295.963347294431,6219.785836,3190.2055758312817,2029.614,10486.168923125711,8249.399836,34745.777308000004
2026-03-29 11:15:00+02:00,7292.095112549613,6537.537112,3189.205368114814,2165.783,10481.300480664428,8703.320112,36224.744852
2026-03-29 11:30:00+02:00,7302.835408415605,6757.772808,3165.405315846466,2372.598,10468.240724262072,9130.370808,37744.046148
2026-03-29 11:45:00+02:00,7297.898823965112,7019.978044,3152.9514664653493,2534.813,10450.85029043046,9554.791044,39157.88518
2026-03-29 12:00:00+02:00,7819.71911620074,7363.941728,3246.353662319416,3232.605,11066.072778520156,10596.546728,41119.139808
2026-03-29 12:15:00+02:00,7820.647676750459,7628.899816,3235.0644034937372,3569.323,11055.712080244197,11198.222816,42669.335792
2026-03-29 12:30:00+02:00,7819.24025344596,7794.721892,3249.9487235049683,3999.978,11069.188976950929,11794.699892,43694.418988000005
2026-03-29 12:45:00+02:00,7845.73599699378,7915.089564,3247.495702573669,4458.409,11093.231699567448,12373.498564,44835.762084
2026-03-29 13:00:00+02:00,8709.072605573892,7690.837868,3554.8671143175507,4736.902,12263.939719891443,12427.739868,44578.686732
2026-03-29 13:15:00+02:00,8754.932938041256,7988.307968,3553.119214883792,5054.884,12308.052152925049,13043.191968,45236.021819999994
2026-03-29 13:30:00+02:00,8760.496017403399,7985.592424,3535.7098884591655,5233.729,12296.205905862564,13219.321424000002,44854.455648
2026-03-29 13:45:00+02:00,8767.216224628206,7737.627964,3526.1680840027952,5296.522,12293.384308631,13034.149964,44142.2894
2026-03-29 14:00:00+02:00,9026.659775324155,8082.8853,4557.054003923619,5503.115,13583.713779247773,13586.0003,44855.95552
2026-03-29 14:15:00+02:00,9079.480724737085,8477.084988,4545.661317775591,5578.296,13625.142042512674,14055.380988,44823.758032
2026-03-29 14:30:00+02:00,9156.081471663323,8742.03158,4582.05591352424,5342.792,13738.137385187563,14084.82358,44308.970072
2026-03-29 14:45:00+02:00,9201.691460938442,9298.285228,4568.9782260150305,5540.926,13770.669686953472,14839.211228,44153.405612
2026-03-29 15:00:00+02:00,9556.773138814084,10251.319388,5500.792659633649,4926.903,15057.565798447733,15178.222388,43932.317352
2026-03-29 15:15:00+02:00,9604.887100781842,11615.734848,5530.488883889656,4923.603,15135.375984671497,16539.337848,44408.941104
2026-03-29 15:30:00+02:00,9651.042186701698,11883.427992,5523.445644652214,4970.671,15174.487831353912,16854.098992,43302.357252
2026-03-29 15:45:00+02:00,9657.71345380327,12377.981388,5530.523857670677,5319.853,15188.237311473946,17697.834388,42904.657516
2026-03-29 16:00:00+02:00,10230.444672431826,13999.675512,6025.19005277664,5900.222,16255.634725208467,19899.897512,43620.129308
2026-03-29 16:15:00+02:00,10230.090327755028,15463.467452,6031.9974104031835,6050.712,16262.08773815821,21514.179452,44031.003356
2026-03-29 16:30:00+02:00,10156.04994134286,15881.706696,6045.661940891218,6093.175,16201.711882234078,21974.881696,42460.855228
2026-03-29 16:45:00+02:00,10080.06280838483,15966.003712,6053.756675189965,6201.033,16133.819483574795,22167.036712,40464.300908000005
2026-03-29 17:00:00+02:00,11074.639522525424,16333.570764,6202.474176682834,5901.929,17277.113699208257,22235.499764,38328.084392
2026-03-29 17:15:00+02:00,10924.329585699548,16289.977872,6208.627358071549,6303.49,17132.956943771096,22593.467872,36445.87794
2026-03-29 17:30:00+02:00,10778.540597176312,16271.805348,6207.460935168284,6169.334,16986.001532344595,22441.139348,34251.814816
2026-03-29 17:45:00+02:00,10774.797682959219,16136.212116,6225.522154424131,5854.869,17000.31983738335,21991.081116,31575.519884
2026-03-29 18:00:00+02:00,11456.874242317246,16038.204048,6003.810275905256,5928.596,17460.6845182225,21966.800047999997,29502.386291999996
2026-03-29 18:15:00+02:00,11618.610903544213,15934.17446,6004.903625473498,5945.649,17623.51452901771,21879.82346,27520.815608
2026-03-29 18:30:00+02:00,11855.078269667909,16077.363496,5995.260381788958,5859.39,17850.338651456867,21936.753496,25746.975700000003
2026-03-29 18:45:00+02:00,12055.37784551896,16413.477708,5991.144954110809,5869.648,18046.52279962977,22283.125708,24589.288688
2026-03-29 19:00:00+02:00,13244.56598871737,16658.789792,6204.594866036154,5552.546,19449.16085475352,22211.335792,23439.9132
2026-03-29 19:15:00+02:00,13498.920298838153,17348.984284,6201.5063561119605,5499.345,19700.42665495011,22848.329284,23434.86934
2026-03-29 19:30:00+02:00,13781.42339736843,18508.331464,6194.058843395042,5466.443,19975.48224076347,23974.774464,24175.71646
2026-03-29 19:45:00+02:00,13966.303954730882,19820.081636,6191.454206303957,5382.899,20157.75816103484,25202.980636,25310.456592
2026-03-29 20:00:00+02:00,17338.330492002013,21233.165532,6271.264400567368,5228.459,23609.59489256938,26461.624532,26562.597528
2026-03-29 20:15:00+02:00,17504.151587151646,22879.971148,6293.046180941212,5105.446,23797.197768092858,27985.417148,28032.100744
2026-03-29 20:30:00+02:00,17641.836717711092,24641.39592,6282.156383029769,5095.196,23923.99310074086,29736.59192,29771.147836
2026-03-29 20:45:00+02:00,17708.93329408287,26138.72896,6274.553812691411,5107.544,23983.487106774282,31246.27296,31277.027108
2026-03-29 21:00:00+02:00,21499.987944714314,27410.899248,6213.172077352982,4439.884,27713.160022067295,31850.783248,31870.825464
2026-03-29 21:15:00+02:00,21591.713333994885,29180.864868,6224.822108690482,4372.406,27816.535442685366,33553.270868,33573.710188
2026-03-29 21:30:00+02:00,21659.692090029912,30777.403916,6224.133737537379,4473.586,27883.825827567292,35250.989916,35267.337536
2026-03-29 21:45:00+02:00,21691.023817131838,31854.467452,6232.396746334489,4666.122,27923.420563466327,36520.589452,36536.880288
2026-03-29 22:00:00+02:00,24853.187210827786,31231.681564,5726.385199413025,4410.462,30579.57241024081,35642.143564,35659.378811999995
2026-03-29 22:15:00+02:00,24872.785306821243,32532.894036,5752.942075512739,4568.859,30625.727382333982,37101.753036,37118.491148
2026-03-29 22:30:00+02:00,24883.865339062766,33297.018608,5763.636552962014,4673.009,30647.501892024782,37970.027608,37985.407132
2026-03-29 22:45:00+02:00,24892.872155291734,33951.98714,5773.789555483371,4753.778,30666.661710775104,38705.76514,38719.22309199999
2026-03-29 23:00:00+02:00,30348.168151734408,34559.074932,5557.920782303077,4717.738,35906.088934037485,39276.812932,39295.532324
2026-03-29 23:15:00+02:00,30335.344550960843,35145.170748,5575.968165398074,4703.678,35911.312716358916,39848.848748,39862.236152
2026-03-29 23:30:00+02:00,30306.00756926014,35385.962856,5576.175073647812,4714.488,35882.18264290795,40100.450856,40113.950011999994
2026-03-29 23:45:00+02:00,30279.89608372913,35709.035916,5585.385618627478,4834.78,35865.28170235661,40543.815916,40556.338928
2026-03-30 00:00:00+02:00,32690.455512921584,35659.71174,6300.0737447711335,3828.328,38990.52925769272,39488.03974,39500.735476
2026-03-30 00:00:00+02:00,32744.727007634894,35659.71174,6062.032225512929,3828.328,38806.75923314782,39488.03974,39500.735476
2026-03-30 00:15:00+02:00,32716.018833759485,35886.16386,6054.328155749485,3779.875,38770.346989508966,39666.03886,39679.406308
2026-03-30 00:15:00+02:00,32665.740011441514,35886.16386,6287.117104838262,3779.875,38952.857116279774,39666.03886,39679.406308
2026-03-30 00:30:00+02:00,32708.231800425376,36702.847988,6042.697888404653,3821.724,38750.92968883003,40524.571988,40537.127656
2026-03-30 00:30:00+02:00,32656.68735196145,36702.847988,6273.945919302337,3821.724,38930.63327126379,40524.571988,40537.127656
2026-03-30 00:45:00+02:00,32698.877159059077,36249.805972,6031.661281932096,3684.953,38730.53844099117,39934.758972,39947.126612
2026-03-30 00:45:00+02:00,32647.365383381366,36249.805972,6264.155762397236,3684.953,38911.5211457786,39934.758972,39947.126612
2026-03-30 01:00:00+02:00,34355.50466454822,36928.707932,6786.354761126176,4397.846,41141.859425674396,41326.553931999995,41340.349967999995
2026-03-30 01:15:00+02:00,34327.033769181246,36740.194648,6758.579814780946,4436.236,41085.61358396219,41176.430647999994,41188.93429999999
2026-03-30 01:30:00+02:00,34328.01664342807,36710.183428,6702.396971810148,4469.047,41030.41361523822,41179.230427999995,41191.769808
2026-03-30 01:45:00+02:00,34303.855877966715,36995.780388,6661.590940549061,4455.328,40965.446818515775,41451.108388,41463.275
2026-03-30 02:00:00+02:00,35791.87163391131,35846.004276,6727.943538852562,4861.662,42519.81517276387,40707.666276,40719.670836000005
2026-03-30 02:15:00+02:00,35754.893400375906,35600.094796,6695.317658063996,4752.659,42450.211058439905,40352.753796,40364.371172
2026-03-30 02:30:00+02:00,35713.16952608881,35472.834976,6647.83162650268,4718.408,42361.00115259149,40191.242976,40202.66026
2026-03-30 02:45:00+02:00,35665.776844961336,35099.825768,6626.38171156829,4706.382,42292.15855652963,39806.207768,39817.682372
2026-03-30 03:00:00+02:00,34502.621807402575,35336.440788,7002.8361404921325,4992.019,41505.457947894705,40328.459788,40340.7852
2026-03-30 03:15:00+02:00,34450.985181091004,34951.153332,6985.967428719835,4864.174,41436.95260981084,39815.327332,39827.694308
2026-03-30 03:30:00+02:00,34398.18974553615,34928.401908,6984.8638875062525,4593.969,41383.0536330424,39522.370908,39534.160211999995
2026-03-30 03:45:00+02:00,34382.902149160764,34687.213632,6978.942373697087,4663.813,41361.84452285785,39351.026632,39363.715388
2026-03-30 04:00:00+02:00,33145.79816933373,34626.411408,6833.521398841823,4824.576,39979.31956817555,39450.987408,39463.237672
2026-03-30 04:15:00+02:00,33115.80338304666,34264.09708,6845.884454492365,4865.296,39961.68783753902,39129.39308,39141.240932
2026-03-30 04:30:00+02:00,33065.22457754683,33540.493924,6848.3592936324,5244.619,39913.58387117923,38785.112924,38797.1904
2026-03-30 04:45:00+02:00,33030.28257513147,33198.16264,6863.825417558475,5223.824,39894.10799268994,38421.98664,38435.659172
2026-03-30 05:00:00+02:00,32490.929388763867,33070.44366,7163.799827241369,5494.752,39654.72921600524,38565.19566,38577.021508
2026-03-30 05:15:00+02:00,32514.495359527835,33168.7389,7169.233040122031,6162.572,39683.728399649866,39331.3109,39343.95406
2026-03-30 05:30:00+02:00,32530.563309514913,33291.598408,7175.40489107389,6383.957,39705.9682005888,39675.555408,39687.71824
2026-03-30 05:45:00+02:00,32571.455884437437,33699.571248,7192.324141838491,6495.032,39763.78002627593,40194.603248,40207.132688
2026-03-30 06:00:00+02:00,32240.186149155557,35180.198272,7055.818018976969,6528.226,39296.004168132524,41708.424272,41723.513012
2026-03-30 06:15:00+02:00,32218.558023980724,34782.866916,7072.917607612184,7303.906,39291.47563159291,42086.772916,42102.017532000005
2026-03-30 06:30:00+02:00,32210.51182430057,34612.536184,7073.80509381757,7592.863,39284.316918118144,42205.399183999994,42224.44351599999
2026-03-30 06:45:00+02:00,32132.42563496962,34141.173996,7074.02230845377,7436.381,39206.44794342339,41577.554996,41602.245596
2026-03-30 07:00:00+02:00,32324.110525463264,34173.179668,7131.3355616942845,7589.324,39455.44608715755,41762.503668,41837.998164
2026-03-30 07:15:00+02:00,32233.404087603445,33494.734364,7137.386599003945,7838.973,39370.79068660739,41333.707364,41650.09046
2026-03-30 07:30:00+02:00,32109.755553248506,32551.381864,7138.663516122693,7981.613,39248.4190693712,40532.994864,41303.743676
2026-03-30 07:45:00+02:00,31975.68806265547,31572.490704,7137.839130107828,8194.942,39113.5271927633,39767.432704,41086.850952
2026-03-30 08:00:00+02:00,27104.0065829035,30464.380116,7252.029775908479,7722.205,34356.03635881198,38186.585116,40345.803732
2026-03-30 08:15:00+02:00,26926.676782742008,29534.12298,7245.0572609349465,7805.939,34171.73404367695,37340.06198,40297.268511999995
2026-03-30 08:30:00+02:00,26727.923298517002,28759.178072,7229.678467670012,7698.201,33957.601766187014,36457.379072,40312.71097199999
2026-03-30 08:45:00+02:00,26541.907180468763,28236.561016,7223.540539739169,7788.286,33765.44772020793,36024.847016,41068.208636
2026-03-30 09:00:00+02:00,25726.74566348011,27572.393544,6867.138541863999,7302.267,32593.884205344108,34874.660544,41318.02594
2026-03-30 09:15:00+02:00,25550.0403742656,26921.854928,6879.115418983495,7116.124,32429.155793249098,34037.978928,41951.94794
2026-03-30 09:30:00+02:00,25417.900018978304,26648.5523,6878.858845334221,6772.67,32296.758864312524,33421.2223,42819.896404
2026-03-30 09:45:00+02:00,25336.946920839448,26661.801004,6881.784820694523,6041.279,32218.73174153397,32703.080004000003,43654.402076000006
2026-03-30 10:00:00+02:00,24603.142916965346,26540.315812,6791.306361864057,4311.262,31394.4492788294,30851.577812,43423.96162
2026-03-30 10:15:00+02:00,24592.36356401444,26232.11128,6776.8302783118515,3970.261,31369.19384232629,30202.37228,44516.5626
2026-03-30 10:30:00+02:00,24606.1574551679,26428.924844,6780.844300699455,3790.57,31387.001755867357,30219.494844,45937.662016
2026-03-30 10:45:00+02:00,24615.054221589253,26492.53904,6779.436535128653,3666.85,31394.490756717907,30159.38904,47552.398244
2026-03-30 11:00:00+02:00,22998.84688795139,26406.916036,6102.177895101291,2591.552,29101.02478305268,28998.468036,47713.900872
2026-03-30 11:15:00+02:00,23021.568782188006,26553.261592,6109.869211833265,2522.607,29131.43799402127,29075.868592,48603.920456
2026-03-30 11:30:00+02:00,23039.345000170826,26448.04544,6094.939155878623,2449.043,29134.28415604945,28897.088440000003,49701.981568
2026-03-30 11:45:00+02:00,23046.847635739454,26198.789904,6086.547992243428,2408.123,29133.39562798288,28606.912904,50399.377536
2026-03-30 12:00:00+02:00,22092.11190009159,25945.834936,5596.206493713602,3181.053,27688.31839380519,29126.887936,51868.409799999994
2026-03-30 12:15:00+02:00,22110.831551741987,25509.62822,5591.073990676886,3368.274,27701.905542418874,28877.90222,52779.356068
2026-03-30 12:30:00+02:00,22110.09429326461,24757.83894,5603.513581957517,3217.143,27713.60787522213,27974.98194,52910.735936
2026-03-30 12:45:00+02:00,22148.715391315385,24222.006436,5612.780235986844,3226.841,27761.49562730223,27448.847436,53233.046736
2026-03-30 13:00:00+02:00,20550.838598507093,24406.528872,5618.014629608792,3436.641,26168.853228115884,27843.169872,54318.257444
2026-03-30 13:15:00+02:00,20599.920249367104,24175.50532,5620.628054373939,3947.125,26220.548303741045,28122.63032,54965.74446
2026-03-30 13:30:00+02:00,20614.80115620246,23827.895284,5604.44552038284,3908.643,26219.2466765853,27736.538284,54946.212528
2026-03-30 13:45:00+02:00,20617.112975263153,23233.628736,5589.41546511602,3895.377,26206.528440379174,27129.005736,54304.606868
2026-03-30 14:00:00+02:00,21485.33577958877,23290.490088,6023.464364165327,3986.051,27508.8001437541,27276.541088,54736.340308
2026-03-30 14:15:00+02:00,21521.731918714184,22937.443812,6015.614971892641,3927.906,27537.346890606823,26865.349812,54318.432416
2026-03-30 14:30:00+02:00,21582.301327581114,22859.371552,6043.676043304708,3884.441,27625.977370885823,26743.812552,54370.534828
2026-03-30 14:45:00+02:00,21609.013512075282,21636.9801,6025.3837207837705,3739.763,27634.397232859053,25376.7431,52467.109816
2026-03-30 15:00:00+02:00,22810.66224067812,21862.954816,6054.121114614167,3549.508,28864.78335529229,25412.462816,52139.551728
2026-03-30 15:15:00+02:00,22851.50805719249,22473.314068,6079.738101507453,3547.589,28931.24615869994,26020.903068,51773.774871999995
2026-03-30 15:30:00+02:00,22876.63049303372,22327.067296,6074.395491725528,3514.064,28951.02598475925,25841.131296,50228.151476
2026-03-30 15:45:00+02:00,22883.60277546694,22315.788992,6085.572210997628,3366.704,28969.174986464568,25682.492992000003,48956.64673200001
2026-03-30 16:00:00+02:00,21621.85008734962,22303.05672,5602.018211306577,3639.908,27223.868298656198,25942.96472,48059.297156
2026-03-30 16:15:00+02:00,21608.83511027364,22399.623976,5612.278428457022,4022.559,27221.113538730664,26422.182976,47391.700204
2026-03-30 16:30:00+02:00,21551.342653563785,22517.046768,5632.518113623315,4777.373,27183.8607671871,27294.419768,46953.827848
2026-03-30 16:45:00+02:00,21478.453719461937,22957.744168,5644.5041480601785,4819.849,27122.957867522116,27777.593168,45736.835267999995
2026-03-30 17:00:00+02:00,19751.327945163826,23074.46264,6072.258242334152,5603.376,25823.58618749798,28677.83864,45030.799896
2026-03-30 17:15:00+02:00,19599.448092425522,22713.808624,6087.058238090344,6218.059,25686.506330515866,28931.867624,43757.29518
2026-03-30 17:30:00+02:00,19439.583307804558,22214.380328,6084.038838282604,6346.503,25523.62214608716,28560.883328,41432.067736
2026-03-30 17:45:00+02:00,19389.253576294854,21968.903316,6105.064512828998,6572.674,25494.31808912385,28541.577316,39422.690168
2026-03-30 18:00:00+02:00,19809.20329284469,22022.198248,6626.830414288676,6855.29,26436.033707133367,28877.488248,37585.054064
2026-03-30 18:15:00+02:00,19915.23889822175,21433.43624,6629.683942298927,7001.504,26544.922840520674,28434.94024,35355.344316
2026-03-30 18:30:00+02:00,20129.58284752514,21029.658548,6616.816240818563,7020.734,26746.399088343704,28050.392548,33106.16846
2026-03-30 18:45:00+02:00,20302.257412954532,20457.959084,6612.85655647332,7265.876,26915.113969427854,27723.835084,31023.793988
2026-03-30 19:00:00+02:00,18443.224107995564,19614.148436,6909.203298058303,7101.769,25352.427406053866,26715.917436,28693.839364
2026-03-30 19:15:00+02:00,18643.788029428026,18969.057008,6912.650942008501,6997.258,25556.438971436528,25966.315008,26892.937688
2026-03-30 19:30:00+02:00,18846.226770663856,18909.565168,6920.942713158864,7034.953,25767.16948382272,25944.518168,26276.386164000003
2026-03-30 19:45:00+02:00,19019.532149726183,18910.47606,6921.999280418061,6918.491,25941.531430144245,25828.967060000003,25935.088508000004
2026-03-30 20:00:00+02:00,19016.868600224403,18668.394348,6753.713277371521,6889.769,25770.581877595923,25558.163348,25634.240256
2026-03-30 20:15:00+02:00,19186.415562996193,18234.432952,6778.678180062156,6813.846,25965.09374305835,25048.278952,25119.83828
2026-03-30 20:30:00+02:00,19336.759962117394,17563.534464,6787.41815678336,6944.45,26124.178118900752,24507.984464,24569.977108000003
2026-03-30 20:45:00+02:00,19414.794273898453,17495.481204,6789.206704655112,7051.814,26204.000978553566,24547.295204,24601.358992
2026-03-30 21:00:00+02:00,18973.726113979425,17762.499972,6873.504693420285,7041.062,25847.23080739971,24803.561972000003,24891.862196
2026-03-30 21:15:00+02:00,19063.537487001966,18022.367728,6888.9840690655865,6872.985,25952.521556067553,24895.352728,24936.014436
2026-03-30 21:30:00+02:00,19136.48163144599,17999.403212,6896.547539288537,6955.809,26033.029170734528,24955.212212,24979.832304000003
2026-03-30 21:45:00+02:00,19171.02356963642,17845.665072,6910.357734177585,7023.905,26081.381303814007,24869.570072,24885.996272
2026-03-30 22:00:00+02:00,17951.27973998421,17700.767164,7048.885269513103,6976.448,25000.165009497312,24677.215164,24739.985336
2026-03-30 22:15:00+02:00,17972.273369141207,17977.343324,7081.30173118666,6957.745,25053.575100327867,24935.088324,24961.235116
2026-03-30 22:30:00+02:00,17997.99390143591,18037.904172,7092.627994783196,6880.542,25090.62189621911,24918.446172,24933.623996
2026-03-30 22:45:00+02:00,18027.048375156068,18027.788576,7098.594704225457,6780.562,25125.643079381523,24808.350575999997,24822.076132
2026-03-30 23:00:00+02:00,18593.75125809204,18198.16212,7172.942627603791,6765.194,25766.693885695833,24963.35612,24980.789248
2026-03-30 23:15:00+02:00,18579.947824534105,18424.607328,7185.785340398436,6714.276,25765.733164932542,25138.883327999996,25152.841024
2026-03-30 23:30:00+02:00,18567.159588830706,18601.446624,7178.765720387293,6572.759,25745.925309218,25174.205624,25199.315748
2026-03-30 23:45:00+02:00,18534.71695661636,18776.542472,7184.57816355705,6400.151,25719.29512017341,25176.693472,25190.05216
2026-03-31 00:00:00+02:00,18080.72908442,18671.105644,6808.819397352991,6110.498,24889.54848177299,24781.603644,24794.76736
2026-03-31 00:15:00+02:00,18070.08454708267,18561.152168,6794.357047219349,6107.579,24864.44159430202,24668.731168,24681.495607999997
2026-03-31 00:30:00+02:00,18102.500284919883,18606.731384,6782.367775723422,6143.918,24884.868060643304,24750.649383999997,24763.367939999996
2026-03-31 00:45:00+02:00,18068.358181614793,18365.442516,6766.9984548578395,6039.636,24835.356636472632,24405.078516,24417.655856
2026-03-31 01:00:00+02:00,18062.3531076035,18272.895064,6644.97004883757,6073.337,24707.32315644107,24346.232064,24358.854488
2026-03-31 01:15:00+02:00,18030.518544367656,18132.281168,6619.964178117037,6043.5,24650.482722484692,24175.781168,24188.507772
2026-03-31 01:30:00+02:00,18032.119629390072,17978.007488,6573.294679279419,6002.79,24605.41430866949,23980.797488,23993.59258
2026-03-31 01:45:00+02:00,18015.576640281666,17687.260544,6537.076924904526,5924.112,24552.653565186192,23611.372544,23624.291920000003
2026-03-31 02:00:00+02:00,18042.624645148586,17487.104824,6543.4100414012355,5882.423,24586.03468654982,23369.527823999997,23382.221083999997
2026-03-31 02:15:00+02:00,17998.32155781938,17375.954812,6512.626840588725,5855.25,24510.948398408105,23231.204812,23243.95452
2026-03-31 02:30:00+02:00,17951.976253605175,17230.49636,6470.236513522569,5913.383,24422.212767127745,23143.87936,23156.87218
2026-03-31 02:45:00+02:00,17892.25555282775,17055.033288,6452.622651288782,6054.037,24344.878204116532,23109.070288,23122.169136
2026-03-31 03:00:00+02:00,16980.157416359005,17005.58962,6618.78193631679,6233.339,23598.939352675796,23238.92862,23252.391484
2026-03-31 03:15:00+02:00,16913.40176007854,16996.677656,6600.144644069006,6476.576,23513.546404147546,23473.253656,23486.771124
2026-03-31 03:30:00+02:00,16860.036680333415,17014.06024,6589.836258833657,6701.646,23449.87293916707,23715.70624,23729.319596
2026-03-31 03:45:00+02:00,16839.491419719434,17163.764364,6582.386303426354,6674.56,23421.877723145786,23838.324364,23851.998856
2026-03-31 04:00:00+02:00,17032.44152394285,17201.955752,6662.150211466105,6611.293,23694.591735408954,23813.248752,23826.861924
2026-03-31 04:15:00+02:00,16986.758149142017,17281.067856,6670.203496865338,6440.295,23656.961646007356,23721.362856,23734.755308
2026-03-31 04:30:00+02:00,16914.622110802826,17152.564444,6676.300407482903,6309.155,23590.92251828573,23461.719444,23475.279292
2026-03-31 04:45:00+02:00,16862.765148135546,17094.333876,6686.748916198393,6292.452,23549.51406433394,23386.785876,23399.029028
2026-03-31 05:00:00+02:00,17124.04044883545,17242.286416,6679.2220969461705,6358.364,23803.26254578162,23600.650415999997,23612.710212
2026-03-31 05:15:00+02:00,17140.576153620303,17190.943584,6706.567815953839,6361.88,23847.143969574143,23552.823584,23564.86628
2026-03-31 05:30:00+02:00,17154.914670018614,16715.745948,6714.130906234153,6321.729,23869.045576252767,23037.474948,23049.775832
2026-03-31 05:45:00+02:00,17198.413211159874,16602.63726,6732.496543357474,6299.979,23930.90975451735,22902.61626,22916.475548
2026-03-31 06:00:00+02:00,16550.39667603734,16793.267344,6732.170234748509,6297.073,23282.56691078585,23090.340344,23107.25348
2026-03-31 06:15:00+02:00,16507.970662719574,16565.639156,6770.929248443905,6182.293,23278.899911163477,22747.932156000003,22766.110208
2026-03-31 06:30:00+02:00,16494.090735225625,16315.001428,6779.839124173811,6296.819,23273.929859399435,22611.820428,22637.320908
2026-03-31 06:45:00+02:00,16405.27623877959,16178.381736,6772.707421357472,6278.599,23177.983660137063,22456.980736,22504.569443999997
2026-03-31 07:00:00+02:00,15930.847586261438,15935.777316,6847.027924716774,6132.79,22777.87551097821,22068.567316,22226.145756
2026-03-31 07:15:00+02:00,15811.88531972332,15824.096148,6859.2721824953915,5902.646,22671.15750221871,21726.742148,22274.874508
2026-03-31 07:30:00+02:00,15656.253191377253,15555.04592,6858.269198923709,5850.378,22514.52239030096,21405.42392,22676.988672
2026-03-31 07:45:00+02:00,15496.611511253574,15106.420088,6858.97689384218,5779.362,22355.588405095754,20885.782088,23026.244856
2026-03-31 08:00:00+02:00,14542.97616711138,14792.305972,6517.816624950705,5812.826,21060.792792062086,20605.131972,23969.769807999997
2026-03-31 08:15:00+02:00,14327.934951963005,14534.64424,6513.528359787596,5729.895,20841.463311750602,20264.53924,24818.116772
2026-03-31 08:30:00+02:00,14032.520292427094,14094.349864,6478.316265224596,5355.205,20510.836557651688,19449.554864,25338.185243999997
2026-03-31 08:45:00+02:00,13849.828032137966,13672.59586,6454.0197108453995,5148.775,20303.847742983366,18821.37086,26250.189604
2026-03-31 09:00:00+02:00,13018.724642442916,13250.031588,5949.031244643489,5045.768,18967.755887086405,18295.799588,27432.792632000004
2026-03-31 09:15:00+02:00,12882.356059544565,12788.714792,5950.431190046364,5006.36,18832.78724959093,17795.074792,28660.441919999997
2026-03-31 09:30:00+02:00,12763.50047648888,12805.2128,5946.238869689145,4713.899,18709.739346178023,17519.1118,30283.391603999997
2026-03-31 09:45:00+02:00,12695.26016531605,12974.189872,5947.2262363633545,4395.611,18642.4864016794,17369.800872,31990.936456
2026-03-31 10:00:00+02:00,13340.047639594108,13132.209116,5599.44931349353,3798.61,18939.496953087637,16930.819116,33366.780388
2026-03-31 10:15:00+02:00,13346.48651190502,13356.511344,5587.540367847403,3848.584,18934.026879752422,17205.095344,35142.814924000006
2026-03-31 10:30:00+02:00,13365.345293148774,13853.868668,5591.611300259058,3788.955,18956.95659340783,17642.823667999997,36994.507316
2026-03-31 10:45:00+02:00,13374.601610386233,14493.657868,5591.806084610419,3836.221,18966.40769499665,18329.878868,38874.163784
2026-03-31 11:00:00+02:00,15891.259864018673,15221.314528,5002.813723776562,3587.857,20894.073587795236,18809.171528,40213.43276
2026-03-31 11:15:00+02:00,15916.950013840618,15666.872768,5017.239958606532,3362.513,20934.18997244715,19029.385768,41022.467088000005
2026-03-31 11:30:00+02:00,15943.843928616487,16259.201624,5010.761254633831,3070.98,20954.605183250318,19330.181624,41781.110972
2026-03-31 11:45:00+02:00,15953.105294857582,16900.07516,5013.187726139897,2940.84,20966.29302099748,19840.91516,43086.552892
2026-03-31 12:00:00+02:00,16967.029145562024,17371.242576,4650.7430686603975,2810.357,21617.772214222423,20181.599576,44288.501324
2026-03-31 12:15:00+02:00,16992.41583260315,17931.447992,4658.620416523721,2703.831,21651.03624912687,20635.278992,45498.365608
2026-03-31 12:30:00+02:00,16994.23400111911,18115.042196,4685.539860070822,2473.318,21679.773861189933,20588.360196,46436.981648
2026-03-31 12:45:00+02:00,17018.616991842482,18488.487632,4712.71775330106,2324.738,21731.33474514354,20813.225632,47415.506392
2026-03-31 13:00:00+02:00,16609.30946833627,18764.867712,4506.723841330178,1874.776,21116.033309666447,20639.643712,47520.932576
2026-03-31 13:15:00+02:00,16662.972783119025,19458.577256,4526.945083116771,1867.463,21189.917866235795,21326.040256,48632.259148
2026-03-31 13:30:00+02:00,16678.067757645083,19266.246948,4508.401352043939,1806.084,21186.469109689024,21072.330948,48626.146868
2026-03-31 13:45:00+02:00,16677.807904728408,19388.501688,4498.918244424658,1762.023,21176.726149153066,21150.524688,48555.502776
2026-03-31 14:00:00+02:00,17277.107947122287,20157.799384,4227.269141992783,1857.388,21504.37708911507,22015.187384,49266.748308
2026-03-31 14:15:00+02:00,17312.24495395847,20083.68866,4220.328463129813,1787.878,21532.573417088282,21871.56666,49243.4197
2026-03-31 14:30:00+02:00,17348.1121769123,20183.950148,4232.862628350851,1750.455,21580.974805263148,21934.405148,48889.724688
2026-03-31 14:45:00+02:00,17365.33719452871,20414.326672,4223.127401022252,1691.468,21588.464595550962,22105.794672,49010.708888
2026-03-31 15:00:00+02:00,18265.240112464995,20100.273904,4112.87511492218,2024.758,22378.115227387174,22125.031904000003,48281.327192
2026-03-31 15:15:00+02:00,18304.913855718063,20081.92412,4134.259506158924,2287.337,22439.173361876987,22369.26112,47909.200816
2026-03-31 15:30:00+02:00,18317.263202418468,20569.77226,4130.189375385434,2343.249,22447.452577803902,22913.02126,47581.003608
2026-03-31 15:45:00+02:00,18308.522631391126,20440.379512,4150.1115490748525,2320.228,22458.63418046598,22760.607512,46272.784496
2026-03-31 16:00:00+02:00,18649.13163406577,20428.032464,4017.0091096827723,2093.538,22666.14074374854,22521.570464,44645.773076
2026-03-31 16:15:00+02:00,18700.532299015318,20328.332868,4020.7561804399706,2247.869,22721.28847945529,22576.201868,43703.663172
2026-03-31 16:30:00+02:00,18678.108256008927,20438.742884,4033.5114330771316,2229.916,22711.61968908606,22668.658884,42310.342516
2026-03-31 16:45:00+02:00,18615.35001576469,19798.61914,4057.998217149664,2144.422,22673.34823291435,21943.04114,40018.239424
2026-03-31 17:00:00+02:00,17480.46145769584,19505.594808,4258.84370968663,2124.476,21739.30516738247,21630.070808,37805.818692
2026-03-31 17:15:00+02:00,17321.092697799646,18991.940412,4293.412764770183,2243.231,21614.50546256983,21235.171412,35396.89882
2026-03-31 17:30:00+02:00,17161.625116252217,18457.84776,4298.132796896813,2495.954,21459.757913149027,20953.80176,33119.834564000004
2026-03-31 17:45:00+02:00,17093.754168369815,17713.639828,4304.761650749624,2323.922,21398.51581911944,20037.561828,30355.245863999997
2026-03-31 18:00:00+02:00,13960.360688218314,17065.12016,3925.372951480947,2230.381,17885.73363969926,19295.50116,27719.271676
2026-03-31 18:15:00+02:00,14079.173063529868,16392.76954,3939.6838047764736,2166.301,18018.856868306342,18559.07054,25099.620168
2026-03-31 18:30:00+02:00,14353.668672188494,15261.009584,3926.600109682476,2104.216,18280.26878187097,17365.225584,22150.025696
2026-03-31 18:45:00+02:00,14516.474837334636,14455.561144,3923.041748628083,2065.334,18439.51658596272,16520.895144,19769.089571999997
2026-03-31 19:00:00+02:00,12696.077476904224,13906.061772,3429.873039992951,1983.273,16125.950516897174,15889.334771999998,17839.494452
2026-03-31 19:15:00+02:00,12898.37097392903,13537.557432,3436.272972650427,1918.367,16334.643946579457,15455.924432,16403.680228
2026-03-31 19:30:00+02:00,13133.900524422885,13504.500236,3450.6550632487097,1892.313,16584.555587671595,15396.813236,15721.829912
2026-03-31 19:45:00+02:00,13326.15700279402,13039.667164,3454.805976422725,1836.886,16780.962979216743,14876.553164,14991.518248
2026-03-31 20:00:00+02:00,12339.906835756045,12575.097624,2919.4262089312847,1830.452,15259.33304468733,14405.549624,14463.021496
2026-03-31 20:15:00+02:00,12544.482192729201,12331.928376,2940.691722663444,1683.892,15485.173915392646,14015.820376,14047.234092
2026-03-31 20:30:00+02:00,12733.026706113742,11950.01106,2946.602794563451,1677.508,15679.629500677192,13627.51906,13653.558356
2026-03-31 20:45:00+02:00,12852.86901439309,11787.614528,2945.19755983392,1629.548,15798.06657422701,13417.162528,13435.700176
2026-03-31 21:00:00+02:00,12362.776907565116,11430.817672,2188.8228526934818,1607.901,14551.599760258598,13038.718672,13082.284043999998
2026-03-31 21:15:00+02:00,12497.951593221167,11101.06032,2201.933704624677,1561.73,14699.885297845844,12662.79032,12685.310396
2026-03-31 21:30:00+02:00,12620.396548446555,10886.94874,2206.22847920017,1540.317,14826.625027646725,12427.26574,12442.304948
2026-03-31 21:45:00+02:00,12705.267454028613,10573.056008,2221.454654323706,1527.1,14926.72210835232,12100.156008,12115.218332
2026-03-31 22:00:00+02:00,11547.343072144262,10127.022712,1720.0300021433686,1452.478,13267.37307428763,11579.500712,11599.211996000002
2026-03-31 22:15:00+02:00,11607.876764267154,9980.972848,1757.9606629004506,1390.262,13365.837427167604,11371.234848,11392.263676
2026-03-31 22:30:00+02:00,11658.504718240994,9661.821956,1773.2373606582469,1392.335,13431.742078899242,11054.156956,11074.85192
2026-03-31 22:45:00+02:00,11705.430555220126,9364.132904,1782.6198348564085,1276.589,13488.050390076534,10640.721904,10661.782328
2026-03-31 23:00:00+02:00,10592.6372963965,9028.528128,1131.3432031394293,1094.404,11723.98049953593,10122.932128,10140.077576
2026-03-31 23:15:00+02:00,10605.96268807412,8586.620868,1140.9624472968344,930.398,11746.925135370955,9517.018868,9532.896076
2026-03-31 23:30:00+02:00,10605.66118155195,8216.000592,1131.797350833856,838.015,11737.458532385806,9054.015592,9069.131372
2026-03-31 23:45:00+02:00,10587.100757727816,7773.294712,1140.1926123198393,819.663,11727.293370047655,8592.957712,8607.626616
2026-04-01 00:00:00+02:00,7416.335813664559,7459.782748,499.6440039401682,742.688,7915.979817604728,8202.470748,8221.938584
2026-04-01 00:15:00+02:00,7408.669792463357,7056.642752,481.85415353045164,655.674,7890.523945993809,7712.316752,7721.992564
2026-04-01 00:30:00+02:00,7454.610185579849,6703.841776,471.2363618295864,574.635,7925.8465474094355,7278.476776,7288.097532000001
2026-04-01 00:45:00+02:00,7431.797270422112,6317.440108,456.39093173489834,527.958,7888.18820215701,6845.398107999999,6854.761527999999
2026-04-01 01:00:00+02:00,5721.055083433359,6008.2022,479.36393455528474,456.04,6200.419017988644,6464.2422,6473.831548
2026-04-01 01:15:00+02:00,5703.138184678266,5676.942888,460.01992256415787,378.41,6163.158107242424,6055.352887999999,6064.680264
2026-04-01 01:30:00+02:00,5714.059782280441,5348.850992,418.0884551106815,304.508,6132.148237391122,5653.3589919999995,5662.616115999999
2026-04-01 01:45:00+02:00,5709.849439716699,5091.1934,392.01318391426935,249.796,6101.862623630968,5340.9894,5349.99876
2026-04-01 02:00:00+02:00,4672.456783001003,4847.926808,253.52194414688321,218.5,4925.978727147886,5066.426808,5075.76194
2026-04-01 02:15:00+02:00,4638.437711139741,4668.90948,231.66142143960516,171.426,4870.099132579346,4840.335480000001,4849.3875960000005
2026-04-01 02:30:00+02:00,4605.008773288164,4475.931888,196.86734010576438,149.573,4801.876113393928,4625.504888,4634.537560000001
2026-04-01 02:45:00+02:00,4556.125662713323,4335.532592,184.96103182566418,124.233,4741.086694538988,4459.765592,4468.69082
2026-04-01 03:00:00+02:00,3722.543137833481,4147.400152,134.85682418882055,89.124,3857.3999620223017,4236.524152,4245.735948
2026-04-01 03:15:00+02:00,3677.105947372025,3944.65138,127.69887588321677,63.041,3804.804823255242,4007.69238,4016.973012
2026-04-01 03:30:00+02:00,3643.4072427091783,3721.21496,129.01085221552046,45.908,3772.418094924699,3767.12296,3777.277612
2026-04-01 03:45:00+02:00,3639.675869303274,3480.415348,124.60938162426919,24.835,3764.285250927543,3505.250348,3519.813056
2026-04-01 04:00:00+02:00,2752.3624692328917,3165.383904,135.4000604541333,15.967,2887.762529687025,3181.350904,3192.211632
2026-04-01 04:15:00+02:00,2728.7498010773384,2882.14844,131.37044153757668,10.695,2860.1202426149152,2892.84344,2903.40254
2026-04-01 04:30:00+02:00,2669.1755063153423,2618.949768,125.62996823339162,5.588,2794.805474548734,2624.537768,2635.8986720000003
2026-04-01 04:45:00+02:00,2632.338722332329,2373.07694,132.31414034597628,4.538,2764.652862678305,2377.61494,2389.444536
2026-04-01 05:00:00+02:00,2298.633592752232,2169.706592,109.79874527178674,3.854,2408.4323380240185,2173.560592,2187.0791759999997
2026-04-01 05:15:00+02:00,2318.8708530859194,1945.074592,126.75289118398442,3.199,2445.623744269904,1948.273592,1962.252272
2026-04-01 05:30:00+02:00,2334.182447076272,1723.067588,140.1968209649918,2.567,2474.379268041264,1725.634588,1742.049712
2026-04-01 05:45:00+02:00,2375.547636116875,1541.02442,160.32512993160088,0.186,2535.8727660484756,1541.21042,1560.3399479999998
2026-04-01 06:00:00+02:00,2384.2046015832248,1422.2236,188.50645145362122,0.047,2572.711053036846,1422.2706,1446.237764
2026-04-01 06:15:00+02:00,2342.3266258678414,1334.150992,222.390414109763,2.939,2564.717039977604,1337.0899920000002,1366.163396
2026-04-01 06:30:00+02:00,2320.807903373377,1259.735228,233.03277066024566,7.403,2553.8406740336227,1267.138228,1306.074884
2026-04-01 06:45:00+02:00,2239.513686740802,1220.217624,224.55152591004426,12.509,2464.065212650846,1232.726624,1357.644648
2026-04-01 07:00:00+02:00,2319.993573145516,1158.57514,273.86033630536144,22.958,2593.853909450878,1181.53314,1626.404616
2026-04-01 07:15:00+02:00,2212.7232009357485,1117.333976,281.9500796107685,32.068,2494.673280546517,1149.401976,2301.973016
2026-04-01 07:30:00+02:00,2066.422900001299,1089.936704,282.84548063280505,35.201,2349.268380634104,1125.137704,3326.574248
2026-04-01 07:45:00+02:00,1916.6075983709484,1055.919156,282.3184984782845,49.433,2198.9260968492326,1105.352156,4667.666128
2026-04-01 08:00:00+02:00,2229.181157348519,1061.37918,274.86768765782335,58.91,2504.048845006342,1120.28918,6446.6461
2026-04-01 08:15:00+02:00,2009.8237807828623,1073.025376,266.62416567960736,101.837,2276.4479464624696,1174.862376,8427.779304
2026-04-01 08:30:00+02:00,1786.068525802851,1033.982996,267.1269989593371,137.825,2053.195524762188,1171.807996,10624.577584
2026-04-01 08:45:00+02:00,1610.821854194378,956.570156,252.37554456791906,175.67,1863.1973987622969,1132.240156,12973.857648
2026-04-01 09:00:00+02:00,1813.0826162919836,892.207052,164.23444341464824,195.584,1977.3170597066319,1087.791052,15443.750152
2026-04-01 09:15:00+02:00,1663.5838276723703,817.123848,158.40053317804464,233.154,1821.984360850415,1050.277848,17836.699568
2026-04-01 09:30:00+02:00,1545.4425145712828,770.215176,145.70001885731878,263.779,1691.1425334286016,1033.9941760000002,20087.463116
2026-04-01 09:45:00+02:00,1491.0033037395535,731.742828,128.02123161199486,327.603,1619.0245353515484,1059.345828,22183.932936
2026-04-01 10:00:00+02:00,1710.7308744931836,722.174632,72.95106956562582,397.175,1783.6819440588094,1119.349632,24116.085744
2026-04-01 10:15:00+02:00,1710.455685675698,718.078988,50.11498829666448,448.2,1760.5706739723626,1166.278988,26101.534972
2026-04-01 10:30:00+02:00,1741.0587785867792,699.31988,47.29483102877066,497.946,1788.3536096155499,1197.26588,27442.324644
2026-04-01 10:45:00+02:00,1748.0094131702558,672.048956,42.654388886558195,550.91,1790.663802056814,1222.958956,29063.647252
2026-04-01 11:00:00+02:00,1636.9225431593234,630.140736,134.44397034187426,596.505,1771.3665135011977,1226.645736,30890.191368
2026-04-01 11:15:00+02:00,1655.9058354516592,598.95134,138.11809568360036,673.576,1794.0239311352595,1272.52734,32297.361132
2026-04-01 11:30:00+02:00,1679.8625527291751,589.007092,132.13222675036226,760.478,1811.9947794795373,1349.485092,33716.81026
2026-04-01 11:45:00+02:00,1681.9232227026769,590.18178,133.25589272282167,828.415,1815.1791154254986,1418.59678,35106.918076
2026-04-01 12:00:00+02:00,1646.478379368234,591.844616,675.3784188734355,886.065,2321.85679824167,1477.909616,36301.99528
2026-04-01 12:15:00+02:00,1665.1008454968535,624.15864,688.0188259473157,932.56,2353.1196714441694,1556.71864,37294.169372
2026-04-01 12:30:00+02:00,1642.9321825242446,631.812,705.9485203135822,1012.807,2348.880702837827,1644.619,38503.75872
2026-04-01 12:45:00+02:00,1647.5774686751856,671.056092,732.3748814563246,1043.533,2379.9523501315102,1714.589092,39313.854568
2026-04-01 13:00:00+02:00,1415.753888228781,718.631,905.7800873836017,1006.977,2321.5339756123826,1725.608,39896.57826
2026-04-01 13:15:00+02:00,1458.2205874871552,779.793504,937.619631904312,1014.708,2395.840219391467,1794.5015039999998,40106.435888
2026-04-01 13:30:00+02:00,1461.8188641161507,842.768896,917.964905847097,1078.459,2379.783769963248,1921.227896,40657.96518399999
2026-04-01 13:45:00+02:00,1448.7949906904378,899.627056,906.646906944647,1105.183,2355.441897635085,2004.810056,40666.063296
2026-04-01 14:00:00+02:00,1927.4778493384388,968.136616,892.8977354407032,1110.456,2820.3755847791417,2078.592616,40176.439544
2026-04-01 14:15:00+02:00,1968.4135605876054,1016.582312,880.9169769104519,1098.705,2849.3305374980573,2115.287312,39996.003892
2026-04-01 14:30:00+02:00,1985.530762919378,1035.291624,895.3487060850639,1084.843,2880.879469004442,2120.1346240000003,39486.156696
2026-04-01 14:45:00+02:00,1964.695553984257,1129.727136,882.62568839557,1094.716,2847.321242379827,2224.443136,39166.845524
2026-04-01 15:00:00+02:00,2019.1916980611147,1180.506848,826.7658711955702,1098.107,2845.957569256685,2278.613848,38334.162452
2026-04-01 15:15:00+02:00,2082.844137293306,1240.815104,841.1796405301181,1129.681,2924.023777823424,2370.496104,37744.733248
2026-04-01 15:30:00+02:00,2085.624774209501,1277.797712,833.5103381750157,1096.333,2919.135112384517,2374.130712,36856.664236
2026-04-01 15:45:00+02:00,2081.152369227534,1266.185492,849.6971860376921,1060.875,2930.849555265226,2327.060492,35494.116892
2026-04-01 16:00:00+02:00,2108.640585810043,1290.26962,831.2011019859194,1036.358,2939.8416877959626,2326.62762,34361.338848
2026-04-01 16:15:00+02:00,2198.093829777545,1280.107904,836.4714046809592,1016.703,3034.565234458504,2296.810904,32468.955779999997
2026-04-01 16:30:00+02:00,2194.011316614782,1329.687684,869.357132423762,995.608,3063.368449038544,2325.2956839999997,30947.654372
2026-04-01 16:45:00+02:00,2163.2160705031306,1313.024724,887.7246648649857,967.796,3050.9407353681163,2280.820724,28871.581384
2026-04-01 17:00:00+02:00,2748.699976937442,1259.916816,1034.805384539125,908.654,3783.505361476567,2168.570816,26335.623464
2026-04-01 17:15:00+02:00,2593.476515135481,1260.222316,1094.5236278223051,842.781,3688.000142957786,2103.0033160000003,23603.302492000003
2026-04-01 17:30:00+02:00,2449.4699980370224,1211.233592,1139.9679549854168,771.415,3589.437953022439,1982.648592,20705.318720000003
2026-04-01 17:45:00+02:00,2374.943311354557,1152.051716,1169.447379233388,732.644,3544.390690587945,1884.695716,17858.954279999998
2026-04-01 18:00:00+02:00,2316.479962352262,1108.44644,1138.090888100598,704.326,3454.57085045286,1812.77244,14839.247076
2026-04-01 18:15:00+02:00,2399.3820485044976,1029.615236,1154.7652586315978,673.746,3554.147307136095,1703.3612360000002,11702.389684
2026-04-01 18:30:00+02:00,2573.968579049143,992.384204,1148.6716751000456,641.545,3722.640254149189,1633.929204,8838.294544
2026-04-01 18:45:00+02:00,2697.0545093571177,1012.091428,1153.9619494887265,654.753,3851.016458845844,1666.844428,6473.027507999999
2026-04-01 19:00:00+02:00,2382.440400131806,1027.09442,1005.7963194668821,686.999,3388.236719598688,1714.09342,4553.8231
2026-04-01 19:15:00+02:00,2541.328932756469,1086.580588,1007.5317314499672,731.682,3548.860664206436,1818.262588,3239.494076
2026-04-01 19:30:00+02:00,2726.892351179109,1237.966404,1018.3380457290735,764.135,3745.2303969081827,2002.101404,2575.87554
2026-04-01 19:45:00+02:00,2895.4039002178197,1421.66696,1019.2265901877845,792.849,3914.630490405604,2214.51596,2462.227816
2026-04-01 20:00:00+02:00,2651.965042176445,1574.722476,1065.0491780460443,765.698,3717.0142202224893,2340.420476,2501.2353359999997
2026-04-01 20:15:00+02:00,2821.1284147561614,1816.543204,1081.7441516612562,746.044,3902.8725664174176,2562.587204,2656.462752
2026-04-01 20:30:00+02:00,2969.245355598466,2090.7728,1088.917641288005,746.167,4058.162996886471,2836.9398,2881.105296
2026-04-01 20:45:00+02:00,3069.9456533418947,2346.064352,1090.7657253435627,776.979,4160.711378685457,3123.0433519999997,3156.6148759999996
2026-04-01 21:00:00+02:00,3450.7322413275224,2538.48604,1175.6403538375348,793.443,4626.372595165058,3331.92904,3456.807756
2026-04-01 21:15:00+02:00,3580.869721800411,2729.565416,1180.8734442763187,819.78,4761.74316607673,3549.345416,3575.6641520000003
2026-04-01 21:30:00+02:00,3696.629884002986,2939.848192,1184.0592583636374,818.79,4880.689142366623,3758.638192,3775.056328
2026-04-01 21:45:00+02:00,3771.652735141095,3163.975268,1196.4988922910736,876.787,4968.151627432168,4040.762268,4055.153968000001
2026-04-01 22:00:00+02:00,4338.661803194278,3353.156136,1660.542655837245,931.496,5999.204459031524,4284.652136,4313.254828
2026-04-01 22:15:00+02:00,4402.7720237964895,3525.56728,1688.190116146854,981.247,6090.962139943344,4506.8142800000005,4528.2995120000005
2026-04-01 22:30:00+02:00,4447.959943240527,3762.895968,1697.3103207088952,1023.867,6145.270263949422,4786.762968,4800.494984
2026-04-01 22:45:00+02:00,4490.620960216644,3997.357416,1701.0897843503394,1064.355,6191.710744566983,5061.712416,5075.139024
2026-04-01 23:00:00+02:00,5065.300164484904,4203.37192,2185.1174831530197,1119.178,7250.417647637923,5322.5499199999995,5336.783312
2026-04-01 23:15:00+02:00,5101.366420287361,4398.24532,2191.778647375231,1171.163,7293.145067662592,5569.4083200000005,5580.625624
2026-04-01 23:30:00+02:00,5119.743418636732,4545.152436,2178.0406984927076,1235.262,7297.784117129439,5780.414436,5790.850968
2026-04-01 23:45:00+02:00,5111.5087337579835,4656.65754,2181.7717938253654,1254.887,7293.280527583349,5911.54454,5922.03754
2026-04-02 00:00:00+02:00,5466.596781164006,4727.071444,1828.438431181356,1276.608,7295.035212345361,6003.679444,6018.99632
2026-04-02 00:15:00+02:00,5452.993566289281,4870.1446,1804.4055641556333,1321.234,7257.399130444915,6191.3786,6201.570644
2026-04-02 00:30:00+02:00,5489.976565302684,5017.642372,1792.039439425922,1348.546,7282.016004728606,6366.1883720000005,6377.1694720000005
2026-04-02 00:45:00+02:00,5468.331686317662,5103.083864,1775.1502695606487,1369.897,7243.481955878311,6472.980864,6483.124596
2026-04-02 01:00:00+02:00,5664.438387900179,5143.708432,2173.5883727046316,1427.963,7838.026760604811,6571.671432,6581.920852
2026-04-02 01:15:00+02:00,5648.455592082566,5201.830092,2153.7662778723075,1507.262,7802.221869954874,6709.092092,6720.2844159999995
2026-04-02 01:30:00+02:00,5652.016711606334,5274.292796,2107.492891991568,1590.912,7759.509603597902,6865.204796,6875.33146
2026-04-02 01:45:00+02:00,5640.795589015094,5358.537424,2080.63116078145,1679.031,7721.426749796545,7037.568424,7047.49598
2026-04-02 02:00:00+02:00,5973.285558851712,5393.115252,2152.0721569556836,1762.241,8125.357715807396,7155.356252,7165.617835999999
2026-04-02 02:15:00+02:00,5939.43726978111,5521.727608,2129.320300281861,1826.699,8068.757570062971,7348.426608,7358.066996
2026-04-02 02:30:00+02:00,5906.152867931006,5627.428096,2095.1489546085845,1938.502,8001.30182253959,7565.930096,7575.690528
2026-04-02 02:45:00+02:00,5861.453726287256,5669.72952,2081.3223894905595,2010.704,7942.776115777816,7680.43352,7690.267136
2026-04-02 03:00:00+02:00,6453.022750281531,5671.430436,2414.541430299799,2017.339,8867.56418058133,7688.769436,7698.62282
2026-04-02 03:15:00+02:00,6412.280370437766,5709.522768,2413.818008232738,2055.2,8826.098378670504,7764.722768,7774.447608
2026-04-02 03:30:00+02:00,6380.748124518781,5747.71432,2417.7310098423986,2093.768,8798.47913436118,7841.48232,7851.011536
2026-04-02 03:45:00+02:00,6382.557698157027,5792.546512,2416.2667774413326,2060.693,8798.82447559836,7853.239512,7863.096376
2026-04-02 04:00:00+02:00,7353.109079516003,5836.778004,2730.9777098946383,2077.657,10084.086789410641,7914.435004,7924.16368
2026-04-02 04:15:00+02:00,7327.928667479664,5840.32404,2730.140708829146,2199.597,10058.06937630881,8039.921040000001,8049.421188000001
2026-04-02 04:30:00+02:00,7266.003644801288,5826.169808,2730.4583380166,2191.202,9996.461982817887,8017.371808,8026.76062
2026-04-02 04:45:00+02:00,7224.087854223861,5835.778748,2742.797169529931,2209.944,9966.885023753792,8045.722748,8055.280568
2026-04-02 05:00:00+02:00,7103.508611271597,5798.86598,2912.5704049230935,2210.976,10016.07901619469,8009.841979999999,8019.397043999999
2026-04-02 05:15:00+02:00,7115.21883765014,5752.5529,2933.444117916413,2186.489,10048.662955566553,7939.0419,7948.698704
2026-04-02 05:30:00+02:00,7123.557649967236,5683.158676,2951.744096928644,2219.01,10075.30174689588,7902.168676,7922.423684
2026-04-02 05:45:00+02:00,7157.601296212207,5588.236796,2975.1188995480247,2204.966,10132.720195760232,7793.202796,7812.177275999999
2026-04-02 06:00:00+02:00,7342.89786797779,5670.18882,3172.7804501017836,2155.354,10515.678318079574,7825.542820000001,7839.794164000001
2026-04-02 06:15:00+02:00,7301.259486363349,5672.718136,3206.6039579717713,2121.132,10507.86344433512,7793.850136000001,7844.312124000001
2026-04-02 06:30:00+02:00,7278.775010155386,5643.777832,3212.9747800799755,2099.619,10491.74979023536,7743.396832,7805.706436
2026-04-02 06:45:00+02:00,7197.2871509606175,5606.60624,3205.6545712772736,2117.578,10402.94172223789,7724.18424,7863.083476000001
2026-04-02 07:00:00+02:00,7014.585539798831,5607.475692,3350.7253657331757,2089.31,10365.310905532006,7696.785692,8303.644148
2026-04-02 07:15:00+02:00,6908.220382216945,5493.412492,3363.6241439494884,2129.42,10271.844526166433,7622.832492,9458.366716
2026-04-02 07:30:00+02:00,6770.874825753057,5407.212492,3362.551425693086,2126.123,10133.426251446142,7533.335492,11078.088176
2026-04-02 07:45:00+02:00,6632.641114704527,5352.423508,3360.9213047186954,2060.141,9993.562419423222,7412.564508,13183.267688
2026-04-02 08:00:00+02:00,7848.193111746901,5264.015616,4117.233014029223,1947.919,11965.426125776125,7211.934616,15716.469264
2026-04-02 08:15:00+02:00,7673.679902748432,5205.986208,4113.273009546813,1963.186,11786.952912295244,7169.172208,18522.55712
2026-04-02 08:30:00+02:00,7488.568443957918,5045.817212,4087.8111478225896,1852.097,11576.379591780507,6897.914212,21343.870779999997
2026-04-02 08:45:00+02:00,7327.8436012646225,4682.550752,4067.7253144999786,1840.709,11395.568915764601,6523.259752,24338.28722
2026-04-02 09:00:00+02:00,6628.127048891423,4246.182456,4075.846851297347,1777.205,10703.97390018877,6023.3874559999995,27360.484156
2026-04-02 09:15:00+02:00,6501.269917117864,3807.29674,4070.9414007688006,1734.725,10572.211317886664,5542.02174,30080.310744
2026-04-02 09:30:00+02:00,6417.382521084465,3377.457624,4050.5551782755347,1926.138,10467.93769936,5303.595624,32714.984404000003
2026-04-02 09:45:00+02:00,6392.35151605241,2984.071068,4022.5165741889055,2157.964,10414.868090241316,5142.035068,35319.167572
2026-04-02 10:00:00+02:00,4574.368012448639,2725.513448,3980.7278486203786,2178.297,8555.095861069018,4903.810448,37571.369608
2026-04-02 10:15:00+02:00,4589.618499996203,2558.948932,3959.8859942983254,2334.489,8549.504494294528,4893.437932,40020.527668
2026-04-02 10:30:00+02:00,4637.966724392121,2406.816908,3955.0245272465413,2430.98,8592.991251638663,4837.796908,42328.7154
2026-04-02 10:45:00+02:00,4664.86123292053,2348.246632,3950.5255119946796,2658.216,8615.38674491521,5006.462632,44476.800588000006
2026-04-02 11:00:00+02:00,4137.582608532785,2312.917304,3554.154916425991,2875.181,7691.737524958777,5188.098304,45782.362856
2026-04-02 11:15:00+02:00,4166.527205705156,2391.349532,3560.7577598098933,3088.146,7727.284965515049,5479.495532000001,46959.81438
2026-04-02 11:30:00+02:00,4199.09673970369,2470.338532,3548.179749366514,3325.932,7747.276489070204,5796.2705320000005,48010.583852
2026-04-02 11:45:00+02:00,4219.245662864977,2644.202488,3551.8155771736206,3529.936,7771.061240038598,6174.1384880000005,49030.772996
2026-04-02 12:00:00+02:00,4326.799288326477,2820.277752,3410.2274312027816,3710.888,7737.026719529258,6531.165752,49970.49858
2026-04-02 12:15:00+02:00,4353.567724756332,3009.887748,3425.172721120825,3809.919,7778.740445877156,6819.806748,50484.67352
2026-04-02 12:30:00+02:00,4335.535995225253,3130.243448,3437.7039678107435,3810.211,7773.239963035996,6940.454448,50725.821476
2026-04-02 12:45:00+02:00,4348.816696657457,3193.202344,3461.449669541565,3977.277,7810.266366199023,7170.479343999999,50761.655212
2026-04-02 13:00:00+02:00,5187.968608923697,3284.849916,3372.391559694171,4202.876,8560.360168617868,7487.725916,50782.426676
2026-04-02 13:15:00+02:00,5244.793141255972,3399.553776,3403.420104678928,4269.213,8648.2132459349,7668.766776,50660.41022799999
2026-04-02 13:30:00+02:00,5242.301879832471,3464.971176,3384.4108038571917,4418.252,8626.712683689662,7883.223176,50464.348936
2026-04-02 13:45:00+02:00,5233.915099797454,3551.967628,3372.9197338955787,4583.6,8606.834833693032,8135.567628000001,50091.939004
2026-04-02 14:00:00+02:00,7221.424392996358,3685.093576,2870.13105790422,4520.544,10091.555450900578,8205.637576000001,49434.257044
2026-04-02 14:15:00+02:00,7245.7319675751005,3934.063272,2854.5963099239834,4594.364,10100.328277499084,8528.427271999999,48972.43654
2026-04-02 14:30:00+02:00,7270.451491546619,4257.167352,2864.8322999006186,4624.404,10135.283791447237,8881.571352,48438.81684
2026-04-02 14:45:00+02:00,7256.284102707729,4478.011172,2855.487812676967,4675.976,10111.771915384696,9153.987172,47294.970244
2026-04-02 15:00:00+02:00,9908.17758838237,4812.815484,2659.727921941656,4602.203,12567.905510324026,9415.018484,46063.649524
2026-04-02 15:15:00+02:00,9985.045526740274,5206.735508,2686.3477444999394,4459.96,12671.393271240213,9666.695508,44772.9725
2026-04-02 15:30:00+02:00,10012.418284633362,5586.712556,2684.02388714268,4463.352,12696.442171776042,10050.064556,43281.886012
2026-04-02 15:45:00+02:00,10017.76885689827,5944.781864,2703.3898570144165,4468.995,12721.158713912686,10413.776864,41555.046088
2026-04-02 16:00:00+02:00,11095.111006648056,6303.885712,2537.9905848784942,4294.419,13633.10159152655,10598.304712,39548.397804
2026-04-02 16:15:00+02:00,11148.45065517285,6758.343764,2550.3427806660006,4099.266,13698.79343583885,10857.609764,37453.977016
2026-04-02 16:30:00+02:00,11141.888845735113,7261.96342,2584.8528284960407,4015.618,13726.741674231154,11277.58142,35535.385324
2026-04-02 16:45:00+02:00,11099.63243192387,7677.855552,2600.481229177335,4006.298,13700.113661101204,11684.153552,33470.072088
2026-04-02 17:00:00+02:00,11128.319852849456,8056.790088,2688.1966004317615,3909.291,13816.516453281218,11966.081088,31128.568784
2026-04-02 17:15:00+02:00,10963.87015471792,8431.7441,2734.978919166377,3711.67,13698.849073884297,12143.4141,28768.8588
2026-04-02 17:30:00+02:00,10769.602959824415,8856.141296,2787.3625480812657,3550.925,13556.965507905681,12407.066296,26662.124856
2026-04-02 17:45:00+02:00,10663.100268283692,9186.587852,2816.4082177642167,3372.18,13479.508486047907,12558.767852,24656.844884
2026-04-02 18:00:00+02:00,11076.609596258413,9458.413608,3001.348773846757,3127.15,14077.95837010517,12585.563608,22396.925748
2026-04-02 18:15:00+02:00,11110.029085779257,9606.832452,3023.620716423078,2923.965,14133.649802202335,12530.797452,20085.449616
2026-04-02 18:30:00+02:00,11200.446947799563,9661.817272,3014.5162294574056,2814.727,14214.963177256968,12476.544272,17973.728224
2026-04-02 18:45:00+02:00,11278.113829094955,9358.463636,3015.8155410948393,2570.587,14293.929370189795,11929.050636,15592.82996
2026-04-02 19:00:00+02:00,10830.284609691382,8984.326216,2834.580502183927,2406.42,13664.865111875308,11390.746216,13580.40862
2026-04-02 19:15:00+02:00,10953.31770229016,8921.733072,2832.9541914775696,2387.726,13786.27189376773,11309.459072,12423.492064000002
2026-04-02 19:30:00+02:00,11109.098398550612,9160.118724,2839.948074577048,2203.202,13949.046473127659,11363.320724,11794.846136000002
2026-04-02 19:45:00+02:00,11241.884559521159,9316.179112,2838.895383498946,2175.02,14080.779943020105,11491.199112,11672.703456
2026-04-02 20:00:00+02:00,10747.118351302834,9151.325796,2643.1558440777185,2143.89,13390.274195380553,11295.215796,11430.576099999998
2026-04-02 20:15:00+02:00,10886.615186050924,8967.389052,2654.389210769417,2111.121,13541.00439682034,11078.510052,11181.295208
2026-04-02 20:30:00+02:00,11003.37988651183,8820.252192,2659.5915137338343,2095.527,13662.971400245664,10915.779192,11009.267992
2026-04-02 20:45:00+02:00,11083.410976713503,8719.988188,2657.5243855338895,2098.703,13740.935362247394,10818.691188,10865.136752
2026-04-02 21:00:00+02:00,11074.301167161042,8560.921396,2447.731178183851,2023.493,13522.032345344893,10584.414396,10689.16842
2026-04-02 21:15:00+02:00,11182.01669163412,8474.556168,2447.965190061794,2031.518,13629.981881695914,10506.074168,10550.24784
2026-04-02 21:30:00+02:00,11282.716745334503,8578.796888,2446.785754811704,2199.127,13729.502500146207,10777.923888,10820.806196
2026-04-02 21:45:00+02:00,11343.291771161084,8613.760024,2453.1790141967704,2216.517,13796.470785357855,10830.277024,10845.752352
2026-04-02 22:00:00+02:00,10622.642205979482,8666.561288,2363.0774320640567,2002.755,12985.719638043538,10669.316288000002,10694.157392
2026-04-02 22:15:00+02:00,10680.285243105622,8741.069104,2385.0397852675414,2067.698,13065.325028373163,10808.767104,10822.316072
2026-04-02 22:30:00+02:00,10711.495097101131,8677.895048,2391.316532842231,2158.982,13102.811629943362,10836.877048,10850.405308
2026-04-02 22:45:00+02:00,10741.173410986692,8543.5962,2387.6614701222416,2391.594,13128.834881108934,10935.1902,10947.895964
2026-04-02 23:00:00+02:00,9043.01268796286,8596.719452,2142.875246461112,2255.83,11185.887934423972,10852.549452,10885.083352
2026-04-02 23:15:00+02:00,9063.50355835409,8624.170696,2141.090659393897,2085.837,11204.594217747988,10710.007696,10752.832116
2026-04-02 23:30:00+02:00,9070.050452703521,8785.276256,2123.3801606807688,2109.227,11193.43061338429,10894.503256,10922.669548
2026-04-02 23:45:00+02:00,9051.2364834865,8811.68692,2124.5441916549444,2070.516,11175.780675141445,10882.20292,10898.45822
2026-04-03 00:00:00+02:00,8844.47562357256,8932.902244,1586.0748836982325,1993.284,10430.550507270793,10926.186244,10939.337204
2026-04-03 00:15:00+02:00,8838.014891388068,9077.177772,1566.1357727310792,2089.802,10404.150664119146,11166.979772,11179.738704
2026-04-03 00:30:00+02:00,8882.842169168809,9130.6154,1556.63754339202,2288.214,10439.47971256083,11418.8294,11428.669868
2026-04-03 00:45:00+02:00,8867.66098212827,9197.515632,1542.1464864662612,2200.805,10409.80746859453,11398.320632,11407.864468000002
2026-04-03 01:00:00+02:00,8905.851921538051,9315.513212,1616.208033683312,2096.411,10522.059955221363,11411.924212,11424.422212
2026-04-03 01:15:00+02:00,8899.052743698254,9463.938536,1599.900799984457,2139.437,10498.95354368271,11603.375536,11612.780728
2026-04-03 01:30:00+02:00,8912.576132982736,9597.466768,1563.0001761984645,2251.604,10475.5763091812,11849.070768,11858.1566
2026-04-03 01:45:00+02:00,8910.645936190444,9727.957516,1542.7700192544714,2286.692,10453.415955444914,12014.649516,12023.735908
2026-04-03 02:00:00+02:00,8154.21708997152,9796.744804,1403.4004612666274,2345.886,9557.617551238147,12142.630804,12153.61344
2026-04-03 02:15:00+02:00,8133.082574783139,9915.463272,1386.579411647871,2336.583,9519.661986431009,12252.046272,12261.024384000002
2026-04-03 02:30:00+02:00,8113.2871639392415,9943.172676,1360.7314789512245,2227.455,9474.018642890465,12170.627676,12179.597488
2026-04-03 02:45:00+02:00,8076.474205554602,9840.881892,1350.9046670285284,2106.041,9427.378872583131,11946.922892,11956.334668
2026-04-03 03:00:00+02:00,7627.505863483453,9626.950052,1477.1588271838677,2213.023,9104.664690667321,11839.973052,11849.52748
2026-04-03 03:15:00+02:00,7596.7951354826055,9456.150192,1478.393294148081,2147.693,9075.188429630687,11603.843192,11612.985324
2026-04-03 03:30:00+02:00,7574.317781193893,9382.950772,1486.1672339967008,2127.721,9060.485015190594,11510.671772,11519.867072
2026-04-03 03:45:00+02:00,7583.758099299917,9254.260288,1486.0388282760043,2197.3,9069.796927575922,11451.560288,11460.681264
2026-04-03 04:00:00+02:00,7594.641526004106,9082.872168,1624.0681564818904,2158.443,9218.709682485996,11241.315168,11250.155008000002
2026-04-03 04:15:00+02:00,7580.533218497014,9035.820432,1631.773858082593,2103.426,9212.307076579607,11139.246432,11148.070308
2026-04-03 04:30:00+02:00,7528.326722984125,8897.131008,1637.1363198184881,2109.76,9165.463042802614,11006.891008,11016.793724
2026-04-03 04:45:00+02:00,7494.1069899664235,8628.905092,1653.0388614682922,2128.335,9147.145851434716,10757.240092,10766.117644
2026-04-03 05:00:00+02:00,8011.387068664833,8441.017256,1818.3473690071119,2252.932,9829.734437671945,10693.949256,10703.092212
2026-04-03 05:15:00+02:00,8027.1315105744725,8286.228612,1841.0662935591727,2325.205,9868.197804133644,10611.433612,10620.675776
2026-04-03 05:30:00+02:00,8039.252070641088,7982.628184,1862.9224617865211,2460.569,9902.174532427609,10443.197184,10452.572336
2026-04-03 05:45:00+02:00,8074.12384502921,7808.943904,1887.2672781051858,2374.444,9961.391123134395,10183.387904,10193.085584
2026-04-03 06:00:00+02:00,6743.92220156903,7604.224292,2010.4540400331887,2519.607,8754.376241602218,10123.831292,10134.31402
2026-04-03 06:15:00+02:00,6709.471451175141,7450.706888,2046.9994520496502,2826.15,8756.470903224792,10276.856888,10292.835732
2026-04-03 06:30:00+02:00,6693.92677406906,7250.373888,2054.759218606005,3024.776,8748.685992675066,10275.149888,10297.7565
2026-04-03 06:45:00+02:00,6618.641191266574,6774.001648,2048.399381422262,3417.682,8667.040572688837,10191.683648,10293.481508
2026-04-03 07:00:00+02:00,5914.320352118366,6412.013336,2344.6787720605935,3407.066,8258.99912417896,9819.079336,10293.095288
2026-04-03 07:15:00+02:00,5814.0319029024995,6228.167852,2360.742865398537,3495.978,8174.774768301037,9724.145852,11067.553396
2026-04-03 07:30:00+02:00,5688.099253606455,6043.5468,2362.8519522826136,3683.383,8050.951205889069,9726.9298,12291.761716
2026-04-03 07:45:00+02:00,5558.1910151054435,5873.601232,2363.697638617751,3986.881,7921.888653723195,9860.482232,13943.558836
2026-04-03 08:00:00+02:00,4929.691504599463,5828.85344,2790.3457390051235,4199.824,7720.037243604586,10028.67744,15867.07134
2026-04-03 08:15:00+02:00,4754.157920665371,5703.368656,2788.323431845145,4333.806,7542.481352510516,10037.174656,17799.702076
2026-04-03 08:30:00+02:00,4614.534078706753,5391.92644,2813.6872709592567,4313.461,7428.22134966601,9705.38744,19669.080128
2026-04-03 08:45:00+02:00,4461.601227988283,5097.784604,2795.4305244526167,4283.738,7257.0317524409,9381.522604000002,21596.518168
2026-04-03 09:00:00+02:00,3898.529849456073,5027.267236,3469.6644804818334,4306.862,7368.194329937906,9334.129236,23934.384792
2026-04-03 09:15:00+02:00,3785.6643009972017,4923.305204,3466.937441079283,4377.189,7252.601742076485,9300.494204,26434.487936
2026-04-03 09:30:00+02:00,3718.198118759425,5199.287028,3448.5731310646684,4465.166,7166.7712498240935,9664.453028,29227.951524
2026-04-03 09:45:00+02:00,3708.7172544496393,5707.701736,3418.865528253233,4675.636,7127.5827827028725,10383.337736,32144.724536
2026-04-03 10:00:00+02:00,3373.434434490609,6447.345512,4168.639623380631,5008.524,7542.074057871239,11455.869512,34484.305136
2026-04-03 10:15:00+02:00,3396.519189776863,7432.4488,4148.280663884611,5208.266,7544.799853661474,12640.7148,37106.94794
2026-04-03 10:30:00+02:00,3446.7736316479413,8321.87392,4141.802343319044,5445.908,7588.575974966985,13767.78192,39695.783744
2026-04-03 10:45:00+02:00,3473.5660824272336,9148.068892,4137.487333580772,5681.137,7611.053416008006,14829.205891999998,42413.61654
2026-04-03 11:00:00+02:00,5766.575829278467,9568.817096,4888.329111980006,5959.957,10654.904941258472,15528.774096,44391.779628
2026-04-03 11:15:00+02:00,5792.597422365359,9880.824456,4898.040604691716,5837.612,10690.638027057075,15718.436456,45968.98544
2026-04-03 11:30:00+02:00,5822.902300806791,10007.876556,4891.595801628405,6116.902,10714.498102435195,16124.778556,47638.333832
2026-04-03 11:45:00+02:00,5842.506450708312,9877.083616,4898.979163550551,6046.796,10741.485614258861,15923.879616,48449.813408
2026-04-03 12:00:00+02:00,7204.111480963548,9883.80224,5514.436132821539,5986.899,12718.547613785087,15870.701240000002,49411.261040000005
2026-04-03 12:15:00+02:00,7227.590522075914,9843.94652,5528.061899983723,5771.049,12755.652422059637,15614.99552,49688.525932
2026-04-03 12:30:00+02:00,7207.451313076759,9389.568468,5541.454785999097,5965.564,12748.906099075855,15355.132468,50113.890644
2026-04-03 12:45:00+02:00,7216.420008109325,9150.087244,5561.95369333041,5887.42,12778.373701439734,15037.507244,50357.987632
2026-04-03 13:00:00+02:00,8655.064960731992,8840.096772,5804.685470399813,5752.402,14459.750431131804,14592.498772,50351.436788
2026-04-03 13:15:00+02:00,8710.507691735911,8666.791672,5835.186836658161,5815.938,14545.694528394073,14482.729672,50560.583340000005
2026-04-03 13:30:00+02:00,8705.538775072118,8745.759608,5815.143004320797,5878.035,14520.681779392915,14623.794608,50830.170119999995
2026-04-03 13:45:00+02:00,8695.255592061378,8733.253112,5797.93251097254,5818.305,14493.188103033917,14551.558112,50413.468104
2026-04-03 14:00:00+02:00,9856.276164744668,8694.673576,5619.216503349663,5544.84,15475.492668094332,14239.513576,50070.76244
2026-04-03 14:15:00+02:00,9879.590295298634,8804.761916,5597.511117611862,5545.178,15477.101412910495,14349.939916,50170.26704399999
2026-04-03 14:30:00+02:00,9904.89906561558,9001.594972,5610.067816450856,5430.243,15514.966882066437,14431.837972,49570.168748
2026-04-03 14:45:00+02:00,9894.96688445222,9312.922264,5601.686411538647,5345.158,15496.653295990867,14658.080264,49352.77985200001
2026-04-03 15:00:00+02:00,12040.50763120184,10052.882488,5223.21337040541,5277.62,17263.72100160725,15330.502487999998,49600.705272
2026-04-03 15:15:00+02:00,12119.826553257419,10898.987512,5252.104717171806,5163.724,17371.931270429224,16062.711512,49446.00688
2026-04-03 15:30:00+02:00,12150.398453957945,11630.661324,5245.408538334381,4977.599,17395.806992292324,16608.260324000003,48576.536444
2026-04-03 15:45:00+02:00,12157.917844873013,12193.216552,5267.170494703667,4966.84,17425.08833957668,17160.056552000002,47520.88852
2026-04-03 16:00:00+02:00,13839.421471820151,13598.804872,5314.019076730373,5235.58,19153.440548550523,18834.384872,47694.042764
2026-04-03 16:15:00+02:00,13883.40753289635,14966.739212,5330.558555151346,5577.313,19213.966088047695,20544.052212,47331.906912000006
2026-04-03 16:30:00+02:00,13878.028891466898,16482.180548,5362.000391252033,6079.729,19240.029282718933,22561.909548,47344.437024
2026-04-03 16:45:00+02:00,13834.711979256102,17539.396416,5372.1202568467015,6422.475,19206.832236102804,23961.871416,46803.688292000006
2026-04-03 17:00:00+02:00,16417.09096067514,18368.69594,5418.765104855151,6729.773,21835.856065530294,25098.46894,45038.393872
2026-04-03 17:15:00+02:00,16258.724484178989,19631.82396,5467.074826877749,7014.273,21725.799311056737,26646.096960000003,43896.362608
2026-04-03 17:30:00+02:00,16082.179699666742,20695.032488,5470.646983898108,7134.954,21552.82668356485,27829.986488,42169.627768000006
2026-04-03 17:45:00+02:00,15967.727321389935,21169.058508,5479.173311731149,7155.957,21446.900633121084,28325.015507999997,39992.520895999995
2026-04-03 18:00:00+02:00,18835.463067554803,21349.822764,5492.019501866389,7095.282,24327.48256942119,28445.104764,37543.579488
2026-04-03 18:15:00+02:00,18874.973316708565,21529.68542,5507.271891216035,7089.011,24382.2452079246,28618.69642,35429.322704
2026-04-03 18:30:00+02:00,19005.5396754874,21683.124588,5493.82005700037,7041.824,24499.35973248777,28724.948588,33557.063856
2026-04-03 18:45:00+02:00,19077.550708814593,21625.625152,5496.073070070935,6955.56,24573.62377888553,28581.185152,31802.212096000003
2026-04-03 19:00:00+02:00,20723.858077428595,21630.098912,5344.804461547093,6936.979,26068.66253897569,28567.077912,30502.75156
2026-04-03 19:15:00+02:00,20840.62157191005,21862.065704,5349.9230891149655,6966.945,26190.544661025015,28829.010704,29797.48486
2026-04-03 19:30:00+02:00,21103.871406630893,22315.726344,5358.381502943664,6938.813,26462.252909574556,29254.539343999997,29596.386575999997
2026-04-03 19:45:00+02:00,21234.704149856585,23250.149616,5359.961052498502,6891.761,26594.665202355085,30141.910616,30298.451324
2026-04-03 20:00:00+02:00,23781.168345332528,24434.375392,5317.435610125475,6690.631,29098.603955458002,31125.006392000003,31271.681368
2026-04-03 20:15:00+02:00,23919.211572022745,25994.921904,5331.8607496379655,6623.246,29251.07232166071,32618.167904,32710.452312
2026-04-03 20:30:00+02:00,24035.920002178154,27384.212664,5343.121350833426,6579.593,29379.04135301158,33963.805664,34007.164696
2026-04-03 20:45:00+02:00,24121.054501188122,28692.074544,5347.41721164339,6605.026,29468.471712831513,35297.100544,35331.798268
2026-04-03 21:00:00+02:00,27304.092636546706,30202.4488,5272.465120343346,6485.662,32576.55775689005,36688.110799999995,36736.311943999994
2026-04-03 21:15:00+02:00,27410.915684706863,31475.2561,5279.195170925361,6518.224,32690.11085563222,37993.4801,38015.78888
2026-04-03 21:30:00+02:00,27510.868124704495,32353.426428,5281.903661195863,6614.354,32792.77178590036,38967.780428,38984.078232
2026-04-03 21:45:00+02:00,27574.466766404676,33295.84346,5289.909383598478,6675.296,32864.376150003154,39971.13946,39986.368848
2026-04-03 22:00:00+02:00,31054.518206016586,32729.071576,5233.780954870306,6450.716,36288.29916088689,39179.787576,39196.783784
2026-04-03 22:15:00+02:00,31118.338593939596,33976.134484,5256.06212331006,6601.448,36374.40071724966,40577.582484,40595.415735999995
2026-04-03 22:30:00+02:00,31160.15949074192,34603.452348,5262.138027602476,6718.976,36422.29751834439,41322.428348,41340.847364
2026-04-03 22:45:00+02:00,31197.334245614707,35397.152972,5258.732643582841,6998.3,36456.06688919755,42395.45297200001,42414.461972000005
2026-04-03 23:00:00+02:00,35814.94631678295,35670.282324,5537.670188349767,7119.836,41352.61650513272,42790.118324,42808.889136000005
2026-04-03 23:15:00+02:00,35839.548664332295,35714.919456,5536.857489448372,7112.598,41376.40615378067,42827.517456,42845.023808
2026-04-03 23:30:00+02:00,35849.47068130668,35951.755592,5522.143804423795,7091.956,41371.614485730475,43043.711592,43059.151128
2026-04-03 23:45:00+02:00,35834.94447963798,36140.377828,5524.38410699985,7157.389,41359.328586637836,43297.766828,43311.659056
2026-04-04 00:00:00+02:00,36676.266622448544,37363.712888,5597.5428934248675,7235.708,42273.809515873414,44599.420888,44611.822704
2026-04-04 00:15:00+02:00,36676.25465703248,38281.63622,5582.577289055518,7268.255,42258.831946087994,45549.89122,45559.940515999995
2026-04-04 00:30:00+02:00,36722.15826554715,38195.28312,5580.647967795698,7237.721,42302.806233342846,45433.00412,45442.868116
2026-04-04 00:45:00+02:00,36709.46823225938,38356.162256,5567.238610913612,7301.477,42276.70684317299,45657.639256,45667.79656
2026-04-04 01:00:00+02:00,37698.86806069866,38532.16776,5785.705833373115,7336.177,43484.57389407177,45868.34475999999,45878.388179999994
2026-04-04 01:15:00+02:00,37695.84037827109,38402.252536,5769.442804650714,7376.1,43465.283182921805,45778.352536,45792.922524
2026-04-04 01:30:00+02:00,37713.45414855842,38392.934252,5735.053762656125,7381.374,43448.50791121455,45774.308252,45783.76834
2026-04-04 01:45:00+02:00,37712.65288580835,38135.123996,5713.861980030156,7356.1,43426.5148658385,45491.223996,45500.53008
2026-04-04 02:00:00+02:00,37279.22654872658,38089.226852,5619.79128730989,7443.134,42899.01783603647,45532.360852,45541.650464
2026-04-04 02:15:00+02:00,37261.77467946611,38303.5043,5604.875586903847,7522.133,42866.65026636995,45825.6373,45834.732716
2026-04-04 02:30:00+02:00,37243.51291099185,38379.440156,5578.6822627935535,7534.17,42822.1951737854,45913.610155999995,45923.516328
2026-04-04 02:45:00+02:00,37206.5182723695,38338.609984,5565.549423363296,7627.097,42772.067695732796,45965.706984,45974.91091200001
2026-04-04 03:00:00+02:00,36822.113387239355,38008.272396,5754.413285751009,7778.75,42576.52667299037,45787.022396,45796.208588
2026-04-04 03:15:00+02:00,36787.90231389153,38003.30422,5753.025267915908,7833.63,42540.92758180744,45836.93422,45846.230024
2026-04-04 03:30:00+02:00,36762.80684986004,37792.447332,5758.78453797558,7812.283,42521.59138783562,45604.73033200001,45614.15831200001
2026-04-04 03:45:00+02:00,36767.650351132244,37331.693132,5760.991383505268,7745.54,42528.64173463751,45077.233132,45086.557196
2026-04-04 04:00:00+02:00,36276.55992095846,37238.188204,5563.789861790671,7478.773,41840.34978274913,44716.961204,44726.130672
2026-04-04 04:15:00+02:00,36259.13878595225,37198.4301,5569.978412328769,7433.181,41829.11719828102,44631.611099999995,44641.90616399999
2026-04-04 04:30:00+02:00,36203.052348558966,36895.997044,5575.259395655055,7389.26,41778.31174421402,44285.257044000005,44295.20584
2026-04-04 04:45:00+02:00,36161.99378075952,36320.83906,5591.393734709917,7326.736,41753.38751546944,43647.57506,43659.80362399999
2026-04-04 05:00:00+02:00,34922.51770533263,35851.841232,5583.059707386609,7569.625,40505.57741271924,43421.466232,43431.774016
2026-04-04 05:15:00+02:00,34933.654718337,35557.394412,5609.2848523199455,7586.005,40542.93957065694,43143.399412,43153.849008
2026-04-04 05:30:00+02:00,34938.91365799373,34878.991572,5633.3487774119985,7545.716,40572.26243540573,42424.707572,42434.854208
2026-04-04 05:45:00+02:00,34970.629160519115,34489.311476,5654.454223444006,7383.393,40625.08338396312,41872.704476,41883.04642
2026-04-04 06:00:00+02:00,33814.365306155974,35628.420256,5656.840147552328,6693.052,39471.2054537083,42321.472255999994,42334.5209
2026-04-04 06:15:00+02:00,33781.16046352528,34892.037524,5701.2827714616815,6583.945,39482.44323498696,41475.982524,41490.92124
2026-04-04 06:30:00+02:00,33760.79710476088,34271.967104,5715.052550882732,6529.02,39475.849655643615,40800.987104,40821.201004
2026-04-04 06:45:00+02:00,33673.36288511491,33528.703684,5720.07053829223,6379.587,39393.43342340714,39908.290684,39980.471584
2026-04-04 07:00:00+02:00,31386.02926550755,33019.449596,5699.367502919341,6144.095,37085.396768426894,39163.544596,39460.326848
2026-04-04 07:15:00+02:00,31286.169374456113,31423.614604,5715.973016531579,5634.066,37002.14239098769,37057.680604,37851.042008
2026-04-04 07:30:00+02:00,31163.345334474405,31101.555336,5721.249720740682,5843.016,36884.59505521509,36944.571336,38462.677716
2026-04-04 07:45:00+02:00,31034.376495771634,30707.807316,5730.277925954797,5800.657,36764.65442172643,36508.464316,39007.848512
2026-04-04 08:00:00+02:00,27579.36445892193,30072.083796,5622.804026869723,5754.198,33202.168485791655,35826.281795999996,39523.86341599999
2026-04-04 08:15:00+02:00,27385.60222741023,29238.428296,5624.189527505843,5618.352,33009.79175491607,34856.780296,39873.692876
2026-04-04 08:30:00+02:00,27150.29937481989,28514.652676,5547.148716087439,5328.631,32697.448090907328,33843.283676,40169.001724
2026-04-04 08:45:00+02:00,26994.042055018996,27900.359936,5521.820089845349,5171.94,32515.862144864346,33072.299936,40850.752756
2026-04-04 09:00:00+02:00,26383.188964774385,27471.192044,5365.887536834242,4908.612,31749.076501608626,32379.804044,41671.103308
2026-04-04 09:15:00+02:00,26266.85722346189,27116.189316,5359.923171559138,4575.85,31626.78039502103,31692.039316,42679.109848
2026-04-04 09:30:00+02:00,26196.330024646835,27133.70768,5345.5886127248705,4364.043,31541.918637371706,31497.750679999997,44140.18274
2026-04-04 09:45:00+02:00,26181.26146732601,26851.708772,5321.977540056372,4098.238,31503.239007382384,30949.946772000003,45170.500328
2026-04-04 10:00:00+02:00,24221.082709914444,26441.289932,4844.802881037088,4220.14,29065.885590951533,30661.429932,46662.746936
2026-04-04 10:15:00+02:00,24238.189884888827,25455.458932,4827.049594092938,3944.958,29065.239478981763,29400.416932,47264.405188
2026-04-04 10:30:00+02:00,24280.879510423936,25111.812224,4821.940450226505,3743.663,29102.819960650442,28855.475224,48527.637312000006
2026-04-04 10:45:00+02:00,24303.388260914748,23945.98546,4823.964775490229,3613.177,29127.353036404977,27559.16246,48827.142479999995
2026-04-04 11:00:00+02:00,22223.65136495732,22753.455184,4069.613823110506,3939.033,26293.265188067828,26692.488184,49103.84961999999
2026-04-04 11:15:00+02:00,22249.158478569138,21996.178596,4077.880100824818,3770.987,26327.038579393957,25767.165596000003,48768.88554
2026-04-04 11:30:00+02:00,22279.367574771273,21722.253628,4076.8607612015603,3625.938,26356.22833597283,25348.191628,49502.25482
2026-04-04 11:45:00+02:00,22302.050762855168,21080.845236,4087.195071361024,3553.647,26389.24583421619,24634.492236,49601.430064
2026-04-04 12:00:00+02:00,22629.39122839916,20932.5009,3753.5838047168827,3959.885,26382.975033116043,24892.3859,51154.975812
2026-04-04 12:15:00+02:00,22658.594219102346,20655.906664,3767.4753096641593,4000.869,26426.069528766504,24656.775663999997,51811.49434
2026-04-04 12:30:00+02:00,22643.92478714472,20247.998444,3776.646766706603,3916.833,26420.57155385132,24164.831444,52005.83722
2026-04-04 12:45:00+02:00,22654.822188615453,19964.347556,3798.3542349725753,3807.095,26453.17642358803,23771.442556,52027.41788
2026-04-04 13:00:00+02:00,22886.520617252147,20419.93822,3209.874089215364,3827.965,26096.394706467512,24247.90322,53008.623936
2026-04-04 13:15:00+02:00,22945.214459826457,20910.288768,3238.359809491211,3755.698,26183.57426931767,24665.986768,53112.082144
2026-04-04 13:30:00+02:00,22942.849057773677,20650.007744,3222.2178406776457,3697.314,26165.066898451325,24347.321743999997,52296.135864
2026-04-04 13:45:00+02:00,22935.386561139865,20792.87438,3210.5150342617085,3613.221,26145.901595401574,24406.09538,52245.45088
2026-04-04 14:00:00+02:00,22984.350598186073,21466.94222,2903.4314462768357,3693.881,25887.782044462907,25160.82322,52637.135924
2026-04-04 14:15:00+02:00,23017.083297061596,21704.346508,2881.0185348539967,3628.004,25898.101831915592,25332.350508,52778.889668
2026-04-04 14:30:00+02:00,23052.76594074015,21181.756224,2889.968061267402,3474.183,25942.734002007553,24655.939224,51584.03454
2026-04-04 14:45:00+02:00,23051.68322673684,21365.971316,2883.052682785835,3333.261,25934.735909522675,24699.232316,50839.805347999994
2026-04-04 15:00:00+02:00,20608.565186624226,21466.210312,2266.0701189385563,3168.407,22874.635305562784,24634.617312,50617.267512
2026-04-04 15:15:00+02:00,20698.72613083951,21436.88888,2289.450519225542,3051.935,22988.176650065052,24488.82388,50082.363851999995
2026-04-04 15:30:00+02:00,20740.222337935265,21116.846532,2287.533542105802,2901.24,23027.755880041066,24018.086532,48400.119308
2026-04-04 15:45:00+02:00,20777.608180500356,20349.680188,2304.330537483206,2922.941,23081.93871798356,23272.621187999997,46335.108003999994
2026-04-04 16:00:00+02:00,17612.873046258483,20079.451488,1928.9387579454574,2754.214,19541.81180420394,22833.665488,44562.40482
2026-04-04 16:15:00+02:00,17667.143739849536,19961.486532,1938.2624826387062,2725.163,19605.406222488244,22686.649532,42931.716548
2026-04-04 16:30:00+02:00,17675.369526819963,19837.507268,1967.4622158456348,2637.165,19642.831742665596,22474.672268,41325.354896
2026-04-04 16:45:00+02:00,17642.68129275293,19235.736232,1977.3506723259306,2591.73,19620.031965078862,21827.466232,39183.167404
2026-04-04 17:00:00+02:00,14180.709497759162,18021.926272,2286.4910103662614,2396.067,16467.200508125425,20417.993272,35980.958968
2026-04-04 17:15:00+02:00,14037.480054383339,17439.385604,2345.3628368665254,2404.211,16382.842891249864,19843.596604,33683.499972
2026-04-04 17:30:00+02:00,13785.752198553551,16624.883188,2351.2735230680746,2408.221,16137.025721621627,19033.104188,31027.935152
2026-04-04 17:45:00+02:00,13641.756224401239,15708.842576,2348.2925645102105,2378.329,15990.048788911448,18087.171576,28146.845436000003
2026-04-04 18:00:00+02:00,10715.935873033826,14705.573124,2752.0521981469165,2431.562,13467.988071180742,17137.135124,25291.279236
2026-04-04 18:15:00+02:00,10739.718897914832,13568.057188,2759.698787400746,2511.653,13499.417685315579,16079.710188,22469.764228
2026-04-04 18:30:00+02:00,10776.993785252753,12486.712276,2741.127674661399,2549.148,13518.121459914151,15035.860276,19809.657764
2026-04-04 18:45:00+02:00,10828.228938042153,11114.488696,2732.392708106835,2729.106,13560.62164614899,13843.594696,17228.403948
2026-04-04 19:00:00+02:00,10752.131633905463,10034.036416,3181.7664223764114,3120.147,13933.898056281874,13154.183416,15293.84452
2026-04-04 19:15:00+02:00,10851.446557885502,9057.7979,3185.065205521495,3568.583,14036.511763406997,12626.3809,13856.673348
2026-04-04 19:30:00+02:00,10996.765518165324,8973.575516,3199.8119922889628,3924.591,14196.577510454288,12898.166516,13460.387804000002
2026-04-04 19:45:00+02:00,11120.037028700559,9259.399664,3198.9827688774967,4294.349,14319.019797578056,13553.748664,13828.162732
2026-04-04 20:00:00+02:00,12241.658837626157,9266.915044,4554.7236496041,4575.925,16796.382487230258,13842.840044,14030.573312
2026-04-04 20:15:00+02:00,12364.576996055452,9837.107064,4568.98139778718,4673.652,16933.55839384263,14510.759064,14619.156464
2026-04-04 20:30:00+02:00,12465.107395294704,10485.29278,4580.0249344204385,4882.41,17045.132329715143,15367.70278,15442.325664
2026-04-04 20:45:00+02:00,12533.761546574517,11264.162636,4582.937724605382,5201.946,17116.6992711799,16466.108635999997,16510.914751999997
2026-04-04 21:00:00+02:00,15454.540852589724,12195.954736,5449.366298593653,5434.466,20903.907151183375,17630.420736,17722.173572
2026-04-04 21:15:00+02:00,15547.856525987281,13354.2298,5457.804733397954,5851.486,21005.661259385233,19205.7158,19247.731048
2026-04-04 21:30:00+02:00,15639.275103464752,14568.90502,5466.065296333548,6521.044,21105.3403997983,21089.94902,21111.580192
2026-04-04 21:45:00+02:00,15682.998611781362,16105.356824,5475.575895378313,6578.271,21158.574507159676,22683.627824,22701.09574
2026-04-04 22:00:00+02:00,20636.843310254542,17129.189256,5887.0117263649345,6575.51,26523.855036619476,23704.699256,23728.870988
2026-04-04 22:15:00+02:00,20697.876464610228,18692.411496,5908.944167862596,6775.323,26606.820632472823,25467.734496,25489.0987
2026-04-04 22:30:00+02:00,20735.430320531526,20234.127744,5915.685449799222,6910.841,26651.115770330747,27144.968744,27159.804608
2026-04-04 22:45:00+02:00,20765.228642881146,21753.388676,5918.257198775601,7024.681,26683.485841656748,28778.069676,28790.727796
2026-04-04 23:00:00+02:00,26488.925341846116,23105.738684,5885.556527298919,6285.639,32374.481869145035,29391.377684,29408.079312
2026-04-04 23:15:00+02:00,26515.755940734827,24353.110004,5883.728200913036,6312.543,32399.484141647863,30665.653004,30675.5507
2026-04-04 23:30:00+02:00,26527.714150521882,25657.969824,5869.110820744846,6240.675,32396.824971266728,31898.644824,31909.719228
2026-04-04 23:45:00+02:00,26513.11609798769,26623.39626,5869.314723026717,6203.385,32382.430821014408,32826.78126,32837.712980000004
2026-04-05 00:00:00+02:00,31587.979201979462,27665.985096,6354.302931215364,6549.942,37942.28213319483,34215.927096,34225.671436
2026-04-05 00:15:00+02:00,31609.7614511917,28686.161592,6343.411257174728,6633.055,37953.17270836643,35319.216592,35328.843676
2026-04-05 00:30:00+02:00,31649.022605647337,29167.20746,6345.023953586291,6611.145,37994.046559233626,35778.35246,35787.883424
2026-04-05 00:45:00+02:00,31636.698222600386,29491.109096,6335.126824694184,6519.067,37971.825047294566,36010.176096,36020.186992
2026-04-05 01:00:00+02:00,33522.904977358434,29499.494912,6325.472731196429,5849.416,39848.377708554865,35348.910912,35364.034616
2026-04-05 01:15:00+02:00,33511.09867499189,30189.096084,6311.402966173322,5798.282,39822.50164116521,35987.378084,35996.516588000006
2026-04-05 01:30:00+02:00,33521.693905622706,30551.81326,6279.232454462466,5472.743,39800.92636008517,36024.55626,36034.309136
2026-04-05 01:45:00+02:00,33509.09570161732,30647.38474,6259.478977079929,5462.324,39768.574678697245,36109.70874,36119.093544
2026-04-05 02:00:00+02:00,35306.55974650451,30320.715236,6175.030779816637,5127.219,41481.590526321146,35447.934236,35457.589592000004
2026-04-05 02:15:00+02:00,35291.15813278338,30508.254116,6165.623014087589,4948.504,41456.78114687097,35456.758116,35466.612816
2026-04-05 02:30:00+02:00,35270.453964405424,30590.196248,6143.370248498394,4866.526,41413.82421290382,35456.722248,35465.933275999996
2026-04-05 02:45:00+02:00,35226.67929643469,30978.85272,6134.553022285124,4926.554,41361.23231871981,35905.40672,35914.734619999996
2026-04-05 03:00:00+02:00,37521.89982460725,31112.126672,6279.202491392427,4878.583,43801.10231599968,35990.709672,36005.738008
2026-04-05 03:15:00+02:00,37482.31449736317,30940.91756,6279.6063178766535,4989.802,43761.92081523983,35930.71956,35946.21972
2026-04-05 03:30:00+02:00,37447.23494215233,30845.736724,6285.237445102416,4848.219,43732.47238725475,35693.955724,35703.470684
2026-04-05 03:45:00+02:00,37435.13258339633,31172.161904,6285.9762728451105,4771.542,43721.10885624144,35943.703904,35953.000928
2026-04-05 04:00:00+02:00,37754.25198666291,31991.38818,6388.1605156331,4575.359,44142.41250229601,36566.747180000006,36576.7499
2026-04-05 04:15:00+02:00,37730.766121415734,32088.5333,6392.990589554605,4543.928,44123.75671097034,36632.461299999995,36642.096668
2026-04-05 04:30:00+02:00,37661.82382643635,32570.408376,6397.880547840437,4568.373,44059.70437427679,37138.781376,37148.072404
2026-04-05 04:45:00+02:00,37600.79201461016,32707.723504,6412.489076832962,4547.61,44013.281091443125,37255.333504,37265.119696
2026-04-05 05:00:00+02:00,37576.73131086313,32828.967284,6392.901224973313,4660.339,43969.63253583644,37489.306284,37498.619344
2026-04-05 05:15:00+02:00,37572.07977053566,33079.3567,6419.11458198554,4748.818,43991.1943525212,37828.1747,37838.079783999994
2026-04-05 05:30:00+02:00,37551.90723862686,33507.749868,6440.399774499659,4571.982,43992.30701312652,38079.731868,38089.538640000006
2026-04-05 05:45:00+02:00,37568.34456062501,33874.42702,6456.43330665725,4549.14,44024.77786728226,38423.56702,38433.950384
2026-04-05 06:00:00+02:00,38578.67640428575,35747.88338,6359.393423242128,4544.44,44938.06982752788,40292.32338,40304.852916
2026-04-05 06:15:00+02:00,38522.04198925342,36055.560744,6398.571150226206,4475.75,44920.613139479625,40531.310744,40549.911444000005
2026-04-05 06:30:00+02:00,38482.23642315515,36057.215912,6410.461906941252,4458.557,44892.6983300964,40515.772912,40560.93726
2026-04-05 06:45:00+02:00,38374.81350846883,36268.327588,6411.414371811687,4298.527,44786.22788028052,40566.854588,40834.149664
2026-04-05 07:00:00+02:00,37785.754924610585,35753.635504,6625.787294779712,4128.825,44411.5422193903,39882.460503999995,40838.64393199999
2026-04-05 07:15:00+02:00,37643.58536981098,35813.3678,6628.422257894323,4428.052,44272.0076277053,40241.4198,42238.83089600001
2026-04-05 07:30:00+02:00,37524.62056035957,35700.409996,6639.616060001054,4310.993,44164.23662036063,40011.402996,43294.38020000001
2026-04-05 07:45:00+02:00,37389.74605619205,35014.362152,6641.963598802323,4160.028,44031.709654994374,39174.390152,43993.124992
2026-04-05 08:00:00+02:00,37757.982659593676,35632.715124,6832.601959970721,4408.848,44590.5846195644,40041.563124,46740.685152
2026-04-05 08:15:00+02:00,37596.680109902925,35217.957648,6832.874684627872,4315.592,44429.5547945308,39533.549648,48103.320176
2026-04-05 08:30:00+02:00,37336.10731715613,33994.81962,6800.398878419634,4090.329,44136.50619557576,38085.14862,48810.523916
2026-04-05 08:45:00+02:00,37192.740727495526,32728.910184,6776.514459154177,3964.349,43969.2551866497,36693.259184,49654.615860000005
2026-04-05 09:00:00+02:00,37059.030619483965,31761.295536,6733.306940952936,3983.013,43792.3375604369,35744.308536000004,51121.484736000006
2026-04-05 09:15:00+02:00,36968.90713250406,30564.589748,6729.772755104908,3284.764,43698.67988760897,33849.353748,51250.444196
2026-04-05 09:30:00+02:00,36935.86702362634,29664.99796,6718.891833920928,3185.234,43654.75885754727,32850.23196,52015.9629
2026-04-05 09:45:00+02:00,36961.69571065839,28069.340504,6702.369513342153,3276.655,43664.065224000544,31345.995504,52226.012904
2026-04-05 10:00:00+02:00,36751.186491778935,25301.684536,6364.984706151172,2746.427,43116.1711979301,28048.111536,50603.466872000005
2026-04-05 10:15:00+02:00,36816.407566232316,23201.024408,6355.343459190424,2445.082,43171.75102542274,25646.106408,49801.087944
2026-04-05 10:30:00+02:00,36896.35618738406,21307.519168,6356.758779307953,1833.123,43253.11496669201,23140.642168,48949.788052
2026-04-05 10:45:00+02:00,36949.383680610044,20295.973412,6364.458413000302,1500.089,43313.84209361035,21796.062412,49010.58744
2026-04-05 11:00:00+02:00,37609.205762511585,19552.61304,6385.2224654916145,1858.329,43994.4282280032,21410.94204,50129.509012
2026-04-05 11:15:00+02:00,37643.902024042116,18621.313076,6388.675136954121,1264.747,44032.57716099624,19886.060076,49591.80517199999
2026-04-05 11:30:00+02:00,37678.2520419883,17033.402168,6394.398718885537,1263.803,44072.65076087384,18297.205168,49146.145403999995
2026-04-05 11:45:00+02:00,37698.12239965367,16523.21658,6401.896467233774,1251.754,44100.01886688745,17774.97058,49441.924504
2026-04-05 12:00:00+02:00,37899.527996693425,14735.58984,6426.994023823346,1581.936,44326.52202051677,16317.52584,48934.438464
2026-04-05 12:15:00+02:00,37927.57540244915,13529.019604,6434.195043017282,1548.753,44361.77044546643,15077.772604,48280.155056
2026-04-05 12:30:00+02:00,37903.2402369329,12478.534188,6448.456751099572,1538.604,44351.69698803247,14017.138188,47919.728344
2026-04-05 12:45:00+02:00,37906.95144898662,11729.72992,6467.311453386741,1399.47,44374.26290237336,13129.19992,47293.703804
2026-04-05 13:00:00+02:00,37727.64215281075,11098.360192,6168.913709316112,1438.778,43896.555862126865,12537.138192,46735.368744
2026-04-05 13:15:00+02:00,37783.197040399325,10694.290428,6197.2367414570435,1116.556,43980.433781856365,11810.846428,45894.708320000005
2026-04-05 13:30:00+02:00,37781.60941288296,10158.043996,6183.598690368883,511.417,43965.20810325184,10669.460996,44173.688124
2026-04-05 13:45:00+02:00,37773.23023272884,9974.804416,6171.817330592491,469.849,43945.047563321335,10444.653416,43601.89484
2026-04-05 14:00:00+02:00,39053.46134055171,10212.955524,6146.668023145705,529.708,45200.129363697415,10742.663524,43597.257852
2026-04-05 14:15:00+02:00,39081.364148396555,10222.679272,6124.720918965919,710.169,45206.08506736247,10932.848272,42883.664116
2026-04-05 14:30:00+02:00,39116.73915788205,10390.42004,6131.209059954085,737.853,45247.948217836136,11128.27304,42407.412516
2026-04-05 14:45:00+02:00,39123.42921265374,10585.58716,6122.626398795695,788.404,45246.05561144944,11373.99116,41661.82892
2026-04-05 15:00:00+02:00,37293.95260294662,11098.847108,6082.934460464532,986.622,43376.88706341115,12085.469108,41317.992044
2026-04-05 15:15:00+02:00,37404.27274588876,12016.991036,6101.744560882421,1007.584,43506.01730677118,13024.575036,40614.433704
2026-04-05 15:30:00+02:00,37463.2904471053,11936.630612,6094.09342551479,1440.065,43557.383872620085,13376.695612,39449.59432
2026-04-05 15:45:00+02:00,37493.11184216426,12509.836824,6109.418346902095,1843.641,43602.530189066354,14353.477824,38665.84588
2026-04-05 16:00:00+02:00,36444.98766312844,14381.795952,6356.22484068388,1863.944,42801.21250381232,16245.739952,38762.859251999995
2026-04-05 16:15:00+02:00,36501.69366135401,16108.849332,6368.722050856079,1858.915,42870.41571221009,17967.764332,38714.826432
2026-04-05 16:30:00+02:00,36542.07307077325,18864.397292,6405.547151379499,1860.325,42947.62022215275,20724.722292,39180.393368000005
2026-04-05 16:45:00+02:00,36527.01776585976,21611.663292,6422.238112152671,1971.929,42949.25587801243,23583.592292,40261.141724
2026-04-05 17:00:00+02:00,35889.366963684246,26150.421628,6232.996342726231,2464.467,42122.36330641048,28614.888628,42957.485916000005
2026-04-05 17:15:00+02:00,35771.54811178883,28516.315748,6273.542686610813,2716.397,42045.09079839964,31232.712748,43593.9015
2026-04-05 17:30:00+02:00,35598.58049989495,30117.942544,6268.448994671151,3513.562,41867.0294945661,33631.504544,44251.066764
2026-04-05 17:45:00+02:00,35401.26923092296,31015.853824,6262.9518331282625,4013.25,41664.22106405122,35029.103824000005,43966.032428000006
2026-04-05 18:00:00+02:00,33694.8081098913,31131.626728,6483.112288745011,4309.985,40177.92039863631,35441.611727999996,42473.188592
2026-04-05 18:15:00+02:00,33680.33644112541,31945.463732,6482.161259670078,4802.193,40162.49770079549,36747.656732,42266.429304000005
2026-04-05 18:30:00+02:00,33682.88642025405,33649.58658,6456.770907948846,5504.514,40139.6573282029,39154.100580000006,43567.832888
2026-04-05 18:45:00+02:00,33688.10702518142,33157.494824,6442.479430268081,5626.386,40130.586455449506,38783.880824,42009.215212
2026-04-05 19:00:00+02:00,30533.527573489297,34368.317052,6557.714932774555,7003.742,37091.24250626385,41372.059052,43524.703104
2026-04-05 19:15:00+02:00,30598.342117087956,33940.567604,6557.8615618559015,7468.213,37156.20367894386,41408.780604,42579.788036
2026-04-05 19:30:00+02:00,30720.393338419817,33232.22152,6554.512173119626,7575.535,37274.905511539444,40807.756519999995,41266.88314399999
2026-04-05 19:45:00+02:00,30844.388386084134,33174.60034,6550.167065295136,7501.724,37394.555451379274,40676.32434,40821.863888
2026-04-05 20:00:00+02:00,29920.63089325194,32421.004612,6427.4183608207695,7549.596,36348.04925407271,39970.600612,40021.999044
2026-04-05 20:15:00+02:00,30078.442048947283,31962.482868,6437.321342866047,7550.369,36515.76339181333,39512.851868,39562.152508
2026-04-05 20:30:00+02:00,30212.393961312693,31464.682372,6442.268194759141,7505.983,36654.662156071834,38970.665372,39016.766064
2026-04-05 20:45:00+02:00,30314.857875814218,31633.633712,6446.389357976466,7460.351,36761.24723379068,39093.984712,39132.530496
2026-04-05 21:00:00+02:00,28913.611864227456,31424.518592,6252.830751970851,7446.3,35166.44261619831,38870.818592,38918.759896
2026-04-05 21:15:00+02:00,29044.009884557585,30959.181232,6264.330333035784,7455.603,35308.340217593366,38414.784232,38462.48572
2026-04-05 21:30:00+02:00,29163.567702152155,30891.827332,6279.564346602682,7479.984,35443.13204875484,38371.811332,38429.626528
2026-04-05 21:45:00+02:00,29256.425699478183,31382.769508,6296.723042914409,7455.653,35553.148742392594,38838.422508,38888.588164
2026-04-05 22:00:00+02:00,27400.385367293064,30440.553564,6523.671405055978,7429.72,33924.05677234904,37870.273564,37937.482192
2026-04-05 22:15:00+02:00,27505.193375515028,30547.811028,6553.992031533754,7414.263,34059.18540704878,37962.074028,38007.456560000006
2026-04-05 22:30:00+02:00,27571.825277348362,30449.087972,6568.277762480936,7235.104,34140.1030398293,37684.191972,37719.443848
2026-04-05 22:45:00+02:00,27640.060713580842,30414.641024,6582.416804801314,7173.178,34222.477518382155,37587.819024,37613.080087999995
2026-04-05 23:00:00+02:00,27710.01307884356,30261.123212,6329.943584267228,7215.315,34039.95666311079,37476.438212,37492.94194
2026-04-05 23:15:00+02:00,27734.609034139994,30135.239132,6330.067183505327,7076.283,34064.67621764532,37211.522132,37225.538536
2026-04-05 23:30:00+02:00,27748.321540277964,29572.553884,6316.791136640367,7093.594,34065.11267691833,36666.147884,36679.055792
2026-04-05 23:45:00+02:00,27736.080604854815,29394.890316,6319.863594127426,7088.547,34055.94419898224,36483.437316,36496.806616
2026-04-06 00:00:00+02:00,25635.25292433554,29727.991148,6282.226334099476,7601.762,31917.479258435014,37329.753148,37347.645472
2026-04-06 00:15:00+02:00,25693.091850206973,29966.187128,6278.350940177693,7665.801,31971.442790384666,37631.988128000005,37649.580548000005
2026-04-06 00:30:00+02:00,25755.515854778645,29522.410644,6284.044051858457,7536.65,32039.559906637103,37059.060644,37072.634844
2026-04-06 00:45:00+02:00,25763.47242790314,29627.875432,6276.668710957779,7360.412,32040.14113886092,36988.287432,36998.824256
2026-04-06 01:00:00+02:00,28575.153638715496,29687.161992,6284.121880845829,7178.022,34859.27551956133,36865.183992,36887.566348
2026-04-06 01:15:00+02:00,28595.51389141383,29384.512892,6274.324166391466,7131.759,34869.8380578053,36516.271892,36527.408983999994
2026-04-06 01:30:00+02:00,28628.40800672035,29462.6349,6240.073283347094,7139.024,34868.481290067444,36601.6589,36611.712040000006
2026-04-06 01:45:00+02:00,28630.61295868254,29028.803668,6226.361175112002,7002.662,34856.974133794545,36031.465668,36041.766768
2026-04-06 02:00:00+02:00,26644.29458304826,28421.197196,6033.143759688901,7250.865,32677.43834273716,35672.062196,35681.444036
2026-04-06 02:15:00+02:00,26647.07094080558,27933.580888,6022.12052447762,7300.041,32669.191465283202,35233.621888,35243.068188000005
2026-04-06 02:30:00+02:00,26639.455044359296,27756.216732,6000.244130035245,7294.713,32639.69917439454,35050.929732000004,35060.293648000006
2026-04-06 02:45:00+02:00,26616.37703860478,27672.029856,5996.46066687016,7336.456,32612.83770547494,35008.485856,35017.768188
2026-04-06 03:00:00+02:00,26531.255904766585,27833.095888,6194.923904814957,7489.332,32726.179809581543,35322.427888,35331.755968
2026-04-06 03:15:00+02:00,26499.112083874017,27596.003504,6200.134477022358,7500.621,32699.246560896376,35096.624504,35106.016515999996
2026-04-06 03:30:00+02:00,26472.70998879114,27552.909752,6204.119924083234,7515.524,32676.829912874375,35068.433752,35078.052623999996
2026-04-06 03:45:00+02:00,26477.88231769884,27130.37038,6205.892360638549,7558.542,32683.774678337388,34688.91238,34700.271196
2026-04-06 04:00:00+02:00,25902.470948024198,26486.944584,6157.405752216614,7442.432,32059.876700240813,33929.376584,33939.02068
2026-04-06 04:15:00+02:00,25889.77925511862,26266.07728,6161.607096928057,7425.281,32051.386352046677,33691.35828,33701.143512
2026-04-06 04:30:00+02:00,25842.286320738996,25966.272712,6168.129368199745,7469.76,32010.41568893874,33436.032712,33447.426056
2026-04-06 04:45:00+02:00,25791.573241442988,25540.437472,6182.136401831507,7481.167,31973.709643274495,33021.604472,33031.846464
2026-04-06 05:00:00+02:00,23933.13939312086,25515.186836,6064.352427762022,7754.235,29997.491820882882,33269.421836,33284.48932
2026-04-06 05:15:00+02:00,23939.06567192472,25333.4171,6092.29777426568,7784.164,30031.3634461904,33117.581099999996,33138.89771999999
2026-04-06 05:30:00+02:00,23934.161956594366,24866.0518,6107.775596744009,7802.285,30041.937553338375,32668.3368,32686.609832
2026-04-06 05:45:00+02:00,23964.83548143695,24922.27174,6122.908588355295,7803.704,30087.744069792243,32725.97574,32745.1314
2026-04-06 06:00:00+02:00,23129.68876740536,25791.63708,6097.659283663419,7571.035,29227.34805106878,33362.672080000004,33380.845
2026-04-06 06:15:00+02:00,23086.911133581052,25740.935924,6133.517721180564,7514.43,29220.428854761616,33255.365924,33281.808012
2026-04-06 06:30:00+02:00,23050.175036347573,25686.060588,6143.8964576362805,7297.026,29194.071493983854,32983.086588,33051.04302
2026-04-06 06:45:00+02:00,22953.547312333583,25408.068108,6140.526369811743,7079.951,29094.073682145325,32488.019108,32851.750876
2026-04-06 07:00:00+02:00,22172.473706286517,24858.075944,5957.824692945677,6764.735,28130.298399232193,31622.810944,32838.11414
2026-04-06 07:15:00+02:00,22040.66517551273,23632.375864,5969.829005674447,6641.576,28010.49418118718,30273.951864,32896.108368
2026-04-06 07:30:00+02:00,21927.330129693848,23277.149372,5977.53470960274,6643.1,27904.864839296588,29920.249372,34455.019911999996
2026-04-06 07:45:00+02:00,21775.836175789736,22871.534532,5973.959542952838,6664.569,27749.795718742575,29536.103532,36564.273064
2026-04-06 08:00:00+02:00,21235.56704706201,20663.217008,5958.9901213454295,5381.374,27194.55716840744,26044.591008,35346.621264
2026-04-06 08:15:00+02:00,21007.433108487458,19702.13926,5956.901416915857,5329.426,26964.334525403316,25031.56526,37141.917088
2026-04-06 08:30:00+02:00,20850.39905211366,18709.991412,5985.72826274844,5255.316,26836.127314862097,23965.307412,39106.717844
2026-04-06 08:45:00+02:00,20703.82136148697,17762.467932,5959.296709458491,4971.057,26663.118070945464,22733.524932,40600.458976
2026-04-06 09:00:00+02:00,20137.16106512349,17221.280832,5547.979699405263,3323.447,25685.140764528755,20544.727832,41006.51156
2026-04-06 09:15:00+02:00,20054.256337059196,17226.825172,5536.164401053193,2635.045,25590.42073811239,19861.870172000003,43349.501856
2026-04-06 09:30:00+02:00,20036.76095876615,17402.150592,5522.051100830622,2153.389,25558.81205959677,19555.539592,45347.375476
2026-04-06 09:45:00+02:00,20068.060720562375,17299.736516,5499.921177626392,1849.618,25567.981898188766,19149.354516,47645.797744
2026-04-06 10:00:00+02:00,20619.496739022303,17285.395376,5350.283094318538,1907.677,25969.779833340843,19193.072376,50608.278704
2026-04-06 10:15:00+02:00,20666.738560818612,16386.045424,5334.60416170393,1965.513,26001.342722522542,18351.558424,51957.552156000005
2026-04-06 10:30:00+02:00,20744.16283433731,15764.653388,5329.300337163227,1663.313,26073.463171500534,17427.966388,52654.464048
2026-04-06 10:45:00+02:00,20770.357891009047,14530.941232,5331.786520067366,1579.924,26102.144411076413,16110.865232,53074.374352
2026-04-06 11:00:00+02:00,21500.84143973057,12080.529396,5052.330359291896,1551.94,26553.171799022468,13632.469396,52340.108036
2026-04-06 11:15:00+02:00,21515.74150929237,11109.89858,5052.409406122227,1292.84,26568.150915414597,12402.73858,52302.076799999995
2026-04-06 11:30:00+02:00,21542.6815671498,9864.102104,5055.076425381175,923.078,26597.757992530976,10787.180104,51427.661088
2026-04-06 11:45:00+02:00,21544.087614018605,8841.844664,5060.8325927597825,498.244,26604.920206778388,9340.088664,50497.421692
2026-04-06 12:00:00+02:00,22294.103240758515,8170.125368,4494.143432157164,1015.511,26788.24667291568,9185.636368,50750.385912
2026-04-06 12:15:00+02:00,22312.267953519247,7147.905436,4502.537052795484,441.709,26814.80500631473,7589.614436,49445.33712
2026-04-06 12:30:00+02:00,22276.04866353552,6505.670444,4513.080023023946,404.441,26789.128686559467,6910.111444,49069.59588
2026-04-06 12:45:00+02:00,22269.882437712393,6137.229808,4528.125386460274,251.657,26798.007824172666,6388.886808,48522.945888
2026-04-06 13:00:00+02:00,20593.269460793137,5699.7096,4270.0866827946,317.248,24863.35614358774,6016.9576,47979.219248
2026-04-06 13:15:00+02:00,20660.0192995131,5335.305044,4296.151496249097,213.962,24956.1707957622,5549.267044,47424.061536
2026-04-06 13:30:00+02:00,20651.24374907906,4893.647264,4281.886981600491,202.553,24933.130730679553,5096.200264,46536.643588
2026-04-06 13:45:00+02:00,20647.53619271472,4652.455432,4268.683053455387,218.153,24916.21924617011,4870.608432,46069.26064
2026-04-06 14:00:00+02:00,21712.29328198039,4740.921544,4013.599292539835,306.05,25725.892574520225,5046.971544,45782.742032
2026-04-06 14:15:00+02:00,21749.055951698872,4665.219464,3992.675435321336,279.405,25741.73138702021,4944.6244639999995,45361.261944
2026-04-06 14:30:00+02:00,21771.452169192446,4675.281332,3996.624536999463,230.888,25768.07670619191,4906.1693319999995,44534.258576
2026-04-06 14:45:00+02:00,21786.397084574797,4627.095788,3985.2505392221633,267.307,25771.647623796962,4894.402787999999,43643.821584
2026-04-06 15:00:00+02:00,19482.86763177809,4513.127176,3883.4629424207965,232.55,23366.330574198884,4745.677176,42143.669992
2026-04-06 15:15:00+02:00,19593.00654011857,4632.445128,3899.141642688419,229.64,23492.14818280699,4862.085128000001,41215.638988
2026-04-06 15:30:00+02:00,19643.86596652554,5015.172112,3889.6592935959543,283.001,23533.525260121496,5298.173112,41233.602752000006
2026-04-06 15:45:00+02:00,19653.108151452125,6094.643616,3906.6395551355267,535.505,23559.747706587652,6630.148616,41235.5068
2026-04-06 16:00:00+02:00,19467.615433738138,7580.330224,3514.711891001018,709.897,22982.327324739155,8290.227224,42084.099844
2026-04-06 16:15:00+02:00,19620.52220003936,8783.307604,3527.0046524576574,1028.644,23147.526852497016,9811.951604,41985.779424
2026-04-06 16:30:00+02:00,19655.481816868472,9462.236124,3560.974179402536,1047.966,23216.45599627101,10510.202124,41386.050844
2026-04-06 16:45:00+02:00,19624.13913902467,10294.94176,3576.148553235039,1033.6,23200.28769225971,11328.54176,40405.08506
2026-04-06 17:00:00+02:00,19371.40628676941,12534.77734,3664.732536887611,1007.22,23036.13882365702,13541.99734,39674.811244
2026-04-06 17:15:00+02:00,19242.262867334615,14776.811312,3712.8360149529813,1094.526,22955.098882287595,15871.337312,39292.98874
2026-04-06 17:30:00+02:00,19068.558654663302,15933.757676,3698.306424941719,1562.559,22766.86507960502,17496.316676,37773.047548
2026-04-06 17:45:00+02:00,18913.11264991012,16993.741132,3691.688139507516,2741.185,22604.800789417633,19734.926132,37589.715916
2026-04-06 18:00:00+02:00,17682.792922542296,17773.221972,3733.3736641699797,3864.082,21416.166586712276,21637.303972,37273.478384
2026-04-06 18:15:00+02:00,17632.21791509033,18447.852184,3734.8563365735663,4063.082,21367.074251663893,22510.934184,34733.24042
2026-04-06 18:30:00+02:00,17623.199074210464,18659.48226,3710.9401325978497,3841.843,21334.139206808315,22501.32526,31498.777932
2026-04-06 18:45:00+02:00,17583.716608912695,18345.60428,3701.5777521348446,3894.075,21285.29436104754,22239.67928,28302.89282
2026-04-06 19:00:00+02:00,14754.818269165045,17019.905188,3681.559549290387,3831.427,18436.377818455432,20851.332188,24570.749716
2026-04-06 19:15:00+02:00,14782.898268047273,15770.882596,3693.33156222002,3762.773,18476.229830267293,19533.655596,21558.715856
2026-04-06 19:30:00+02:00,14894.987924746134,15152.680252,3697.78761030732,3719.689,18592.775535053453,18872.369252,19760.92548
2026-04-06 19:45:00+02:00,15021.364964088369,14788.417952,3702.354466531219,3549.534,18723.71943061959,18337.951952,18607.048824
2026-04-06 20:00:00+02:00,13328.0434741869,14017.98562,3220.479431675893,3420.567,16548.522905862792,17438.55262,17560.246572
2026-04-06 20:15:00+02:00,13496.129948252468,13562.102724,3232.3502374645686,3288.998,16728.48018571704,16851.100724,16932.687368
2026-04-06 20:30:00+02:00,13643.83496393583,13398.795732,3242.747757411901,3162.38,16886.58272134773,16561.175732,16595.618132
2026-04-06 20:45:00+02:00,13767.162625895116,13298.740388,3255.4075430671796,3046.006,17022.570168962295,16344.746388,16380.8021
2026-04-06 21:00:00+02:00,12414.15741618351,13320.486264,2995.2322235056195,2922.29,15409.38963968913,16242.776264,16273.480376
2026-04-06 21:15:00+02:00,12574.09666659128,13455.022632,3017.4296208325404,2830.354,15591.526287423821,16285.376632,16304.485012
2026-04-06 21:30:00+02:00,12726.195481846044,13412.314652,3051.601270437818,2719.229,15777.796752283863,16131.543651999998,16148.870523999998
2026-04-06 21:45:00+02:00,12860.75123762785,13410.919092,3069.696632403654,2602.059,15930.447870031505,16012.978092,16030.499608000002
2026-04-06 22:00:00+02:00,11439.552985295548,13203.7474,2851.9572220997243,2547.39,14291.510207395273,15751.1374,15782.236676
2026-04-06 22:15:00+02:00,11588.998580331037,13357.133204,2876.3789809963005,2485.633,14465.377561327337,15842.766204,15859.220748
2026-04-06 22:30:00+02:00,11700.64574155933,13364.526752,2893.908653344476,2440.834,14594.554394903807,15805.360752,15823.176396
2026-04-06 22:45:00+02:00,11811.738780743435,13417.147312,2913.081567435053,2436.044,14724.820348178488,15853.191312,15869.718936
2026-04-06 23:00:00+02:00,12324.095473378105,13381.379904,2614.0295458980854,2465.279,14938.12501927619,15846.658904,15862.29966
2026-04-06 23:15:00+02:00,12395.606171726462,13359.39008,2617.844940679675,2371.434,15013.451112406137,15730.82408,15746.838015999998
2026-04-06 23:30:00+02:00,12457.652802427496,13216.112852,2606.5407017435004,2312.025,15064.193504170997,15528.137852,15540.90884
2026-04-06 23:45:00+02:00,12485.813972637621,13032.953972,2612.551948825048,2282.874,15098.36592146267,15315.827972,15328.379264
2026-04-07 00:00:00+02:00,11907.042122547951,12959.837108,2529.68525904965,2290.114,14436.7273815976,15249.951108,15265.189748
2026-04-07 00:15:00+02:00,11973.03382444678,12901.127056,2528.141011544172,2285.793,14501.174835990952,15186.920056,15198.484304
2026-04-07 00:30:00+02:00,12026.339367048957,12822.300852,2530.2359511776185,2286.977,14556.575318226576,15109.277852,15119.705792
2026-04-07 00:45:00+02:00,12038.063406766334,12763.33564,2519.323480845998,2257.893,14557.386887612332,15021.22864,15031.403676
2026-04-07 01:00:00+02:00,12357.126244509622,12647.364008,2560.0828582501813,2259.824,14917.209102759803,14907.188008,14917.643224
2026-04-07 01:15:00+02:00,12368.425801514602,12557.1309,2550.0381687805066,2260.738,14918.46397029511,14817.8689,14828.306
2026-04-07 01:30:00+02:00,12404.54446444689,12523.798492,2515.22573858768,2199.056,14919.77020303457,14722.854492,14733.516112
2026-04-07 01:45:00+02:00,12398.323259517463,12545.770628,2497.2297999371713,2143.932,14895.553059454634,14689.702628,14700.033616
2026-04-07 02:00:00+02:00,11782.909708954243,12548.396304,2451.328667675892,2125.563,14234.238376630135,14673.959304,14684.278344
2026-04-07 02:15:00+02:00,11775.140337634726,12577.932496,2441.4123431917033,2129.261,14216.55268082643,14707.193496,14717.589992
2026-04-07 02:30:00+02:00,11766.884425304213,12420.067128,2421.9171181545275,2146.677,14188.801543458741,14566.744128,14578.113196
2026-04-07 02:45:00+02:00,11745.99234534856,12247.72132,2418.384141274202,2206.972,14164.376486622763,14454.69332,14464.578288
2026-04-07 03:00:00+02:00,10946.84929776466,12049.61522,2466.6449637471123,2233.321,13413.494261511772,14282.93622,14292.824004
2026-04-07 03:15:00+02:00,10911.3841325099,11785.636056,2471.7427462371647,2248.02,13383.126878747065,14033.656056,14043.455412
2026-04-07 03:30:00+02:00,10886.589194567643,11435.193524,2474.708523558092,2290.954,13361.297718125736,13726.147524,13736.048628
2026-04-07 03:45:00+02:00,10882.565854597684,11182.583688,2478.7653710752675,2292.514,13361.331225672951,13475.097688000002,13489.191928000002
2026-04-07 04:00:00+02:00,10628.542421674423,11095.115612,2397.622612440563,2252.646,13026.165034114987,13347.761612,13357.731776
2026-04-07 04:15:00+02:00,10611.302119808885,11070.917368,2401.9212494296576,2211.799,13013.223369238542,13282.716368,13292.850096000002
2026-04-07 04:30:00+02:00,10557.655665784434,11072.433892,2409.042390208477,2148.276,12966.69805599291,13220.709892,13232.857288
2026-04-07 04:45:00+02:00,10497.613768440284,10969.266408,2421.5210850598974,2128.337,12919.134853500182,13097.603408,13110.976927999998
2026-04-07 05:00:00+02:00,9212.23514574724,10825.510388,2414.4311874180908,2152.992,11626.66633316533,12978.502388,12991.964248
2026-04-07 05:15:00+02:00,9214.03414069048,10638.965296,2443.2618743280655,2138.157,11657.296015018546,12777.122296,12790.203896
2026-04-07 05:30:00+02:00,9196.956797181412,10606.355216,2457.3073556508516,2096.534,11654.264152832264,12702.889216,12718.236028
2026-04-07 05:45:00+02:00,9228.055671214572,10639.463336,2469.6233901781325,2048.336,11697.679061392704,12687.799336,12705.464048
2026-04-07 06:00:00+02:00,8692.628097355766,10658.114128,2205.5489816075915,2053.581,10898.177078963357,12711.695128,12744.164348
2026-04-07 06:15:00+02:00,8648.99976563961,10429.64008,2237.419170677288,2054.181,10886.418936316899,12483.82108,12532.810024
2026-04-07 06:30:00+02:00,8609.068246198887,10271.1642,2239.71917134465,2027.166,10848.787417543537,12298.3302,12432.75386
2026-04-07 06:45:00+02:00,8505.189638968453,10124.859424,2228.998216251088,2004.748,10734.187855219541,12129.607424,12655.593144
2026-04-07 07:00:00+02:00,8659.876347783958,9692.19372,2362.0552809111555,1952.793,11021.931628695114,11644.98672,13228.90962
2026-04-07 07:15:00+02:00,8497.440261779628,9387.731608,2373.078946593575,1936.597,10870.519208373204,11324.328608,14502.306592
2026-04-07 07:30:00+02:00,8375.520865090777,9177.614076,2379.8148684090543,1903.513,10755.33573349983,11081.127076,16316.145612
2026-04-07 07:45:00+02:00,8215.156957999812,8829.30044,2375.8339284688113,1846.529,10590.990886468624,10675.82944,18477.259572000003
2026-04-07 08:00:00+02:00,6584.591236568064,8532.796292,1859.805492405456,1790.998,8444.396728973521,10323.794292,21117.581392
2026-04-07 08:15:00+02:00,6338.263156604495,8139.577028,1853.865679226325,1746.928,8192.12883583082,9886.505028,23972.760468
2026-04-07 08:30:00+02:00,6124.783175174627,7748.954084,1826.557919356121,1591.499,7951.341094530748,9340.453084,26931.076492
2026-04-07 08:45:00+02:00,5946.108126510626,7484.427576,1798.9262396446086,1379.388,7745.034366155234,8863.815576,30028.172172
2026-04-07 09:00:00+02:00,5492.455258579405,7281.382156,1282.6544703739733,555.538,6775.109728953379,7836.920156,32716.797876
2026-04-07 09:15:00+02:00,5375.419472724604,7075.746088,1250.1754205314676,442.879,6625.594893256071,7518.625088,35935.813684
2026-04-07 09:30:00+02:00,5331.9991614692535,6830.522,1231.4271043800393,383.672,6563.426265849293,7214.194,39170.79392
2026-04-07 09:45:00+02:00,5317.302821851018,6574.981356,1215.3351994307493,380.395,6532.638021281768,6955.376356000001,42219.437764
2026-04-07 10:00:00+02:00,5112.300931662137,6248.11792,660.8776363378531,276.883,5773.17856799999,6525.0009199999995,44537.510084
2026-04-07 10:15:00+02:00,5076.066730557944,5920.545072,636.3664621714486,309.105,5712.433192729392,6229.650072,46914.79863999999
2026-04-07 10:30:00+02:00,5098.315263593425,5704.431812,612.9111443216843,348.009,5711.226407915109,6052.440812,49499.859436
2026-04-07 10:45:00+02:00,5095.211120965753,5347.1597,605.9304817834052,623.545,5701.141602749159,5970.7047,51397.658872
2026-04-07 11:00:00+02:00,5683.096432274955,5102.387744,798.3158179864117,1012.868,6481.412250261366,6115.255744,53810.435804
2026-04-07 11:15:00+02:00,5671.732791761814,4805.248476,780.8593380308419,1059.079,6452.592129792656,5864.3274759999995,55069.41662
2026-04-07 11:30:00+02:00,5654.398968776231,4480.229496,782.1361047536836,1090.521,6436.535073529915,5570.750496,55591.343828
2026-04-07 11:45:00+02:00,5641.1127306624585,4387.04374,787.1887045215717,1206.237,6428.30143518403,5593.28074,56475.4614
2026-04-07 12:00:00+02:00,4472.56847877801,4432.836064,840.2388741460225,1081.529,5312.807352924033,5514.365064,57418.034468
2026-04-07 12:15:00+02:00,4456.775487760315,4268.80748,845.4381228400143,1067.169,5302.213610600329,5335.97648,57393.491856
2026-04-07 12:30:00+02:00,4392.453744914092,3971.00244,853.8942397869362,959.809,5246.347984701028,4930.81144,57421.936872
2026-04-07 12:45:00+02:00,4365.742897479602,3732.449008,864.211573798005,991.78,5229.954471277607,4724.229008,57102.187716
2026-04-07 13:00:00+02:00,4295.889976765758,3682.772484,738.9576431256676,1188.46,5034.847619891425,4871.232484,57469.680468
2026-04-07 13:15:00+02:00,4350.552672513883,3406.071112,756.6848032827619,1174.168,5107.237475796645,4580.239112,56701.66808
2026-04-07 13:30:00+02:00,4326.888569668597,3238.41654,725.3454356875691,1132.314,5052.234005356166,4370.7305400000005,55907.060748
2026-04-07 13:45:00+02:00,4317.984909650999,3096.81484,710.4110336000831,1139.127,5028.395943251082,4235.9418399999995,55223.38158
2026-04-07 14:00:00+02:00,4438.51364682514,2967.247452,770.6372200739877,1344.175,5209.150866899128,4311.422452,54320.778976
2026-04-07 14:15:00+02:00,4476.436506855436,2962.613312,754.9622949912489,1369.195,5231.398801846685,4331.808312,53843.37326
2026-04-07 14:30:00+02:00,4503.578242920406,3073.878856,768.2120253575895,1420.361,5271.790268277996,4494.239856,53184.580024
2026-04-07 14:45:00+02:00,4524.333789047291,3209.614392,759.9397204437334,1474.973,5284.273509491025,4684.587391999999,52585.107304000005
2026-04-07 15:00:00+02:00,5302.655798235754,3265.875708,1127.4916297191924,1521.826,6430.147427954947,4787.7017080000005,51167.54828
2026-04-07 15:15:00+02:00,5435.455019532056,3296.694988,1145.0232935495444,1536.838,6580.4783130816,4833.532988,49808.708224
2026-04-07 15:30:00+02:00,5481.326572736517,3676.098392,1147.8709782238589,1549.428,6629.197550960376,5225.526392,49447.931236
2026-04-07 15:45:00+02:00,5503.9951281335125,4070.550988,1177.0646645920178,1534.235,6681.05979272553,5604.785988,48050.368096000006
2026-04-07 16:00:00+02:00,5798.984871422549,4151.964412,1450.8868521938005,1518.21,7249.871723616349,5670.174412,46965.216372
2026-04-07 16:15:00+02:00,5937.586499279254,4294.276496,1467.5097610913867,1515.396,7405.096260370641,5809.672496,45420.751152
2026-04-07 16:30:00+02:00,6060.11013328068,4421.537556,1503.9322192719048,1548.092,7564.042352552585,5969.629556,43437.015292
2026-04-07 16:45:00+02:00,6102.211256834232,4467.597648,1522.2529192146603,1572.517,7624.464176048892,6040.114648,40999.325808
2026-04-07 17:00:00+02:00,6177.786799843221,4645.842612,1629.4218847756226,1606.066,7807.208684618844,6251.908612,38088.881916
2026-04-07 17:15:00+02:00,6117.682229210102,5036.856024,1673.86623421198,1706.11,7791.548463422083,6742.966023999999,35738.104492
2026-04-07 17:30:00+02:00,5991.868289730942,5399.170472,1725.8503709518222,1721.912,7717.718660682764,7121.082472,32458.187704000004
2026-04-07 17:45:00+02:00,5865.324184968896,5527.399184,1733.328687247194,1659.204,7598.652872216089,7186.603184,28619.581036
2026-04-07 18:00:00+02:00,6415.440358491134,5439.008852,1959.4043911354627,1601.965,8374.844749626596,7040.973852,24552.849555999997
2026-04-07 18:15:00+02:00,6443.008597212274,5416.247612,1975.764350723896,1561.803,8418.77294793617,6978.050612,20619.036948
2026-04-07 18:30:00+02:00,6461.877755694684,5348.95394,1973.4440898115404,1514.143,8435.321845506225,6863.09694,16918.371816
2026-04-07 18:45:00+02:00,6396.115290769754,5259.261764,1968.082299372134,1508.622,8364.197590141888,6767.883764,13612.078188
2026-04-07 19:00:00+02:00,7413.266804475424,5184.374768,1970.386887661664,1529.668,9383.653692137088,6714.042767999999,10931.709508
2026-04-07 19:15:00+02:00,7425.820205762449,5250.257004,1996.5808586552928,1577.289,9422.401064417742,6827.546004,9122.203316
2026-04-07 19:30:00+02:00,7516.586880599274,5542.030728,2005.1444058167972,1530.673,9521.73128641607,7072.7037279999995,8108.107924
2026-04-07 19:45:00+02:00,7635.992266604046,6111.876292,2007.5127496858747,1535.002,9643.50501628992,7646.878291999999,8022.283892
2026-04-07 20:00:00+02:00,9681.195131618046,6597.965004,2298.1567217470783,1471.041,11979.351853365124,8069.006004,8261.264556
2026-04-07 20:15:00+02:00,9830.589830283989,6992.387976,2311.497778718057,1438.655,12142.087609002047,8431.042976,8509.817524
2026-04-07 20:30:00+02:00,9957.813598396639,7778.099332,2322.424320201695,1383.568,12280.237918598334,9161.667332,9206.789528
2026-04-07 20:45:00+02:00,10082.364364294392,8719.782316,2334.349404717703,1278.713,12416.713769012094,9998.495316,10019.58202
2026-04-07 21:00:00+02:00,12326.326849145427,9572.934128,2091.2813792814018,1149.007,14417.608228426829,10721.941128,10779.045328
2026-04-07 21:15:00+02:00,12469.803241438629,10242.505604,2113.2940324978695,1126.632,14583.097273936499,11369.137604,11387.935688
2026-04-07 21:30:00+02:00,12618.665105104426,10838.698832,2147.8122201479932,1141.234,14766.47732525242,11979.932832,11993.909212
2026-04-07 21:45:00+02:00,12766.22367220248,11338.778508,2164.9617613492987,1169.223,14931.18543355178,12508.001508,12521.7055
2026-04-07 22:00:00+02:00,13482.784310068368,11607.67914,1872.486407950758,1280.576,15355.270718019125,12888.25514,12904.712868
2026-04-07 22:15:00+02:00,13634.579871006023,12054.061256,1905.9711200596469,1325.487,15540.55099106567,13379.548256000002,13394.776480000002
2026-04-07 22:30:00+02:00,13744.696103637712,12505.618824,1917.9491831873368,1257.401,15662.645286825049,13763.019824,13778.319576
2026-04-07 22:45:00+02:00,13853.987742543808,12863.52968,1935.2394444437978,1154.295,15789.227186987606,14017.82468,14032.246292
2026-04-07 23:00:00+02:00,13363.502361949058,13025.250268,1591.9803386709402,1150.573,14955.48270062,14175.823268,14188.733744
2026-04-07 23:15:00+02:00,13435.267409577738,13214.597784,1591.7011544164,1107.623,15026.968563994138,14322.220784,14333.238652
2026-04-07 23:30:00+02:00,13485.918256545148,13365.96234,1581.2034572401164,1137.879,15067.121713785265,14503.84134,14514.160916
2026-04-07 23:45:00+02:00,13512.39619290367,13580.103044,1586.597158248515,1166.438,15098.993351152185,14746.541044,14761.538252
2026-04-08 00:00:00+02:00,12979.80029443588,13742.35728,1490.4893522222033,1185.757,14470.289646658082,14928.11428,14939.609792
2026-04-08 00:15:00+02:00,13043.206908142874,13727.076252,1488.8178502937676,1257.44,14532.024758436643,14984.516252,14994.625792
2026-04-08 00:30:00+02:00,13092.961652040527,13760.517004,1491.0827439511766,1277.671,14584.044395991703,15038.188004,15048.340756
2026-04-08 00:45:00+02:00,13102.292342547258,13845.990032,1480.1604038236042,1309.401,14582.452746370862,15155.391032,15165.461012
2026-04-08 01:00:00+02:00,12260.306714435905,13921.10378,2154.765319282834,1387.014,14415.072033718738,15308.11778,15318.403152
2026-04-08 01:15:00+02:00,12266.155192751328,13818.78654,2144.433090999331,1481.898,14410.58828375066,15300.684539999998,15310.749072
2026-04-08 01:30:00+02:00,12298.360244860334,13710.154144,2109.337834486343,1564.976,14407.698079346677,15275.130144,15285.395556
2026-04-08 01:45:00+02:00,12290.853207463811,13545.769364,2089.7451410537988,1643.909,14380.598348517611,15189.678364,15199.871084
2026-04-08 02:00:00+02:00,11872.71338039951,13242.32478,2283.8897019125357,1752.487,14156.603082312045,14994.81178,15004.704136
2026-04-08 02:15:00+02:00,11868.520527124992,12869.73086,2274.6455864454683,1865.04,14143.16611357046,14734.77086,14744.65322
2026-04-08 02:30:00+02:00,11860.137477325752,12444.173844,2255.836106589146,2014.554,14115.973583914898,14458.727844,14468.977456
2026-04-08 02:45:00+02:00,11836.460504028735,12071.679684,2252.976125927843,2171.315,14089.436629956577,14242.994684,14252.99746
2026-04-08 03:00:00+02:00,11166.56697628048,11679.87496,2547.9393063988605,2302.954,13714.50628267934,13982.82896,13992.436568
2026-04-08 03:15:00+02:00,11126.792198900923,11312.536156,2552.8097072619985,2418.887,13679.601906162921,13731.423156,13741.092984
2026-04-08 03:30:00+02:00,11096.799101947274,10970.179868,2556.8687208986607,2515.529,13653.667822845935,13485.708868,13495.620872
2026-04-08 03:45:00+02:00,11087.076357411432,10716.86784,2560.1758694254486,2593.384,13647.252226836881,13310.25184,13320.127876
2026-04-08 04:00:00+02:00,9872.887703511364,10478.598528,2449.5065992863524,2571.843,12322.394302797717,13050.441528,13059.977524
2026-04-08 04:15:00+02:00,9855.89260618228,10264.511124,2452.521657019267,2589.994,12308.414263201546,12854.505124,12864.223448
2026-04-08 04:30:00+02:00,9803.055310744552,9992.4525,2456.8002942376656,2555.382,12259.855604982218,12547.8345,12557.627672
2026-04-08 04:45:00+02:00,9740.363276795966,9665.947116,2467.6065246534868,2535.161,12207.969801449453,12201.108116,12210.599176
2026-04-08 05:00:00+02:00,9631.02692205474,9315.429012,2059.6030012464566,2538.212,11690.629923301196,11853.641012,11867.950884
2026-04-08 05:15:00+02:00,9627.948918040614,8997.610616,2085.4146344181427,2561.042,11713.363552458757,11558.652616,11568.884524
2026-04-08 05:30:00+02:00,9610.023230751172,8633.285268,2096.2378593935778,2502.25,11706.26109014475,11135.535268,11152.984664
2026-04-08 05:45:00+02:00,9641.733161047805,8270.767984,2105.884734229413,2403.547,11747.617895277217,10674.314984,10685.65978
2026-04-08 06:00:00+02:00,9006.542610599465,8083.074232,1915.894306673868,2302.636,10922.436917273333,10385.710232,10414.976472
2026-04-08 06:15:00+02:00,8958.242264822575,7843.199616,1945.810990120976,2164.053,10904.05325494355,10007.252616,10052.063684
2026-04-08 06:30:00+02:00,8913.354134638665,7607.873744,1946.9888250898655,2005.359,10860.34295972853,9613.232744,9767.878544
2026-04-08 06:45:00+02:00,8804.578809341858,7439.88952,1936.3423940377218,1919.981,10740.92120337958,9359.87052,10014.351264
2026-04-08 07:00:00+02:00,8270.745123034674,7225.43122,1789.9239502125915,1878.464,10060.669073247265,9103.89522,11037.769152
2026-04-08 07:15:00+02:00,8097.639982727721,6833.608476,1800.931502023117,1784.149,9898.571484750839,8617.757476,12349.025652
2026-04-08 07:30:00+02:00,7960.519302483989,6499.258852,1806.3868080878126,1851.838,9766.906110571801,8351.096852,14435.94144
2026-04-08 07:45:00+02:00,7790.911470537227,6209.39536,1801.392084482609,1915.541,9592.303555019836,8124.936360000001,17062.366012000002
2026-04-08 08:00:00+02:00,5809.879872342336,5887.097068,1442.73135947417,1824.844,7252.611231816506,7711.941068,20004.614124
2026-04-08 08:15:00+02:00,5319.343022929831,5441.42324,1435.5054866814228,1761.658,6754.848509611254,7203.0812399999995,23157.889228
2026-04-08 08:30:00+02:00,4994.16170098185,4830.711816,1391.0364758067574,1765.274,6385.198176788607,6595.985816,26423.169628
2026-04-08 08:45:00+02:00,4786.178177479365,3999.076156,1356.1048732171027,1902.001,6142.283050696468,5901.077156,29677.076892
2026-04-08 09:00:00+02:00,2867.3256177785315,3119.4774,1341.413363726461,1958.574,4208.738981504993,5078.0514,32928.369488
2026-04-08 09:15:00+02:00,2749.06376740004,2356.728272,1291.825203167983,1952.372,4040.888970568023,4309.100272,35853.493304
2026-04-08 09:30:00+02:00,2709.2072920437686,1810.260568,1261.0635469379774,1929.151,3970.2708389817462,3739.411568,38961.696012
2026-04-08 09:45:00+02:00,2692.419463725312,1483.961924,1238.5225752294878,1902.519,3930.9420389548,3386.480924,41978.966796
2026-04-08 10:00:00+02:00,1371.7252348609945,1280.097484,1535.5394679221797,1819.573,2907.2647027831745,3099.670484,44333.439524
2026-04-08 10:15:00+02:00,1336.0589297706672,1128.053048,1513.3129306336295,1889.713,2849.371860404297,3017.766048,46968.953284
2026-04-08 10:30:00+02:00,1344.7519740389298,1040.081144,1480.4182492886657,1988.406,2825.1702233275955,3028.4871439999997,49540.16238
2026-04-08 10:45:00+02:00,1316.5183541766582,1072.926724,1470.6798866479573,1946.107,2787.198240824616,3019.033724,51968.923964
2026-04-08 11:00:00+02:00,843.2276505284451,1139.419032,1823.7273289512832,1906.102,2666.9549794797285,3045.521032,53689.798488
2026-04-08 11:15:00+02:00,807.8800494474615,1249.34676,1799.77575948604,1859.985,2607.6558089335012,3109.33176,54224.24594
2026-04-08 11:30:00+02:00,758.2428098393907,1443.873364,1790.5311900333713,1802.854,2548.773999872762,3246.7273640000003,55722.842388
2026-04-08 11:45:00+02:00,718.1049870608274,1703.102112,1784.7137102733466,1864.329,2502.818697334174,3567.431112,56325.650724
2026-04-08 12:00:00+02:00,918.9552126855713,1887.15564,1949.7600207978085,1653.787,2868.71523348338,3540.94264,56967.641892
2026-04-08 12:15:00+02:00,873.7180668690628,1940.549756,1946.5853868194922,1627.57,2820.3034536885552,3568.119756,56892.5961
2026-04-08 12:30:00+02:00,791.8109171026169,2050.645364,1952.4983671579637,1620.157,2744.3092842605806,3670.802364,56744.15524
2026-04-08 12:45:00+02:00,752.8899582944387,2128.354708,1955.7175619049874,1694.16,2708.6075201994263,3822.514708,56887.402036
2026-04-08 13:00:00+02:00,1386.6715100653767,2232.311092,1913.3559530038583,1641.054,3300.0274630692347,3873.365092,57316.483476
2026-04-08 13:15:00+02:00,1431.0986074972539,2301.62048,1926.0205602650592,1657.748,3357.119167762313,3959.36848,56679.137732
2026-04-08 13:30:00+02:00,1393.4595755614134,2337.075288,1894.3777624219326,1690.681,3287.837337983346,4027.756288,56261.752576
2026-04-08 13:45:00+02:00,1373.3102826583834,2414.645328,1878.653957291342,1735.686,3251.964239949725,4150.331328,55877.45394
2026-04-08 14:00:00+02:00,2143.9040502568077,2634.088844,1870.1160548955056,1810.775,4014.0201051523136,4444.8638439999995,55987.434208
2026-04-08 14:15:00+02:00,2174.8167617404342,2866.574964,1852.8167485448644,1886.173,4027.6335102852986,4752.747964,55839.31476
2026-04-08 14:30:00+02:00,2199.945602885082,3100.18362,1863.1314313580092,1907.219,4063.077034243091,5007.40262,55326.929916
2026-04-08 14:45:00+02:00,2213.984469939665,3334.949532,1857.3240672541297,1942.836,4071.3085371937946,5277.785532,54435.244712
2026-04-08 15:00:00+02:00,3014.9680905890555,3522.838048,1922.2856379477591,2451.334,4937.253728536814,5974.172048,53867.628628
2026-04-08 15:15:00+02:00,3141.09587733249,3785.588244,1939.9342650545873,2593.88,5081.030142387077,6379.468244,53096.994084000005
2026-04-08 15:30:00+02:00,3195.357993551035,4151.777108,1950.739772759898,2763.817,5146.097766310933,6915.594108,52380.110708
2026-04-08 15:45:00+02:00,3253.4858685881964,4361.566784,1996.8028731583686,2825.167,5250.2887417465645,7186.733784,51130.350532
2026-04-08 16:00:00+02:00,5278.251973805056,4629.809748,2341.849688516766,2635.358,7620.101662321822,7265.167748,49729.8126
2026-04-08 16:15:00+02:00,5675.705952573326,5000.404544,2365.260174262429,2724.826,8040.966126835754,7725.230544,48444.32962
2026-04-08 16:30:00+02:00,5817.056355820809,5156.426472,2399.111185435728,2821.613,8216.167541256536,7978.039472,46385.672532
2026-04-08 16:45:00+02:00,5877.842726849951,5365.72886,2416.054215048191,2982.807,8293.896941898141,8348.53586,43856.771404
2026-04-08 17:00:00+02:00,8325.485349151142,5618.333484,2954.0540164728454,3085.632,11279.539365623987,8703.965484,40737.922604
2026-04-08 17:15:00+02:00,8319.049476593205,5934.796168,2998.013932988411,3102.309,11317.063409581617,9037.105168,37314.028892
2026-04-08 17:30:00+02:00,8441.842793700871,6248.416148,3065.9405120573197,3238.66,11507.78330575819,9487.076148,34083.595252
2026-04-08 17:45:00+02:00,8325.687098839988,6545.366812,3151.644081441267,3485.032,11477.331180281255,10030.398812,30717.09152
2026-04-08 18:00:00+02:00,10175.705815949232,6800.664276,3420.7206339303425,3734.837,13596.426449879575,10535.501276,27267.644
2026-04-08 18:15:00+02:00,10133.901506817303,7048.473676,3441.7231865437134,3865.793,13575.624693361016,10914.266676,23917.323559999997
2026-04-08 18:30:00+02:00,10199.921670034275,7255.370108,3434.3465475346375,3935.272,13634.268217568911,11190.642108,20826.168244
2026-04-08 18:45:00+02:00,10119.186282097202,7305.43604,3431.327135425616,4084.077,13550.513417522818,11389.51304,18123.063104
2026-04-08 19:00:00+02:00,14149.366780700455,7376.70324,3795.5114647706837,4189.43,17944.87824547114,11566.13324,15837.439308
2026-04-08 19:15:00+02:00,14112.638813179135,7523.392208,3820.5821448719744,4356.799,17933.22095805111,11880.191208,14336.765988
2026-04-08 19:30:00+02:00,14185.95145151236,8044.938844,3828.2578948978107,4633.674,18014.20934641017,12678.612844,13922.437892
2026-04-08 19:45:00+02:00,14284.016476463506,8892.988688,3825.3073375359577,4971.677,18109.323813999465,13864.665688,14393.901403999998
2026-04-08 20:00:00+02:00,19896.29397435679,9750.693244,4439.561921757901,5178.184,24335.855896114692,14928.877244,15145.366236
2026-04-08 20:15:00+02:00,20026.880467069015,10451.140912,4448.83195739056,5384.137,24475.712424459576,15835.277912,15942.841652
2026-04-08 20:30:00+02:00,20142.62955439938,11542.541516,4456.226518434969,5647.635,24598.85607283435,17190.176516,17249.568384
2026-04-08 20:45:00+02:00,20259.3205663583,12775.687652,4464.111038477781,5830.58,24723.43160483608,18606.267652,18650.377672
2026-04-08 21:00:00+02:00,21933.529442046656,13830.274244,5092.742870174039,5934.139,27026.272312220695,19764.413244,19840.593668
2026-04-08 21:15:00+02:00,22075.450761043838,14748.98196,5109.706391785151,5939.846,27185.15715282899,20688.82796,20726.353528
2026-04-08 21:30:00+02:00,22218.637739824437,15515.282,5139.689726431562,5993.229,27358.327466256,21508.511,21523.732208
2026-04-08 21:45:00+02:00,22361.88010301957,15969.351228,5155.48611374109,6106.314,27517.36621676066,22075.665228,22087.506188
2026-04-08 22:00:00+02:00,22615.275471723246,16068.402324,5531.329786483416,6164.724,28146.605258206662,22233.126324,22244.65048
2026-04-08 22:15:00+02:00,22770.783092816662,16421.10258,5562.950156414794,6168.587,28333.733249231456,22589.68958,22602.734428
2026-04-08 22:30:00+02:00,22885.55665340207,16584.501004,5574.2457406144085,6144.284,28459.80239401648,22728.785004,22739.11828
2026-04-08 22:45:00+02:00,22998.963702321944,16946.704192,5591.104094312549,6111.97,28590.067796634492,23058.674192,23069.046108
2026-04-08 23:00:00+02:00,20714.641325631877,17268.668212,5678.079157251715,6073.503,26392.720482883593,23342.171212,23352.465264
2026-04-08 23:15:00+02:00,20786.409552178273,17638.969864,5674.344862992958,5950.798,26460.75441517123,23589.767864,23600.069048
2026-04-08 23:30:00+02:00,20833.4669657151,17821.408324,5662.508683679558,5942.598,26495.975649394655,23764.006324,23773.977096
2026-04-08 23:45:00+02:00,20855.83774377644,17783.91184,5666.261985437577,6009.097,26522.099729214016,23793.00884,23803.296956
2026-04-09 00:00:00+02:00,18275.261392413544,17717.809036,5495.273405960039,5928.971,23770.534798373585,23646.780035999996,23657.340383999996
2026-04-09 00:15:00+02:00,18346.879956101067,17757.567364,5495.101524737054,5777.022,23841.98148083812,23534.589364,23544.142808
2026-04-09 00:30:00+02:00,18405.52377492121,17849.498128,5496.87635573399,5822.395,23902.4001306552,23671.893128,23681.376824
2026-04-09 00:45:00+02:00,18424.75923077408,17688.487772,5485.503207945838,5812.702,23910.262438719918,23501.189772,23510.804472
2026-04-09 01:00:00+02:00,19130.007289397632,17512.945848,5593.296999255005,5864.369,24723.30428865264,23377.314848,23387.041652
2026-04-09 01:15:00+02:00,19139.330218986528,17361.666108,5586.627367994437,5897.644,24725.957586980963,23259.310108,23268.836392
2026-04-09 01:30:00+02:00,19172.993577762325,17251.297984,5556.881645034851,5675.726,24729.875222797178,22927.023984,22936.922192
2026-04-09 01:45:00+02:00,19170.20460344667,17101.885864,5542.589700908919,5626.597,24712.79430435559,22728.482864,22738.199412
2026-04-09 02:00:00+02:00,18506.153472491722,17068.712964,5590.515494327473,5630.971,24096.668966819194,22699.683963999996,22709.592311999997
2026-04-09 02:15:00+02:00,18502.787741168424,17043.245732,5585.101345992129,5614.029,24087.889087160554,22657.274732,22666.885968
2026-04-09 02:30:00+02:00,18492.370852265267,16960.49068,5572.43545822767,5510.862,24064.80631049294,22471.35268,22480.873512
2026-04-09 02:45:00+02:00,18467.249646529093,16695.398272,5575.947473054585,5392.068,24043.197119583678,22087.466272,22097.082499999997
2026-04-09 03:00:00+02:00,17459.295989994658,16382.035236,5500.982276398659,5449.036,22960.278266393318,21831.071236,21841.635376
2026-04-09 03:15:00+02:00,17416.757084322526,16178.406208,5510.03901328955,5397.766,22926.796097612074,21576.172208,21588.664852
2026-04-09 03:30:00+02:00,17385.70151822699,16042.473028,5517.936037777337,5282.501,22903.637556004327,21324.974028,21337.138548
2026-04-09 03:45:00+02:00,17375.971068336337,15965.33434,5524.433652508233,5198.155,22900.40472084457,21163.48934,21173.426284
2026-04-09 04:00:00+02:00,16161.93678414807,15787.325668,5106.078341935847,5131.752,21268.01512608392,20919.077668,20928.80588
2026-04-09 04:15:00+02:00,16142.49825707572,15669.438308,5110.228388002645,5182.702,21252.726645078365,20852.140308,20862.588452000004
2026-04-09 04:30:00+02:00,16087.945355025013,15579.82,5114.088140555084,5255.091,21202.033495580097,20834.911,20847.499436
2026-04-09 04:45:00+02:00,16019.544816878792,15427.457284,5124.552318711373,5041.087,21144.097135590164,20468.544284,20480.96002
2026-04-09 05:00:00+02:00,14755.400120378124,15312.636972,5355.214437358795,5253.93,20110.61455773692,20566.566972,20579.149312
2026-04-09 05:15:00+02:00,14746.671610682864,15359.831372,5380.92923106278,5341.104,20127.600841745643,20700.935372,20713.491372
2026-04-09 05:30:00+02:00,14723.171028687457,15187.932484,5389.558145424983,5396.471,20112.72917411244,20584.403484,20597.439568
2026-04-09 05:45:00+02:00,14746.1346121701,14964.240288,5395.6459033637175,5252.17,20141.780515533817,20216.410288,20233.397827999997
2026-04-09 06:00:00+02:00,16168.625326206864,15298.702728,5649.880976574376,5450.507,21818.50630278124,20749.209728,20771.351052
2026-04-09 06:15:00+02:00,16120.337257984462,14997.58546,5675.006080730644,5554.051,21795.343338715105,20551.63646,20603.093640000003
2026-04-09 06:30:00+02:00,16073.73484631374,14823.308444,5672.176983553947,5608.897,21745.911829867688,20432.205444,20629.398144
2026-04-09 06:45:00+02:00,15968.505500989242,14700.76754,5643.704576655294,5623.89,21612.210077644537,20324.65754,21023.872084
2026-04-09 07:00:00+02:00,14951.437783796118,14328.769268,5851.406563934364,5710.286,20802.844347730483,20039.055268,21825.42508
2026-04-09 07:15:00+02:00,14778.260245183492,13613.47946,5860.268662038027,5735.57,20638.52890722152,19349.04946,22507.619268
2026-04-09 07:30:00+02:00,14645.653880798782,13181.552564,5867.491440866777,5746.481,20513.145321665557,18928.033564,23847.586952
2026-04-09 07:45:00+02:00,14474.581946208427,12770.236352,5864.08054220775,5733.362,20338.66248841618,18503.598352,25543.76656
2026-04-09 08:00:00+02:00,12629.440227770498,12181.736336,5640.331716869725,5717.071,18269.771944640223,17898.807335999998,27481.006104
2026-04-09 08:15:00+02:00,12282.96788023798,11496.590932,5631.382364780047,5758.348,17914.350245018028,17254.938931999997,29625.535456
2026-04-09 08:30:00+02:00,12009.061234492756,10786.862052,5571.365554825106,5773.711,17580.426789317862,16560.573052,32038.245724
2026-04-09 08:45:00+02:00,11805.412829764955,10080.165672,5530.53763754154,5738.012,17335.950467306495,15818.177671999998,34600.555548
2026-04-09 09:00:00+02:00,10198.15749295954,9306.564552,5645.351672590911,5746.59,15843.509165550451,15053.154552,37404.138904
2026-04-09 09:15:00+02:00,10087.00093635358,8659.907876,5594.430679070017,5796.521,15681.431615423597,14456.428875999998,40536.94134
2026-04-09 09:30:00+02:00,10046.19689529735,8308.416812,5563.088807766704,5883.04,15609.285703064053,14191.456812,43678.117288
2026-04-09 09:45:00+02:00,10025.073224816351,8133.783048,5541.1273800862955,5942.183,15566.200604902646,14075.966048,46678.679776
2026-04-09 10:00:00+02:00,7582.092801862444,8271.596872,5485.461490737018,5966.559,13067.554292599461,14238.155872,50243.38920799999
2026-04-09 10:15:00+02:00,7541.003438618261,8107.99596,5465.254483468518,5943.76,13006.257922086777,14051.75596,52700.114556
2026-04-09 10:30:00+02:00,7544.654795822794,7970.060916,5436.162732982895,5441.542,12980.817528805688,13411.602916,54404.697644
2026-04-09 10:45:00+02:00,7508.920040930895,7913.633788,5437.106893616865,5057.961,12946.02693454776,12971.594788,55431.064252
2026-04-09 11:00:00+02:00,7605.468462674289,8260.143316,5510.990040405445,4555.703,13116.458503079735,12815.846316,57418.37304399999
2026-04-09 11:15:00+02:00,7562.177223082748,8396.292796,5488.725721880274,4222.046,13050.902944963022,12618.338796,58972.844788
2026-04-09 11:30:00+02:00,7504.011746793443,8493.726344,5480.404135097687,4154.494,12984.415881891131,12648.220344,59872.492772
2026-04-09 11:45:00+02:00,7461.1954521968,8409.99638,5477.199891534513,4150.052,12938.395343731314,12560.04838,60059.57214
2026-04-09 12:00:00+02:00,6464.330443746859,9018.23764,5515.697921933875,4028.035,11980.028365680733,13046.27264,60631.53112
2026-04-09 12:15:00+02:00,6413.474394140209,9163.014696,5503.505027613621,3990.719,11916.97942175383,13153.733696,60902.86990400001
2026-04-09 12:30:00+02:00,6324.61146650031,8532.327676,5506.160551951923,4007.763,11830.772018452233,12540.090676,60656.958248
2026-04-09 12:45:00+02:00,6279.738368464704,8413.279928,5509.515492754643,4040.675,11789.253861219346,12453.954928,60744.177876
2026-04-09 13:00:00+02:00,7451.189489252245,8392.915868,5471.4998920650505,4111.134,12922.689381317296,12504.049868,60713.23208
2026-04-09 13:15:00+02:00,7485.015618473,8102.957556,5482.920335217824,4085.188,12967.935953690823,12188.145556,60033.327487999995
2026-04-09 13:30:00+02:00,7440.619512422218,7887.072016,5450.989760955068,4163.398,12891.609273377286,12050.470016,59422.932764
2026-04-09 13:45:00+02:00,7414.258492760111,7719.852564,5436.316606100721,4166.547,12850.575098860832,11886.399564,59226.229228
2026-04-09 14:00:00+02:00,8728.427613352347,7739.312648,5494.0305730735645,3858.048,14222.458186425913,11597.360648,58609.828892000005
2026-04-09 14:15:00+02:00,8759.979592877877,7840.656572,5478.789976313136,3809.349,14238.769569191012,11650.005572,57992.987168
2026-04-09 14:30:00+02:00,8789.793651751152,7693.082052,5484.230311293972,3783.984,14274.023963045123,11477.066052,56963.922608
2026-04-09 14:45:00+02:00,8808.945210494901,8167.52008,5476.115747525511,3828.694,14285.060958020413,11996.21408,56445.734511999995
2026-04-09 15:00:00+02:00,9532.716565117329,8629.983824,5494.846744792269,4016.556,15027.563309909598,12646.539824,55996.205312
2026-04-09 15:15:00+02:00,9656.452578236665,9331.28374,5512.894439960706,4040.758,15169.347018197372,13372.04174,55290.341832
2026-04-09 15:30:00+02:00,9751.726801125491,9657.416848,5519.290292464635,4702.503,15271.017093590126,14359.919848,54798.951552
2026-04-09 15:45:00+02:00,9810.16616613936,9792.22084,5553.2075767191845,5048.366,15363.373742858545,14840.58684,53363.252303999994
2026-04-09 16:00:00+02:00,9802.978875760962,9353.681092,5868.596810523195,4139.579,15671.575686284157,13493.260092,51233.726736
2026-04-09 16:15:00+02:00,10065.133693024265,9781.737148,5892.4754894890175,4211.048,15957.609182513283,13992.785148,50269.042344
2026-04-09 16:30:00+02:00,10183.31210734061,10242.43994,5927.121436328786,4194.911,16110.433543669395,14437.35094,48266.4368
2026-04-09 16:45:00+02:00,10244.287232837334,10481.493068,5943.789346945972,4682.141,16188.076579783306,15163.634068,46320.799796
2026-04-09 17:00:00+02:00,12110.614057724246,10984.918308,5962.074393052672,5442.41,18072.688450776917,16427.328308,44560.653724
2026-04-09 17:15:00+02:00,12121.440326437616,11195.075088,6006.560743789929,5222.966,18128.001070227547,16418.041087999998,41407.023107999994
2026-04-09 17:30:00+02:00,12096.358081014501,11183.981412,6055.484574859065,5264.035,18151.842655873566,16448.016411999997,38317.503016
2026-04-09 17:45:00+02:00,11989.207521901233,11209.29504,6094.603226103502,5099.968,18083.810748004733,16309.263040000002,34581.66925200001
2026-04-09 18:00:00+02:00,13297.6305425187,11193.42192,6218.783006936825,6041.977,19516.413549455523,17235.39892,31932.45124
2026-04-09 18:15:00+02:00,13271.157223292998,11391.75224,6237.704162837162,6060.642,19508.86138613016,17452.39424,28761.647868
2026-04-09 18:30:00+02:00,13287.209109653608,11839.000264,6228.046330571228,6123.046,19515.255440224835,17962.046264,26278.416268
2026-04-09 18:45:00+02:00,13207.514510249322,12287.403032,6223.568204759201,6142.197,19431.082715008524,18429.600032,24078.525768000003
2026-04-09 19:00:00+02:00,15401.809235649893,12669.947952,6114.986594956726,5647.246,21516.795830606618,18317.193952,21887.359696
2026-04-09 19:15:00+02:00,15369.766022321983,13240.977176,6140.8461118007845,5637.573,21510.612134122766,18878.550176,20898.777156
2026-04-09 19:30:00+02:00,15565.731722074588,14213.686368,6147.231892817138,5619.762,21712.963614891727,19833.448368,20733.323776
2026-04-09 19:45:00+02:00,15679.417446307676,15265.158652,6145.630708227241,5544.962,21825.048154534918,20810.120652,21094.833448
2026-04-09 20:00:00+02:00,19247.46262844424,16249.666812,6084.207782602214,4924.064,25331.670411046453,21173.730812,21288.817772
2026-04-09 20:15:00+02:00,19387.893307240764,17209.194516,6093.366719762144,4936.192,25481.260027002907,22145.386516,22200.372172
2026-04-09 20:30:00+02:00,19523.685915017722,18236.210396,6099.421142830617,4814.6,25623.10705784834,23050.810396,23088.028444
2026-04-09 20:45:00+02:00,19665.425673245016,19127.918384,6105.27487093463,4615.813,25770.700544179646,23743.731384,23774.073676
2026-04-09 21:00:00+02:00,22593.6567014624,19709.559252,6282.805873387645,4277.429,28876.462574850048,23986.988252,24050.941992
2026-04-09 21:15:00+02:00,22750.248427674123,20457.117572,6298.6367978368,4312.256,29048.885225510923,24769.373572,24794.991792
2026-04-09 21:30:00+02:00,22905.849642966707,21287.032404,6327.852142823973,4265.424,29233.70178579068,25552.456404,25568.014608
2026-04-09 21:45:00+02:00,23057.774967717043,21828.94246,6342.564042050974,4281.44,29400.339009768017,26110.382459999997,26124.94652
2026-04-09 22:00:00+02:00,24235.718374121963,21250.03566,6048.626230759017,4608.41,30284.34460488098,25858.44566,25874.940748
2026-04-09 22:15:00+02:00,24399.16627981626,21822.954924,6081.628564234075,4626.865,30480.79484405034,26449.819924000003,26461.968252
2026-04-09 22:30:00+02:00,24522.273637732764,22292.298396,6091.725231726831,4551.482,30613.998869459596,26843.780396,26855.518419999997
2026-04-09 22:45:00+02:00,24641.250138842304,22364.071076,6105.802916087022,4689.186,30747.053054929325,27053.257076,27064.075868
2026-04-09 23:00:00+02:00,25598.633598898687,22353.592784,5832.821018145267,4166.594,31431.454617043953,26520.186784,26531.4422
2026-04-09 23:15:00+02:00,25677.652402782544,22605.15594,5827.597619276831,4077.994,31505.250022059376,26683.14994,26693.230368
2026-04-09 23:30:00+02:00,25733.24426937213,23013.251724,5818.006188154455,4182.638,31551.250457526585,27195.889724,27205.953216
2026-04-09 23:45:00+02:00,25769.49133097225,23580.189844,5822.671453170409,4160.953,31592.16278414266,27741.142844,27752.132608000004
2026-04-10 00:00:00+02:00,23262.234303902816,23717.091488,6224.665379326907,4611.278,29486.899683229723,28328.369487999997,28339.323724
2026-04-10 00:15:00+02:00,23331.371868435046,23694.784328,6220.497588223574,4885.782,29551.86945665862,28580.566328,28591.16082
2026-04-10 00:30:00+02:00,23389.50572641304,23769.837088,6223.233981839266,5011.892,29612.739708252306,28781.729088,28792.117132
2026-04-10 00:45:00+02:00,23403.7678158709,23854.839436,6211.6271960071945,4839.853,29615.395011878092,28694.692436,28705.11658
2026-04-10 01:00:00+02:00,22676.874270786524,23891.396792,5942.510356654242,5079.315,28619.384627440766,28970.711792,28981.270144
2026-04-10 01:15:00+02:00,22680.338470077182,24131.709268,5937.627839285287,5378.072,28617.96630936247,29509.781268,29519.064648
2026-04-10 01:30:00+02:00,22707.72109428393,24117.916148,5902.434763088305,5368.076,28610.155857372236,29485.992148,29496.292032
2026-04-10 01:45:00+02:00,22699.15411395951,24295.939664,5885.897814033695,5171.924,28585.051927993205,29467.863664,29485.5204
2026-04-10 02:00:00+02:00,22405.309838860423,24340.803216,5826.171361833555,5372.764,28231.48120069398,29713.567216,29741.795948
2026-04-10 02:15:00+02:00,22399.35134659292,23883.347528,5819.325435018667,5698.386,28218.67678161159,29581.733527999997,29610.383388
2026-04-10 02:30:00+02:00,22386.097984096672,23626.730468,5803.77777867712,5850.555,28189.875762773794,29477.285468,29498.716724
2026-04-10 02:45:00+02:00,22353.63102560406,23619.246584,5803.855034502558,5840.942,28157.486060106618,29460.188584,29471.49348
2026-04-10 03:00:00+02:00,21234.578969122864,23599.726116,5973.169280261695,5647.389,27207.74824938456,29247.115116,29258.0879
2026-04-10 03:15:00+02:00,21186.509822066677,23752.543528,5980.680068030142,5724.674,27167.18989009682,29477.217527999997,29487.416263999996
2026-04-10 03:30:00+02:00,21152.28304072062,24157.428464,5984.966021289331,6088.077,27137.249062009952,30245.505464,30255.423844
2026-04-10 03:45:00+02:00,21138.138044304884,24429.590624,5988.619944497297,6129.992,27126.75798880218,30559.582624,30569.982916
2026-04-10 04:00:00+02:00,19311.67098639249,24370.854392,6218.580386252519,6192.193,25530.251372645012,30563.047392,30573.319808
2026-04-10 04:15:00+02:00,19289.041656517653,24248.099756,6224.640186410591,6336.069,25513.681842928243,30584.168756,30594.310368
2026-04-10 04:30:00+02:00,19233.528397627408,23647.835904,6230.773553893995,6296.658,25464.301951521404,29944.493904,29954.836796
2026-04-10 04:45:00+02:00,19162.48106334973,23094.899248,6234.93019505241,6183.478,25397.41125840214,29278.377248,29288.476124
2026-04-10 05:00:00+02:00,18381.615104614306,23256.888504,6318.636061630248,6225.216,24700.251166244554,29482.104504,29493.010928
2026-04-10 05:15:00+02:00,18371.70971889246,23637.992684,6346.016067394968,6218.924,24717.72578628743,29856.916684,29868.534
2026-04-10 05:30:00+02:00,18339.978861322892,24096.865488,6355.506245860894,6598.325,24695.485107183784,30695.190488,30707.0884
2026-04-10 05:45:00+02:00,18354.211931563656,24020.85872,6357.20124166062,6730.501,24711.413173224275,30751.35972,30763.441048
2026-04-10 06:00:00+02:00,18305.03930993985,23764.357256,6594.8583983694325,6656.646,24899.897708309283,30421.003256,30438.353532
2026-04-10 06:15:00+02:00,18251.909908711837,23127.262816,6622.426557904154,6488.757,24874.33646661599,29616.019816,29677.025884
2026-04-10 06:30:00+02:00,18203.343971421946,22873.65148,6621.179587789845,6649.06,24824.52355921179,29522.71148,29664.806428000004
2026-04-10 06:45:00+02:00,18098.56594890478,22825.169976,6608.664394379116,6706.973,24707.230343283896,29532.142976000003,29776.400644
2026-04-10 07:00:00+02:00,15901.57388372263,22687.804452,6480.754506212145,6972.121,22382.328389934777,29659.925452,30156.444068
2026-04-10 07:15:00+02:00,15714.67406842283,22174.9171,6488.821143873222,6991.567,22203.495212296053,29166.4841,30054.475
2026-04-10 07:30:00+02:00,15572.915664469534,20971.170784,6496.223022101445,6814.993,22069.13868657098,27786.163784000004,29080.103640000005
2026-04-10 07:45:00+02:00,15390.617841219482,19833.359364,6491.618707059171,6811.232,21882.236548278655,26644.591364,28428.221128
2026-04-10 08:00:00+02:00,13900.951160487988,18394.641576,6487.949009398573,7275.8,20388.90016988656,25670.441576,28126.860536
2026-04-10 08:15:00+02:00,13562.18702689247,17248.357888,6481.161143064277,7196.786,20043.34816995675,24445.143888,27595.02926
2026-04-10 08:30:00+02:00,13304.742868448362,16109.425116,6428.495884391012,7111.636,19733.238752839374,23221.061116,27131.63844
2026-04-10 08:45:00+02:00,13079.214198501233,15635.894324,6392.584199637663,7010.851,19471.798398138897,22646.745324,27415.220776
2026-04-10 09:00:00+02:00,10729.689740424332,15130.579344,5510.355808083925,6651.002,16240.045548508257,21781.581344,27572.220648
2026-04-10 09:15:00+02:00,10598.156971843877,14630.480824,5460.785048057806,6478.76,16058.942019901682,21109.240824,27980.149504
2026-04-10 09:30:00+02:00,10542.931692231346,14438.655996,5429.015144011448,6049.101,15971.946836242794,20487.756996,28490.32278
2026-04-10 09:45:00+02:00,10513.735723233893,13781.897472,5407.986652094711,5754.658,15921.722375328603,19536.555472,28629.988404
2026-04-10 10:00:00+02:00,10402.068861552301,13081.297548,4170.5754082310095,5419.968,14572.644269783312,18501.265548,28776.794504
2026-04-10 10:15:00+02:00,10359.487786529213,12562.512084,4152.615294443841,5262.788,14512.103080973055,17825.300084,29191.055092
2026-04-10 10:30:00+02:00,10362.09095187652,11654.273308,4127.574346329938,5120.77,14489.665298206459,16775.043308,29451.847512
2026-04-10 10:45:00+02:00,10327.928365837302,10773.298184,4127.992925513153,4799.208,14455.921291350456,15572.506183999998,29468.711824
2026-04-10 11:00:00+02:00,9388.560355761747,9900.193016,3095.6471066336735,4631.388,12484.207462395421,14531.581016,29483.067604
2026-04-10 11:15:00+02:00,9346.96210920084,9052.824,3072.644481136762,4693.036,12419.606590337602,13745.86,30013.120792
2026-04-10 11:30:00+02:00,9292.918954578916,8189.302348,3062.573541045972,4356.165,12355.492495624887,12545.467348,29982.446556000003
2026-04-10 11:45:00+02:00,9254.938431458932,7469.982824,3059.2230598787783,3920.936,12314.161491337709,11390.918824,29971.243044
2026-04-10 12:00:00+02:00,7675.171464513886,6609.058204,2831.308578943042,3679.253,10506.480043456928,10288.311204,30180.406452000003
2026-04-10 12:15:00+02:00,7620.718676259106,6286.283592,2817.0651051138952,3401.119,10437.783781373002,9687.402592,31085.674708
2026-04-10 12:30:00+02:00,7528.835152185164,6048.801552,2817.05372470535,3238.616,10345.888876890513,9287.417552,32095.765
2026-04-10 12:45:00+02:00,7478.929308692856,5817.178524,2820.9374372357975,2961.431,10299.866745928653,8778.609524,32481.185164
2026-04-10 13:00:00+02:00,6584.115335978374,5649.635212,2647.963397466419,2637.517,9232.078733444792,8287.152212,33072.9228
2026-04-10 13:15:00+02:00,6612.034861610315,5591.419772,2656.6714741225887,2363.184,9268.706335732903,7954.603772,33780.335228
2026-04-10 13:30:00+02:00,6563.6797233455745,5501.456436,2623.5953439494815,2204.398,9187.275067295057,7705.854436,34329.865072
2026-04-10 13:45:00+02:00,6530.451095810013,5390.518796,2606.9381224857834,2026.829,9137.389218295797,7417.347796,34626.186924
2026-04-10 14:00:00+02:00,5361.951104436397,5320.17642,2112.8030922853677,1923.361,7474.754196721765,7243.53742,35023.47554
2026-04-10 14:15:00+02:00,5404.228657500295,5376.071436,2094.3554820861095,1752.606,7498.5841395864045,7128.677436,35355.164984
2026-04-10 14:30:00+02:00,5434.540278390642,5397.618868,2093.7431419558297,1741.752,7528.283420346472,7139.370868,35730.965816
2026-04-10 14:45:00+02:00,5457.307150371698,5403.76794,2075.8178154955117,1667.004,7533.1249658672095,7070.77194,35385.013156
2026-04-10 15:00:00+02:00,5119.2671667762115,5446.77542,1063.5578418494217,1742.006,6182.825008625633,7188.78142,35180.501892
2026-04-10 15:15:00+02:00,5250.385606836585,5346.151244,1087.7191913008007,1743.4,6338.104798137386,7089.551244,34779.445544
2026-04-10 15:30:00+02:00,5334.0859881287415,5436.671172,1099.2057336201888,1755.472,6433.29172174893,7192.143172,34385.674792000005
2026-04-10 15:45:00+02:00,5401.9625816699845,5665.166704,1126.370459979348,1806.404,6528.333041649333,7471.570704,33646.09764
2026-04-10 16:00:00+02:00,5691.826686980143,5586.858144,845.6040472870133,1780.831,6537.430734267156,7367.689144,32180.517116
2026-04-10 16:15:00+02:00,5902.724443196872,5456.660504,876.1244095292176,1731.241,6778.84885272609,7187.901504,30677.009212
2026-04-10 16:30:00+02:00,6020.038858020338,5281.784408,915.8659870653573,1616.996,6935.904845085695,6898.7804080000005,28696.026268
2026-04-10 16:45:00+02:00,6082.935796411885,5123.20508,940.063437311077,1476.657,7022.999233722962,6599.86208,26524.608716
2026-04-10 17:00:00+02:00,4728.272185084119,4923.583072,540.8762928697307,1365.906,5269.14847795385,6289.489072,24320.691048
2026-04-10 17:15:00+02:00,4747.617922808554,4793.526356,586.8165794088527,1263.047,5334.434502217407,6056.573356000001,22046.125944
2026-04-10 17:30:00+02:00,4690.386871856967,4556.324692,623.0593859966234,1154.103,5313.446257853591,5710.427692,19752.1329
2026-04-10 17:45:00+02:00,4587.1375942608265,4195.000088,699.8159255911065,1061.687,5286.953519851933,5256.687088,17368.613664
2026-04-10 18:00:00+02:00,4601.1669148879155,3841.66728,628.3532984715014,1015.434,5229.520213359417,4857.10128,15006.68364
2026-04-10 18:15:00+02:00,4601.032721524235,3423.72744,660.7163124205325,1015.2,5261.749033944768,4438.92744,12593.161292
2026-04-10 18:30:00+02:00,4631.164470734229,3014.00426,656.7717408738963,1000.45,5287.936211608126,4014.45426,10283.30886
2026-04-10 18:45:00+02:00,4549.783651756489,2720.295892,655.5954404315551,990.139,5205.3790921880445,3710.434892,8315.394184
2026-04-10 19:00:00+02:00,3024.1570589479456,2503.327292,459.53584115210145,976.137,3483.692900100047,3479.4642919999997,6610.411459999999
2026-04-10 19:15:00+02:00,2988.8740715842587,2280.470616,485.26830156391895,1020.507,3474.1423731481777,3300.977616,5210.334388
2026-04-10 19:30:00+02:00,3061.8797546285064,2112.498436,498.9853298280318,1051.084,3560.865084456538,3163.5824359999997,4188.597323999999
2026-04-10 19:45:00+02:00,3198.233318816046,2092.532472,505.63859371767927,1080.796,3703.871912533725,3173.328472,3658.601276
2026-04-10 20:00:00+02:00,2675.220281211926,2109.762344,446.5444299620937,1078.892,3121.7647111740193,3188.6543440000005,3461.0828640000004
2026-04-10 20:15:00+02:00,2812.025989258234,2103.821568,460.2140516687438,1118.292,3272.2400409269776,3222.113568,3375.5227999999997
2026-04-10 20:30:00+02:00,2952.146695466015,2181.72278,472.4742928855049,1079.82,3424.62098835152,3261.54278,3415.0763199999997
2026-04-10 20:45:00+02:00,3107.481999193824,2231.14828,477.9023289192675,926.128,3585.384328113091,3157.27628,3271.995448
2026-04-10 21:00:00+02:00,2792.120901285516,2186.885392,409.05958606931193,748.679,3201.180487354828,2935.564392,3059.1611040000003
2026-04-10 21:15:00+02:00,2968.0617649083742,2140.414264,418.00362790541965,609.904,3386.065392813794,2750.318264,2847.722384
2026-04-10 21:30:00+02:00,3142.916443544437,2126.39862,444.9926362195877,531.37,3587.9090797640247,2657.76862,2710.897412
2026-04-10 21:45:00+02:00,3296.1955115785577,2179.271812,460.1192617504739,461.055,3756.3147733290316,2640.326812,2702.404452
2026-04-10 22:00:00+02:00,2890.4410782736345,2270.251784,479.07538928552407,472.623,3369.5164675591586,2742.874784,2786.915936
2026-04-10 22:15:00+02:00,3053.658629214374,2475.209256,504.2076851140457,484.834,3557.8663143284193,2960.043256,3002.209928
2026-04-10 22:30:00+02:00,3162.353261744486,2704.578372,503.1587996583618,480.693,3665.512061402848,3185.271372,3223.70096
2026-04-10 22:45:00+02:00,3272.096972928376,2975.2191,503.18514562802267,416.296,3775.282118556399,3391.5150999999996,3429.9347239999997
2026-04-10 23:00:00+02:00,2699.227307893002,3267.479364,567.8841246865048,368.067,3267.111432579507,3635.546364,3678.494864
2026-04-10 23:15:00+02:00,2784.880524340211,3654.038392,560.0303446719885,337.766,3344.9108690122,3991.804392,4034.780212
2026-04-10 23:30:00+02:00,2842.7154857343,4066.659676,551.3831803281108,280.57,3394.0986660624108,4347.229676,4389.045096
2026-04-10 23:45:00+02:00,2876.517749360808,4559.847868,557.2841908513973,223.933,3433.8019402122054,4783.780868,4816.903512
2026-04-11 00:00:00+02:00,2677.087863812391,5123.254656,444.8752116182369,174.419,3121.9630754306277,5297.673656,5324.318156
2026-04-11 00:15:00+02:00,2739.211146483601,5582.313956,448.4623846473432,161.168,3187.6735311309444,5743.481956,5757.417984
2026-04-11 00:30:00+02:00,2790.850617332007,6017.864672,457.58671410876156,151.672,3248.4373314407685,6169.536671999999,6185.231948
2026-04-11 00:45:00+02:00,2796.3861324420754,6571.938108,437.84096674836496,177.974,3234.2270991904406,6749.912108,6764.544664
2026-04-11 01:00:00+02:00,4303.798563370353,7155.460788,808.8286108866256,264.264,5112.627174256979,7419.724788,7434.861816
2026-04-11 01:15:00+02:00,4304.5471968579595,7773.771268,806.1944107866183,410.751,5110.741607644578,8184.522268000001,8197.816992
2026-04-11 01:30:00+02:00,4317.77864520419,8321.806012,770.3029675155857,615.3,5088.081612719776,8937.106011999998,8951.290315999999
2026-04-11 01:45:00+02:00,4298.475258673898,8875.231192,737.1536482297786,812.079,5035.628906903677,9687.310192,9700.696295999998
2026-04-11 02:00:00+02:00,6077.976312512706,9357.878512,1003.4008772603078,951.003,7081.377189773013,10308.881512,10321.10552
2026-04-11 02:15:00+02:00,6049.589700940355,9808.614408,999.0815749528829,1076.868,7048.671275893238,10885.482408,10896.598192
2026-04-11 02:30:00+02:00,6013.6328980793805,10315.000324,983.7148233028271,1172.915,6997.347721382208,11487.915324,11499.321136000002
2026-04-11 02:45:00+02:00,5969.464941785448,10636.538816,976.502262173534,1293.724,6945.967203958982,11930.262816,11940.788572
2026-04-11 03:00:00+02:00,8387.654111846727,10879.727096,1782.4487958246532,1466.675,10170.10290767138,12346.402096,12356.878236
2026-04-11 03:15:00+02:00,8331.320011160178,11253.640156,1785.4820073392232,1594.622,10116.802018499402,12848.262156,12863.598827999998
2026-04-11 03:30:00+02:00,8291.660359331088,11530.053128,1795.653642703885,1685.256,10087.314002034973,13215.309128,13227.636244
2026-04-11 03:45:00+02:00,8272.351202946718,11805.833656,1800.1521654585129,1821.122,10072.50336840523,13626.955656,13637.939048
2026-04-11 04:00:00+02:00,9422.026825398025,12032.431712,2355.8261329320503,2041.32,11777.852958330075,14073.751712,14085.435132
2026-04-11 04:15:00+02:00,9393.808317075798,12135.100712,2361.924540447049,2222.539,11755.732857522848,14357.639712,14369.054912
2026-04-11 04:30:00+02:00,9314.58668849173,12261.654036,2368.17637375732,2431.198,11682.76306224905,14692.852036,14704.537428
2026-04-11 04:45:00+02:00,9219.267946774606,12482.408696,2365.579051830429,2671.601,11584.846998605035,15154.009696,15166.364128
2026-04-11 05:00:00+02:00,10933.412891166454,12609.746896,3257.07330898866,2984.711,14190.486200155114,15594.457896,15612.147132
2026-04-11 05:15:00+02:00,10922.441862557243,12683.602012,3282.2759921283678,3300.898,14204.717854685612,15984.500012,15999.935892
2026-04-11 05:30:00+02:00,10897.59353898779,12805.400088,3304.0384693996357,3609.578,14201.632008387427,16414.978088,16429.391076
2026-04-11 05:45:00+02:00,10903.755810085837,12929.030204,3306.319716407075,3804.028,14210.075526492912,16733.058204,16746.403152000003
2026-04-11 06:00:00+02:00,12257.407765777993,13505.364148,4123.3525861470725,4162.63,16380.760351925066,17667.994148,17685.0059
2026-04-11 06:15:00+02:00,12183.349869712301,13763.358448,4142.041357979963,4573.403,16325.391227692264,18336.761448,18377.386356000003
2026-04-11 06:30:00+02:00,12124.54650507159,14078.075728,4146.553550808918,4678.285,16271.100055880508,18756.360728,18997.279688
2026-04-11 06:45:00+02:00,12012.098404358514,14301.788652,4143.817531903158,4731.181,16155.915936261672,19032.969652,19934.172928
2026-04-11 07:00:00+02:00,13244.22440056077,14012.935624,5033.012918032488,4837.104,18277.23731859326,18850.039624,20925.25666
2026-04-11 07:15:00+02:00,13055.758800629334,13830.598792,5042.115792262279,4981.314,18097.87459289161,18811.912792000003,22480.060588000004
2026-04-11 07:30:00+02:00,12893.009022385953,13907.792772,5047.67498574882,5190.234,17940.684008134773,19098.026772,24766.524452
2026-04-11 07:45:00+02:00,12673.624056191304,13898.499056,5043.266152509473,5339.562,17716.890208700777,19238.061056,27232.826968
2026-04-11 08:00:00+02:00,13335.055066396571,13602.952808,5707.838532966293,5475.176,19042.893599362866,19078.128808,29770.965876
2026-04-11 08:15:00+02:00,13004.370275874571,13040.66622,5696.079405044252,5495.984,18700.449680918824,18536.65022,32119.034932
2026-04-11 08:30:00+02:00,12626.902738164825,12285.623996,5633.909206813547,5540.363,18260.81194497837,17825.986996,34603.623036000005
2026-04-11 08:45:00+02:00,12350.734460336138,11462.18788,5599.658734393848,5542.952,17950.393194729986,17005.13988,36966.645892
2026-04-11 09:00:00+02:00,9195.890079016817,10612.446228,5363.956889051661,5469.774,14559.84696806848,16082.220228000002,39613.33412
2026-04-11 09:15:00+02:00,9047.260764811923,9963.30464,5311.402199812919,5585.306,14358.662964624842,15548.61064,42701.947276
2026-04-11 09:30:00+02:00,8980.114950158166,9657.46894,5282.651917186311,5726.986,14262.766867344477,15384.45494,46252.213352
2026-04-11 09:45:00+02:00,8937.955043316206,9587.12982,5266.2286577566565,5857.286,14204.183701072863,15444.41582,49607.481564
2026-04-11 10:00:00+02:00,9479.942220567202,9118.355384,5117.3754464148205,5184.983,14597.317666982022,14303.338384,50460.36114
2026-04-11 10:15:00+02:00,9408.933924545272,9677.1735,5101.284249417973,5129.372,14510.218173963245,14806.5455,53686.676796
2026-04-11 10:30:00+02:00,9387.475764554152,9788.893932,5063.2083560198125,5023.764,14450.684120573966,14812.657932000002,54693.215384
2026-04-11 10:45:00+02:00,9328.902544480005,10339.935992,5052.717435326695,4289.661,14381.6199798067,14629.596992,56337.524204
2026-04-11 11:00:00+02:00,10037.206872765228,10335.177068,5114.5618938265725,3584.54,15151.7687665918,13919.717068000002,57450.209648
2026-04-11 11:15:00+02:00,9994.250994243921,10470.319616,5082.703788982136,3106.399,15076.954783226058,13576.718616,58441.587424
2026-04-11 11:30:00+02:00,9942.247037501458,10593.932608,5072.5549285115885,2840.346,15014.801966013047,13434.278608,59308.253636
2026-04-11 11:45:00+02:00,9900.959282526564,10732.812872,5071.083190138777,2742.526,14972.042472665342,13475.338872,59670.41902
2026-04-11 12:00:00+02:00,13766.941153087811,10255.623888,5160.127554969691,2340.487,18927.0687080575,12596.110888,60440.739440000005
2026-04-11 12:15:00+02:00,13700.474524654692,10322.85308,5148.276508817407,2278.448,18848.7510334721,12601.30108,61099.542400000006
2026-04-11 12:30:00+02:00,13578.581604146832,10029.434784,5152.106744808023,1759.321,18730.688348954856,11788.755784,60749.603028
2026-04-11 12:45:00+02:00,13513.631528283579,10288.305752,5163.825856872332,1349.02,18677.45738515591,11637.325752,60626.58412
2026-04-11 13:00:00+02:00,16072.586133518666,10269.017296,5227.787225320162,1009.051,21300.373358838828,11278.068296,59487.442088
2026-04-11 13:15:00+02:00,16082.067255755452,9611.987648,5241.614848715482,1210.794,21323.682104470936,10822.781648,58772.860896
2026-04-11 13:30:00+02:00,16022.085452390118,9568.433576,5225.444148110533,1173.899,21247.529600500653,10742.332576,58391.93806
2026-04-11 13:45:00+02:00,15988.247811234412,9964.087968,5218.754614704621,1184.753,21207.002425939034,11148.840968,57963.893736
2026-04-11 14:00:00+02:00,18403.936307740714,10809.427508,4988.3201700586005,1100.618,23392.256477799314,11910.045508,58182.657776
2026-04-11 14:15:00+02:00,18444.393686490406,11471.2373,4979.954217034576,1158.138,23424.347903524984,12629.3753,57846.69536
2026-04-11 14:30:00+02:00,18449.78459340165,11605.253136,4979.112940962286,1236.971,23428.89753436394,12842.224136,57111.965236
2026-04-11 14:45:00+02:00,18475.69894450115,11896.46508,4975.552603207318,1403.674,23451.251547708467,13300.13908,56484.602012
2026-04-11 15:00:00+02:00,20981.55554606696,13346.763472,4844.686964133364,1788.627,25826.242510200325,15135.390472,56846.618048
2026-04-11 15:15:00+02:00,21149.41464901493,14093.66936,4858.208543528785,2294.623,26007.623192543713,16388.29236,56342.92158
2026-04-11 15:30:00+02:00,21269.18445573471,15138.588016,4887.19217564274,2399.864,26156.37663137745,17538.452016,56280.611276
2026-04-11 15:45:00+02:00,21371.581701923707,16374.410336,4928.566554407292,2464.531,26300.148256331,18838.941336,55711.114063999994
2026-04-11 16:00:00+02:00,23086.74606903318,17971.018248,5239.941348131637,2415.906,28326.687417164816,20386.924248,54743.184215999994
2026-04-11 16:15:00+02:00,23254.129984303094,19540.963196,5274.823436323427,2459.315,28528.95342062652,22000.278196,54159.740236
2026-04-11 16:30:00+02:00,23425.49742706856,20874.465612,5306.102936595942,2992.526,28731.600363664504,23866.991612,53803.176172
2026-04-11 16:45:00+02:00,23497.49719024644,21714.198408,5333.703686587678,3200.263,28831.20087683412,24914.461408,51735.716432
2026-04-11 17:00:00+02:00,25793.443056691514,22856.979496,5174.484893288388,3822.974,30967.9279499799,26679.953496,51299.281824000005
2026-04-11 17:15:00+02:00,25851.544606867516,23073.840324,5202.038510027141,3820.645,31053.583116894657,26894.485324,48175.977848
2026-04-11 17:30:00+02:00,25816.468662923133,23510.245092,5225.194890787639,4356.612,31041.663553710772,27866.857092,46186.368224000005
2026-04-11 17:45:00+02:00,25747.8079315119,24789.248024,5253.665109480019,4467.333,31001.473040991918,29256.581024,44694.494256
2026-04-11 18:00:00+02:00,26784.815909985966,24912.879704,5367.835452289371,3844.071,32152.651362275337,28756.950704,41149.80126
2026-04-11 18:15:00+02:00,26794.408086817348,24973.211552,5397.192330101457,4349.397,32191.600416918805,29322.608552,38705.952996
2026-04-11 18:30:00+02:00,26969.46869940149,24496.308408,5403.274093504343,4603.162,32372.742792905832,29099.470408,35805.960764
2026-04-11 18:45:00+02:00,26922.95326386596,23975.570304,5414.954652589961,4420.105,32337.90791645592,28395.675304,32978.27556
2026-04-11 19:00:00+02:00,29631.648003760398,24295.305548,5612.451201950189,4847.583,35244.09920571059,29142.888548,32048.076424
2026-04-11 19:15:00+02:00,29627.01505837717,24227.15444,5641.891720336268,4680.634,35268.90677871343,28907.788439999997,30595.139827999996
2026-04-11 19:30:00+02:00,29722.485252076218,24684.934704,5654.5549349018565,4560.385,35377.040186978076,29245.319704,30095.369736
2026-04-11 19:45:00+02:00,29894.304393725277,25852.233424,5663.250470047188,4538.322,35557.554863772464,30390.555424,30721.1199
2026-04-11 20:00:00+02:00,30438.87215708907,27067.976788,5409.316656500558,5032.19,35848.18881358963,32100.166788,32222.970628
2026-04-11 20:15:00+02:00,30600.113076013615,28072.082908,5422.764820291571,4781.319,36022.87789630519,32853.401908,32925.590676
2026-04-11 20:30:00+02:00,30767.469570973226,29071.80528,5439.478834589761,4598.646,36206.94840556299,33670.45128,33694.468216
2026-04-11 20:45:00+02:00,30956.84476884697,29700.469524,5444.998329528926,4552.502,36401.843098375895,34252.971524,34271.99684
2026-04-11 21:00:00+02:00,30736.795838852446,30305.881968,4888.63607007741,4042.621,35625.43190892986,34348.502968,34393.47632
2026-04-11 21:15:00+02:00,30941.074585600014,30882.139204,4895.593641444677,4125.689,35836.66822704469,35007.828204,35022.652824
2026-04-11 21:30:00+02:00,31143.685723691633,31350.618492,4920.135199682247,3880.693,36063.82092337388,35231.311492,35242.35004
2026-04-11 21:45:00+02:00,31313.79521522173,31420.197056,4935.3762326938295,3477.397,36249.171447915556,34897.594056,34909.650348
2026-04-11 22:00:00+02:00,28890.932816833414,30093.767468,3810.1370740244456,3529.195,32701.06989085786,33622.962468,33646.02482
2026-04-11 22:15:00+02:00,29072.008867892026,30174.794596,3836.2297455582852,3018.329,32908.23861345031,33193.123596,33210.963488
2026-04-11 22:30:00+02:00,29197.332111981,29943.708168,3828.7275290210914,2504.562,33026.05964100209,32448.270168000003,32465.020584
2026-04-11 22:45:00+02:00,29312.16392254022,29263.596368,3823.8503444506614,2336.918,33136.01426699088,31600.514368,31616.4868
2026-04-11 23:00:00+02:00,24038.813950866417,28136.96318,3009.6857221739315,2134.439,27048.499673040347,30271.402179999997,30292.157163999997
2026-04-11 23:15:00+02:00,24115.179034762717,27155.0906,2977.839720983316,2220.713,27093.018755746034,29375.8036,29399.965876
2026-04-11 23:30:00+02:00,24174.95976791175,26274.17542,2968.418281246711,2245.589,27143.378049158462,28519.76442,28542.579216
2026-04-11 23:45:00+02:00,24213.6257750514,25658.73166,2971.387733141317,2192.842,27185.01350819272,27851.57366,27871.173972
2026-04-12 00:00:00+02:00,20781.20058418115,25370.433832,3060.9121405145856,2166.167,23842.112724695737,27536.600832,27549.287428
2026-04-12 00:15:00+02:00,20857.576274485127,24715.786292,3058.9646733316818,2159.572,23916.540947816808,26875.358292,26886.929432
2026-04-12 00:30:00+02:00,20921.11475567169,23746.588848,3057.137373554802,2253.568,23978.25212922649,26000.156848,26011.192688
2026-04-12 00:45:00+02:00,20942.765859496558,22657.847264,3034.4057143014047,2161.781,23977.17157379796,24819.628264,24830.011428
2026-04-12 01:00:00+02:00,19633.03735283723,21594.921096,3400.7791690220665,2137.163,23033.816521859295,23732.084096,23741.115599999997
2026-04-12 01:15:00+02:00,19651.04284633706,20569.824032,3398.684674048667,2203.775,23049.727520385728,22773.599032,22786.379780000003
2026-04-12 01:30:00+02:00,19671.235866717012,19810.747996,3371.924928103782,2315.595,23043.160794820793,22126.342996,22141.375592
2026-04-12 01:45:00+02:00,19660.472292149607,19336.555908,3348.9257049765984,2331.272,23009.397997126205,21667.827908,21680.798616
2026-04-12 02:00:00+02:00,16270.124075174097,18745.031304,3413.516714434278,2457.483,19683.640789608377,21202.514304,21213.92606
2026-04-12 02:15:00+02:00,16251.782207050774,18349.937992,3415.8452860090915,2628.862,19667.627493059867,20978.799992,20991.19232
2026-04-12 02:30:00+02:00,16227.240100857929,18208.140204,3407.5136448486787,2679.342,19634.753745706606,20887.482204,20900.207124
2026-04-12 02:45:00+02:00,16192.7522151105,17869.199908,3405.3206325203832,2865.085,19598.072847630883,20734.284908,20747.206052
2026-04-12 03:00:00+02:00,14361.212599697055,17305.126272,3764.5242583199033,3065.815,18125.736858016957,20370.941272,20383.847444
2026-04-12 03:15:00+02:00,14326.434792983444,16834.993052,3767.677171936077,3211.072,18094.11196491952,20046.065052,20058.079536
2026-04-12 03:30:00+02:00,14307.954742629749,16406.163276,3778.7748971334718,3377.469,18086.72963976322,19783.632276,19795.827712
2026-04-12 03:45:00+02:00,14304.09747002573,15930.342616,3783.2760487765613,3532.042,18087.37351880229,19462.384616,19482.376792
2026-04-12 04:00:00+02:00,14173.582076241695,15548.742336,4260.054677376899,3701.599,18433.636753618594,19250.341336,19263.85562
2026-04-12 04:15:00+02:00,14152.754460621834,15046.86966,4259.9409655631225,3908.473,18412.695426184957,18955.34266,18968.995336000004
2026-04-12 04:30:00+02:00,14084.94152667598,14881.876472,4268.18577924575,4087.404,18353.12730592173,18969.280472,18985.2894
2026-04-12 04:45:00+02:00,14008.210329511585,14855.685888,4268.9436247001695,4118.554,18277.153954211753,18974.239888,18991.98904
2026-04-12 05:00:00+02:00,14106.40283285934,14772.825416,4727.537352200932,4096.508,18833.940185060274,18869.333416,18884.96314
2026-04-12 05:15:00+02:00,14095.032332986195,14344.224912,4761.014665405209,4008.794,18856.046998391404,18353.018912,18379.115364
2026-04-12 05:30:00+02:00,14067.845931467476,13634.277836,4788.620879655246,3979.066,18856.466811122722,17613.343836,17641.3256
2026-04-12 05:45:00+02:00,14071.825736192757,13202.752424,4794.314436310615,4047.759,18866.140172503372,17250.511424,17299.913296
2026-04-12 06:00:00+02:00,13266.211972069745,12884.779992,5125.599726263223,4219.131,18391.811698332967,17103.910992,17144.874636
2026-04-12 06:15:00+02:00,13196.476485222864,12370.292088,5154.863130030045,4312.724,18351.33961525291,16683.016088,16732.099056
2026-04-12 06:30:00+02:00,13139.734217681276,11845.138028,5158.977565968254,4461.961,18298.71178364953,16307.099028,16390.481356
2026-04-12 06:45:00+02:00,13035.71866472664,11317.889444,5154.767533592809,4590.296,18190.48619831945,15908.185444,16140.88548
2026-04-12 07:00:00+02:00,10571.339058004083,10723.568072,5528.007065449262,4741.979,16099.346123453346,15465.547072,16114.498636
2026-04-12 07:15:00+02:00,10407.369574619917,10259.487912,5539.350228498631,4827.047,15946.719803118547,15086.534912,16341.283484
2026-04-12 07:30:00+02:00,10255.917560450573,9711.796932,5549.634495740164,4977.41,15805.552056190736,14689.206932,16718.952112
2026-04-12 07:45:00+02:00,10062.758408589025,9258.279076,5548.650198386293,5081.06,15611.408606975318,14339.339076,17290.528692
2026-04-12 08:00:00+02:00,7102.365893982742,8686.539344,5838.46959834503,5084.741,12940.835492327773,13771.280344,17771.050256000002
2026-04-12 08:15:00+02:00,6841.692293013472,7996.969368,5826.537163698529,5093.903,12668.229456712,13090.872368,18266.10604
2026-04-12 08:30:00+02:00,6563.822025522448,7185.801796,5786.8259641520235,5107.1,12350.647989674471,12292.901796,18751.434692
2026-04-12 08:45:00+02:00,6291.766133904256,6423.932672,5752.3513919009765,5182.898,12044.117525805232,11606.830672,19421.673212
2026-04-12 09:00:00+02:00,3313.683159274684,5837.135056,5784.2227889362775,5239.034,9097.905948210962,11076.169056,20180.917576
2026-04-12 09:15:00+02:00,3155.8944789337183,5385.118768,5728.44551790075,5306.959,8884.339996834467,10692.077768,21008.442164
2026-04-12 09:30:00+02:00,3079.772734819212,5044.283372,5691.181348794456,5370.716,8770.95408361367,10414.999372,22079.304132
2026-04-12 09:45:00+02:00,3007.634099858374,4707.74164,5671.299920568986,5465.329,8678.93402042736,10173.07064,23173.279292
2026-04-12 10:00:00+02:00,2562.392879129622,4313.056324,5006.819963449357,5581.107,7569.212842578979,9894.163324,24253.616944
2026-04-12 10:15:00+02:00,2453.1593270154926,3953.504196,4982.8684228932125,5692.022,7436.027749908705,9645.526196,25376.203636
2026-04-12 10:30:00+02:00,2381.1651469048647,3582.89914,4942.311796181984,5715.31,7323.476943086849,9298.20914,26169.729436
2026-04-12 10:45:00+02:00,2284.6388818786427,3374.501968,4934.94908723809,5537.668,7219.587969116733,8912.169968,26954.835487999997
2026-04-12 11:00:00+02:00,1811.7178723682446,3182.838628,4232.26830337561,5313.255,6043.986175743855,8496.093628,27521.959068000004
2026-04-12 11:15:00+02:00,1736.130170422918,2914.224748,4207.595623216689,5109.577,5943.725793639607,8023.801748,27962.145256000003
2026-04-12 11:30:00+02:00,1644.2606908997402,2636.100144,4185.603101776515,4956.056,5829.863792676256,7592.156144,28298.020936
2026-04-12 11:45:00+02:00,1558.9109767160908,2405.547792,4173.603229848042,4891.308,5732.514206564133,7296.855792,28603.310448000004
2026-04-12 12:00:00+02:00,1298.3517215173792,2230.554696,4016.495287234196,4862.4,5314.847008751575,7092.954696,29093.287612
2026-04-12 12:15:00+02:00,1216.9290601782388,2126.949676,4004.5702961168176,4760.413,5221.499356295057,6887.362676,29509.639476
2026-04-12 12:30:00+02:00,1075.9971261211044,2035.25598,4004.0522716371893,4615.413,5080.049397758294,6650.6689799999995,29698.356571999997
2026-04-12 12:45:00+02:00,1012.0784844897898,2020.340276,4007.23647183092,4428.358,5019.31495632071,6448.698276,29852.628944
2026-04-12 13:00:00+02:00,1046.3728552232976,2005.932776,3410.3317438657523,4166.391,4456.70459908905,6172.323775999999,29860.771439999997
2026-04-12 13:15:00+02:00,1048.492623133672,1971.106608,3415.629613945864,3974.808,4464.122237079536,5945.914608,29847.064076
2026-04-12 13:30:00+02:00,1002.5360313553672,1951.102936,3398.887894682892,3750.606,4401.423926038259,5701.708936,29744.101683999997
2026-04-12 13:45:00+02:00,957.9776566982523,1936.57878,3390.295628137149,3603.212,4348.273284835401,5539.79078,29704.026992
2026-04-12 14:00:00+02:00,288.5743551675034,1926.067696,3221.9156911627465,3434.577,3510.49004633025,5360.644696,29269.956192
2026-04-12 14:15:00+02:00,340.72486647071537,1856.14408,3209.8745401771625,3218.96,3550.599406647878,5075.10408,28342.490064
2026-04-12 14:30:00+02:00,329.1108667214278,1802.065044,3205.344482417417,2975.086,3534.455349138845,4777.151044,27166.216348
2026-04-12 14:45:00+02:00,329.3903127043088,1713.201456,3194.619651197677,2715.161,3524.0099639019854,4428.362456,25768.597088
2026-04-12 15:00:00+02:00,163.40428114436077,1587.960964,2385.749277249053,2457.375,2549.1535583934137,4045.335964,24338.170304
2026-04-12 15:15:00+02:00,315.0523815083727,1487.585036,2395.7610335993836,2210.552,2710.8134151077566,3698.137036,22850.933392
2026-04-12 15:30:00+02:00,382.17855388595785,1369.254244,2435.4209678452953,2060.51,2817.599521731253,3429.764244,21472.744976
2026-04-12 15:45:00+02:00,489.22395768632555,1274.872452,2481.398560179353,1990.391,2970.6225178656787,3265.263452,20352.930308
2026-04-12 16:00:00+02:00,559.9575442628385,1205.321288,1917.6598921787065,1849.543,2477.617436441545,3054.864288,19073.19214
2026-04-12 16:15:00+02:00,684.0299368717015,1172.647028,1944.023950219256,1677.195,2628.0538870909577,2849.842028,17686.686664
2026-04-12 16:30:00+02:00,808.0474473572435,1119.186836,1989.6435697040317,1486.523,2797.6910170612755,2605.709836,16198.973632
2026-04-12 16:45:00+02:00,878.312440292799,1089.142872,2027.9702958785933,1284.42,2906.2827361713926,2373.562872,14692.700408
2026-04-12 17:00:00+02:00,1220.4012530129767,1106.918888,1124.9541167602613,1148.511,2345.3553697732377,2255.4298879999997,13191.4457
2026-04-12 17:15:00+02:00,1300.5288183377836,1087.120504,1145.2637364742625,990.613,2445.792554812046,2077.733504,11724.386736
2026-04-12 17:30:00+02:00,1301.7866890336127,1083.151388,1188.2735148482834,851.933,2490.060203881896,1935.084388,10316.130084
2026-04-12 17:45:00+02:00,1232.630287783951,1043.758368,1210.8342186265172,773.116,2443.464506410468,1816.874368,9013.832764
2026-04-12 18:00:00+02:00,1330.4423557272692,1008.91878,863.0100676158886,747.098,2193.4524233431575,1756.01678,7695.13198
2026-04-12 18:15:00+02:00,1317.108186729634,956.5162,892.1947509599038,703.099,2209.302937689538,1659.6152000000002,6473.95118
2026-04-12 18:30:00+02:00,1347.8141538413715,972.363888,895.8649418757003,640.386,2243.679095717072,1612.7498879999998,5362.112088
2026-04-12 18:45:00+02:00,1282.845956956151,980.728128,907.430352883732,602.037,2190.2763098398827,1582.765128,4378.338684
2026-04-12 19:00:00+02:00,1167.6593114523478,1038.650132,673.6185413205872,538.079,1841.277852772935,1576.729132,3508.6586159999997
2026-04-12 19:15:00+02:00,1137.2844601271536,1139.742176,702.9412663818106,523.761,1840.2257265089643,1663.503176,2889.644644
2026-04-12 19:30:00+02:00,1199.953308846052,1281.963968,715.7004664608169,512.366,1915.653775306869,1794.329968,2452.575832
2026-04-12 19:45:00+02:00,1343.6208771058753,1491.48242,724.654481536826,518.514,2068.275358642701,2009.99642,2324.202592
2026-04-12 20:00:00+02:00,1302.8009912891198,1617.895912,680.361681684248,522.813,1983.1626729733678,2140.708912,2319.729716
2026-04-12 20:15:00+02:00,1438.741116958276,1749.088296,683.3826627099958,547.294,2122.1237796682717,2296.382296,2365.786808
2026-04-12 20:30:00+02:00,1594.2650269835535,1849.838688,696.041070510943,604.853,2290.3060974944965,2454.691688,2516.018816
2026-04-12 20:45:00+02:00,1785.9322702924048,2054.216164,697.9771992715025,623.946,2483.9094695639074,2678.162164,2699.672172
2026-04-12 21:00:00+02:00,1783.2794368353111,2268.406572,781.9359896770884,605.46,2565.2154265123995,2873.866572,2912.546976
2026-04-12 21:15:00+02:00,1966.291883446423,2473.959504,782.8886986213196,640.176,2749.1805820677428,3114.135504,3130.8769439999996
2026-04-12 21:30:00+02:00,2163.811697338377,2644.827092,800.9011411283788,718.792,2964.712838466756,3363.619092,3377.790392
2026-04-12 21:45:00+02:00,2338.247472283831,2822.103532,807.0673824057478,808.121,3145.314854689579,3630.224532,3659.957136
2026-04-12 22:00:00+02:00,2869.841345637951,2908.91092,1065.3839414740103,854.351,3935.225287111961,3763.26192,3791.676232
2026-04-12 22:15:00+02:00,3045.0643395181523,3016.605576,1086.8749368563676,888.409,4131.93927637452,3905.014576,3922.160384
2026-04-12 22:30:00+02:00,3178.635135462667,3151.26724,1077.4835963907158,969.28,4256.118731853383,4120.54724,4133.394788
2026-04-12 22:45:00+02:00,3291.8782890734456,3225.521584,1067.5602959516102,1092.446,4359.4385850250555,4317.967584,4331.165828
2026-04-12 23:00:00+02:00,4775.757863451346,3186.273596,1723.0698324784146,1134.389,6498.82769592976,4320.662596,4340.330688
2026-04-12 23:15:00+02:00,4862.76430596832,3129.547184,1699.2368985943401,1142.04,6562.00120456266,4271.587184,4282.573612
2026-04-12 23:30:00+02:00,4936.0167212524,3111.115008,1687.553193171019,1157.081,6623.5699144234195,4268.196008,4277.601508
2026-04-12 23:45:00+02:00,4986.974971407487,3092.677324,1688.3674002529037,1242.589,6675.34237166039,4335.266324,4345.20708
2026-04-13 00:00:00+02:00,5334.555554938557,3107.305216,2060.5740677840267,1332.415,7395.129622722584,4439.720216,4456.412104
2026-04-13 00:15:00+02:00,5402.13388723822,3143.119508,2056.621908742028,1444.55,7458.755795980249,4587.669508,4629.747324
2026-04-13 00:30:00+02:00,5440.736865166002,3157.683888,2059.6312332021553,1570.454,7500.368098368157,4728.137888,4738.348840000001
2026-04-13 00:45:00+02:00,5427.080194923642,3144.561696,2035.5214406237612,1697.684,7462.601635547403,4842.245696,4852.304972
2026-04-13 01:00:00+02:00,5633.254749714487,3066.942864,2383.7128667125385,1774.477,8016.967616427026,4841.419864,4851.463976
2026-04-13 01:15:00+02:00,5632.235729448588,3081.361484,2385.0513316668416,1790.909,8017.28706111543,4872.270484000001,4882.000360000001
2026-04-13 01:30:00+02:00,5629.3469320344275,3121.133548,2362.460579480658,1877.343,7991.807511515086,4998.476548,5008.151296
2026-04-13 01:45:00+02:00,5607.486124283728,3135.810608,2345.1765074582636,1981.886,7952.662631741991,5117.696608,5127.250092
2026-04-13 02:00:00+02:00,5203.171244304729,3137.136776,2632.9286053085602,2145.542,7836.099849613289,5282.678776,5292.340284
2026-04-13 02:15:00+02:00,5169.452407742635,3093.078116,2639.0886293598905,2303.897,7808.5410371025255,5396.975116,5405.583248
2026-04-13 02:30:00+02:00,5136.183184177647,3011.365004,2631.809383593077,2432.661,7767.992567770723,5444.026004,5453.753708
2026-04-13 02:45:00+02:00,5085.765378628645,3007.494776,2633.9924965236305,2494.189,7719.757875152275,5501.683776,5511.435596
2026-04-13 03:00:00+02:00,5583.627028575798,3020.253852,2886.342760230537,2472.471,8469.969788806335,5492.724851999999,5502.465095999999
2026-04-13 03:15:00+02:00,5534.761104172726,3020.158028,2893.1234914341753,2427.989,8427.884595606902,5448.147027999999,5457.710383999999
2026-04-13 03:30:00+02:00,5495.355684761565,3053.554812,2907.582561040321,2397.037,8402.938245801884,5450.591812,5460.2804559999995
2026-04-13 03:45:00+02:00,5471.567576407056,3150.286512,2916.470561122297,2373.344,8388.038137529353,5523.630512,5533.613531999999
2026-04-13 04:00:00+02:00,7190.497795538808,3285.95078,2833.169086383142,2258.213,10023.666881921949,5544.163780000001,5553.913772000001
2026-04-13 04:15:00+02:00,7140.666162119371,3467.800492,2839.754705251337,2199.335,9980.420867370707,5667.135491999999,5676.970195999999
2026-04-13 04:30:00+02:00,7064.952257824358,3637.039412,2853.263034323548,2153.002,9918.215292147906,5790.0414120000005,5799.903200000001
2026-04-13 04:45:00+02:00,6984.194802337503,3791.007456,2856.2518199038764,2128.425,9840.44662224138,5919.4324560000005,5931.183376000001
2026-04-13 05:00:00+02:00,7511.527689909869,3953.993104,2655.5640265195443,2113.733,10167.091716429413,6067.726104,6077.609676
2026-04-13 05:15:00+02:00,7471.117419032864,4249.069316,2686.7033696972076,2098.37,10157.82078873007,6347.439316,6357.663256
2026-04-13 05:30:00+02:00,7423.835036579104,4608.966192,2716.980405951792,2044.536,10140.815442530897,6653.502192,6666.71928
2026-04-13 05:45:00+02:00,7398.198898080851,4836.340752,2727.6536389013236,2074.411,10125.852536982175,6910.751752,6923.324364
2026-04-13 06:00:00+02:00,8132.379352388601,5234.340428,2651.8940830561583,2122.996,10784.273435444758,7357.336428,7373.528416
2026-04-13 06:15:00+02:00,8036.737842408313,5459.024176,2682.013602316245,2045.374,10718.751444724558,7504.398176,7523.680248
2026-04-13 06:30:00+02:00,7945.29685444369,5638.829684,2689.7211314896263,1885.103,10635.017985933317,7523.932684,7585.900084000001
2026-04-13 06:45:00+02:00,7820.477221394659,5820.146448,2693.169127695144,1682.358,10513.646349089802,7502.504448000001,7738.37606
2026-04-13 07:00:00+02:00,8291.527628995167,5997.271704,2654.1372649195823,1768.68,10945.664893914749,7765.951704,8383.790396
2026-04-13 07:15:00+02:00,8135.027361906794,6169.310424,2662.888850954399,1672.639,10797.916212861193,7841.949424,8914.074356000001
2026-04-13 07:30:00+02:00,7983.297059530119,6333.75554,2678.5756164416457,1511.852,10661.872675971765,7845.60754,9507.44732
2026-04-13 07:45:00+02:00,7812.796595952916,6501.770572,2679.9898466893974,1407.653,10492.786442642313,7909.423572000001,10248.846476
2026-04-13 08:00:00+02:00,6640.548921540196,6674.81128,2387.0206650679834,1436.649,9027.569586608179,8111.460279999999,11272.792947999998
2026-04-13 08:15:00+02:00,6305.24779150313,6608.555056,2378.5793055033773,1461.326,8683.827097006508,8069.881056,11979.953348
2026-04-13 08:30:00+02:00,6003.240704212025,6583.244644,2374.2968381017095,1403.603,8377.537542313734,7986.847644,12640.9873
2026-04-13 08:45:00+02:00,5787.67790297502,6550.837512,2348.7549175604213,1267.432,8136.432820535441,7818.269512,13326.985844
2026-04-13 09:00:00+02:00,5031.02420767947,6392.972628,2244.3396880247165,1062.514,7275.363895704187,7455.486628000001,13981.568204
2026-04-13 09:15:00+02:00,4906.910111594605,6101.866604,2188.9230671251985,1015.328,7095.833178719804,7117.194604,14474.218516
2026-04-13 09:30:00+02:00,4852.499636614052,5747.084352,2156.7548251245335,933.598,7009.254461738586,6680.682352,15004.478352
2026-04-13 09:45:00+02:00,4806.152952640065,5572.3938,2147.9415880818874,810.637,6954.094540721953,6383.0307999999995,15598.604779999998
2026-04-13 10:00:00+02:00,5032.532304843458,5404.756344,1941.885416338115,857.099,6974.417721181573,6261.8553440000005,16531.282448
2026-04-13 10:15:00+02:00,4982.29975637181,5398.812152,1923.8605344623386,958.732,6906.160290834148,6357.544152,17670.590372
2026-04-13 10:30:00+02:00,4922.579694871785,5416.933832,1880.6919960248342,1068.965,6803.2716908966195,6485.898832,18905.788172
2026-04-13 10:45:00+02:00,4880.841065336008,5400.67734,1852.1586578620372,1272.76,6732.999723198045,6673.43734,20282.314408
2026-04-13 11:00:00+02:00,5266.334489318431,5469.050088,1884.9418428454785,1789.761,7151.2763321639095,7258.811088,22024.240124
2026-04-13 11:15:00+02:00,5205.2386463428475,5563.531768,1845.2487093999773,1873.628,7050.487355742825,7437.159768,23284.705479999997
2026-04-13 11:30:00+02:00,5138.3327885079525,5574.875264,1815.0532815336892,1790.442,6953.386070041642,7365.317264,24109.07598
2026-04-13 11:45:00+02:00,5089.191924551485,5692.548484,1798.466344371695,1627.288,6887.65826892318,7319.836484,25003.39416
2026-04-13 12:00:00+02:00,5383.337784208019,5863.243792,1926.119162408712,1714.866,7309.456946616731,7578.109792,26164.738976
2026-04-13 12:15:00+02:00,5298.981322369882,6030.4355,1913.9947662668696,1776.207,7212.976088636751,7806.6425,27043.36834
2026-04-13 12:30:00+02:00,5143.006491715899,6262.821992,1896.2761507101523,1758.072,7039.282642426051,8020.893992,27747.023316000003
2026-04-13 12:45:00+02:00,5095.671938132612,6396.737672,1891.0232575990829,1437.842,6986.695195731695,7834.579672,27770.354124
2026-04-13 13:00:00+02:00,5422.103364498273,6318.793912,2059.7298377539682,555.965,7481.833202252241,6874.758912,27127.70162
2026-04-13 13:15:00+02:00,5384.277977733855,6351.766148,2076.4675735402093,412.69,7460.7455512740635,6764.456147999999,27110.790292
2026-04-13 13:30:00+02:00,5335.435117731296,6580.515608,2055.712268210744,375.966,7391.147385942039,6956.481608,27099.666264
2026-04-13 13:45:00+02:00,5310.686033551488,6940.966244,2053.9897274195423,406.934,7364.675760971031,7347.900244,26991.789924
2026-04-13 14:00:00+02:00,6393.830883925003,7200.329212,2134.0114418252256,440.294,8527.842325750229,7640.623212,26831.835132
2026-04-13 14:15:00+02:00,6445.3840087831495,7229.008812,2124.311947273076,423.683,8569.695956056225,7652.691812,26260.549748
2026-04-13 14:30:00+02:00,6452.1873251803,7412.172628,2118.760823121072,404.62,8570.948148301371,7816.792628,25742.617176
2026-04-13 14:45:00+02:00,6474.999462606776,7508.534568,2113.0650003323176,413.635,8588.064462939094,7922.169568,24909.792916
2026-04-13 15:00:00+02:00,7533.02446465899,7539.070272,2173.6693225100157,451.365,9706.693787169006,7990.435272,24083.521472
2026-04-13 15:15:00+02:00,7704.9148258259,7569.906496,2186.648749116171,501.403,9891.56357494207,8071.309496,23275.769399999997
2026-04-13 15:30:00+02:00,7819.311810660503,7653.137928,2221.673204301717,515.283,10040.98501496222,8168.420928,22416.227268
2026-04-13 15:45:00+02:00,7919.108802508814,7734.096992,2256.703083145724,537.165,10175.811885654537,8271.261992,21204.144664
2026-04-13 16:00:00+02:00,9029.54318914536,7968.760104,2064.0980789375894,916.03,11093.64126808295,8884.790104,20720.996468
2026-04-13 16:15:00+02:00,9242.993781500658,8072.06866,2095.992104972541,1116.202,11338.985886473198,9188.27066,19991.103752000003
2026-04-13 16:30:00+02:00,9410.020655613422,8186.385036,2145.5801415408546,1152.574,11555.600797154277,9338.959036,19134.50792
2026-04-13 16:45:00+02:00,9521.585766651018,8366.976296,2187.913085646358,1118.937,11709.498852297376,9485.913296,18276.791148
2026-04-13 17:00:00+02:00,10536.04156767674,8498.297324,2216.927547498514,1348.671,12752.969115175254,9846.968324,17538.163708
2026-04-13 17:15:00+02:00,10646.239945605943,8480.191276,2239.2892199999555,1401.621,12885.529165605898,9881.812276,16598.045564
2026-04-13 17:30:00+02:00,10699.919118519478,8450.212488,2280.9595793006242,1589.181,12980.878697820102,10039.393488,15706.072432
2026-04-13 17:45:00+02:00,10692.204265411734,8602.143132,2324.9828595989816,1637.641,13017.187125010716,10239.784132,14988.795783999998
2026-04-13 18:00:00+02:00,10956.646650186063,8783.390044,2469.1582841437626,1697.692,13425.804934329826,10481.082044,14450.829043999998
2026-04-13 18:15:00+02:00,10956.093372773259,8811.514436,2522.937304888889,1973.87,13479.030677662147,10785.384436,14025.84314
2026-04-13 18:30:00+02:00,10970.510344802016,8903.447124,2541.373323140395,2052.883,13511.883667942411,10956.330124,13517.193132
2026-04-13 18:45:00+02:00,10901.007113710326,8997.779716,2554.6200563741427,2046.024,13455.627170084468,11043.803716,12922.550667999998
2026-04-13 19:00:00+02:00,10852.943058435849,9091.025152,2379.3337449338483,1792.599,13232.276803369698,10883.624152,12176.370952
2026-04-13 19:15:00+02:00,10837.082017616354,9167.86232,2407.7520671483094,1836.734,13244.834084764663,11004.59632,11827.726632
2026-04-13 19:30:00+02:00,10925.346539243827,9362.8949,2420.1144916476887,1908.991,13345.461030891514,11271.8859,11675.71474
2026-04-13 19:45:00+02:00,11110.336898413574,9536.273952,2432.401264007348,1739.339,13542.738162420923,11275.612952,11471.901664
2026-04-13 20:00:00+02:00,10272.372496958307,9715.713092,2349.498346403852,1777.753,12621.87084336216,11493.466092,11634.211972
2026-04-13 20:15:00+02:00,10441.668399965929,9925.801976,2345.773959625202,1820.317,12787.442359591132,11746.118976000002,11793.769128000002
2026-04-13 20:30:00+02:00,10631.708381374614,10118.151304,2354.0294750934427,1822.988,12985.737856468057,11941.139304,11980.77612
2026-04-13 20:45:00+02:00,10847.033223793482,10331.602604,2356.849100449965,1588.481,13203.882324243446,11920.083604,11938.22152
2026-04-13 21:00:00+02:00,10007.325564001498,10517.6499,2308.026853092009,1675.215,12315.352417093507,12192.8649,12213.009464
2026-04-13 21:15:00+02:00,10207.764026690544,10705.224116,2312.772239910666,1735.272,12520.53626660121,12440.496115999998,12455.100952
2026-04-13 21:30:00+02:00,10421.217922411328,10700.651512,2323.9568154784383,1743.039,12745.174737889767,12443.690512,12457.621416000002
2026-04-13 21:45:00+02:00,10596.127439413347,10563.589156,2317.091263594347,1736.423,12913.218703007693,12300.012156,12314.617908
2026-04-13 22:00:00+02:00,9866.19194725515,10250.5427,2351.653756001413,1844.717,12217.845703256564,12095.2597,12107.791708
2026-04-13 22:15:00+02:00,10046.200666783809,10213.417116,2358.1322176473755,1813.854,12404.332884431184,12027.271116,12039.710128
2026-04-13 22:30:00+02:00,10176.963129862928,9988.310632,2333.756346886878,1778.054,12510.719476749806,11766.364632,11778.413116000002
2026-04-13 22:45:00+02:00,10271.26851839407,9827.339692,2322.091350590489,1743.971,12593.35986898456,11571.310692,11581.165568
2026-04-13 23:00:00+02:00,9593.224323577762,9624.002056,2192.3564215608385,1598.98,11785.5807451386,11222.982056,11236.321356
2026-04-13 23:15:00+02:00,9650.000941423683,9448.84326,2171.866097935033,1541.588,11821.867039358716,10990.43126,10998.999316
2026-04-13 23:30:00+02:00,9695.230144101039,9218.830388,2157.888270884397,1623.992,11853.118414985436,10842.822388,10851.081044
2026-04-13 23:45:00+02:00,9728.928804220312,9019.471708,2151.4023868484064,1729.767,11880.331191068719,10749.238708,10757.314464
2026-04-14 00:00:00+02:00,10560.354644273037,8869.278764,1725.557605879666,2097.396,12285.912250152702,10966.674764,10974.888376
2026-04-14 00:15:00+02:00,10626.682446939663,8742.212376,1728.535386684976,2084.498,12355.21783362464,10826.710376,10837.634811999998
2026-04-14 00:30:00+02:00,10663.274210196803,8607.893868,1736.338348209774,2100.833,12399.612558406578,10708.726868,10716.659068
2026-04-14 00:45:00+02:00,10648.933154969594,8540.844332,1720.2171952246729,2124.823,12369.150350194268,10665.667332,10673.576728
2026-04-14 01:00:00+02:00,9221.961661482832,8549.262008,1643.685026987812,2113.691,10865.646688470644,10662.953008,10670.651652
2026-04-14 01:15:00+02:00,9219.331184758354,8551.034492,1643.7183726814148,2086.497,10863.049557439768,10637.531492,10645.207312
2026-04-14 01:30:00+02:00,9211.086337586285,8526.617932,1624.5935764195349,2085.23,10835.67991400582,10611.847932,10622.143292
2026-04-14 01:45:00+02:00,9187.87405895085,8516.969596,1617.313698713085,2103.776,10805.187757663936,10620.745596,10631.54812
2026-04-14 02:00:00+02:00,8022.7358723604175,8475.945772,1836.0696974567845,2083.762,9858.805569817203,10559.707772,10570.272132
2026-04-14 02:15:00+02:00,7997.778747617897,8407.83584,1850.976212493333,2079.191,9848.75496011123,10487.02684,10494.661024
2026-04-14 02:30:00+02:00,7967.444625520374,8373.410432,1851.139471322457,2103.673,9818.584096842831,10477.083432,10487.31752
2026-04-14 02:45:00+02:00,7927.509764342398,8267.33318,1860.3111657057484,2238.193,9787.820930048147,10505.52618,10516.069396
2026-04-14 03:00:00+02:00,7633.372340682286,8245.063004,1994.840374921863,2378.415,9628.21271560415,10623.478004,10631.170476
2026-04-14 03:15:00+02:00,7588.093545663469,8113.480644,2002.6463616645442,2471.876,9590.739907328014,10585.356644,10596.340892
2026-04-14 03:30:00+02:00,7553.698527339266,7977.482524,2019.0094655562432,2635.713,9572.707992895508,10613.195524,10620.846472
2026-04-14 03:45:00+02:00,7535.248790988802,7855.87978,2031.387357952807,2859.508,9566.636148941609,10715.38778,10723.428056
2026-04-14 04:00:00+02:00,7229.431989210978,7804.409132,1919.9258007042395,3034.327,9149.357789915217,10838.736132,10847.331492
2026-04-14 04:15:00+02:00,7188.696735675301,7675.312172,1927.3221004135505,3005.842,9116.018836088851,10681.154172,10691.096864
2026-04-14 04:30:00+02:00,7122.823065410674,7519.846016,1940.650386501841,2916.745,9063.473451912514,10436.591016,10445.620388
2026-04-14 04:45:00+02:00,7051.231145822211,7415.14286,1942.2944771173036,2936.299,8993.525622939515,10351.44186,10361.970528
2026-04-14 05:00:00+02:00,7641.168929366452,7398.755584,1942.446336696126,2990.046,9583.615266062578,10388.801584,10400.312484
2026-04-14 05:15:00+02:00,7609.189757399206,7450.519744,1973.2972204938628,3103.32,9582.48697789307,10553.839744,10565.155176
2026-04-14 05:30:00+02:00,7572.28409833186,7535.675956,2000.9052395334218,3189.447,9573.189337865282,10725.122956,10736.867796
2026-04-14 05:45:00+02:00,7556.077856893071,7642.706484,2011.08482495028,3203.047,9567.16268184335,10845.753484,10858.147944
2026-04-14 06:00:00+02:00,7180.074940786393,7700.37644,1931.783297401528,3165.716,9111.85823818792,10866.09244,10881.300128
2026-04-14 06:15:00+02:00,7100.903351747033,7646.873796,1958.0718675061528,3023.367,9058.975219253187,10670.240796,10697.535408
2026-04-14 06:30:00+02:00,7028.550256013042,7631.195276,1961.388381220587,2923.752,8989.938637233628,10554.947276,10667.823096
2026-04-14 06:45:00+02:00,6919.736739503447,7494.278548,1960.142564753285,2820.416,8879.879304256732,10314.694548,10651.066084
2026-04-14 07:00:00+02:00,6283.461244544438,7231.964348,1868.651580599027,2695.004,8152.112825143466,9926.968348,10683.144116
2026-04-14 07:15:00+02:00,6136.766916551124,6967.999564,1875.1607251082062,2528.879,8011.92764165933,9496.878564,10883.926412
2026-04-14 07:30:00+02:00,5998.699728773704,6770.658912,1885.628486449984,2433.016,7884.328215223688,9203.674912,11372.390416
2026-04-14 07:45:00+02:00,5836.896380038309,6562.031064,1885.551941483595,2312.667,7722.448321521904,8874.698064,11973.8236
2026-04-14 08:00:00+02:00,4576.141448451905,6262.270748,1815.2512187157445,2176.463,6391.392667167649,8438.733748,12684.162788
2026-04-14 08:15:00+02:00,4308.457788796496,5977.600116,1808.8607016141877,2097.908,6117.318490410684,8075.508115999999,13508.138656
2026-04-14 08:30:00+02:00,4020.606521653974,5574.199712,1812.351149749801,2084.139,5832.957671403775,7658.338712,14462.430904
2026-04-14 08:45:00+02:00,3797.1389380283745,5309.207556,1790.9662613248292,2009.968,5588.105199353204,7319.175556,15539.546756
2026-04-14 09:00:00+02:00,3357.390698586014,5092.439556,1608.2579785472947,1939.591,4965.648677133308,7032.030556,16838.55594
2026-04-14 09:15:00+02:00,3220.546308585471,4877.904636,1556.2000107930048,1885.175,4776.746319378475,6763.079636,18085.09768
2026-04-14 09:30:00+02:00,3154.9390305025686,4762.317988,1526.2371826911954,1830.042,4681.176213193764,6592.359988,19545.890192
2026-04-14 09:45:00+02:00,3104.1447378569565,4680.138896,1520.7362533269247,1827.211,4624.880991183882,6507.349896000001,21037.734684
2026-04-14 10:00:00+02:00,3052.913401149433,4645.397184,1482.9648259108944,1906.719,4535.878227060328,6552.116184,22650.489464
2026-04-14 10:15:00+02:00,2999.759986378758,4614.281388,1468.4780746211757,1850.471,4468.238060999934,6464.752388000001,24059.895736
2026-04-14 10:30:00+02:00,2931.476366466577,4647.90866,1427.6449112881357,1826.108,4359.1212777547125,6474.01666,25524.77036
2026-04-14 10:45:00+02:00,2889.3909468511674,4689.926956,1395.693332396059,1836.057,4285.084279247227,6525.983956,26906.863084
2026-04-14 11:00:00+02:00,2992.7100399441274,4823.756184,1266.2203885283586,1820.414,4258.930428472486,6644.170184,28369.196544
2026-04-14 11:15:00+02:00,2931.4648989529464,5112.668656,1221.9797413152162,1723.903,4153.444640268162,6836.571656,29741.468628
2026-04-14 11:30:00+02:00,2861.8923633657073,5413.460316,1187.8047416832353,1649.363,4049.697105048943,7062.823316,31099.825451999997
2026-04-14 11:45:00+02:00,2813.821645732576,5561.410856,1169.1595698827587,1597.18,3982.981215615335,7158.590856000001,32012.335628
2026-04-14 12:00:00+02:00,3069.4750530874503,5723.053152,1231.2413081370235,1633.071,4300.716361224474,7356.124152,33119.213488
2026-04-14 12:15:00+02:00,2990.632851382314,6032.944292,1215.96479394513,1644.798,4206.597645327444,7677.742292,34085.450972
2026-04-14 12:30:00+02:00,2837.272060126338,6288.699188,1194.1172678274029,1612.87,4031.389327953741,7901.569188,34789.1961
2026-04-14 12:45:00+02:00,2793.753586411307,6432.406156,1182.9599915447886,1556.544,3976.713577956096,7988.950156,35196.29952
2026-04-14 13:00:00+02:00,2827.8192544024764,6572.930692,998.279923847027,1488.146,3826.0991782495034,8061.076692,35656.954652
2026-04-14 13:15:00+02:00,2789.8526379746017,6745.933584,1008.4841904038913,1357.859,3798.336828378493,8103.792584000001,35995.349168
2026-04-14 13:30:00+02:00,2742.283219731653,6751.232764,983.7620212267277,1260.36,3726.0452409583804,8011.592764,35951.246031999995
2026-04-14 13:45:00+02:00,2719.6427571112026,6779.687792,978.707966681603,1195.384,3698.3507237928056,7975.071792,35765.208668
2026-04-14 14:00:00+02:00,2521.719075106641,6769.463584,618.3702067262427,1108.914,3140.089281832884,7878.377584,35532.95428
2026-04-14 14:15:00+02:00,2574.018164932989,6703.046276,606.4711053459962,1033.655,3180.489270278985,7736.701276,34886.540892000005
2026-04-14 14:30:00+02:00,2586.839896080008,6600.495096,597.3557470966715,997.813,3184.19564317668,7598.308096,34244.492291999995
2026-04-14 14:45:00+02:00,2610.0556036376465,6433.933276,585.6281893610568,860.134,3195.683792998703,7294.067276,33499.869384
2026-04-14 15:00:00+02:00,2602.603291626665,6119.585224,273.04818691457893,764.392,2875.6514785412437,6883.977224,32265.390184000004
2026-04-14 15:15:00+02:00,2764.3314817398596,5795.18582,279.362299685508,678.462,3043.6937814253674,6473.64782,31322.31996
2026-04-14 15:30:00+02:00,2880.7300391476874,5646.134908,313.9749355168211,586.814,3194.7049746645084,6232.948908,30069.84366
2026-04-14 15:45:00+02:00,2978.2315586551704,5415.515072,346.15597505413655,534.243,3324.387533709307,5949.7580720000005,28950.177652
2026-04-14 16:00:00+02:00,3173.745406449976,5190.117424,122.62557046180478,482.886,3296.370976911781,5673.003424,27552.675735999997
2026-04-14 16:15:00+02:00,3354.5939141275985,4938.261956,143.97271048408896,437.513,3498.5666246116875,5375.774956,26178.380084
2026-04-14 16:30:00+02:00,3508.131766175192,4728.16196,179.20805803897073,390.264,3687.3398242141625,5118.4259600000005,24511.65154
2026-04-14 16:45:00+02:00,3619.210761768929,4546.954,219.8204022082803,331.064,3839.0311639772094,4878.018,22905.118156
2026-04-14 17:00:00+02:00,3654.101807643746,4232.53742,319.67884321887055,304.513,3973.7806508626163,4537.05042,21003.323668
2026-04-14 17:15:00+02:00,3763.4051691761974,3941.285948,336.8040272874235,248.341,4100.209196463621,4189.626948,19129.565932
2026-04-14 17:30:00+02:00,3800.343745149888,3731.40556,398.087617060635,206.752,4198.431362210523,3938.15756,17134.1195
2026-04-14 17:45:00+02:00,3799.5672184157656,3447.488628,427.1345484336931,168.825,4226.701766849459,3616.313628,15185.982584
2026-04-14 18:00:00+02:00,2613.635086840031,3164.904468,484.8634381139207,122.648,3098.498524953952,3287.5524680000003,13093.431508
2026-04-14 18:15:00+02:00,2619.203253333141,2930.57994,536.0841076452118,101.8,3155.287360978353,3032.3799400000003,11105.727104
2026-04-14 18:30:00+02:00,2654.05860900061,2733.270432,551.6170424018837,84.203,3205.6756514024937,2817.473432,9198.949516
2026-04-14 18:45:00+02:00,2592.9867723416032,2530.534976,563.2384312711399,67.224,3156.225203612743,2597.758976,7410.007228
2026-04-14 19:00:00+02:00,2218.2419508593525,2262.560308,508.71625507245375,60.68,2726.9582059318063,2323.240308,5725.2561559999995
2026-04-14 19:15:00+02:00,2212.653991846761,2033.53412,537.5584969674092,62.367,2750.2124888141702,2095.90112,4306.804631999999
2026-04-14 19:30:00+02:00,2310.4781579967575,1902.355584,550.1299940214882,61.461,2860.6081520182456,1963.816584,3310.3772
2026-04-14 19:45:00+02:00,2501.708013312235,1876.253488,562.7005430355305,65.598,3064.4085563477656,1941.851488,2654.448132
2026-04-14 20:00:00+02:00,2299.6010094004637,1905.443236,568.4248319356124,76.662,2868.025841336076,1982.105236,2243.084448
2026-04-14 20:15:00+02:00,2476.6020570699325,1855.503276,564.2504264667382,83.076,3040.8524835366707,1938.579276,2113.690788
2026-04-14 20:30:00+02:00,2672.149117210263,1834.45706,572.2081814478385,82.766,3244.357298658101,1917.22306,2055.215456
2026-04-14 20:45:00+02:00,2890.9519080027594,1839.91078,573.8499952421287,65.474,3464.8019032448883,1905.38478,2014.606276
2026-04-14 21:00:00+02:00,2658.485938370538,1904.252712,521.797078922645,72.923,3180.283017293183,1977.175712,2105.091736
2026-04-14 21:15:00+02:00,2861.6242548033706,1936.073364,527.6874278330182,81.958,3389.311682636389,2018.031364,2093.5726240000004
2026-04-14 21:30:00+02:00,3075.8629416565805,1941.145128,543.2976965638535,88.216,3619.160638220434,2029.361128,2071.644048
2026-04-14 21:45:00+02:00,3249.6402049401054,1975.84418,538.8914687642934,101.126,3788.5316737043986,2076.9701800000003,2091.9235200000003
2026-04-14 22:00:00+02:00,2983.8381073621554,1999.142352,560.8036605857366,117.141,3544.641767947892,2116.283352,2138.8644759999997
2026-04-14 22:15:00+02:00,3162.0324951400166,2051.118784,566.8034981533822,144.609,3728.835993293399,2195.7277839999997,2217.3061839999996
2026-04-14 22:30:00+02:00,3293.3391885511414,2070.915304,545.2314257061481,172.778,3838.5706142572894,2243.693304,2256.409432
2026-04-14 22:45:00+02:00,3385.9092152973803,2077.165896,540.6678688906502,223.566,3926.5770841880303,2300.731896,2311.5129519999996
2026-04-14 23:00:00+02:00,2608.229212405958,2095.619868,459.4849757010556,254.028,3067.714188107014,2349.647868,2359.25632
2026-04-14 23:15:00+02:00,2663.6317713408876,2103.353232,444.0624694223678,290.72,3107.6942407632555,2394.0732319999997,2403.6591759999997
2026-04-14 23:30:00+02:00,2711.230742912142,2160.025352,431.54879083521746,347.316,3142.7795337473594,2507.341352,2516.6058399999997
2026-04-14 23:45:00+02:00,2745.349996572632,2222.021012,427.51241670799595,413.921,3172.862413280628,2635.942012,2657.442052
2026-04-15 00:00:00+02:00,2393.024011964647,2258.889996,584.2840772875703,475.211,2977.308089252217,2734.100996,2745.17412
2026-04-15 00:15:00+02:00,2454.2163171694106,2370.508656,586.6376450115154,576.178,3040.853962180926,2946.686656,2956.10276
2026-04-15 00:30:00+02:00,2486.3189226788213,2404.115936,594.8440086029585,697.151,3081.16293128178,3101.266936,3111.237516
2026-04-15 00:45:00+02:00,2469.582182840279,2426.932572,579.8601691597488,837.289,3049.4423520000278,3264.2215720000004,3274.6305600000005
2026-04-15 01:00:00+02:00,2814.94526949663,2472.950364,740.1081470411972,972.954,3555.053416537827,3445.904364,3458.114328
2026-04-15 01:15:00+02:00,2812.138848853644,2551.831248,738.1028558985626,1102.895,3550.2417047522067,3654.726248,3666.014568
2026-04-15 01:30:00+02:00,2802.8248534309128,2659.099952,718.8593768737867,1155.014,3521.6842303046997,3814.113952,3825.588279999999
2026-04-15 01:45:00+02:00,2780.174720220702,2792.02504,711.0917750819381,1150.738,3491.26649530264,3942.76304,3952.288012
2026-04-15 02:00:00+02:00,3178.959286933868,2954.370268,919.475534630565,1162.054,4098.434821564433,4116.424268000001,4128.068744000001
2026-04-15 02:15:00+02:00,3152.0938995613483,3111.566216,933.9918914264321,1171.279,4086.0857909877805,4282.845216,4291.560587999999
2026-04-15 02:30:00+02:00,3123.0267900666227,3286.683512,934.7278794006296,1198.044,4057.7546694672524,4484.727512,4494.336052000001
2026-04-15 02:45:00+02:00,3082.1240298916364,3499.112188,947.273347267063,1210.771,4029.3973771586993,4709.883188,4720.8705
2026-04-15 03:00:00+02:00,3203.6502010760173,3650.372176,1098.8235021288178,1231.951,4302.473703204835,4882.323176,4891.0354879999995
2026-04-15 03:15:00+02:00,3155.8029877347412,3789.913624,1108.3273359309576,1286.153,4264.130323665699,5076.066624,5084.621112
2026-04-15 03:30:00+02:00,3118.6038712768577,3939.889104,1128.0411539761158,1336.403,4246.645025252974,5276.292104,5284.865388
2026-04-15 03:45:00+02:00,3097.7655750169897,4015.150852,1145.78936074302,1404.69,4243.55493576001,5419.840852,5430.8369600000005
2026-04-15 04:00:00+02:00,3087.7864338033482,4082.521468,1218.1682300220778,1439.075,4305.954663825426,5521.596468,5533.644364
2026-04-15 04:15:00+02:00,3046.5955407151646,4142.96194,1224.7631324403385,1403.061,4271.358673155503,5546.02294,5555.37012
2026-04-15 04:30:00+02:00,2969.87116037914,4216.116884,1234.8187010293807,1442.487,4204.68986140852,5658.603884,5667.5614160000005
2026-04-15 04:45:00+02:00,2900.1202834594174,4260.684288,1235.6832607485126,1512.845,4135.80354420793,5773.529288000001,5782.112496000001
2026-04-15 05:00:00+02:00,3299.9025054205204,4280.443388,1244.7619233713617,1573.728,4544.6644287918825,5854.171388,5863.267648
2026-04-15 05:15:00+02:00,3273.550365899084,4307.461564,1277.9882885356515,1669.894,4551.538654434736,5977.355564,5986.6552440000005
2026-04-15 05:30:00+02:00,3242.3251923136604,4395.554224,1305.9623534186424,1718.562,4548.2875457323025,6114.116224,6126.413628
2026-04-15 05:45:00+02:00,3230.7102332942713,4485.767784,1314.8662964734647,1713.521,4545.576529767736,6199.288783999999,6209.565092
2026-04-15 06:00:00+02:00,4026.7805238632154,4653.121052,1117.5931982434436,1729.507,5144.3737221066585,6382.628052,6404.212648
2026-04-15 06:15:00+02:00,3948.9187409989804,4798.10552,1138.2682436239047,1735.399,5087.186984622886,6533.50452,6630.925372000001
2026-04-15 06:30:00+02:00,3876.483803542492,4929.374292,1138.3052727735248,1742.763,5014.789076316017,6672.137292,7082.014384
2026-04-15 06:45:00+02:00,3766.8674622538415,5010.945184,1133.6662445414602,1694.645,4900.533706795301,6705.590184000001,7853.721508
2026-04-15 07:00:00+02:00,3890.9180025644982,4914.30614,1048.5189827542429,1616.384,4939.436985318741,6530.69014,8783.272268
2026-04-15 07:15:00+02:00,3742.2082625318667,4800.004708,1049.34265072944,1554.425,4791.550913261307,6354.429708000001,10084.783036
2026-04-15 07:30:00+02:00,3603.03618840955,4786.121124,1056.5279149529438,1495.683,4659.564103362494,6281.804124,11853.551312
2026-04-15 07:45:00+02:00,3440.4939239103733,4819.831336,1053.0873613971864,1434.87,4493.5812853075595,6254.701336,14026.329936
2026-04-15 08:00:00+02:00,3427.130008477453,4782.75924,978.7505151437148,1396.324,4405.880523621167,6179.08324,16443.572248
2026-04-15 08:15:00+02:00,3163.216328541106,4611.48364,969.4867796742826,1313.718,4132.703108215389,5925.20164,18893.91456
2026-04-15 08:30:00+02:00,2845.111831589956,4267.18188,938.1365810775116,1226.395,3783.2484126674676,5493.5768800000005,21277.089924
2026-04-15 08:45:00+02:00,2612.5456246785493,3804.380832,911.9214010727883,1132.828,3524.4670257513376,4937.208832,23657.683732
2026-04-15 09:00:00+02:00,1565.274062428755,3208.420092,1031.8137566590744,1103.599,2597.0878190878293,4312.019092,25982.0467
2026-04-15 09:15:00+02:00,1417.8858794492912,2592.0621,977.3627251981766,1041.96,2395.248604647468,3634.0221,28234.269763999997
2026-04-15 09:30:00+02:00,1337.9454984011093,2039.577368,942.5221227897739,1014.106,2280.467621190883,3053.683368,30520.661608
2026-04-15 09:45:00+02:00,1276.4751460972334,1638.026932,928.8059793367751,1034.118,2205.2811254340086,2672.144932,32896.973944
2026-04-15 10:00:00+02:00,401.0806575939448,1417.4109,1261.655550354702,1071.51,1662.7362079486468,2488.9209,35311.813971999996
2026-04-15 10:15:00+02:00,343.3944925208831,1323.747492,1244.5388228916815,1071.319,1587.9333154125648,2395.066492,37698.632824
2026-04-15 10:30:00+02:00,273.56618350640736,1329.597,1201.826102057581,1139.617,1475.3922855639885,2469.214,40005.372464
2026-04-15 10:45:00+02:00,228.26619966990245,1407.321388,1169.3941323239123,1269.71,1397.660331993815,2677.0313880000003,42194.903436
2026-04-15 11:00:00+02:00,77.36002495720595,1540.11404,1529.7677989376405,1349.728,1607.1278238948464,2889.84204,44150.1391
2026-04-15 11:15:00+02:00,16.09417332596888,1713.8175,1482.2877135885587,1440.014,1498.3818869145275,3153.8315,45782.85246
2026-04-15 11:30:00+02:00,0.0,1870.783412,1442.236599911691,1537.389,1442.236599911691,3408.172412,47196.531144
2026-04-15 11:45:00+02:00,0.0,2064.854756,1414.7410076545048,1595.901,1414.7410076545048,3660.755756000001,48228.364524
2026-04-15 12:00:00+02:00,0.0,2249.5035,1415.255931741197,1164.908,1415.255931741197,3414.4114999999997,48503.003108
2026-04-15 12:15:00+02:00,0.0,2334.277232,1396.572477677711,1077.89,1396.572477677711,3412.167232,48746.050408
2026-04-15 12:30:00+02:00,0.0,2408.797496,1372.5868825825874,1032.042,1372.5868825825874,3440.839496,49006.58306
2026-04-15 12:45:00+02:00,0.0,2415.732288,1347.085043918132,1007.408,1347.085043918132,3423.140288,48842.156276
2026-04-15 13:00:00+02:00,0.0,2317.726688,1419.9744567475154,878.685,1419.9744567475154,3196.411688,48293.963264
2026-04-15 13:15:00+02:00,0.0,2247.915172,1421.4611733223287,774.352,1421.4611733223287,3022.267172,47714.638872
2026-04-15 13:30:00+02:00,0.0,2196.485068,1391.9912913340117,717.162,1391.9912913340117,2913.647068,46892.163876
2026-04-15 13:45:00+02:00,0.0,2150.329668,1385.1552474555901,695.63,1385.1552474555901,2845.959668,46060.405888
2026-04-15 14:00:00+02:00,0.0,2064.95322,1051.598851824296,1112.049,1051.598851824296,3177.00222,45244.863828
2026-04-15 14:15:00+02:00,0.0,1997.16726,1034.3598299722908,1115.191,1034.3598299722908,3112.35826,43645.443196
2026-04-15 14:30:00+02:00,0.0,1972.669744,1021.1923800021048,1082.403,1021.1923800021048,3055.072744,42229.421928
2026-04-15 14:45:00+02:00,0.0,1894.898544,1006.4150476289767,1050.068,1006.4150476289767,2944.966544,40711.14532
2026-04-15 15:00:00+02:00,0.0,1796.126632,816.5559201203805,991.495,816.5559201203805,2787.621632,38868.5924
2026-04-15 15:15:00+02:00,0.0,1694.13592,819.8055514049653,940.402,819.8055514049653,2634.53792,37031.445664
2026-04-15 15:30:00+02:00,0.0,1592.89092,842.0652043832863,901.842,842.0652043832863,2494.73292,35370.092472000004
2026-04-15 15:45:00+02:00,0.0,1540.422284,868.7548819739873,867.988,868.7548819739873,2408.410284,33534.686452
2026-04-15 16:00:00+02:00,17.71056849578474,1457.959964,802.6299035860068,827.996,820.3404720817915,2285.955964,31519.43974
2026-04-15 16:15:00+02:00,177.89153869831216,1340.531452,822.5109743329588,818.402,1000.4025130312709,2158.933452,29277.737636
2026-04-15 16:30:00+02:00,330.3316225478567,1228.831712,878.2175573320644,777.918,1208.5491798799212,2006.749712,27152.084288
2026-04-15 16:45:00+02:00,441.69619689954914,1193.468268,908.5691131241596,740.706,1350.2653100237087,1934.174268,24968.104627999997
2026-04-15 17:00:00+02:00,993.0181909135059,1163.595656,1100.175169924607,767.802,2093.1933608381128,1931.397656,22604.566704
2026-04-15 17:15:00+02:00,1100.2502369194008,1158.410416,1151.1944126096537,825.53,2251.4446495290545,1983.940416,20223.815976
2026-04-15 17:30:00+02:00,1140.7366328367045,1122.420016,1192.028737490782,882.323,2332.7653703274864,2004.743016,17776.170812
2026-04-15 17:45:00+02:00,1137.113218198545,1150.601324,1220.9969432749185,888.761,2358.1101614734634,2039.362324,15298.157308
2026-04-15 18:00:00+02:00,1150.5398485969445,1236.787004,1112.6769969855304,943.177,2263.216845582475,2179.964004,13066.842296
2026-04-15 18:15:00+02:00,1135.4142075447967,1340.955972,1162.6112950753616,1011.771,2298.0255026201585,2352.726972,11041.281464
2026-04-15 18:30:00+02:00,1185.560642641272,1481.822288,1175.9817213239673,1082.924,2361.542363965239,2564.7462880000003,9151.620312
2026-04-15 18:45:00+02:00,1100.8852608569819,1664.484216,1185.4620433781986,1157.161,2286.3473042351807,2821.645216,7615.489084
2026-04-15 19:00:00+02:00,1065.1906527455376,1886.75492,1317.6463073902473,1207.362,2382.836960135785,3094.1169200000004,6294.189004
2026-04-15 19:15:00+02:00,1031.8183140244194,2097.344676,1349.0339442964855,1328.72,2380.852258320905,3426.064676,5503.312032
2026-04-15 19:30:00+02:00,1102.4070865158683,2322.129648,1368.222015236627,1431.056,2470.6291017524954,3753.185648,4983.020384
2026-04-15 19:45:00+02:00,1264.4922167581262,2571.004804,1373.6383450134329,1548.57,2638.130561771559,4119.574804,4734.027356
2026-04-15 20:00:00+02:00,1462.4250899436424,2883.707572,1874.758251983194,1631.633,3337.1833419268364,4515.340572,4799.457568
2026-04-15 20:15:00+02:00,1613.6692427137014,2985.214348,1868.6357693506613,1725.489,3482.305012064363,4710.703348,4872.003592
2026-04-15 20:30:00+02:00,1788.0652314488743,3082.861668,1877.4029084299088,1861.661,3665.4681398787834,4944.522668,5047.626456
2026-04-15 20:45:00+02:00,1983.7609782176487,3444.0738,1870.519788584666,2007.772,3854.2807668023147,5451.8458,5508.642512
2026-04-15 21:00:00+02:00,2656.113401764772,3796.661164,2270.4126137848366,2157.977,4926.526015549609,5954.638164,6011.478876
2026-04-15 21:15:00+02:00,2835.909320820163,4208.1643,2276.9752196355435,2371.682,5112.884540455707,6579.8463,6607.808056
2026-04-15 21:30:00+02:00,3021.998144019475,4584.452452,2294.6028411538155,2575.324,5316.600985173291,7159.776452,7186.555264
2026-04-15 21:45:00+02:00,3165.526036476492,4961.726432,2293.668084779232,2772.215,5459.194121255724,7733.941432,7748.067660000001
2026-04-15 22:00:00+02:00,4529.1024339497335,5282.812624,3124.0298871686423,2908.6,7653.132321118375,8191.412624,8218.573992
2026-04-15 22:15:00+02:00,4678.254785556192,5610.703664,3122.0191262931357,3016.368,7800.273911849327,8627.071664,8637.665524
2026-04-15 22:30:00+02:00,4777.0273093828655,5887.169656,3101.9658236194714,3125.891,7878.993133002337,9013.060656,9023.346772
2026-04-15 22:45:00+02:00,4847.073537962953,6159.358216,3098.160825578939,3155.406,7945.234363541892,9314.764216,9324.43688
2026-04-15 23:00:00+02:00,5838.430270581815,6459.316136,2929.8069887360402,3328.815,8768.237259317855,9788.131136,9803.614212
2026-04-15 23:15:00+02:00,5888.362038081272,6751.020928,2914.624995113199,3633.879,8802.987033194471,10384.899928,10399.448652
2026-04-15 23:30:00+02:00,5927.908433107805,6920.087872,2906.313905436247,3684.72,8834.222338544052,10604.807872,10614.631276
2026-04-15 23:45:00+02:00,5953.532658955801,7085.860336,2906.6105399009034,3771.058,8860.143198856704,10856.918336,10874.180732
2026-04-16 00:00:00+02:00,7257.13172165174,7110.974448,2639.1661559549307,3730.444,9896.29787760667,10841.418448,10852.501576
2026-04-16 00:15:00+02:00,7301.246389846724,7194.249924,2639.8864459740194,3221.455,9941.132835820743,10415.704924,10424.808152
2026-04-16 00:30:00+02:00,7313.908167081882,7311.07348,2646.8919660085717,2806.451,9960.800133090454,10117.52448,10128.521732
2026-04-16 00:45:00+02:00,7282.520384181372,7289.294956,2633.0628948908266,2672.321,9915.583279072198,9961.615956,9977.57244
2026-04-16 01:00:00+02:00,7328.965779249359,7243.235912,2383.2826739780667,2486.55,9712.248453227425,9729.785912,9738.909752
2026-04-16 01:15:00+02:00,7314.196525568131,7257.228784,2391.7750769491277,2379.353,9705.971602517258,9636.581784,9647.286972
2026-04-16 01:30:00+02:00,7296.004808500247,7232.746292,2380.22477931469,2332.944,9676.229587814938,9565.690292,9574.154432
2026-04-16 01:45:00+02:00,7268.278803565225,7212.929496,2376.846954082341,2206.049,9645.125757647565,9418.978496,9427.687304
2026-04-16 02:00:00+02:00,7500.165274033366,7155.404408,2418.427838590806,2266.361,9918.593112624172,9421.765408,9431.792492
2026-04-16 02:15:00+02:00,7471.126977590341,7081.614928,2433.4828021083467,2397.358,9904.609779698687,9478.972928,9489.811124
2026-04-16 02:30:00+02:00,7440.330056365439,6971.66914,2453.0734335031225,2341.749,9893.403489868562,9313.41814,9325.258572
2026-04-16 02:45:00+02:00,7400.570416074816,6895.91354,2471.3872787358173,2226.789,9871.957694810633,9122.70254,9132.89584
2026-04-16 03:00:00+02:00,7874.5874826032095,6846.284728,2437.8891904484212,2269.659,10312.476673051631,9115.943728,9125.1635
2026-04-16 03:15:00+02:00,7830.021225968846,6830.767344,2445.7790361015027,2422.416,10275.800262070348,9253.183344,9262.389248
2026-04-16 03:30:00+02:00,7807.123290737528,6692.9335,2465.7771335181956,2558.388,10272.900424255724,9251.3215,9267.867832
2026-04-16 03:45:00+02:00,7797.04134595342,6554.619492,2474.744551850373,2626.971,10271.785897803793,9181.590492,9193.587016
2026-04-16 04:00:00+02:00,7453.351618680544,6301.86376,2332.4175812984195,2768.683,9785.769199978964,9070.54676,9081.934408
2026-04-16 04:15:00+02:00,7415.448554745232,6140.131528,2335.3524794520345,2965.068,9750.801034197266,9105.199528,9115.118908
2026-04-16 04:30:00+02:00,7350.008973471557,6009.964772,2344.3708383691755,2959.648,9694.379811840732,8969.612772,8980.012688
2026-04-16 04:45:00+02:00,7291.070794737206,5945.614288,2344.7472240653906,2909.446,9635.818018802596,8855.060288,8866.030796000001
2026-04-16 05:00:00+02:00,7667.256117097322,5872.914788,2398.6836548434394,2811.955,10065.93977194076,8684.869788,8694.420908
2026-04-16 05:15:00+02:00,7632.897226875692,5742.35984,2434.203701280789,2652.866,10067.10092815648,8395.22584,8404.559656
2026-04-16 05:30:00+02:00,7597.472939106487,5598.213464,2456.7999601030456,2390.229,10054.272899209533,7988.442464,7999.105112
2026-04-16 05:45:00+02:00,7577.558218579295,5487.04964,2463.5035048007494,2207.329,10041.061723380044,7694.378640000001,7709.436732000001
2026-04-16 06:00:00+02:00,7989.510756282103,5401.945756,2263.3404361412777,2109.974,10252.85119242338,7511.919756,7530.431752
2026-04-16 06:15:00+02:00,7925.9367136947,5413.765708,2282.9205481812915,1967.943,10208.857261875992,7381.708708,7436.650148
2026-04-16 06:30:00+02:00,7874.028227788813,5538.071084,2281.9461485926495,1839.3,10155.974376381462,7377.371084,7615.896500000001
2026-04-16 06:45:00+02:00,7792.818474086761,5612.606176,2268.3232371084696,1772.463,10061.14171119523,7385.069176,8162.41004
2026-04-16 07:00:00+02:00,6862.7589955658905,5542.142124,2118.2555960970944,1733.524,8981.014591662984,7275.666123999999,8872.55436
2026-04-16 07:15:00+02:00,6726.14045731514,5452.89962,2117.4429677564863,1758.179,8843.583425071627,7211.07862,9844.915656
2026-04-16 07:30:00+02:00,6604.704755714017,5349.642736,2126.3484096185007,1706.297,8731.053165332518,7055.939736,10945.369792
2026-04-16 07:45:00+02:00,6454.656269007219,5102.673968,2123.701093444139,1549.744,8578.357362451357,6652.417968,11994.887716
2026-04-16 08:00:00+02:00,4956.950984081693,4733.2166,1394.4677698479989,1376.167,6351.418753929692,6109.383599999999,13294.871619999998
2026-04-16 08:15:00+02:00,4676.134229652895,4332.44296,1392.626542603327,1308.446,6068.760772256222,5640.88896,14849.364076
2026-04-16 08:30:00+02:00,4371.563270430989,3860.458224,1360.5198100246278,1267.573,5732.083080455617,5128.031224,16685.66116
2026-04-16 08:45:00+02:00,4152.241196708811,3391.156912,1336.169813465742,1280.645,5488.411010174553,4671.801912,18636.607148
2026-04-16 09:00:00+02:00,2142.5842804597455,2937.51634,1342.694411496241,1307.02,3485.2786919559867,4244.536340000001,21167.997560000003
2026-04-16 09:15:00+02:00,1980.8003050263796,2434.042044,1293.0050283596133,1365.487,3273.805333385993,3799.529044,23408.36426
2026-04-16 09:30:00+02:00,1878.8724544346744,2090.20902,1258.091167165449,1408.397,3136.9636216001236,3498.6060199999997,25820.637284
2026-04-16 09:45:00+02:00,1803.291020527581,1931.678668,1240.6965038998944,1370.077,3043.9875244274754,3301.755668,28357.49346
2026-04-16 10:00:00+02:00,1569.6342020015966,1822.159924,1284.0269004265338,1324.381,2853.66110242813,3146.540924,30971.576352
2026-04-16 10:15:00+02:00,1506.3344680877447,1852.982968,1268.930535942297,1399.498,2775.2650040300414,3252.480968,33601.0277
2026-04-16 10:30:00+02:00,1437.744949099457,1843.864916,1234.0793259470634,1558.693,2671.8242750465206,3402.557916,36422.253512
2026-04-16 10:45:00+02:00,1394.5238075649518,1743.077304,1200.0832849610565,1674.394,2594.6070925260083,3417.4713039999997,38862.293572
2026-04-16 11:00:00+02:00,1281.7621451661037,1741.494844,1564.256460715153,1821.96,2846.018605881257,3563.454844,41058.556672
2026-04-16 11:15:00+02:00,1225.1659221416678,1922.05948,1519.0864165711273,1959.868,2744.252338712795,3881.92748,42976.771832
2026-04-16 11:30:00+02:00,1155.4817694251456,2010.417768,1482.7394758762357,1983.507,2638.2212453013813,3993.924768,44439.229459999995
2026-04-16 11:45:00+02:00,1123.4781410261571,2192.89016,1455.2382195553016,2084.882,2578.7163605814585,4277.77216,45157.295336
2026-04-16 12:00:00+02:00,1914.312144855091,2319.365112,1460.5134200901568,2093.122,3374.8255649452476,4412.487112,45732.12344
2026-04-16 12:15:00+02:00,1846.4853413943206,2577.96648,1448.164570733994,2113.822,3294.6499121283146,4691.78848,46242.438852
2026-04-16 12:30:00+02:00,1719.9404256863581,2947.962452,1428.4332584180663,2095.03,3148.3736841044247,5042.992452,46593.40376
2026-04-16 12:45:00+02:00,1676.8030601723617,3308.98216,1400.0043967089719,2024.863,3076.8074568813336,5333.84516,46404.270979999994
2026-04-16 13:00:00+02:00,2473.0016293366452,3657.990164,1525.3007556550513,2031.789,3998.3023849916963,5689.779164,46343.82894
2026-04-16 13:15:00+02:00,2446.3914974562144,3858.968096,1524.3421665050407,2091.037,3970.733663961255,5950.005096,46400.813652
2026-04-16 13:30:00+02:00,2414.9185208095173,4219.584932,1494.0155427612954,2155.604,3908.9340635708127,6375.188931999999,46379.77762
2026-04-16 13:45:00+02:00,2399.1963989238393,4618.492912,1487.3047533007602,2215.825,3886.5011522245995,6834.3179119999995,46367.608296
2026-04-16 14:00:00+02:00,2312.2880597448357,5050.800124,1606.1275507632797,2333.157,3918.4156105081156,7383.957124,46245.5166
2026-04-16 14:15:00+02:00,2366.5913125397938,5431.748772,1589.3633366071142,2446.697,3955.954649146908,7878.445772,46210.569996
2026-04-16 14:30:00+02:00,2389.4094362368596,5616.219488,1576.3615996869912,2304.357,3965.771035923851,7920.576488,45202.26434
2026-04-16 14:45:00+02:00,2421.764058357763,5790.242108,1560.6854880781518,2240.307,3982.449546435915,8030.549108,44257.883512
2026-04-16 15:00:00+02:00,2016.115501981868,5995.84116,1645.2842690607515,2125.93,3661.3997710426192,8121.77116,42965.376496
2026-04-16 15:15:00+02:00,2164.8377025110103,6128.90036,1649.3424894378045,2029.262,3814.180191948815,8158.162359999999,41878.056752
2026-04-16 15:30:00+02:00,2280.1586594271494,6197.890204,1671.7376974518672,2015.433,3951.896356879017,8213.323204,40170.488936
2026-04-16 15:45:00+02:00,2384.7071641725815,6177.513424,1698.5744756539266,2026.928,4083.281639826508,8204.441424,38791.644956
2026-04-16 16:00:00+02:00,2006.2817760453574,6058.849212,1657.2721960201848,1986.092,3663.5539720655424,8044.941212,36901.404448
2026-04-16 16:15:00+02:00,2190.2931836081557,6010.03024,1674.8888671946982,1956.103,3865.182050802854,7966.13324,34707.824160000004
2026-04-16 16:30:00+02:00,2394.6647953960046,5983.475244,1714.2276651737247,1898.165,4108.892460569729,7881.640244,32715.36516
2026-04-16 16:45:00+02:00,2532.1851143682825,6041.272364,1737.728750074161,1802.486,4269.913864442444,7843.758364,30807.539916
2026-04-16 17:00:00+02:00,3200.7764798880366,5974.3643,1331.5568422721196,1690.491,4532.333322160156,7664.8553,28676.450528
2026-04-16 17:15:00+02:00,3348.1986279948937,5712.05168,1350.8928298633184,1611.346,4699.091457858212,7323.39768,26507.225167999997
2026-04-16 17:30:00+02:00,3412.462201357295,5392.395768,1428.9615522941347,1483.335,4841.423753651429,6875.730768,24048.841184
2026-04-16 17:45:00+02:00,3433.7990734150007,5032.155452,1460.5599630152255,1322.086,4894.359036430226,6354.241452,21540.644456
2026-04-16 18:00:00+02:00,2543.800785519062,4707.346564,1227.804587091035,1169.738,3771.605372610097,5877.084564000001,18641.08794
2026-04-16 18:15:00+02:00,2531.293716877398,4389.278616,1275.2745468576745,1099.497,3806.5682637350724,5488.775616,15960.895224
2026-04-16 18:30:00+02:00,2544.607298153849,4033.3248,1289.2463897858486,1042.222,3833.853687939698,5075.5468,13377.208244
2026-04-16 18:45:00+02:00,2476.057902323738,3709.999716,1301.5718018132836,924.259,3777.6297041370217,4634.258716,10932.8565
2026-04-16 19:00:00+02:00,1637.0704534569754,3422.78044,983.5705374215411,870.555,2620.6409908785163,4293.33544,8800.45486
2026-04-16 19:15:00+02:00,1608.8581371002479,3034.05458,1016.9274393844535,773.932,2625.7855764847013,3807.98658,6795.33252
2026-04-16 19:30:00+02:00,1682.9193536890632,2755.48272,1037.3601504322573,704.829,2720.2795041213203,3460.3117199999997,5222.3840199999995
2026-04-16 19:45:00+02:00,1847.8672780145357,2627.19546,1040.068737138082,621.09,2887.936015152618,3248.28546,4195.08538
2026-04-16 20:00:00+02:00,1351.6925788023227,2583.783972,683.9789669381242,520.967,2035.671545740447,3104.7509720000003,3406.501956
2026-04-16 20:15:00+02:00,1508.5317235132597,2490.152992,679.493554086487,396.686,2188.025277599747,2886.838992,3012.67062
2026-04-16 20:30:00+02:00,1684.2366930598914,2378.953092,691.1855096639841,303.554,2375.4222027238757,2682.5070920000003,2800.5201680000005
2026-04-16 20:45:00+02:00,1877.4958926304232,2328.60478,687.2274564515702,232.603,2564.7233490819935,2561.20778,2627.4530600000003
2026-04-16 21:00:00+02:00,2021.2381560407243,2373.336816,594.5901483832902,223.049,2615.8283044240143,2596.385816,2756.087236
2026-04-16 21:15:00+02:00,2200.2096299901905,2377.851608,599.5698140222459,220.678,2799.779444012436,2598.529608,2649.060592
2026-04-16 21:30:00+02:00,2380.104580555603,2355.749264,618.0723372986278,183.634,2998.176917854231,2539.383264,2562.082096
2026-04-16 21:45:00+02:00,2518.25828209617,2449.31844,619.3814784566995,165.185,3137.6397605528696,2614.50344,2629.134708
2026-04-16 22:00:00+02:00,2036.6565536278858,2505.208768,569.1473289714202,143.713,2605.8038825993062,2648.921768,2670.7361760000003
2026-04-16 22:15:00+02:00,2178.5601795143043,2475.204372,560.9427389556234,145.2,2739.502918469928,2620.404372,2636.24518
2026-04-16 22:30:00+02:00,2275.1532357862475,2395.660948,535.5630092558813,130.705,2810.716245042129,2526.365948,2536.490136
2026-04-16 22:45:00+02:00,2347.0981175139323,2326.11212,527.032031480302,103.655,2874.1301489942343,2429.76712,2439.734432
2026-04-16 23:00:00+02:00,1828.6805456696181,2389.550284,434.3039445572344,88.107,2262.9844902268524,2477.657284,2493.154804
2026-04-16 23:15:00+02:00,1859.1178930997396,2420.823208,416.3119618233431,71.764,2275.4298549230825,2492.587208,2502.083976
2026-04-16 23:30:00+02:00,1880.537140710798,2353.56922,409.53148928366915,67.493,2290.0686299944673,2421.06222,2430.39054
2026-04-16 23:45:00+02:00,1892.407872107178,2365.288148,412.3526024057543,61.161,2304.7604745129324,2426.449148,2438.170188
2026-04-17 00:00:00+02:00,2132.5504763653566,2364.135964,416.6018888982119,53.839,2549.1523652635688,2417.974964,2430.101612
2026-04-17 00:15:00+02:00,2178.9530218719206,2411.722836,402.3281713599945,49.835,2581.281193231915,2461.557836,2470.639
2026-04-17 00:30:00+02:00,2192.0598105952404,2423.417688,398.15194609599456,45.634,2590.2117566912348,2469.051688,2479.9609
2026-04-17 00:45:00+02:00,2159.5813659233563,2402.93568,378.55245318924324,79.027,2538.1338191125997,2481.96268,2490.721448
2026-04-17 01:00:00+02:00,2149.3001351239686,2384.812804,394.0553560655485,125.182,2543.355491189517,2509.994804,2521.81822
2026-04-17 01:15:00+02:00,2135.947151781933,2409.977928,402.37565324123096,209.285,2538.3228050231637,2619.2629279999996,2630.4946959999997
2026-04-17 01:30:00+02:00,2123.508386249487,2429.331516,394.981631261075,282.725,2518.490017510562,2712.056516,2721.69
2026-04-17 01:45:00+02:00,2100.1299564006163,2443.939604,388.00443101335173,315.722,2488.134387413968,2759.661604,2771.587916
2026-04-17 02:00:00+02:00,1916.3574748751782,2409.285164,542.883652589603,369.426,2459.241127464781,2778.711164,2788.718684
2026-04-17 02:15:00+02:00,1888.7637036024412,2402.636116,562.7677315340338,448.039,2451.531435136475,2850.6751160000003,2861.8818240000005
2026-04-17 02:30:00+02:00,1858.4065774403814,2407.99902,580.9770315529555,455.2,2439.383608993337,2863.19902,2873.295336
2026-04-17 02:45:00+02:00,1823.2266985612239,2423.381368,594.8847025454663,517.538,2418.11140110669,2940.919368,2952.519544
2026-04-17 03:00:00+02:00,2013.8885518682696,2473.21422,519.224872004086,544.216,2533.1134238723557,3017.4302199999997,3027.120156
2026-04-17 03:15:00+02:00,1976.2291369929123,2516.917908,533.0693213200899,589.721,2509.2984583130024,3106.638908,3116.50726
2026-04-17 03:30:00+02:00,1955.632523142252,2569.580792,561.0021808869952,657.212,2516.634704029247,3226.792792,3235.895144
2026-04-17 03:45:00+02:00,1946.9946331146741,2643.867092,573.0665057584323,709.613,2520.0611388731063,3353.480092,3363.288816
2026-04-17 04:00:00+02:00,2029.9169250552245,2685.617376,731.3245372199518,812.366,2761.241462275176,3497.983376,3510.5187800000003
2026-04-17 04:15:00+02:00,1993.4896523237076,2696.85032,739.3803836313338,922.68,2732.870035955041,3619.53032,3631.741492
2026-04-17 04:30:00+02:00,1942.548904408919,2745.9008,749.5122860503449,1024.495,2692.061190459264,3770.3958,3783.722
2026-04-17 04:45:00+02:00,1889.8032536743742,2736.409052,750.0147117438568,1065.98,2639.817965418231,3802.389052,3815.60096
2026-04-17 05:00:00+02:00,1918.849358175803,2717.333764,752.4427445366796,1161.319,2671.2921027124826,3878.652764,3890.666552
2026-04-17 05:15:00+02:00,1889.2031300636177,2672.942064,782.9208117701306,1249.451,2672.123941833748,3922.393064,3934.73798
2026-04-17 05:30:00+02:00,1857.227325741483,2654.068668,796.5191408998419,1319.097,2653.746466641325,3973.165668,3986.944808
2026-04-17 05:45:00+02:00,1839.128479433794,2625.635444,793.3201249951672,1398.07,2632.448604428961,4023.705444,4040.513292
2026-04-17 06:00:00+02:00,1703.2127225198865,2676.747468,872.2854121908712,1509.429,2575.4981347107578,4186.176468,4229.143123999999
2026-04-17 06:15:00+02:00,1643.212582743499,2741.049684,885.680680362409,1593.639,2528.893263105908,4334.688684,4506.408415999999
2026-04-17 06:30:00+02:00,1594.6658291356175,2942.143412,884.1410420301011,1671.85,2478.806871165719,4613.993412,5302.567776
2026-04-17 06:45:00+02:00,1516.8607960049555,2937.995196,869.4385921363877,1709.667,2386.299388141343,4647.662195999999,6493.722639999999
2026-04-17 07:00:00+02:00,1401.9068718409121,2935.678668,851.2658316420058,1627.526,2253.1727034829178,4563.204668,7866.27446
2026-04-17 07:15:00+02:00,1265.863979075742,2884.850652,846.7416870053697,1577.527,2112.605666081112,4462.377652,9675.376712
2026-04-17 07:30:00+02:00,1145.4499069945823,2855.775252,858.7192825014104,1483.912,2004.1691894959927,4339.687252,11889.480208
2026-04-17 07:45:00+02:00,996.3825713010311,2775.0695,855.0183488248975,1382.776,1851.4009201259287,4157.8455,14395.363992
2026-04-17 08:00:00+02:00,1293.5038329996019,2586.497776,808.2485461751356,1336.292,2101.7523791747376,3922.789776,17337.543572000002
2026-04-17 08:15:00+02:00,1064.1428991979997,2291.552632,800.8161198919087,1299.359,1864.9590190899085,3590.911632,20211.6175
2026-04-17 08:30:00+02:00,808.9838523338374,1951.639148,776.9489436865606,1300.023,1585.932796020398,3251.662148,23251.200196
2026-04-17 08:45:00+02:00,586.0780440883707,1635.222544,751.0187102534387,1281.348,1337.0967543418094,2916.570544,26333.704191999997
2026-04-17 09:00:00+02:00,954.7015107697622,1309.301196,795.6364709273189,1272.107,1750.337981697081,2581.408196,29418.790044
2026-04-17 09:15:00+02:00,781.568610315129,1037.01984,746.2640145644524,1240.999,1527.8326248795815,2278.0188399999997,32469.015612
2026-04-17 09:30:00+02:00,667.0014600845686,812.905576,709.5908782124061,1162.376,1376.5923382969747,1975.281576,34571.210788
2026-04-17 09:45:00+02:00,581.7106487148386,695.421132,688.3212673659685,1079.143,1270.0319160808072,1774.564132,37005.110828
2026-04-17 10:00:00+02:00,816.469549201451,648.878772,432.9142517233935,980.612,1249.3838009248443,1629.490772,39335.028119999995
2026-04-17 10:15:00+02:00,752.6777550446931,622.368724,417.363669146639,880.853,1170.041424191332,1503.221724,41592.323428
2026-04-17 10:30:00+02:00,686.1719735622689,601.166532,386.5131317974136,789.211,1072.6851053596824,1390.377532,43751.374392
2026-04-17 10:45:00+02:00,645.0394990538026,632.848188,357.30036815403054,728.489,1002.3398672078331,1361.337188,45722.445907999994
2026-04-17 11:00:00+02:00,273.4372687207436,657.320208,250.9949475486735,676.729,524.432216269417,1334.049208,47090.60322
2026-04-17 11:15:00+02:00,221.32020747856217,705.330392,208.88629566748273,632.383,430.2065031460449,1337.713392,48394.221551999995
2026-04-17 11:30:00+02:00,155.36445862212418,732.158224,175.67942672446287,592.886,331.04388534658705,1325.044224,49198.825972
2026-04-17 11:45:00+02:00,128.4253637148031,739.395284,150.71331571023052,546.865,279.1386794250336,1286.260284,49598.575356
2026-04-17 12:00:00+02:00,249.3754902869622,755.022184,98.17279283456503,434.242,347.5482831215272,1189.264184,50006.426432
2026-04-17 12:15:00+02:00,184.37490233693586,787.9724,84.52302546235387,414.115,268.89792779928973,1202.0874,50514.402784
2026-04-17 12:30:00+02:00,62.56121982397656,819.155528,68.19907977421559,444.061,130.76029959819215,1263.216528,50414.289187999995
2026-04-17 12:45:00+02:00,21.584148172680557,814.007,43.080166127958194,413.776,64.66431430063875,1227.783,50014.31786
2026-04-17 13:00:00+02:00,310.69008154337894,812.078,114.73135781925095,563.012,425.4214393626299,1375.09,49707.432168
2026-04-17 13:15:00+02:00,286.6993743140538,827.515076,115.19860668735862,470.077,401.8979810014124,1297.592076,49068.705132
2026-04-17 13:30:00+02:00,253.0747271407297,811.222332,89.9139009643282,512.977,342.9886281050579,1324.199332,48573.987396
2026-04-17 13:45:00+02:00,235.19301991204975,840.42374,87.3328401143961,518.333,322.52586002644586,1358.7567399999998,47658.76572
2026-04-17 14:00:00+02:00,599.8784351853633,820.58856,17.096948297435574,511.693,616.9753834827989,1332.28156,46673.186504000005
2026-04-17 14:15:00+02:00,658.6697347508216,839.414912,6.053621291497109,534.227,664.7233560423188,1373.641912,45426.716552
2026-04-17 14:30:00+02:00,682.7871440723134,840.920916,0.0,512.954,682.7871440723134,1353.874916,44201.439064
2026-04-17 14:45:00+02:00,713.656972664586,883.142652,0.0,480.39,713.656972664586,1363.532652,43320.3875
2026-04-17 15:00:00+02:00,750.480498425723,872.400864,0.0,349.252,750.480498425723,1221.652864,41652.285072000006
2026-04-17 15:15:00+02:00,896.1077001203789,871.272828,0.0,337.528,896.1077001203789,1208.800828,40330.135228
2026-04-17 15:30:00+02:00,1007.9126665743529,899.95806,0.0,377.019,1007.9126665743529,1276.9770600000002,38747.635604
2026-04-17 15:45:00+02:00,1110.6209572660684,994.888208,0.0,403.779,1110.6209572660684,1398.6672079999998,37498.626096
2026-04-17 16:00:00+02:00,742.7492400869037,1100.842012,24.571586218612282,390.158,767.320826305516,1491.000012,35764.96868
2026-04-17 16:15:00+02:00,877.9878102223499,1170.669444,38.5317893471298,380.438,916.5195995694797,1551.1074440000002,33778.489108
2026-04-17 16:30:00+02:00,1064.0783791997173,1208.823352,54.67404429748484,374.482,1118.7524234972022,1583.305352,31524.533308
2026-04-17 16:45:00+02:00,1194.329966982205,1275.930132,87.10055942086836,362.913,1281.4305264030734,1638.843132,29176.149668
2026-04-17 17:00:00+02:00,1433.852235578137,1359.107872,203.12616818661328,352.019,1636.9784037647503,1711.126872,26815.326324
2026-04-17 17:15:00+02:00,1576.7520829570244,1461.960288,222.4140716411775,362.05,1799.166154598202,1824.010288,24300.988356
2026-04-17 17:30:00+02:00,1633.3111410722347,1551.646928,256.9983901191132,384.613,1890.309531191348,1936.259928,21638.405884
2026-04-17 17:45:00+02:00,1649.329263390286,1667.906932,332.7769732356921,404.428,1982.1062366259782,2072.334932,18965.822304
2026-04-17 18:00:00+02:00,1471.3032233455021,1838.282132,451.09411521273944,397.464,1922.3973385582417,2235.746132,16272.96292
2026-04-17 18:15:00+02:00,1453.7241860633517,2065.536248,506.0388875789971,368.447,1959.763073642349,2433.983248,13741.608488
2026-04-17 18:30:00+02:00,1462.2871768385733,2333.312468,514.9349918236796,379.359,1977.222168662253,2712.671468,11463.09614
2026-04-17 18:45:00+02:00,1389.570848912915,2604.154168,516.0992127264908,384.009,1905.6700616394057,2988.163168,9488.300608
2026-04-17 19:00:00+02:00,2459.763062447505,2924.164428,549.9656988635512,370.957,3009.728761311056,3295.121428,7868.439148
2026-04-17 19:15:00+02:00,2422.9245726949202,3206.311136,574.4963836258522,340.904,2997.4209563207723,3547.215136,6513.799324
2026-04-17 19:30:00+02:00,2485.486257486595,3529.93236,589.364992748164,325.497,3074.8512502347594,3855.42936,5594.434335999999
2026-04-17 19:45:00+02:00,2632.2686802531935,3978.896464,586.5815840825447,339.334,3218.8502643357383,4318.230464,5186.261504
2026-04-17 20:00:00+02:00,3602.068528875905,4445.535548,1029.2265257152605,327.902,4631.295054591165,4773.437548,5122.834748
2026-04-17 20:15:00+02:00,3740.738030657604,4789.236072,1024.0208576253754,348.934,4764.75888828298,5138.170072,5264.65796
2026-04-17 20:30:00+02:00,3898.130184967724,5182.96686,1038.485869758795,405.322,4936.616054726519,5588.288860000001,5697.289368000001
2026-04-17 20:45:00+02:00,4081.250213433232,5721.252584,1036.8704311567583,449.819,5118.120644589991,6171.071584,6249.557956000001
2026-04-17 21:00:00+02:00,4937.186562734226,6222.611344,1308.634613436161,483.621,6245.821176170387,6706.232344,6865.600764
2026-04-17 21:15:00+02:00,5109.028054498984,6614.990392,1313.2978573530388,528.813,6422.325911852023,7143.803392,7275.314792
2026-04-17 21:30:00+02:00,5277.7311826377245,7037.036536,1332.872204070913,611.158,6610.603386708637,7648.194536,7686.16316
2026-04-17 21:45:00+02:00,5409.997457140365,7387.089516,1336.0382710752763,667.4,6746.035728215642,8054.489516,8069.617907999999
2026-04-17 22:00:00+02:00,5729.928276917329,7506.252044,1914.6424055069829,735.613,7644.570682424312,8241.865044,8284.851192
2026-04-17 22:15:00+02:00,5866.602782341305,7685.534528,1911.0722422495007,794.6,7777.675024590806,8480.134528,8524.353364
2026-04-17 22:30:00+02:00,5955.236460506585,7833.705012,1891.0371559691382,853.953,7846.273616475723,8687.658012,8722.139632
2026-04-17 22:45:00+02:00,6019.646189957774,7870.975784,1881.714843858435,905.239,7901.361033816209,8776.214784,8803.857516
2026-04-17 23:00:00+02:00,6291.667075264059,7840.415084,1651.7524150903164,943.751,7943.419490354376,8784.166084,8800.860536
2026-04-17 23:15:00+02:00,6332.5877423179045,7869.810728,1634.124654436257,958.66,7966.712396754161,8828.470728,8846.258756000001
2026-04-17 23:30:00+02:00,6359.347590160844,7920.271576,1622.6762416066206,974.967,7982.023831767465,8895.238576,8908.265315999999
2026-04-17 23:45:00+02:00,6375.811640656676,7972.570096,1620.6219033042241,1018.364,7996.4335439609,8990.934096,9020.2446
2026-04-18 00:00:00+02:00,6833.647617273418,7979.046648,1418.3939386102236,1077.97,8252.041555883641,9057.016648,9073.550816
2026-04-18 00:15:00+02:00,6867.396804864711,7970.34984,1403.7392268651643,1092.223,8271.136031729875,9062.57284,9091.173892
2026-04-18 00:30:00+02:00,6872.84820848283,7934.934748,1400.8962983666252,1144.133,8273.744506849456,9079.067748,9120.843252
2026-04-18 00:45:00+02:00,6833.246967508174,7739.134772,1383.4682507730763,1204.505,8216.71521828125,8943.639772,8954.635248
2026-04-18 01:00:00+02:00,6615.947485326127,7434.703932,1160.340329580377,1181.691,7776.2878149065045,8616.394932000001,8625.856452000002
2026-04-18 01:15:00+02:00,6596.004628769503,7273.299296,1172.4000536423819,1125.749,7768.404682411885,8399.048296,8414.188672
2026-04-18 01:30:00+02:00,6579.920706795916,7114.595528,1168.3466000199503,1087.597,7748.2673068158665,8202.192528,8223.224603999999
2026-04-18 01:45:00+02:00,6551.735853735974,6976.940928,1162.5694083002068,1084.637,7714.305262036181,8061.577928,8079.52442
2026-04-18 02:00:00+02:00,5514.925925673632,6875.928648,1262.9184306262514,1001.783,6777.844356299884,7877.711648,7894.192256
2026-04-18 02:15:00+02:00,5482.339731805166,6669.162596,1283.8968238131677,953.355,6766.236555618333,7622.517596,7633.714424
2026-04-18 02:30:00+02:00,5452.577258971969,6468.943452,1302.1704439215298,915.442,6754.747702893499,7384.385452,7398.756604
2026-04-18 02:45:00+02:00,5417.936417606646,6267.275952,1319.7375034334918,872.699,6737.673921040137,7139.974952,7153.169916
2026-04-18 03:00:00+02:00,5107.2169821179305,5979.907036,1123.5263006297478,809.343,6230.743282747679,6789.250035999999,6799.252571999999
2026-04-18 03:15:00+02:00,5070.7480484863745,5784.032624,1136.152185737893,769.448,6206.9002342242675,6553.480624000001,6563.265624000001
2026-04-18 03:30:00+02:00,5053.0250862997045,5649.555728,1166.1078150158698,707.654,6219.132901315575,6357.209728,6368.5579
2026-04-18 03:45:00+02:00,5046.241536026058,5480.846032,1182.039136185532,650.648,6228.28067221159,6131.4940320000005,6144.736436
2026-04-18 04:00:00+02:00,4760.4669618646085,5304.503576,1176.2571570194475,629.373,5936.724118884056,5933.876576000001,5943.974072000001
2026-04-18 04:15:00+02:00,4725.024645546153,5132.386916,1190.366385870285,571.895,5915.391031416438,5704.281916,5716.0014679999995
2026-04-18 04:30:00+02:00,4679.155535563334,4987.157252,1204.6782233396434,543.548,5883.833758902977,5530.705252,5547.580352
2026-04-18 04:45:00+02:00,4630.282220919372,4840.091504,1207.1513068348772,530.489,5837.433527754249,5370.580504,5385.320739999999
2026-04-18 05:00:00+02:00,4246.43524258061,4722.803472,1337.064285576793,515.726,5583.499528157403,5238.529471999999,5250.7552
2026-04-18 05:15:00+02:00,4227.5345821011815,4646.662076,1370.5232247054305,505.135,5598.057806806612,5151.797076,5168.008944
2026-04-18 05:30:00+02:00,4199.328479660281,4550.81576,1384.8653409254741,521.123,5584.193820585755,5071.938760000001,5085.055344000001
2026-04-18 05:45:00+02:00,4175.46495796414,4483.993896,1382.8488492066656,542.682,5558.313807170805,5026.675896,5042.545652
2026-04-18 06:00:00+02:00,3761.823083109536,4477.711212,1488.3190850149604,529.002,5250.1421681244965,5006.713212000001,5059.005400000001
2026-04-18 06:15:00+02:00,3704.273120680506,4470.539124,1504.7829826655625,522.268,5209.056103346069,4992.807124,5218.179472
2026-04-18 06:30:00+02:00,3660.256508197508,4485.791496,1508.1196514978838,587.446,5168.376159695392,5073.237496,5761.006719999999
2026-04-18 06:45:00+02:00,3587.788941413165,4389.317892,1492.7118748094128,750.171,5080.500816222578,5139.488892,6770.186896
2026-04-18 07:00:00+02:00,3141.491194692636,4265.820828,1296.1134262395435,881.308,4437.604620932179,5147.128828,7979.849644
2026-04-18 07:15:00+02:00,3020.7638660221737,4184.643628,1288.4606681720827,935.198,4309.224534194256,5119.841628,9541.288248
2026-04-18 07:30:00+02:00,2918.286493611281,3996.470548,1306.1144688437944,906.106,4224.400962455075,4902.576548,11211.116148
2026-04-18 07:45:00+02:00,2789.401402638093,3740.435768,1299.4042537402686,939.2,4088.805656378361,4679.635768,13243.29656
2026-04-18 08:00:00+02:00,2629.430412283106,3402.324256,1190.9463222083145,1021.125,3820.3767344914204,4423.449256,15559.010044
2026-04-18 08:15:00+02:00,2423.573349718955,2993.714748,1182.4412890307149,1053.643,3606.0146387496698,4047.357748,17916.804272
2026-04-18 08:30:00+02:00,2156.1478709968483,2536.929592,1144.6938668001221,1074.47,3300.8417377969704,3611.399592,20369.606316
2026-04-18 08:45:00+02:00,1960.2652405456265,2095.38228,1122.0391966224602,1024.526,3082.3044371680867,3119.9082799999996,22891.616892
2026-04-18 09:00:00+02:00,1704.837483854015,1663.071364,933.0707417966407,952.941,2637.908225650656,2616.012364,24970.869128
2026-04-18 09:15:00+02:00,1532.1307727855155,1344.800144,886.8698439223106,813.668,2419.0006167078263,2158.468144,26510.8058
2026-04-18 09:30:00+02:00,1421.634262246584,1093.407208,856.3452176085584,851.303,2277.9794798551425,1944.710208,28928.796716
2026-04-18 09:45:00+02:00,1341.2562894040393,903.214696,843.0092934610357,941.462,2184.265582865075,1844.676696,31470.921704
2026-04-18 10:00:00+02:00,1645.71152043655,818.773076,745.8819682077524,799.969,2391.5934886443024,1618.742076,33083.401924
2026-04-18 10:15:00+02:00,1593.9385193939238,751.309528,748.8988085961248,839.821,2342.837327990049,1591.130528,35164.569572
2026-04-18 10:30:00+02:00,1536.7909096709566,720.698564,735.5605313518518,785.109,2272.351441022808,1505.8075640000002,37259.650224000005
2026-04-18 10:45:00+02:00,1492.7381559767423,708.867092,711.9975083290558,755.695,2204.7356643057983,1464.562092,39173.70018
2026-04-18 11:00:00+02:00,1919.8735595430335,721.567,694.0360755384013,854.216,2613.9096350814348,1575.783,41159.936664
2026-04-18 11:15:00+02:00,1885.5169653630219,783.151068,660.1256280041749,754.989,2545.6425933671967,1538.1400680000002,42658.26802
2026-04-18 11:30:00+02:00,1827.8337563881378,894.074076,631.7550226208156,712.926,2459.588779008953,1607.000076,43463.652392
2026-04-18 11:45:00+02:00,1811.7218005155182,1137.645776,613.084868433212,675.612,2424.8066689487305,1813.257776,44502.242352
2026-04-18 12:00:00+02:00,1924.11638579544,1378.689524,803.1642822826174,833.26,2727.2806680780573,2211.9495239999997,44867.147207999995
2026-04-18 12:15:00+02:00,1875.7741198569936,1528.233428,794.0709056906001,849.397,2669.8450255475937,2377.630428,44518.028068
2026-04-18 12:30:00+02:00,1768.6648180097732,1640.335932,780.7348465795048,881.958,2549.399664589278,2522.293932,44532.707056
2026-04-18 12:45:00+02:00,1744.796858104818,1661.460144,758.3067994562196,798.385,2503.103657561038,2459.845144,44009.317276
2026-04-18 13:00:00+02:00,1802.4808634547346,1785.925708,795.5824321107414,691.221,2598.063295565476,2477.146708,43384.411668
2026-04-18 13:15:00+02:00,1781.3820860594524,1917.50432,801.8700664875375,783.253,2583.25215254699,2700.75732,42509.800383999995
2026-04-18 13:30:00+02:00,1751.4427971410012,2118.885516,782.5473795110183,744.271,2533.9901766520197,2863.156516,41564.252092
2026-04-18 13:45:00+02:00,1742.922093857391,2276.529628,784.0184127244429,626.403,2526.9405065818337,2902.9326279999996,40092.725112
2026-04-18 14:00:00+02:00,1675.9668872855177,2422.593844,780.2216516683545,558.555,2456.188538953872,2981.148844,38429.885724
2026-04-18 14:15:00+02:00,1722.8205031077052,2531.574384,774.446928238398,541.683,2497.267431346103,3073.257384,36707.089732
2026-04-18 14:30:00+02:00,1745.439664395555,2612.941772,762.1228026085728,502.811,2507.562467004128,3115.7527720000003,35105.722916
2026-04-18 14:45:00+02:00,1770.7814304581402,2737.53184,748.8453029779412,478.058,2519.6267334360814,3215.58984,33651.607904
2026-04-18 15:00:00+02:00,2222.4428244697806,2888.74806,737.947547970685,616.108,2960.3903724404654,3504.85606,32791.28138
2026-04-18 15:15:00+02:00,2353.74514770792,2953.705356,745.4924506278153,657.87,3099.237598335735,3611.575356,31269.582828
2026-04-18 15:30:00+02:00,2453.798249377799,3003.251024,766.3656800789595,700.283,3220.1639294567585,3703.534024,29252.286796
2026-04-18 15:45:00+02:00,2548.7821436742543,3081.357136,798.9721017375466,664.349,3347.754245411801,3745.706136,27648.195556
2026-04-18 16:00:00+02:00,2820.507467681572,3073.229416,751.2131649514168,672.215,3571.720632632989,3745.444416,25894.372316
2026-04-18 16:15:00+02:00,2999.679245660513,3121.71308,765.3883496312133,677.0,3765.0675952917263,3798.71308,24186.13236
2026-04-18 16:30:00+02:00,3155.5188617220538,3232.694096,787.1616645958214,707.269,3942.6805263178753,3939.963096,22563.532592
2026-04-18 16:45:00+02:00,3278.3776726407878,3275.548812,807.6173627046721,674.522,4085.9950353454597,3950.070812,20902.811724
2026-04-18 17:00:00+02:00,3670.7917836013057,3342.478968,802.7773460701897,746.5,4473.569129671496,4088.978968,19877.025684
2026-04-18 17:15:00+02:00,3807.648654466596,3335.141016,820.9117999418863,759.545,4628.560454408482,4094.686016,18565.7097
2026-04-18 17:30:00+02:00,3865.9467064599503,3431.32964,879.594766373628,745.952,4745.541472833578,4177.28164,17013.105636
2026-04-18 17:45:00+02:00,3870.9314574373507,3388.9813,929.910508908873,836.843,4800.841966346224,4225.8243,15248.800472
2026-04-18 18:00:00+02:00,3587.906341520339,3501.441304,1060.0941744282807,931.151,4648.00051594862,4432.592304,13611.279112
2026-04-18 18:15:00+02:00,3547.198089117737,3542.881556,1102.6093038176434,925.018,4649.80739293538,4467.899556,11977.972356
2026-04-18 18:30:00+02:00,3531.4209974722903,3665.46656,1108.464741752301,895.443,4639.885739224592,4560.90956,10437.796908
2026-04-18 18:45:00+02:00,3434.610634446543,3674.712176,1104.7972419348998,876.013,4539.407876381443,4550.725176,8975.343168
2026-04-18 19:00:00+02:00,2489.7944602518714,3806.251164,1116.456814729783,1028.221,3606.251274981654,4834.472164,7957.23898
2026-04-18 19:15:00+02:00,2425.8480026072143,3894.033836,1136.4138270744365,1093.717,3562.261829681651,4987.750836,7064.507104
2026-04-18 19:30:00+02:00,2465.999555440674,3965.75216,1146.7190713705077,1176.301,3612.718626811182,5142.0531599999995,6366.26884
2026-04-18 19:45:00+02:00,2598.3767115830397,4011.5931,1140.1076377829686,1225.337,3738.4843493660082,5236.9301,5863.7030239999995
2026-04-18 20:00:00+02:00,2715.243867669443,3964.165916,1005.1288430050793,1155.586,3720.372710674522,5119.751916,5355.160252000001
2026-04-18 20:15:00+02:00,2842.430686821319,3903.933856,997.4894522281897,1101.887,3839.9201390495086,5005.820856,5102.268676000001
2026-04-18 20:30:00+02:00,2984.3332164943595,3630.43468,1011.4427701159093,1137.63,3995.775986610269,4768.0646799999995,4825.361408
2026-04-18 20:45:00+02:00,3159.5657139119744,3750.02102,1006.940850206713,1108.585,4166.5065641186875,4858.60602,4897.286324000001
2026-04-18 21:00:00+02:00,3216.35508967218,3950.282308,775.2236156320502,1107.315,3991.57870530423,5057.597308,5181.708764
2026-04-18 21:15:00+02:00,3381.759834416242,4106.064416,779.1559172989649,1086.142,4160.915751715207,5192.206416,5248.104516
2026-04-18 21:30:00+02:00,3542.5368569229076,4109.927276,794.9013528954843,1052.964,4337.438209818392,5162.891276,5185.014300000001
2026-04-18 21:45:00+02:00,3680.1542277414524,4115.58276,795.4360893319949,1007.942,4475.590317073447,5123.52476,5149.236132
2026-04-18 22:00:00+02:00,3172.2326120025846,3976.673988,876.4029915549986,1021.267,4048.635603557583,4997.940988,5073.397376
2026-04-18 22:15:00+02:00,3313.1284804488405,3972.9446,874.4804881277887,1016.455,4187.608968576629,4989.3996,5069.1318679999995
2026-04-18 22:30:00+02:00,3402.6781309559215,3878.202096,857.4880215174312,974.771,4260.166152473353,4852.973096,4919.539151999999
2026-04-18 22:45:00+02:00,3467.564932720512,3874.225352,847.3900022401277,919.773,4314.95493496064,4793.998352,4813.513551999999
2026-04-18 23:00:00+02:00,3762.1111285287116,3798.369736,1065.1277694652479,825.463,4827.23889799396,4623.832736,4641.954972
2026-04-18 23:15:00+02:00,3789.957384213761,3669.751856,1047.830516109475,833.837,4837.787900323236,4503.588856,4534.131152
2026-04-18 23:30:00+02:00,3800.3308102437704,3507.68292,1034.2276981058337,825.974,4834.558508349604,4333.65692,4352.156528
2026-04-18 23:45:00+02:00,3805.2256092711186,3411.93998,1030.6010303924766,767.664,4835.826639663595,4179.60398,4213.7864039999995
2026-04-19 00:00:00+02:00,3488.927224195129,3371.258504,879.1448974073166,760.421,4368.072121602446,4131.679504,4150.84944
2026-04-19 00:15:00+02:00,3526.9392965164816,3351.48788,868.5048505893275,700.476,4395.444147105809,4051.96388,4067.770128
2026-04-19 00:30:00+02:00,3537.0283258768204,3276.254756,869.5275812059085,611.894,4406.555907082729,3888.148756,3921.791607999999
2026-04-19 00:45:00+02:00,3501.6622767186104,3336.67116,855.7230610590259,617.014,4357.385337777636,3953.68516,3977.24992
2026-04-19 01:00:00+02:00,2749.172674196566,3387.074656,871.5330633492073,642.08,3620.705737545773,4029.154656,4049.823424
2026-04-19 01:15:00+02:00,2733.625381040916,3419.692168,881.4649517501791,595.713,3615.0903327910955,4015.405168,4030.374236
2026-04-19 01:30:00+02:00,2724.729075535853,3409.393856,875.9810866882643,551.976,3600.7101622241175,3961.369856,3974.747032
2026-04-19 01:45:00+02:00,2707.312715868094,3436.463592,870.9392610905485,572.794,3578.2519769586424,4009.257592,4019.900864
2026-04-19 02:00:00+02:00,3204.554834876067,3456.919328,782.1559775710409,588.386,3986.710812447108,4045.305328,4055.73428
2026-04-19 02:15:00+02:00,3180.7235696043795,3577.188628,802.139043365493,643.631,3982.8626129698723,4220.819628,4230.717296
2026-04-19 02:30:00+02:00,3158.4770306558667,3659.756988,819.0013372783783,713.049,3977.478367934245,4372.805988,4386.10262
2026-04-19 02:45:00+02:00,3128.3496523191257,3897.517672,834.8730496277004,787.438,3963.222701946826,4684.955672,4694.286056
2026-04-19 03:00:00+02:00,3622.161084166618,4175.11474,613.477115956249,758.369,4235.638200122867,4933.48374,4942.24778
2026-04-19 03:15:00+02:00,3590.5635930462363,4462.428448,625.56840024421,706.17,4216.131993290446,5168.598448,5177.113383999999
2026-04-19 03:30:00+02:00,3577.4994802213555,4718.579552,654.1333426164873,667.866,4231.6328228378425,5386.445552,5396.868196
2026-04-19 03:45:00+02:00,3574.851066273677,4911.556396,669.2929335745722,681.441,4244.143999848249,5592.997396,5604.691468
2026-04-19 04:00:00+02:00,4491.484141851391,4865.946836,624.9212946145249,728.924,5116.405436465915,5594.870836,5606.907144
2026-04-19 04:15:00+02:00,4460.819915707557,5080.9021,637.7121507284494,775.688,5098.532066436006,5856.5901,5866.644408
2026-04-19 04:30:00+02:00,4419.713821412957,5337.281756,651.1950269825239,794.328,5070.908848395481,6131.609756,6142.558132
2026-04-19 04:45:00+02:00,4375.875393304571,5698.23052,653.4206631614303,786.876,5029.296056466002,6485.10652,6503.964964000001
2026-04-19 05:00:00+02:00,4934.36798185494,6012.44462,938.1976475188825,811.516,5872.565629373822,6823.96062,6837.9634399999995
2026-04-19 05:15:00+02:00,4921.080036462968,6580.076728,970.1187915593933,826.745,5891.198828022361,7406.821728,7421.438944
2026-04-19 05:30:00+02:00,4899.110654079938,7563.978868,983.5588774317915,970.881,5882.6695315117295,8534.859868,8549.391572
2026-04-19 05:45:00+02:00,4880.9898000326375,7614.958416,981.0056860302791,1182.676,5861.995486062917,8797.634416,8814.414788
2026-04-19 06:00:00+02:00,5077.457851432932,7842.37022,1360.3898763794293,1303.52,6437.847727812362,9145.89022,9173.817968
2026-04-19 06:15:00+02:00,5025.817945707945,7828.06844,1376.3238718227342,1282.883,6402.141817530679,9110.95144,9253.648924
2026-04-19 06:30:00+02:00,4984.93698426861,7691.756224,1381.3070128587474,1374.653,6366.243997127358,9066.409224,9537.018784
2026-04-19 06:45:00+02:00,4914.636770513314,7628.825072,1370.8347127907193,1389.662,6285.471483304033,9018.487072,10084.747756
2026-04-19 07:00:00+02:00,5290.766699883961,7834.684156,1761.681829185964,1429.074,7052.448529069925,9263.758156,11067.347288
2026-04-19 07:15:00+02:00,5176.452632990982,8128.559528,1756.5488107636957,1366.033,6933.001443754678,9494.592528,12142.287992
2026-04-19 07:30:00+02:00,5075.547521595284,8332.442668,1773.748590430415,1360.021,6849.296112025699,9692.463668,13321.422212
2026-04-19 07:45:00+02:00,4947.725816936572,8709.99814,1769.4002873264096,1402.855,6717.126104262982,10112.85314,14940.27892
2026-04-19 08:00:00+02:00,4781.886719923296,8893.653028,1741.557041107041,1478.309,6523.443761030338,10371.962028,16522.782056
2026-04-19 08:15:00+02:00,4571.022347047169,8957.41404,1735.24174077808,1572.198,6306.26408782525,10529.61204,17942.682328
2026-04-19 08:30:00+02:00,4344.137675902651,9033.144588,1715.0339170861373,1608.787,6059.171592988788,10641.931588,19445.446352
2026-04-19 08:45:00+02:00,4151.848612862832,9058.998092,1692.8659316875542,1717.524,5844.714544550387,10776.522092,20986.919196
2026-04-19 09:00:00+02:00,6439.447306815864,9021.625308,1708.405312506816,1890.443,8147.85261932268,10912.068308,22671.473608
2026-04-19 09:15:00+02:00,6266.749226901435,8967.708032,1663.0652269793493,2090.728,7929.814453880784,11058.436032,24491.493792
2026-04-19 09:30:00+02:00,6155.943582347938,9040.022068,1631.613012444534,2126.109,7787.5565947924715,11166.131068,26101.976544
2026-04-19 09:45:00+02:00,6073.929134349999,8829.637036,1616.9393084023286,2083.761,7690.868442752328,10913.398036,27198.971444000003
2026-04-19 10:00:00+02:00,6565.436423225575,8849.100696,1616.2965596839047,2084.804,8181.73298290948,10933.904696,28261.474327999997
2026-04-19 10:15:00+02:00,6511.6118207340505,8733.216912,1616.8995421175657,2143.878,8128.5113628516165,10877.094912,28922.459572
2026-04-19 10:30:00+02:00,6451.607389377072,8939.092144,1601.4641340015098,2276.991,8053.071523378581,11216.083144,30207.45868
2026-04-19 10:45:00+02:00,6405.480374942818,9193.960684,1577.0378866845274,2173.645,7982.518261627346,11367.605684,31161.773044
2026-04-19 11:00:00+02:00,6416.910106751282,9969.440572,2178.0547499556183,2114.153,8594.9648567069,12083.593572,32472.649640000003
2026-04-19 11:15:00+02:00,6381.196231153395,10330.62746,2144.350065090354,1898.821,8525.546296243749,12229.44846,32913.803660000005
2026-04-19 11:30:00+02:00,6322.3704817313155,10907.985788,2115.5378290006984,2082.59,8437.908310732015,12990.575788,34254.431968
2026-04-19 11:45:00+02:00,6304.774033007989,11330.587884,2095.928895281948,2151.438,8400.702928289937,13482.025884,35875.576368
2026-04-19 12:00:00+02:00,7094.447424694332,12020.959504,2546.2580860290154,2382.19,9640.705510723346,14403.149504,37598.31254
2026-04-19 12:15:00+02:00,7050.568707407025,12599.64526,2534.9990632648223,2442.982,9585.567770671847,15042.62726,38617.952572
2026-04-19 12:30:00+02:00,6950.362211583428,13007.347232,2521.4824850357436,2566.564,9471.844696619171,15573.911232,39876.724204
2026-04-19 12:45:00+02:00,6926.675586864129,13674.867084,2497.308503535943,2529.994,9423.984090400072,16204.861084,40615.857976
2026-04-19 13:00:00+02:00,7755.370971978606,13833.618476,2818.677733736558,2390.421,10574.048705715164,16224.039476,40829.887356
2026-04-19 13:15:00+02:00,7736.558919405301,14042.743396,2821.5926823710133,2434.972,10558.151601776313,16477.715396,41011.981412
2026-04-19 13:30:00+02:00,7707.116850144344,13753.374724,2803.933651705319,2400.461,10511.050501849662,16153.835724,40101.976764
2026-04-19 13:45:00+02:00,7699.626947519874,14293.660292,2803.5709749532125,2445.44,10503.197922473086,16739.100292,40601.699636
2026-04-19 14:00:00+02:00,9423.187058371626,14461.890428,2767.795803961495,2349.533,12190.982862333121,16811.423428000002,40547.183876
2026-04-19 14:15:00+02:00,9468.72236180252,14878.538396,2762.39227678734,2328.498,12231.114638589861,17207.036396,40881.484448
2026-04-19 14:30:00+02:00,9488.647586412724,15065.179288,2749.194279642861,2416.101,12237.841866055585,17481.280287999998,40896.100688
2026-04-19 14:45:00+02:00,9512.174943049551,15392.099612,2735.544068452135,2570.792,12247.719011501686,17962.891612,41394.811224000005
2026-04-19 15:00:00+02:00,10985.47283750465,15504.7988,3099.522781784509,2754.507,14084.995619289159,18259.3058,41429.05762000001
2026-04-19 15:15:00+02:00,11111.867119553886,16194.24756,3106.013404626233,2819.398,14217.88052418012,19013.64556,41652.87416
2026-04-19 15:30:00+02:00,11208.10974410234,16578.009032,3122.107060587802,2799.665,14330.216804690142,19377.674032000003,41770.016624
2026-04-19 15:45:00+02:00,11302.918225632791,16961.24372,3149.796529532839,2745.598,14452.71475516563,19706.841719999997,41414.382488
2026-04-19 16:00:00+02:00,13145.681876691462,17619.941448,3570.84663290815,2697.852,16716.52850959961,20317.793448,42006.845984
2026-04-19 16:15:00+02:00,13224.233743321267,18560.396924,3583.4700021529598,2645.03,16807.703745474228,21205.426924,42141.5566
2026-04-19 16:30:00+02:00,13364.076759766489,19447.794068,3593.7254376090605,2719.48,16957.80219737555,22167.274068,42411.170908
2026-04-19 16:45:00+02:00,13482.644907348495,19785.3011,3610.331408225795,2851.878,17092.97631557429,22637.1791,41705.481996
2026-04-19 17:00:00+02:00,15595.592737521187,20627.586364,3833.704666031049,3137.199,19429.297403552235,23764.785364,41434.904864
2026-04-19 17:15:00+02:00,15727.780579614984,21879.202556,3859.795771746069,3630.389,19587.576351361055,25509.591556,41732.558072
2026-04-19 17:30:00+02:00,15771.22507579957,22606.317596,3910.1020016319326,3648.149,19681.327077431502,26254.466596,40755.419416
2026-04-19 17:45:00+02:00,15776.452913752528,22822.859576,3944.152933890044,3679.072,19720.60584764257,26501.931576,39312.627156
2026-04-19 18:00:00+02:00,15877.976046945734,22249.618948,3963.1546978731267,3703.125,19841.13074481886,25952.743948,36985.918648
2026-04-19 18:15:00+02:00,15845.804207485977,22081.994244,4005.212146788291,3817.974,19851.016354274267,25899.968244000003,35214.151472000005
2026-04-19 18:30:00+02:00,15840.237056504107,21593.127932,4007.378838227125,3937.548,19847.615894731232,25530.675932,32811.155847999995
2026-04-19 18:45:00+02:00,15750.645340938392,21037.950808,4000.6315455306344,4158.746,19751.276886469026,25196.696808,30710.8975
2026-04-19 19:00:00+02:00,12819.683223139096,20648.377236,4089.2848361317256,4365.686,16908.96805927082,25014.063236,28940.535804000003
2026-04-19 19:15:00+02:00,12760.98825735438,20322.030996,4101.9574249087755,4422.519,16862.945682263155,24744.549996,27421.773532000003
2026-04-19 19:30:00+02:00,12808.442053976105,19803.5609,4107.123418080748,4426.645,16915.565472056853,24230.2059,25811.852752000003
2026-04-19 19:45:00+02:00,12946.341918269576,19398.027324,4094.9221234564375,4445.577,17041.26404172601,23843.604324,24636.648316
2026-04-19 20:00:00+02:00,13244.273379157938,19057.744464,4232.093917377742,4554.564,17476.36729653568,23612.308464,23889.783484000003
2026-04-19 20:15:00+02:00,13375.16562432242,18820.008212,4223.861105050679,4665.255,17599.0267293731,23485.263212,23579.075508
2026-04-19 20:30:00+02:00,13521.215247273403,18109.416136,4237.9422195234565,4768.302,17759.15746679686,22877.718136,22933.093396
2026-04-19 20:45:00+02:00,13706.635408766373,17590.002856,4236.108139261886,4848.007,17942.74354802826,22438.009855999997,22477.771427999996
2026-04-19 21:00:00+02:00,13420.269952986058,17471.011324,4552.191873777099,4837.467,17972.46182676316,22308.478324,22363.2847
2026-04-19 21:15:00+02:00,13590.82820611843,17161.03666,4559.4393074985865,4813.541,18150.26751361702,21974.577660000003,22001.444484000003
2026-04-19 21:30:00+02:00,13757.899638799629,17142.608072,4574.94024833266,4784.144,18332.83988713229,21926.752072,21947.042284
2026-04-19 21:45:00+02:00,13907.627435446184,17119.308088,4574.315804255779,4784.682,18481.943239701963,21903.990088,21917.955960000003
2026-04-19 22:00:00+02:00,13636.293814681849,16867.326112,4905.1984385578735,4754.843,18541.49225323972,21622.169112,21677.61784
2026-04-19 22:15:00+02:00,13781.657490764246,16908.011752,4901.448608128464,4693.197,18683.10609889271,21601.208752,21622.664232
2026-04-19 22:30:00+02:00,13875.356304996565,17110.032256,4893.445146228127,4604.969,18768.801451224692,21715.001256,21727.825756
2026-04-19 22:45:00+02:00,13940.734235651349,17299.10722,4894.073350049455,4605.595,18834.807585700804,21904.702220000003,21918.047940000004
2026-04-19 23:00:00+02:00,14081.55235654267,17491.750176,5208.247854124931,4549.339,19289.8002106676,22041.089176,22054.04766
2026-04-19 23:15:00+02:00,14114.87253656475,17415.894388,5193.238601532561,4456.175,19308.11113809731,21872.069388,21884.728264
2026-04-19 23:30:00+02:00,14133.75351129857,17351.311336,5181.757807707029,4341.367,19315.5113190056,21692.678335999997,21705.325648
2026-04-19 23:45:00+02:00,14147.28292399091,17252.805964,5180.026781479961,4174.101,19327.30970547087,21426.906964,21440.540176
2026-04-20 00:00:00+02:00,13637.122372764832,17158.076252,4793.023590726477,3954.225,18430.145963491308,21112.301251999997,21135.890556
2026-04-20 00:15:00+02:00,13677.377021927477,17164.846756,4786.590009788123,3920.631,18463.9670317156,21085.477756,21103.282408
2026-04-20 00:30:00+02:00,13692.57397304557,17290.737776,4786.921505310754,3869.045,18479.495478356323,21159.782776,21169.356684
2026-04-20 00:45:00+02:00,13663.99756247182,17338.12312,4772.258515281409,3773.354,18436.25607775323,21111.47712,21129.676992
2026-04-20 01:00:00+02:00,12014.40369677943,17378.257224,4831.664723200095,3731.514,16846.068419979525,21109.771224,21125.056532
2026-04-20 01:15:00+02:00,12003.493003095298,17383.61658,4841.836379539301,3724.611,16845.329382634598,21108.22758,21117.200376
2026-04-20 01:30:00+02:00,11998.029654283171,17379.145764,4834.780673791514,3691.439,16832.810328074687,21070.584764,21079.485204
2026-04-20 01:45:00+02:00,11983.543396732299,17409.783696,4832.400019836874,3607.593,16815.94341656917,21017.376696,21026.026152
2026-04-20 02:00:00+02:00,11258.848140117232,17359.41878,4742.732891503424,3510.608,16001.581031620655,20870.02678,20878.6617
2026-04-20 02:15:00+02:00,11243.510080242417,17347.55562,4765.565445118476,3426.001,16009.075525360893,20773.55662,20782.49778
2026-04-20 02:30:00+02:00,11226.874851116876,17436.402532,4782.726273633181,3407.674,16009.601124750057,20844.076532,20853.041796
2026-04-20 02:45:00+02:00,11204.663601052513,17621.815112,4800.209255316215,3395.393,16004.872856368727,21017.208112,21026.054052
2026-04-20 03:00:00+02:00,12385.132349041825,17665.467612,4746.474759398289,3392.259,17131.607108440116,21057.726612,21066.45626
2026-04-20 03:15:00+02:00,12359.933035951915,17579.52642,4756.4816000176415,3365.966,17116.41463596956,20945.49242,20954.419808
2026-04-20 03:30:00+02:00,12352.764642517644,17482.62382,4781.212089814943,3290.541,17133.976732332587,20773.16482,20782.560216
2026-04-20 03:45:00+02:00,12352.322059963806,17376.610328,4794.478982870526,3214.856,17146.801042834333,20591.466328,20600.776068
2026-04-20 04:00:00+02:00,12342.88643627622,17319.842888,4830.4817088621085,3124.412,17173.368145138327,20444.254888,20453.569756
2026-04-20 04:15:00+02:00,12315.47872242285,17255.603188,4843.280872749758,3108.985,17158.759595172607,20364.588188,20374.272136000003
2026-04-20 04:30:00+02:00,12279.620607011138,17063.768024,4856.795239549773,3138.034,17136.41584656091,20201.802024,20211.62108
2026-04-20 04:45:00+02:00,12244.270548132266,16820.515264,4857.774877572761,3117.783,17102.04542570503,19938.298264,19949.045508
2026-04-20 05:00:00+02:00,13680.425043185815,16755.149912,5328.306905390142,3046.928,19008.731948575958,19802.077912,19811.699356
2026-04-20 05:15:00+02:00,13684.614210131305,16648.953564,5358.444674477099,3070.8,19043.058884608407,19719.753564,19730.6882
2026-04-20 05:30:00+02:00,13689.165326837547,16600.8937,5373.602831818977,3053.539,19062.768158656523,19654.4327,19667.533652
2026-04-20 05:45:00+02:00,13674.133663064198,16594.3736,5376.864322865508,3072.351,19050.997985929705,19666.7246,19692.042931999997
2026-04-20 06:00:00+02:00,14409.907295859346,16994.605976,5329.533551854703,3055.944,19739.44084771405,20050.549976,20075.920651999997
2026-04-20 06:15:00+02:00,14364.1637342347,16912.125056,5344.677816542737,3005.928,19708.841550777437,19918.053056,20031.666888
2026-04-20 06:30:00+02:00,14323.065796849827,16739.666176,5352.36578447043,2969.963,19675.431581320256,19709.629176,20259.574232
2026-04-20 06:45:00+02:00,14255.087125066877,16494.266784,5343.071122846595,3021.141,19598.158247913474,19515.407784,20832.092436
2026-04-20 07:00:00+02:00,14082.620832644425,16374.134468,5274.57094529427,3053.887,19357.191777938693,19428.021468,21855.34172
2026-04-20 07:15:00+02:00,13984.68439167942,16302.811184,5268.855001798348,3026.122,19253.539393477768,19328.933184,23088.021368
2026-04-20 07:30:00+02:00,13895.270033732071,16253.204752,5288.473481916216,2752.516,19183.743515648286,19005.720752,24318.363632
2026-04-20 07:45:00+02:00,13784.33315741347,16201.842908,5288.345537683521,2573.673,19072.67869509699,18775.515908,25865.948508
2026-04-20 08:00:00+02:00,13841.181509248085,15970.251272,4772.254778405242,2555.251,18613.436287653327,18525.502272,27805.468356
2026-04-20 08:15:00+02:00,13618.448620957526,15684.560128,4770.588485201579,2556.407,18389.037106159107,18240.967128,29673.767336
2026-04-20 08:30:00+02:00,13295.64084272253,15609.218504,4753.508730838473,2648.751,18049.149573561004,18257.969504,31936.375296
2026-04-20 08:45:00+02:00,13100.052442240618,15644.219412,4732.0313630575065,2738.673,17832.083805298123,18382.892412,34204.411928
2026-04-20 09:00:00+02:00,12703.274903017378,15760.655108,4564.319786468541,2744.402,17267.59468948592,18505.057108,36650.958084
2026-04-20 09:15:00+02:00,12523.2936283738,15789.080268,4518.980896021478,2746.968,17042.274524395278,18536.048268,38768.149812
2026-04-20 09:30:00+02:00,12405.342273695387,15951.662832,4489.0662581862125,2765.496,16894.4085318816,18717.158832,40824.118692
2026-04-20 09:45:00+02:00,12315.812558995936,15957.073292,4476.713248843515,2755.2,16792.52580783945,18712.273292,42562.124564
2026-04-20 10:00:00+02:00,12832.774492696544,15882.42358,3686.205079220835,2838.752,16518.979571917378,18721.17558,44286.704828
2026-04-20 10:15:00+02:00,12774.998794472709,15955.852992,3686.576007519157,2934.781,16461.574801991865,18890.633992,46322.577636
2026-04-20 10:30:00+02:00,12713.520047418964,16070.494084,3667.7039895454013,3179.441,16381.224036964366,19249.935084,48331.117748
2026-04-20 10:45:00+02:00,12665.692598086289,16012.871552,3641.88316123937,3421.576,16307.575759325659,19434.447552,49536.511728
2026-04-20 11:00:00+02:00,12412.513571862308,16079.6329,3548.0418567728443,3458.245,15960.555428635153,19537.8779,50662.089132
2026-04-20 11:15:00+02:00,12376.345509993604,16069.52824,3514.1057115236513,3368.137,15890.451221517254,19437.66524,51618.01568
2026-04-20 11:30:00+02:00,12319.478232746194,15828.195868,3486.9646982825598,3188.952,15806.442931028754,19017.147868,51836.820456
2026-04-20 11:45:00+02:00,12307.266284993999,15872.478252,3467.622081461881,3159.623,15774.88836645588,19032.101252,52403.146496
2026-04-20 12:00:00+02:00,13267.032321059745,15880.183464,3607.026770767558,2801.387,16874.059091827305,18681.570464,52473.875912
2026-04-20 12:15:00+02:00,13227.364833523812,15898.404512,3596.731956170892,2516.681,16824.096789694704,18415.085512,52369.687156
2026-04-20 12:30:00+02:00,13134.657076611576,15831.136464,3584.511960509998,2221.106,16719.169037121574,18052.242464,51780.644052
2026-04-20 12:45:00+02:00,13112.642501700917,16030.697096,3559.2262876273653,2310.654,16671.868789328284,18341.351096,52042.698572
2026-04-20 13:00:00+02:00,15202.51353791685,15836.845628,3468.3212996256143,1667.433,18670.834837542465,17504.278628,50924.97916
2026-04-20 13:15:00+02:00,15187.464631071593,15984.441952,3474.0149893807097,1657.507,18661.4796204523,17641.948952,50694.226072
2026-04-20 13:30:00+02:00,15163.936898360442,15636.872568,3455.8155638729886,1755.773,18619.75246223343,17392.645568,50220.429832
2026-04-20 13:45:00+02:00,15160.892238977107,15630.765984,3451.731451721891,1724.004,18612.623690698998,17354.769984,49921.90906
2026-04-20 14:00:00+02:00,13365.142904837854,15873.005384,3204.3218237940223,1814.028,16569.464728631876,17687.033384,49819.34764
2026-04-20 14:15:00+02:00,13411.976906398068,15919.990964,3196.7099773395075,2002.716,16608.686883737573,17922.706964,49575.135948
2026-04-20 14:30:00+02:00,13434.387314613905,15998.084536,3181.8562038450486,1943.314,16616.243518458952,17941.398536,48870.999108
2026-04-20 14:45:00+02:00,13460.816563170401,15780.577044,3166.5717268286635,1900.275,16627.388289999064,17680.852044,47981.774172
2026-04-20 15:00:00+02:00,13319.645844110273,15575.158316,3381.1299359160676,2113.803,16700.775780026343,17688.961316,47529.580992
2026-04-20 15:15:00+02:00,13442.760322744853,15377.504456,3387.883134030682,2074.214,16830.643456775535,17451.718456000002,46681.03552800001
2026-04-20 15:30:00+02:00,13534.347563760864,15291.726692,3403.9462810064,2001.535,16938.293844767264,17293.261692,45588.406544
2026-04-20 15:45:00+02:00,13623.942844619705,15094.629516,3431.4580746724405,1792.419,17055.400919292144,16887.048516000003,44109.386212
2026-04-20 16:00:00+02:00,13383.621677636003,15415.016384,3506.856607045859,2045.37,16890.478284681863,17460.386384,43578.944076
2026-04-20 16:15:00+02:00,13526.32765582075,15681.56998,3525.467592778545,2058.573,17051.795248599297,17740.14298,42504.252804
2026-04-20 16:30:00+02:00,13676.871914256824,15749.151188,3535.5919934781246,2070.034,17212.46390773495,17819.185188,41419.561539999995
2026-04-20 16:45:00+02:00,13806.835953870928,15589.15204,3549.67186253007,1937.585,17356.507816400997,17526.73704,39562.443964
2026-04-20 17:00:00+02:00,15560.797149238128,15936.952168,4200.223958380973,2599.671,19761.0211076191,18536.623168,38858.976564
2026-04-20 17:15:00+02:00,15683.479115521755,16575.197116,4227.95240646253,2477.076,19911.431521984287,19052.273116,37667.763692
2026-04-20 17:30:00+02:00,15733.697214242018,17023.23082,4258.320090809072,2379.41,19992.01730505109,19402.64082,35821.222944
2026-04-20 17:45:00+02:00,15735.079795018819,17283.153016,4306.23954037611,2874.685,20041.31933539493,20157.838016,34632.207456000004
2026-04-20 18:00:00+02:00,16718.8645385435,17142.162904,4924.551974243415,3269.335,21643.416512786916,20411.497904,32655.715028
2026-04-20 18:15:00+02:00,16674.981689680044,16930.159932,4962.811043892521,3545.667,21637.792733572565,20475.826932,30620.026396
2026-04-20 18:30:00+02:00,16637.61278317018,16785.015704,4965.354990014136,3997.005,21602.96777318432,20782.020704,28742.112096000004
2026-04-20 18:45:00+02:00,16552.51290322365,16686.066668,4959.186559975759,4445.891,21511.69946319941,21131.957668,27213.350492
2026-04-20 19:00:00+02:00,16851.269353744272,16657.44644,5771.865227542972,5005.263,22623.134581287246,21662.70944,25990.52152
2026-04-20 19:15:00+02:00,16793.381985691307,16315.201736,5786.995337684226,5029.809,22580.377323375535,21345.010736,24218.547976
2026-04-20 19:30:00+02:00,16840.100694474666,15661.837232,5796.265318195203,4965.846,22636.366012669867,20627.683232,22413.037424
2026-04-20 19:45:00+02:00,16971.55244954207,15165.227012,5786.970154543075,4907.971,22758.522604085145,20073.198012,21057.561776
2026-04-20 20:00:00+02:00,17022.12940355973,15291.655708,6396.15522088888,5301.219,23418.28462444861,20592.874708,21011.22124
2026-04-20 20:15:00+02:00,17148.170416923327,15517.001472,6387.622607292843,5423.242,23535.79302421617,20940.243472,21169.222528
2026-04-20 20:30:00+02:00,17285.867309477275,15483.929044,6402.213047841809,5577.169,23688.080357319086,21061.098044,21188.36946
2026-04-20 20:45:00+02:00,17473.32936415005,15693.404128,6399.675083243438,5710.971,23873.004447393487,21404.375128,21448.282512
2026-04-20 21:00:00+02:00,17200.549695298236,15945.746116,6390.145978291876,5694.823,23590.69567359011,21640.569116,21703.498212
2026-04-20 21:15:00+02:00,17373.170706313325,16072.143744,6397.679346721853,5767.046,23770.850053035178,21839.189744000003,21871.249476000005
2026-04-20 21:30:00+02:00,17537.98060501649,16091.335628,6412.942632881518,5793.898,23950.92323789801,21885.233628,21902.680884
2026-04-20 21:45:00+02:00,17686.47160396762,16097.891744,6411.287561444984,5678.624,24097.759165412604,21776.515744,21793.988416
2026-04-20 22:00:00+02:00,17389.85230666498,15708.905664,6784.724039281319,5924.162,24174.576345946298,21633.067664,21673.60754
2026-04-20 22:15:00+02:00,17534.233156791564,15732.589712,6782.314049924639,5922.095,24316.547206716205,21654.684712,21670.269212000003
2026-04-20 22:30:00+02:00,17626.93106521583,15693.731028,6774.747767778436,5779.284,24401.67883299427,21473.015028,21486.499284
2026-04-20 22:45:00+02:00,17695.501581470788,15856.057104,6775.515318831694,5570.533,24471.016900302482,21426.590104,21440.524196
2026-04-20 23:00:00+02:00,17239.140474173742,15822.857628,6673.250393978458,5474.598,23912.3908681522,21297.455628,21315.992332
2026-04-20 23:15:00+02:00,17267.543571189926,15787.232164,6659.067491330844,5426.921,23926.61106252077,21214.153164,21227.761168
2026-04-20 23:30:00+02:00,17281.51788560458,15659.517468,6655.659631729293,5308.313,23937.177517333872,20967.830468,20980.914576
2026-04-20 23:45:00+02:00,17297.108405269046,15547.119148,6656.305666191847,5281.7,23953.414071460895,20828.819148,20840.177216
2026-04-21 00:00:00+02:00,18284.680666600823,15626.308112,5888.664918548051,5729.461,24173.345585148876,21355.769112,21371.789676
2026-04-21 00:15:00+02:00,18327.450588160853,15325.142916,5882.029424763168,5616.227,24209.48001292402,20941.369916,20951.837504
2026-04-21 00:30:00+02:00,18346.868538754992,15191.602316,5880.836471860111,5459.528,24227.705010615104,20651.130316,20663.795348000003
2026-04-21 00:45:00+02:00,18320.16002831368,15108.447588,5864.10739950851,5227.513,24184.26742782219,20335.960588,20347.968920000003
2026-04-21 01:00:00+02:00,18151.02986248538,14860.397716,5334.640695127454,5012.034,23485.670557612833,19872.431716,19882.368092
2026-04-21 01:15:00+02:00,18139.5309795963,14593.567804,5344.223724600598,4836.155,23483.754704196897,19429.722804,19439.492552
2026-04-21 01:30:00+02:00,18135.4864071034,14359.68312,5335.855945741244,4739.174,23471.342352844644,19098.85712,19108.598688
2026-04-21 01:45:00+02:00,18125.063846688055,14039.934,5330.27352410238,4659.788,23455.337370790436,18699.722,18709.364968
2026-04-21 02:00:00+02:00,17408.802106742354,13823.712876,4380.1573225350685,4580.549,21788.959429277424,18404.261876,18414.287252
2026-04-21 02:15:00+02:00,17396.83776716442,13593.5313,4398.829748588966,4462.286,21795.667515753386,18055.8173,18067.822604
2026-04-21 02:30:00+02:00,17388.66126858416,13363.358208,4413.835280650662,4374.273,21802.496549234824,17737.631208,17750.40482
2026-04-21 02:45:00+02:00,17376.355485948716,13267.655288,4430.55804087242,4226.472,21806.913526821136,17494.127288,17506.996704
2026-04-21 03:00:00+02:00,17129.850017757126,13347.951468,3977.494463268675,3957.856,21107.3444810258,17305.807468,17316.301912
2026-04-21 03:15:00+02:00,17103.109767539794,13422.00064,3986.625881704497,3619.12,21089.735649244292,17041.12064,17051.4008
2026-04-21 03:30:00+02:00,17093.28044177146,13530.308384,4008.8534287824086,3417.669,21102.13387055387,16947.977383999998,16958.101767999997
2026-04-21 03:45:00+02:00,17089.638422374857,13548.998504,4019.7575090216437,3280.218,21109.395931396502,16829.216504,16840.339824
2026-04-21 04:00:00+02:00,16808.09156929568,13502.079404,3348.506920976488,3202.036,20156.59849027217,16704.115404,16714.487372
2026-04-21 04:15:00+02:00,16777.481430152246,13547.108892,3360.64099845082,3140.958,20138.122428603067,16688.066892,16698.564447999997
2026-04-21 04:30:00+02:00,16736.865596521027,13609.84912,3374.1625253706216,3038.485,20111.02812189165,16648.33412,16659.386872
2026-04-21 04:45:00+02:00,16696.606735554,13711.24608,3373.9930785588303,2907.281,20070.59981411283,16618.52708,16627.291944
2026-04-21 05:00:00+02:00,16624.63182179787,13897.163588,2917.6453772196273,2744.201,19542.277199017495,16641.364588,16652.20666
2026-04-21 05:15:00+02:00,16628.9289388814,13996.688728,2948.312190049893,2560.279,19577.24112893129,16556.967728,16569.017904
2026-04-21 05:30:00+02:00,16634.721418086367,14074.878376,2962.6045140978563,2451.792,19597.325932184223,16526.670376000002,16539.590628
2026-04-21 05:45:00+02:00,16621.747289341885,14221.824292,2965.3831862462816,2414.255,19587.13047558817,16636.079292,16657.660644
2026-04-21 06:00:00+02:00,16490.197502847597,14551.357792,2983.3240378066785,2417.74,19473.521540654277,16969.097792,17047.116744
2026-04-21 06:15:00+02:00,16443.991224604346,14472.681528,2997.1369772221638,2409.468,19441.12820182651,16882.149527999998,17203.250807999997
2026-04-21 06:30:00+02:00,16398.611305998966,14078.978948,3004.252893118568,2407.574,19402.864199117532,16486.552948,17404.487128
2026-04-21 06:45:00+02:00,16324.040675596703,13457.996652,2996.67833511358,2432.692,19320.719010710283,15890.688652,17796.307096
2026-04-21 07:00:00+02:00,13983.90263373686,12913.1705,2518.761428825711,2429.895,16502.66406256257,15343.0655,18605.722892
2026-04-21 07:15:00+02:00,13885.340524710133,12157.875456,2511.5891378323763,2367.359,16396.92966254251,14525.234456,19389.621036
2026-04-21 07:30:00+02:00,13794.678591244627,11101.50128,2522.34550653347,2370.949,16317.024097778096,13472.45028,20238.612028000003
2026-04-21 07:45:00+02:00,13683.40496895634,9828.018352,2517.2122333506177,2301.444,16200.617202306958,12129.462352,21094.184604
2026-04-21 08:00:00+02:00,9343.107490908611,8542.794024,2203.1362586953633,2207.195,11546.243749603975,10749.989024,22198.103488
2026-04-21 08:15:00+02:00,9064.99396491301,7539.10544,2201.629156521056,2031.816,11266.623121434066,9570.92144,23624.54088
2026-04-21 08:30:00+02:00,8821.638622447614,6917.953936,2240.125719055569,1936.938,11061.764341503182,8854.891936,25647.65288
2026-04-21 08:45:00+02:00,8633.557588334168,6555.953348,2221.237332523178,1909.132,10854.794920857346,8465.085348,28106.4312
2026-04-21 09:00:00+02:00,8256.73248354979,6135.874992,1965.8755098440079,1806.596,10222.607993393798,7942.470992,30397.537272
2026-04-21 09:15:00+02:00,8076.941793483091,5926.580504,1927.0947887573764,1782.789,10004.036582240467,7709.369503999999,32829.629896
2026-04-21 09:30:00+02:00,7961.657127431421,5915.840224,1898.2483273189912,1672.94,9859.905454750413,7588.780224,35451.286704
2026-04-21 09:45:00+02:00,7864.874280560893,6043.708924,1883.9056247932022,1584.413,9748.779905354095,7628.121923999999,38025.50238
2026-04-21 10:00:00+02:00,7621.9008022122525,6321.410376,1794.136719647682,1360.503,9416.037521859935,7681.913376,40514.927919999995
2026-04-21 10:15:00+02:00,7553.895801123395,6609.455048,1795.6571892715665,1245.077,9349.552990394961,7854.532048,42936.514264
2026-04-21 10:30:00+02:00,7492.559158054257,6926.163636,1780.4193642249859,1298.881,9272.978522279243,8225.044636,45423.094512
2026-04-21 10:45:00+02:00,7447.052514175801,7109.416928,1752.5467631137312,1147.15,9199.599277289532,8256.566928,47313.115352
2026-04-21 11:00:00+02:00,7298.134402626628,7642.474056,1643.239526519214,1350.0,8941.373929145842,8992.474056,49788.312608
2026-04-21 11:15:00+02:00,7266.918565502872,8083.548716,1605.2249620138841,1339.402,8872.143527516757,9422.950716,51605.404812
2026-04-21 11:30:00+02:00,7219.3809094884755,8231.963312,1583.7868740975255,1187.333,8803.167783586001,9419.296312,52881.023268
2026-04-21 11:45:00+02:00,7210.107938496476,8519.023084,1566.9019118326082,1062.012,8777.009850329085,9581.035084,53901.748436
2026-04-21 12:00:00+02:00,8279.215722639374,8718.173816,1645.1865705468426,952.62,9924.402293186216,9670.793816,54366.442643999995
2026-04-21 12:15:00+02:00,8250.614276838309,8853.778648,1636.7695622189885,821.227,9887.383839057296,9675.005648,54388.20448
2026-04-21 12:30:00+02:00,8166.3378078920005,9059.249528,1629.1387125787328,731.302,9795.476520470733,9790.551528,53861.80370800001
2026-04-21 12:45:00+02:00,8158.891409109534,9265.406004,1603.4894711035047,724.141,9762.380880213039,9989.547004,53738.563348
2026-04-21 13:00:00+02:00,8855.673896173263,9445.256948,1650.1818853919494,674.466,10505.855781565213,10119.722948,53968.045464
2026-04-21 13:15:00+02:00,8837.492703420656,9718.352852,1656.4045111654455,625.441,10493.8972145861,10343.793852,54440.279016
2026-04-21 13:30:00+02:00,8805.67867012017,9837.014876,1637.2705711281005,558.208,10442.949241248272,10395.222876,54107.953228
2026-04-21 13:45:00+02:00,8816.776966414796,9890.37488,1633.8507693589313,557.693,10450.627735773727,10448.06788,53488.835356
2026-04-21 14:00:00+02:00,9278.776103433727,9963.4897,1515.2497403387933,599.543,10794.02584377252,10563.0327,53006.274456
2026-04-21 14:15:00+02:00,9331.798160891587,10183.654332,1506.2892942470455,592.597,10838.087455138633,10776.251332,52841.931832
2026-04-21 14:30:00+02:00,9353.36181833571,10119.29294,1494.2414640820302,632.044,10847.60328241774,10751.33694,51728.642048
2026-04-21 14:45:00+02:00,9384.946322797105,10148.729296,1481.759192093659,634.566,10866.705514890764,10783.295296,50940.167168
2026-04-21 15:00:00+02:00,10719.477577079215,10128.706556,1508.8467462253825,627.469,12228.324323304598,10756.175555999998,50067.556488
2026-04-21 15:15:00+02:00,10851.524858265486,10139.664008,1517.38994500445,627.086,12368.914803269936,10766.750008,49271.93772
2026-04-21 15:30:00+02:00,10944.00825527347,10369.38554,1532.6880122373823,639.536,12476.696267510852,11008.92154,48317.896368
2026-04-21 15:45:00+02:00,11039.262770034855,10290.273324,1553.452930689667,623.405,12592.715700724522,10913.678324,46910.960656
2026-04-21 16:00:00+02:00,12574.359114893701,10560.407176,1455.8176900873507,637.258,14030.176804981053,11197.665176,46201.542932
2026-04-21 16:15:00+02:00,12814.744034315927,10707.669588,1474.2574474672176,645.561,14289.001481783145,11353.230588,44899.736364
2026-04-21 16:30:00+02:00,12965.962932644348,10764.7503,1492.953356000939,624.157,14458.916288645287,11388.9073,42849.677508
2026-04-21 16:45:00+02:00,13072.697534185761,11049.288704,1511.23226325542,601.719,14583.929797441182,11651.007704,40827.708776
2026-04-21 17:00:00+02:00,15465.538133062644,11171.247892,1067.171461075457,616.628,16532.7095941381,11787.875892,38518.118652000005
2026-04-21 17:15:00+02:00,15611.24988565319,11242.138976,1115.0676133404158,605.978,16726.317498993605,11848.116976,36007.437124
2026-04-21 17:30:00+02:00,15667.896579141727,11357.398236,1142.6200020434806,636.126,16810.516581185206,11993.524236,33595.037792
2026-04-21 17:45:00+02:00,15671.587640631036,11483.663988,1176.7216640967315,714.21,16848.30930472777,12197.873988,31169.49426
2026-04-21 18:00:00+02:00,14129.519435182889,11488.627456,1172.2750361138205,811.856,15301.79447129671,12300.483456,28561.637516000003
2026-04-21 18:15:00+02:00,14069.054290659373,11549.86492,1208.1842040457402,890.801,15277.238494705112,12440.66592,25850.08414
2026-04-21 18:30:00+02:00,14020.830011845695,11603.511508,1212.9741637964228,951.042,15233.804175642119,12554.553508,23233.709175999997
2026-04-21 18:45:00+02:00,13896.724670217644,11331.85262,1217.5941011163861,993.281,15114.31877133403,12325.13362,20503.733636
2026-04-21 19:00:00+02:00,13996.50102370169,11170.924464,1409.4250151285771,1061.204,15405.926038830268,12232.128464,18135.205764
2026-04-21 19:15:00+02:00,13920.045107254236,11079.699792,1426.7601585090097,1113.077,15346.805265763247,12192.776792,16201.154315999998
2026-04-21 19:30:00+02:00,13940.383548438687,10814.75556,1431.799304947398,1202.463,15372.182853386086,12017.21856,14533.723672
2026-04-21 19:45:00+02:00,14048.100732152188,10797.794352,1420.2870555919656,1303.743,15468.387787744154,12101.537352,13504.568572000002
2026-04-21 20:00:00+02:00,15598.078634329926,11180.109732,1439.3327548746895,1324.801,17037.411389204615,12504.910732,13151.918656
2026-04-21 20:15:00+02:00,15704.155452107632,11819.2723,1435.9133872991747,1268.193,17140.068839406806,13087.4653,13365.56974
2026-04-21 20:30:00+02:00,15810.944931629978,12275.897644,1455.17822585859,1214.786,17266.123157488568,13490.683644,13670.335644
2026-04-21 20:45:00+02:00,15968.727780420608,12855.642512,1457.2809620009361,1213.697,17426.008742421545,14069.339512,14120.600736
2026-04-21 21:00:00+02:00,16647.875402958496,13665.405288,1870.3407559837854,1224.184,18518.216158942283,14889.589288,14975.685012
2026-04-21 21:15:00+02:00,16801.187225564787,14442.425672,1876.4213452030592,1218.17,18677.608570767847,15660.595672,15690.651736
2026-04-21 21:30:00+02:00,16959.541629472722,14972.24886,1889.3027295498898,1253.575,18848.844359022612,16225.82386,16237.980324
2026-04-21 21:45:00+02:00,17100.883400262333,15313.954656,1886.751238043834,1252.573,18987.63463830617,16566.527656,16579.410355999997
2026-04-21 22:00:00+02:00,17081.354755645734,15274.056048,1975.5220367207044,1314.452,19056.876792366438,16588.508048,16609.705628
2026-04-21 22:15:00+02:00,17218.75792065653,15581.009792,1971.91076970998,1344.022,19190.66869036651,16925.031792,16937.713056
2026-04-21 22:30:00+02:00,17310.16356970432,15728.037508,1959.8631459288486,1398.152,19270.02671563317,17126.189508,17138.5549
2026-04-21 22:45:00+02:00,17379.611930283307,15734.522032,1958.375872216634,1384.78,19337.98780249994,17119.302032,17133.618448
2026-04-21 23:00:00+02:00,14204.691659866448,15573.508884,1378.6381245765403,1366.083,15583.329784442989,16939.591884,16957.361268
2026-04-21 23:15:00+02:00,14234.599481125095,15467.267844,1363.2695475835553,1311.085,15597.86902870865,16778.352844,16791.092208000002
2026-04-21 23:30:00+02:00,14249.742858890004,15428.923184,1357.0549961294978,1216.752,15606.797855019502,16645.675184,16658.725512
2026-04-21 23:45:00+02:00,14263.823499550783,15211.434852,1353.5918364269799,1131.292,15617.415335977763,16342.726852,16359.489748
2026-04-22 00:00:00+02:00,10840.136213985226,14796.994092,1147.2302327840061,1099.979,11987.366446769232,15896.973092,15914.5345
2026-04-22 00:15:00+02:00,10872.998553198928,14484.02134,1141.2939096025827,1091.48,12014.29246280151,15575.50134,15587.958868
2026-04-22 00:30:00+02:00,10885.97892295926,14137.297124,1140.2376822848516,1053.766,12026.216605244112,15191.063124,15204.955548
2026-04-22 00:45:00+02:00,10855.771952431804,13782.729252,1121.790917659104,999.205,11977.562870090907,14781.934252,14794.291616
2026-04-22 01:00:00+02:00,10264.871435045352,13369.321404,1011.2947513294584,957.773,11276.16618637481,14327.094404,14337.023468
2026-04-22 01:15:00+02:00,10246.992214071677,12888.488312,1020.3499360627598,928.401,11267.342150134436,13816.889312,13826.142612
2026-04-22 01:30:00+02:00,10235.733927183042,12339.684988,1010.7992134570862,949.768,11246.53314064013,13289.452988,13299.52476
2026-04-22 01:45:00+02:00,10219.59157361031,11835.2871,1005.1261415030247,1020.682,11224.717715113335,12855.9691,12865.017132
2026-04-22 02:00:00+02:00,9505.726801595278,11438.238424,895.8317139733048,1119.662,10401.558515568582,12557.900424,12566.87366
2026-04-22 02:15:00+02:00,9487.220534542228,11093.114552,909.5730566407011,1203.486,10396.79359118293,12296.600552,12308.0848
2026-04-22 02:30:00+02:00,9474.157569071473,10765.025868,919.790273817414,1251.653,10393.947842888887,12016.678868,12026.96894
2026-04-22 02:45:00+02:00,9460.04005637403,10478.595912,930.8171917074351,1233.973,10390.857248081466,11712.568912,11722.060512
2026-04-22 03:00:00+02:00,9080.434911865072,10316.771056,727.3253167303313,1179.307,9807.760228595404,11496.078056,11505.546432
2026-04-22 03:15:00+02:00,9057.346777013718,10206.402456,727.9875722816946,1105.698,9785.334349295412,11312.100456,11321.739412
2026-04-22 03:30:00+02:00,9048.746567747849,10132.227052,743.2530292990848,1034.311,9791.999597046934,11166.538052,11176.243244
2026-04-22 03:45:00+02:00,9045.542837871288,9978.038472,752.3208187750133,961.839,9797.863656646301,10939.877472,10950.254144
2026-04-22 04:00:00+02:00,8965.49009377185,9905.927632,634.6136469107867,899.749,9600.103740682636,10805.676632,10815.291828
2026-04-22 04:15:00+02:00,8937.414887593362,9857.99338,644.3052353894108,840.398,9581.720122982773,10698.39138,10707.87702
2026-04-22 04:30:00+02:00,8901.988851444386,9792.750684,654.9772466599559,800.902,9556.966098104342,10593.652684,10603.16686
2026-04-22 04:45:00+02:00,8865.057981050046,9710.961012,650.8714915680721,774.219,9515.929472618118,10485.180012,10496.706372
2026-04-22 05:00:00+02:00,8694.307449805627,9708.806808,633.4468288242882,776.252,9327.754278629915,10485.058808,10495.831652
2026-04-22 05:15:00+02:00,8704.817236978144,9672.09962,660.2858385847509,717.807,9365.103075562894,10389.906620000002,10400.253428000002
2026-04-22 05:30:00+02:00,8712.40255069289,9643.66184,672.6457296046041,695.366,9385.048280297495,10339.02784,10352.85134
2026-04-22 05:45:00+02:00,8700.005065313218,9518.837536,673.2455211940827,711.433,9373.250586507302,10230.270536,10261.263944
2026-04-22 06:00:00+02:00,9209.88058380484,9564.459396,588.9290092979778,707.142,9798.809593102817,10271.601396,10387.081624
2026-04-22 06:15:00+02:00,9170.25690690709,9421.77046,598.4293193720247,710.92,9768.686226279115,10132.69046,10636.87078
2026-04-22 06:30:00+02:00,9119.329496417417,9244.855288,604.283456506802,680.494,9723.612952924219,9925.349288,11355.444032
2026-04-22 06:45:00+02:00,9040.551864981277,8867.198804,598.3450122544915,688.579,9638.896877235768,9555.777804,12380.0806
2026-04-22 07:00:00+02:00,7835.935397511962,8628.665736,551.2807758108984,703.07,8387.21617332286,9331.735736,14067.45518
2026-04-22 07:15:00+02:00,7728.643230566228,8358.457344,542.7771443481865,707.883,8271.420374914414,9066.340344,16190.662856
2026-04-22 07:30:00+02:00,7624.592343433375,7983.071028,549.9922003968436,718.419,8174.5845438302185,8701.490028,18556.15314
2026-04-22 07:45:00+02:00,7496.575234681371,7328.031284,540.8126599171733,698.798,8037.387894598543,8026.829284,21108.587256
2026-04-22 08:00:00+02:00,5420.172074843265,6613.609636,649.3295098492292,702.561,6069.501584692494,7316.170636,24053.310916
2026-04-22 08:15:00+02:00,5106.88416745845,5811.063288,646.3849448508789,750.32,5753.269112309329,6561.383288,27084.258088
2026-04-22 08:30:00+02:00,5000.157427276605,4918.875908,632.1699586349248,814.517,5632.32738591153,5733.392908,30129.855336
2026-04-22 08:45:00+02:00,4842.276473048759,4124.621608,615.5595601658906,838.442,5457.836033214649,4963.063608,33133.253432
2026-04-22 09:00:00+02:00,2946.929968201473,3391.460796,481.0835806818486,371.723,3428.0135488833216,3763.183796,35614.4516
2026-04-22 09:15:00+02:00,2787.28366829656,3023.464864,444.62587230670897,498.498,3231.909540603269,3521.962864,39011.899088
2026-04-22 09:30:00+02:00,2696.5848112375984,3058.5504,420.7191765188704,460.726,3117.303987756469,3519.2764,42307.643012
2026-04-22 09:45:00+02:00,2613.4667972663783,3230.855484,409.4047769526951,530.645,3022.8715742190734,3761.500484,45639.64144000001
2026-04-22 10:00:00+02:00,2551.744934956357,3608.282868,650.5674647007459,481.315,3202.312399657103,4089.597868,49227.331203999995
2026-04-22 10:15:00+02:00,2479.9629231185468,4020.257384,656.3523874103714,714.046,3136.3153105289184,4734.303384,52487.449352
2026-04-22 10:30:00+02:00,2424.4398277482233,4267.43544,650.021799905914,813.852,3074.4616276541374,5081.28744,54622.041364
2026-04-22 10:45:00+02:00,2371.062111483189,4407.22928,631.5648238859254,480.791,3002.626935369114,4888.02028,54583.73798
2026-04-22 11:00:00+02:00,2639.1156799443283,4398.687956,571.4386774106572,588.279,3210.5543573549858,4986.966956,54908.359196000005
2026-04-22 11:15:00+02:00,2605.0651063127866,4833.638148,533.308236499902,490.623,3138.373342812689,5324.261148,56565.977436
2026-04-22 11:30:00+02:00,2540.180131454643,4769.491892,508.0152495315603,518.244,3048.195380986203,5287.735892,57393.170547999995
2026-04-22 11:45:00+02:00,2528.0209402932196,4821.614988,492.4821218674265,618.141,3020.503062160646,5439.755988,58246.419852
2026-04-22 12:00:00+02:00,2914.3487409990908,4357.48078,866.2262827047459,717.514,3780.5750237038365,5074.99478,57516.612236
2026-04-22 12:15:00+02:00,2892.708349979607,4006.533876,850.1697156557989,795.956,3742.878065635406,4802.489876,57312.75322
2026-04-22 12:30:00+02:00,2809.7119821867977,3915.780524,834.3136059752418,805.13,3644.0255881620396,4720.910524,57220.72346
2026-04-22 12:45:00+02:00,2803.4689237448265,3730.737692,811.3871287958709,818.234,3614.8560525406974,4548.971692,56637.624724
2026-04-22 13:00:00+02:00,3437.144180990438,3598.930796,1069.7832040178391,856.363,4506.927385008277,4455.293796,57253.497868
2026-04-22 13:15:00+02:00,3434.2977374087714,3756.53026,1074.0610894535262,852.1,4508.358826862297,4608.63026,57296.406916
2026-04-22 13:30:00+02:00,3390.8621474330503,3746.011476,1060.5795978691401,835.887,4451.441745302191,4581.898476,56880.27334
2026-04-22 13:45:00+02:00,3397.760790056209,3784.394044,1056.4010052946023,851.271,4454.161795350811,4635.665044,56363.91754
2026-04-22 14:00:00+02:00,5644.766567775353,3883.49208,1433.185326436912,900.822,7077.951894212265,4784.31408,55869.96468800001
2026-04-22 14:15:00+02:00,5693.959103999582,4291.11998,1428.3856990487122,965.008,7122.344803048294,5256.12798,55775.52368
2026-04-22 14:30:00+02:00,5719.803671132833,4572.499864,1415.5069425646514,1079.459,7135.310613697485,5651.958864,55323.954224
2026-04-22 14:45:00+02:00,5746.962381560801,4662.240792,1402.1039400322886,1119.544,7149.06632159309,5781.7847919999995,54174.923916
2026-04-22 15:00:00+02:00,6289.095472580746,5099.497524,1634.838402718593,1131.063,7923.933875299339,6230.560524,53621.943044
2026-04-22 15:15:00+02:00,6410.508582793884,5534.932632,1641.8440241975268,1144.729,8052.3526069914105,6679.661632,53015.899508
2026-04-22 15:30:00+02:00,6490.633220706483,5899.909096,1653.5689522877394,1169.517,8144.202172994223,7069.426096,51797.035364
2026-04-22 15:45:00+02:00,6574.654295332505,6440.817244,1664.9652457106697,1231.918,8239.619541043176,7672.735244,50899.445108
2026-04-22 16:00:00+02:00,7729.696109317714,6564.43636,1723.1063495068813,1489.506,9452.802458824595,8053.94236,49091.213468
2026-04-22 16:15:00+02:00,7998.246442864953,6663.136276,1736.14023281424,1513.498,9734.386675679192,8176.634276000001,47019.951028
2026-04-22 16:30:00+02:00,8192.905301964487,6935.559372,1756.8765618670996,1565.305,9949.781863831588,8500.864372,45546.96954400001
2026-04-22 16:45:00+02:00,8291.58182716554,7115.81312,1772.1533357447013,1865.049,10063.735162910241,8980.86212,44237.240704
2026-04-22 17:00:00+02:00,9763.052750894565,8012.881932,1832.2964458848355,2344.166,11595.3491967794,10357.047932,44978.924008
2026-04-22 17:15:00+02:00,9926.51614190683,8738.20044,1861.5037280982442,2527.495,11788.019870005075,11265.69544,43065.932604
2026-04-22 17:30:00+02:00,10011.955065822274,9726.94114,1890.7574492942772,2767.472,11902.712515116551,12494.41314,41170.345728
2026-04-22 17:45:00+02:00,10029.339866930495,10505.494196,1950.7678740577921,2904.331,11980.107740988287,13409.825196,38388.177316
2026-04-22 18:00:00+02:00,10449.932219928554,10693.412912,2212.4978869919964,2981.812,12662.43010692055,13675.224912,34636.691692
2026-04-22 18:15:00+02:00,10383.421955895976,10764.298056,2254.2312639185598,3007.249,12637.653219814536,13771.547056,30892.897852
2026-04-22 18:30:00+02:00,10325.205550499944,10699.266436,2270.5876535681573,3088.248,12595.7932040681,13787.514436,27134.605184
2026-04-22 18:45:00+02:00,10192.143352535631,10451.21142,2287.7807334646777,3096.737,12479.924086000308,13547.94842,23538.535924
2026-04-22 19:00:00+02:00,11488.958243087463,10327.765136,2385.3244880701263,3198.332,13874.28273115759,13526.097136,20587.788776
2026-04-22 19:15:00+02:00,11396.436097131183,10205.04702,2403.1059199828564,3273.051,13799.54201711404,13478.09802,18156.297292
2026-04-22 19:30:00+02:00,11391.729162101308,10068.287904,2405.8974490211276,3269.812,13797.626611122436,13338.099904,16240.16944
2026-04-22 19:45:00+02:00,11478.02214668062,10160.1345,2392.0864919218548,3211.612,13870.108638602474,13371.7465,15007.089052
2026-04-22 20:00:00+02:00,12497.506609508537,10780.746912,2620.7969251249274,3178.468,15118.303534633464,13959.214912,14732.837292
2026-04-22 20:15:00+02:00,12609.007787411132,11730.158284,2620.9898720049964,3222.023,15229.997659416129,14952.181283999998,15245.046448
2026-04-22 20:30:00+02:00,12710.679312819786,12212.208708,2642.650826222255,3202.121,15353.330139042042,15414.329708,15549.77704
2026-04-22 20:45:00+02:00,12870.111308883828,12751.465712,2647.9885421667936,3227.905,15518.099851050622,15979.370712,16037.896888
2026-04-22 21:00:00+02:00,14935.871579925863,13626.05374,2752.489113557045,3229.525,17688.360693482908,16855.57874,16966.291936
2026-04-22 21:15:00+02:00,15092.8949071405,14510.346068,2759.740134766746,3219.17,17852.635041907248,17729.516068,17781.294980000002
2026-04-22 21:30:00+02:00,15255.356128503758,15340.658344,2773.066845751484,3328.911,18028.42297425524,18669.569344,18699.355736
2026-04-22 21:45:00+02:00,15398.780725671113,16081.2094,2768.4924519727056,3429.673,18167.27317764382,19510.8824,19530.541692
2026-04-22 22:00:00+02:00,15083.539529897254,16611.8554,2793.17730930466,3514.998,17876.716839201916,20126.8534,20152.454884
2026-04-22 22:15:00+02:00,15225.408337865469,17082.16458,2791.162357321538,3575.04,18016.570695187005,20657.20458,20672.61548
2026-04-22 22:30:00+02:00,15323.491034487675,17481.529112,2776.5799801249564,3600.616,18100.071014612633,21082.145112,21095.383523999997
2026-04-22 22:45:00+02:00,15407.262455223881,17655.896792,2769.71776048741,3799.952,18176.98021571129,21455.848792,21470.738728
2026-04-22 23:00:00+02:00,15077.04411427607,17629.772264,3002.6898348079653,3928.592,18079.733949084035,21558.364264,21572.555608
2026-04-22 23:15:00+02:00,15102.393983364183,17441.580916,2978.021424975845,4094.537,18080.415408340028,21536.117916,21552.286428
2026-04-22 23:30:00+02:00,15109.603637196144,17120.154396,2963.099792700006,4260.207,18072.70342989615,21380.361396,21396.445336
2026-04-22 23:45:00+02:00,15117.774915520265,16810.90972,2956.5177281131187,4292.496,18074.292643633384,21103.40572,21116.913772
2026-04-23 00:00:00+02:00,14893.88066263056,16462.352328,3067.3641460772565,4326.427,17961.244808707816,20788.779328,20798.850976
2026-04-23 00:15:00+02:00,14928.72319355623,16244.621112,3061.501658813035,4327.469,17990.224852369265,20572.090112,20584.270296
2026-04-23 00:30:00+02:00,14941.810893187167,16031.251248,3058.501416352727,4278.267,18000.312309539895,20309.518248,20321.248756
2026-04-23 00:45:00+02:00,14912.453242497826,15735.983564,3040.0017464298235,4291.871,17952.45498892765,20027.854564,20039.506800000003
2026-04-23 01:00:00+02:00,14542.65593842632,15380.404,3261.572545157198,4634.701,17804.228483583516,20015.105,20028.542024
2026-04-23 01:15:00+02:00,14521.732865393835,15118.550112,3268.992777613007,4571.195,17790.72564300684,19689.745112,19703.412928
2026-04-23 01:30:00+02:00,14504.943797358392,14915.386812,3259.690940076546,4507.908,17764.63473743494,19423.294812,19433.568012
2026-04-23 01:45:00+02:00,14483.252462713648,14839.110156,3255.4085570859797,4423.836,17738.661019799627,19262.946156,19272.249088
2026-04-23 02:00:00+02:00,15107.941112624183,14703.65664,3208.692527537599,4259.464,18316.63364016178,18963.12064,18972.963512
2026-04-23 02:15:00+02:00,15084.769817215238,14671.005848,3225.011470532966,4054.307,18309.781287748203,18725.312848,18734.313388
2026-04-23 02:30:00+02:00,15067.194593807772,14615.320136,3234.8852044054725,3976.785,18302.079798213243,18592.105136,18602.206864
2026-04-23 02:45:00+02:00,15049.015430989117,14492.266808,3243.715718179945,3953.513,18292.731149169063,18445.779808,18455.40294
2026-04-23 03:00:00+02:00,14309.125734299696,14428.866392,3566.56300770432,3992.043,17875.688742004015,18420.909392,18430.812148
2026-04-23 03:15:00+02:00,14286.23579399908,14448.79936,3565.3764342717686,4054.592,17851.61222827085,18503.39136,18512.907028
2026-04-23 03:30:00+02:00,14277.782441622794,14394.147624,3578.826695494593,4065.737,17856.609137117386,18459.884624,18471.766296
2026-04-23 03:45:00+02:00,14272.555157321567,14434.169132,3585.7276089609127,4087.036,17858.28276628248,18521.205132000003,18533.516552000005
2026-04-23 04:00:00+02:00,14352.661297389008,14429.786748,3877.307564292972,4050.882,18229.96886168198,18480.668748,18492.901904
2026-04-23 04:15:00+02:00,14324.929259009208,14551.58096,3884.72993479597,4061.73,18209.65919380518,18613.31096,18624.469891999997
2026-04-23 04:30:00+02:00,14288.998875475041,14658.684312,3893.1292955740114,4119.565,18182.12817104905,18778.249312,18788.052548
2026-04-23 04:45:00+02:00,14251.799473589923,14845.165884,3887.962890016734,4220.212,18139.762363606656,19065.377884,19075.637284
2026-04-23 05:00:00+02:00,14769.67475372001,14976.981436,3985.655427936335,4172.234,18755.330181656343,19149.215436,19161.156111999997
2026-04-23 05:15:00+02:00,14780.491385042786,15104.074464,4006.8539590606215,4282.261,18787.345344103407,19386.335464,19396.245952
2026-04-23 05:30:00+02:00,14788.494105189917,15143.818976,4015.9359878482283,4422.466,18804.430093038143,19566.284976000003,19579.783824
2026-04-23 05:45:00+02:00,14774.268100706555,15108.787376,4015.0692127121984,4515.023,18789.337313418753,19623.810376,19651.484804
2026-04-23 06:00:00+02:00,17033.48924536955,15296.504008,4122.726559806969,4462.244,21156.21580517652,19758.748008,19878.218876
2026-04-23 06:15:00+02:00,16992.521691356404,15382.429224,4128.953940622577,4553.849,21121.47563197898,19936.278224,20407.40406
2026-04-23 06:30:00+02:00,16938.33190529595,15261.638892,4134.487015538726,4543.104,21072.818920834674,19804.742892,21157.964412
2026-04-23 06:45:00+02:00,16849.686276744746,14994.388244,4130.3637697479135,4687.93,20980.05004649266,19682.318244,22303.280632
2026-04-23 07:00:00+02:00,16565.954157756507,14757.426884,4011.550622478655,4951.229,20577.504780235162,19708.655884,24206.345756
2026-04-23 07:15:00+02:00,16451.250100060442,14407.810628,4006.5748544244566,5136.447,20457.8249544849,19544.257628,26181.149324
2026-04-23 07:30:00+02:00,16337.447143194955,14044.068096,4013.4246480133797,5316.265,20350.871791208334,19360.333096,28523.615640000004
2026-04-23 07:45:00+02:00,16192.439134565162,13627.707252,4003.7145084643917,5484.12,20196.153643029553,19111.827252,31200.688735999996
2026-04-23 08:00:00+02:00,14203.322293106867,13085.199768,3731.8284910085176,5506.064,17935.150784115383,18591.263768,33910.477072
2026-04-23 08:15:00+02:00,13949.699359055874,12410.101596,3733.858194695679,5511.794,17683.557553751554,17921.895596000002,36611.704924000005
2026-04-23 08:30:00+02:00,13768.60249382307,11718.051344,3710.431384035738,5495.34,17479.03387785881,17213.391344,39416.125152
2026-04-23 08:45:00+02:00,13590.22883899806,11252.752988,3694.247716484392,5467.256,17284.47655548245,16720.008988,42439.751004000005
2026-04-23 09:00:00+02:00,11763.401602789765,10510.542292,3253.45219468196,4832.036,15016.853797471726,15342.578292,44488.139756
2026-04-23 09:15:00+02:00,11598.681552740285,9840.839836,3218.8070935041014,4903.263,14817.488646244386,14744.102835999998,46934.043412
2026-04-23 09:30:00+02:00,11507.943761871966,9289.189156,3195.08285112298,4970.19,14703.026612994945,14259.379156,49911.027852
2026-04-23 09:45:00+02:00,11427.824644435103,9042.596588,3183.365174534146,4944.156,14611.189818969247,13986.752588,52754.123984000005
2026-04-23 10:00:00+02:00,10714.914656021721,8511.49104,2806.2595143287044,4522.62,13521.174170350427,13034.11104,54025.169664
2026-04-23 10:15:00+02:00,10650.474785651839,7857.691332,2808.691789151936,4265.992,13459.166574803774,12123.683332,53822.166036
2026-04-23 10:30:00+02:00,10604.45676702562,7685.414188,2803.3191206718543,3830.975,13407.775887697475,11516.389188,55038.45324
2026-04-23 10:45:00+02:00,10556.002902834916,7629.951316,2780.8745140469036,3570.817,13336.87741688182,11200.768316,56171.247076
2026-04-23 11:00:00+02:00,10153.641281315453,7455.683272,3052.677866613414,3174.93,13206.319147928867,10630.613272,57351.89508
2026-04-23 11:15:00+02:00,10131.949419290206,7222.266264,3015.4804325240552,3029.552,13147.42985181426,10251.818264,57813.563004
2026-04-23 11:30:00+02:00,10071.724596494072,7111.109396,2987.0740028106925,2521.225,13058.798599304764,9632.334396,58203.470484
2026-04-23 11:45:00+02:00,10066.524678849915,7033.643684,2968.6685952417884,2150.685,13035.193274091704,9184.328684,58846.45392
2026-04-23 12:00:00+02:00,9625.546159356829,6667.113332,2978.749884141701,2066.339,12604.296043498529,8733.452332,59254.207556
2026-04-23 12:15:00+02:00,9607.804620194394,6048.636772,2959.0840746369618,1873.241,12566.888694831356,7921.877772,58600.518396
2026-04-23 12:30:00+02:00,9531.84656009604,5587.797904,2940.7673619141774,1643.1,12472.613922010218,7230.897904,58387.14982
2026-04-23 12:45:00+02:00,9529.391668920707,5412.600552,2917.081730994068,1510.88,12446.473399914776,6923.480552,58208.258972
2026-04-23 13:00:00+02:00,9122.596360851565,4949.217616,2685.8457373389274,1492.669,11808.442098190491,6441.886616,57656.01028
2026-04-23 13:15:00+02:00,9126.097580014071,4468.36616,2688.146238185678,1564.132,11814.24381819975,6032.498159999999,56702.70535999999
2026-04-23 13:30:00+02:00,9084.380454420378,4440.071508,2673.1318206403703,1569.278,11757.512275060748,6009.349508,56456.029968
2026-04-23 13:45:00+02:00,9090.34022859142,4750.14048,2668.745911925931,1597.459,11759.086140517351,6347.59948,56477.393828
2026-04-23 14:00:00+02:00,9496.771870502842,5143.304464,2585.773431741497,1620.616,12082.54530224434,6763.920464,56653.349784000005
2026-04-23 14:15:00+02:00,9550.503478276276,5681.883916,2580.6872926781994,1633.071,12131.190770954476,7314.954916,56611.144512
2026-04-23 14:30:00+02:00,9574.635399259489,5892.867268,2569.605826044801,1668.927,12144.24122530429,7561.794268,55769.771563999995
2026-04-23 14:45:00+02:00,9601.9110833795,6287.774596,2556.629628895182,1695.33,12158.540712274682,7983.104596,55378.467772
2026-04-23 15:00:00+02:00,10411.972550385964,7125.357324,2430.539017943386,1758.302,12842.511568329352,8883.659324,55214.018108
2026-04-23 15:15:00+02:00,10531.0073055225,8662.785632,2437.6621682903433,1736.663,12968.669473812843,10399.448632,55500.031268
2026-04-23 15:30:00+02:00,10615.679937533228,9555.569928,2446.3546451752313,1714.811,13062.03458270846,11270.380928,54607.2949
2026-04-23 15:45:00+02:00,10697.936524785207,10374.35594,2455.074652878926,2063.758,13153.011177664133,12438.11394,54495.509439999994
2026-04-23 16:00:00+02:00,13180.909291098767,11472.658996,2495.900249557467,2518.653,15676.809540656235,13991.311996,54762.84385600001
2026-04-23 16:15:00+02:00,13385.188529268877,12612.242964,2510.0190547683196,3355.48,15895.207584037196,15967.722964,55047.312672
2026-04-23 16:30:00+02:00,13531.59625400215,13428.251676,2526.5716797686064,3703.424,16058.167933770757,17131.675676,53728.581704
2026-04-23 16:45:00+02:00,13635.505158684384,14173.9895,2540.326238088295,4173.066,16175.831396772679,18347.0555,53853.805456
2026-04-23 17:00:00+02:00,16896.23598373198,15894.549168,3120.738711640399,5344.964,20016.974695372377,21239.513168,54927.401332
2026-04-23 17:15:00+02:00,17055.253805001063,16941.503864,3149.1223372046147,5345.324,20204.376142205678,22286.827864,53466.669464
2026-04-23 17:30:00+02:00,17150.267940387377,17887.656724,3201.957538046575,5754.374,20352.225478433953,23642.030724,51688.603848
2026-04-23 17:45:00+02:00,17172.3866438833,18917.91872,3244.534270714318,6004.725,20416.920914597617,24922.64372,49637.4385
2026-04-23 18:00:00+02:00,18402.434645723333,19553.828964,3871.072692366302,6125.087,22273.507338089636,25678.915964,46629.574888
2026-04-23 18:15:00+02:00,18345.39764930142,19864.20258,3920.8923333167995,6085.74,22266.28998261822,25949.942580000003,43132.475816000006
2026-04-23 18:30:00+02:00,18290.34151435217,19520.690592,3938.109429393741,5879.916,22228.450943745913,25400.606592,38924.56626
2026-04-23 18:45:00+02:00,18161.682014964586,18979.699124,3955.81325259554,6005.882,22117.495267560127,24985.581123999997,35169.619152
2026-04-23 19:00:00+02:00,19741.014741314004,18469.24268,4674.402164876831,5591.728,24415.416906190836,24060.97068,31201.803404
2026-04-23 19:15:00+02:00,19654.00391426767,17980.030452,4692.816924634652,5508.587,24346.82083890232,23488.617452,28279.214144
2026-04-23 19:30:00+02:00,19646.560909540163,17404.19046,4697.738724449627,5491.605,24344.29963398979,22895.79546,25905.451792
2026-04-23 19:45:00+02:00,19734.82592889523,17158.241032,4687.6970686978875,5176.008,24422.522997593114,22334.249032,24058.735592
2026-04-23 20:00:00+02:00,20205.739612693033,17609.282944,5664.3964676602345,4341.815,25870.136080353266,21951.097943999997,22804.309368
2026-04-23 20:15:00+02:00,20336.094027881056,18763.392364,5662.713312695798,4203.643,25998.807340576852,22967.035364,23325.996224
2026-04-23 20:30:00+02:00,20450.18577978836,19422.92698,5680.7367069851725,4226.114,26130.922486773532,23649.04098,23804.959504
2026-04-23 20:45:00+02:00,20623.581208555635,20060.86436,5684.154758060808,4261.119,26307.73596661644,24321.98336,24397.73064
2026-04-23 21:00:00+02:00,20002.371167179994,20967.770992,5773.257654881685,5045.923,25775.628822061677,26013.693992,26064.589476
2026-04-23 21:15:00+02:00,20176.577898476728,21648.451876,5779.694613826482,5040.006,25956.27251230321,26688.457876,26709.483728
2026-04-23 21:30:00+02:00,20347.77408717543,22218.27858,5792.560293138568,4964.639,26140.334380313998,27182.91758,27203.709659999997
2026-04-23 21:45:00+02:00,20494.24731772836,22540.338716,5787.128978865849,4768.654,26281.376296594208,27308.992716,27326.405888
2026-04-23 22:00:00+02:00,19615.506690885362,22105.772032,5607.39484342999,5335.339,25222.90153431535,27441.111032,27457.720732
2026-04-23 22:15:00+02:00,19760.545593881914,22492.628544,5604.309876226826,5315.283,25364.85547010874,27807.911544,27820.891548
2026-04-23 22:30:00+02:00,19857.10067830912,22553.833752,5587.861261226404,5108.624,25444.961939535526,27662.457752,27672.655772
2026-04-23 22:45:00+02:00,19935.827513502645,22310.169116,5576.815498575816,5027.126,25512.64301207846,27337.295116,27347.777572000003
2026-04-23 23:00:00+02:00,21581.739731370817,22324.005872,5507.7082605705,5341.342,27089.447991941317,27665.347872,27675.849592
2026-04-23 23:15:00+02:00,21616.166728143457,22553.718856,5483.5737640749185,5573.753,27099.740492218374,28127.471856,28137.401568
2026-04-23 23:30:00+02:00,21633.999458798895,22523.273748,5467.612545606037,5646.687,27101.61200440493,28169.960748,28179.70586
2026-04-23 23:45:00+02:00,21649.098189616263,22300.937364,5459.560521664469,5635.831,27108.658711280732,27936.768364000003,27948.865196
2026-04-24 00:00:00+02:00,20692.852713310782,22008.0658,5642.693966855309,5674.179,26335.54668016609,27682.2448,27694.316668
2026-04-24 00:15:00+02:00,20711.59949531503,21723.204316,5633.765042180453,5762.991,26345.364537495483,27486.195316,27496.631852
2026-04-24 00:30:00+02:00,20708.539446812236,21570.238556,5625.597432564656,5737.532,26334.136879376892,27307.770556,27319.86168
2026-04-24 00:45:00+02:00,20660.214518942263,21214.621708,5602.356331636824,5809.291,26262.570850579086,27023.912708,27035.516372
2026-04-24 01:00:00+02:00,20500.998209805653,20857.12686,5722.379702202303,5838.06,26223.377912007956,26695.18686,26704.719676
2026-04-24 01:15:00+02:00,20457.309584626262,20627.571432,5720.798735538192,5755.23,26178.108320164454,26382.801432,26394.721724
2026-04-24 01:30:00+02:00,20419.490370889795,20157.261344,5702.123299045954,5825.437,26121.61366993575,25982.698343999997,25994.356471999996
2026-04-24 01:45:00+02:00,20378.2630564691,19847.19656,5688.249775334063,5903.787,26066.512831803164,25750.98356,25763.792428
2026-04-24 02:00:00+02:00,19292.939342524485,19514.612372,5632.651540773355,5974.479,24925.59088329784,25489.091372,25498.854432
2026-04-24 02:15:00+02:00,19251.82951691543,19049.370912,5645.337715575027,6115.71,24897.167232490458,25165.080912,25175.442008
2026-04-24 02:30:00+02:00,19214.85924281332,18713.539432,5652.581066460666,6176.7,24867.440309273985,24890.239432,24900.269064000004
2026-04-24 02:45:00+02:00,19172.845778204442,18390.780432,5655.320995144159,5965.042,24828.166773348603,24355.822432,24365.524568
2026-04-24 03:00:00+02:00,17987.065614461342,18014.283536,5634.439359752854,5751.942,23621.504974214196,23766.225536,23775.188112
2026-04-24 03:15:00+02:00,17946.012150326555,17737.415536,5629.698133947469,5718.953,23575.710284274024,23456.368536,23465.118424
2026-04-24 03:30:00+02:00,17919.415633629334,17450.943212,5639.582653962424,5670.947,23558.99828759176,23121.890212,23130.904832
2026-04-24 03:45:00+02:00,17898.168464566264,17219.919872,5640.975849284966,5508.446,23539.14431385123,22728.365872,22737.42786
2026-04-24 04:00:00+02:00,16779.417781565313,16971.174788,5604.835656549921,5824.744,22384.253438115233,22795.918788,22805.211876
2026-04-24 04:15:00+02:00,16741.332580087317,16903.17442,5608.13445256857,5866.294,22349.467032655888,22769.468419999997,22779.095007999997
2026-04-24 04:30:00+02:00,16694.835066428866,16739.756336,5616.359593647373,5880.361,22311.19466007624,22620.117336,22629.956264
2026-04-24 04:45:00+02:00,16648.32569525513,16514.3895,5611.005995885396,5695.066,22259.331691140527,22209.4555,22219.33874
2026-04-24 05:00:00+02:00,15815.517998999645,16373.989524,5565.0598384052455,5699.59,21380.57783740489,22073.579524,22087.664892
2026-04-24 05:15:00+02:00,15808.372098415335,16208.289712,5584.014535900744,5646.825,21392.386634316077,21855.114712,21868.031208
2026-04-24 05:30:00+02:00,15795.639167516156,15969.789904,5591.995896790695,5602.379,21387.63506430685,21572.168904,21587.820516
2026-04-24 05:45:00+02:00,15763.866095541194,15708.845812,5591.593190830619,5493.773,21355.459286371814,21202.618812,21225.495924
2026-04-24 06:00:00+02:00,14523.753159720942,15899.805392,5462.8395429273705,5572.063,19986.59270264831,21471.868392,21576.683996
2026-04-24 06:15:00+02:00,14468.289679537318,15556.516876,5466.532089964977,5570.822,19934.821769502294,21127.338876,21543.25558
2026-04-24 06:30:00+02:00,14395.926883785958,15089.846252,5471.818387927812,5566.235,19867.74527171377,20656.081252,21845.484628
2026-04-24 06:45:00+02:00,14286.481590911999,14639.832148,5468.448083363872,5533.438,19754.92967427587,20173.270148,22360.339968
2026-04-24 07:00:00+02:00,12320.231819719336,14414.275872,4666.053309902292,5411.101,16986.28512962163,19825.376872,23429.372864
2026-04-24 07:15:00+02:00,12189.420908304337,14320.999096,4658.017811831573,5344.849,16847.43872013591,19665.848096,24969.31472
2026-04-24 07:30:00+02:00,12065.216836504516,14190.936056,4660.6731026998505,5308.018,16725.889939204368,19498.954056,26697.475896000004
2026-04-24 07:45:00+02:00,11904.814827190952,13840.199296,4652.8945961097625,5304.837,16557.709423300716,19145.036296,28508.171916
2026-04-24 08:00:00+02:00,10938.651969338234,13636.190336,4473.866290852398,5486.627,15412.518260190633,19122.817336,30881.033424
2026-04-24 08:15:00+02:00,10658.819134343086,13417.948268,4474.024536280139,5587.652,15132.843670623224,19005.600268,33257.711228
2026-04-24 08:30:00+02:00,10512.03688866,13138.02564,4407.20412698948,5662.675,14919.24101564948,18800.70064,35637.20506
2026-04-24 08:45:00+02:00,10330.774604547396,12920.322164,4393.61527728143,5622.188,14724.389881828825,18542.510164,37932.733756
2026-04-24 09:00:00+02:00,9967.406899873582,12502.584844,4033.3079711673317,5569.648,14000.714871040913,18072.232844,39762.739248
2026-04-24 09:15:00+02:00,9803.186128847114,12222.965984,3997.3787852332753,5506.389,13800.564914080389,17729.354984,41763.31198
2026-04-24 09:30:00+02:00,9722.144980897678,11997.35432,3967.541379539294,5456.557,13689.686360436972,17453.91132,44117.254356
2026-04-24 09:45:00+02:00,9653.852282349913,11783.633412,3953.9537750192703,5444.521,13607.806057369184,17228.154412,46476.006508
2026-04-24 10:00:00+02:00,8899.570988909114,11558.715092,3360.5490150653295,5349.129,12260.120003974444,16907.844092,48799.083496
2026-04-24 10:15:00+02:00,8840.328293322546,11510.479732,3366.5847825214305,5310.211,12206.913075843975,16820.690732,51450.063727999994
2026-04-24 10:30:00+02:00,8793.679487260919,11342.356544,3362.33212165632,5093.443,12156.011608917239,16435.799544,53513.544884
2026-04-24 10:45:00+02:00,8760.53982430871,11070.03276,3333.336803452244,4654.038,12093.876627760954,15724.07076,55252.84351599999
2026-04-24 11:00:00+02:00,8671.95366260355,10610.066016,3224.176084920056,3284.08,11896.129747523606,13894.146016,54900.101736
2026-04-24 11:15:00+02:00,8663.12375960731,10411.369572,3184.7387301290164,2994.65,11847.862489736326,13406.019572,55874.523991999995
2026-04-24 11:30:00+02:00,8606.80092442735,9994.97756,3163.982598728364,2857.315,11770.783523155715,12852.29256,56065.823172
2026-04-24 11:45:00+02:00,8583.494772362274,9858.620024,3148.617154976428,2858.309,11732.111927338701,12716.929024,57075.819808
2026-04-24 12:00:00+02:00,7713.294614124237,9524.414456,3036.7359334436296,2979.063,10750.030547567867,12503.477456,57757.85332
2026-04-24 12:15:00+02:00,7693.935930142727,8791.357896,3025.097650714896,2760.989,10719.033580857624,11552.346896,57318.77353199999
2026-04-24 12:30:00+02:00,7605.40992971259,8498.030484,3011.593487524161,2445.685,10617.003417236752,10943.715484,56876.519928
2026-04-24 12:45:00+02:00,7598.570802679023,8160.565408,2989.8638874564786,2119.335,10588.434690135502,10279.900408,56695.267852
2026-04-24 13:00:00+02:00,7729.6761688843235,7593.157072,2842.223583036508,2316.051,10571.899751920831,9909.208072,57012.523876
2026-04-24 13:15:00+02:00,7720.896089773529,7304.781588,2842.1574055959272,2047.039,10563.053495369455,9351.820588,56323.348676
2026-04-24 13:30:00+02:00,7666.315946691805,7067.904072,2830.118728664686,2060.085,10496.434675356491,9127.989072,55248.408904
2026-04-24 13:45:00+02:00,7665.495708400444,6748.36446,2823.8039997046526,2010.071,10489.299708105096,8758.43546,55028.851692
2026-04-24 14:00:00+02:00,9318.60885719981,6619.602348,2700.6579444540675,1950.446,12019.266801653877,8570.048348,54812.485076
2026-04-24 14:15:00+02:00,9360.306235706259,6968.784632,2692.4596868126673,1934.724,12052.765922518927,8903.508632,54993.130236
2026-04-24 14:30:00+02:00,9365.631253401394,7034.579472,2681.7459637222814,1922.739,12047.377217123676,8957.318472,54302.426348
2026-04-24 14:45:00+02:00,9374.10482083966,7395.23746,2667.6689462167383,1945.645,12041.773767056398,9340.88246,54501.525752
2026-04-24 15:00:00+02:00,10036.263017404146,8133.91004,2347.436554458918,1960.081,12383.699571863064,10093.99104,54574.733008
2026-04-24 15:15:00+02:00,10128.867530527628,9209.759316,2347.3407569633655,1977.709,12476.208287490994,11187.468316,54709.963176
2026-04-24 15:30:00+02:00,10191.11959306781,9831.60086,2349.281490382164,2147.577,12540.401083449973,11979.17786,53909.120004
2026-04-24 15:45:00+02:00,10272.877053714188,10255.099164,2359.6061606835715,2304.981,12632.48321439776,12560.080164,53258.552088
2026-04-24 16:00:00+02:00,10667.501077374882,11469.407872,2494.7539631329228,2409.187,13162.255040507804,13878.594872,53977.706812
2026-04-24 16:15:00+02:00,10893.084719594322,12684.303008,2510.8463747191877,3190.545,13403.93109431351,15874.848008,54290.079232
2026-04-24 16:30:00+02:00,11065.988703849971,13261.879988,2525.754340807191,3383.31,13591.743044657162,16645.189988000002,53367.091671999995
2026-04-24 16:45:00+02:00,11184.006894822185,13721.659752,2545.8554883875095,3543.689,13729.862383209695,17265.348751999998,52348.305232
2026-04-24 17:00:00+02:00,12098.379710970723,14360.789156,3156.087355720567,4777.452,15254.46706669129,19138.241156,52293.028628
2026-04-24 17:15:00+02:00,12269.821271253943,14762.791528,3184.417097425887,5313.454,15454.23836867983,20076.245528,50030.290636
2026-04-24 17:30:00+02:00,12366.825903720515,15216.434028,3218.6471544180613,5066.247,15585.473058138577,20282.681028,46950.402628
2026-04-24 17:45:00+02:00,12403.092640738385,15485.708892,3260.734878576381,4609.526,15663.827519314766,20095.234892,43211.347552
2026-04-24 18:00:00+02:00,14421.900957584914,15344.138208,3473.5771698198205,5015.768,17895.478127404735,20359.906208,39987.271216
2026-04-24 18:15:00+02:00,14345.151938592599,15242.764968,3529.8989330105974,4860.955,17875.050871603195,20103.719968,36333.43882
2026-04-24 18:30:00+02:00,14264.907530387678,15169.487708,3552.7757817563074,4714.729,17817.683312143985,19884.216708,32727.939952
2026-04-24 18:45:00+02:00,14103.400404926497,15004.611944,3570.796254665205,4524.635,17674.196659591704,19529.246944,29282.039992
2026-04-24 19:00:00+02:00,15224.571908158214,14971.764912,4628.8259200749,4338.671,19853.397828233115,19310.435912,26364.0567
2026-04-24 19:15:00+02:00,15108.252533479004,14752.07172,4650.286267734679,4237.243,19758.538801213683,18989.31472,23793.973492
2026-04-24 19:30:00+02:00,15070.141460218443,14495.85938,4657.587505549506,4211.922,19727.72896576795,18707.78138,21781.404676
2026-04-24 19:45:00+02:00,15134.309073177961,14293.452388,4648.716565071712,4300.704,19783.025638249674,18594.156388,20407.172424
2026-04-24 20:00:00+02:00,17712.836625665026,14599.152044,4501.749764384093,3802.85,22214.58639004912,18402.002044,19272.920232
2026-04-24 20:15:00+02:00,17843.406013247204,15241.616208,4493.663561491471,3788.968,22337.069574738674,19030.584208,19389.311992
2026-04-24 20:30:00+02:00,17952.387442656604,15668.010244,4507.347564663294,3681.483,22459.735007319898,19349.493244,19495.329415999997
2026-04-24 20:45:00+02:00,18127.15611122174,15789.90066,4511.707091024553,3624.758,22638.86320224629,19414.65866,19482.876208
2026-04-24 21:00:00+02:00,18570.22338125199,16219.068788,4091.6221772392523,3501.924,22661.845558491244,19720.992788,19855.534968
2026-04-24 21:15:00+02:00,18758.05528002132,16526.386784,4103.918757822143,3434.55,22861.97403784346,19960.936784,20039.202447999996
2026-04-24 21:30:00+02:00,18923.49543850627,16748.05498,4132.334815151042,3389.787,23055.83025365731,20137.84198,20192.410392
2026-04-24 21:45:00+02:00,19073.576346712773,17034.273228,4137.562628585842,3346.529,23211.138975298614,20380.802227999997,20403.562539999995
2026-04-24 22:00:00+02:00,19114.91722684565,16690.425424,4082.037452948299,3251.765,23196.954679793947,19942.190424,20042.915568
2026-04-24 22:15:00+02:00,19267.541632209643,16772.422356,4074.9464857781286,3261.182,23342.48811798777,20033.604356,20100.342244
2026-04-24 22:30:00+02:00,19362.661209090747,16844.639916,4057.2163333129192,3390.381,23419.877542403665,20235.020916,20285.946676
2026-04-24 22:45:00+02:00,19439.782582266587,16975.457972,4052.355519797326,3565.775,23492.138102063913,20541.232972,20556.713672
2026-04-24 23:00:00+02:00,18660.277037632262,17009.231712,3818.3512450403077,3768.392,22478.62828267257,20777.623712,20797.279928
2026-04-24 23:15:00+02:00,18683.790898738574,16812.20422,3795.672960001513,3859.157,22479.463858740088,20671.36122,20694.99026
2026-04-24 23:30:00+02:00,18685.790942087267,16454.327256,3777.8992678221775,3980.848,22463.690209909444,20435.175256,20472.901888000004
2026-04-24 23:45:00+02:00,18685.69829397561,16437.628568,3762.4387598854564,4105.573,22448.137053861064,20543.201568,20573.31818
2026-04-25 00:00:00+02:00,18488.515828585987,16449.017952,3736.0244830210395,3738.725,22224.540311607027,20187.742951999997,20208.22374
2026-04-25 00:15:00+02:00,18492.362607525443,16454.34654,3725.4813690820365,3684.077,22217.84397660748,20138.42354,20151.72662
2026-04-25 00:30:00+02:00,18485.896299266722,16528.510708,3718.7546539961572,3650.222,22204.65095326288,20178.732708000003,20192.185392000003
2026-04-25 00:45:00+02:00,18432.87454697324,16557.366128,3696.2113131906904,3644.837,22129.08586016393,20202.203128,20216.3417
2026-04-25 01:00:00+02:00,17839.603444415334,16786.701152,3476.5441485430842,3642.216,21316.14759295842,20428.917152,20441.851588
2026-04-25 01:15:00+02:00,17791.75225718684,16615.027632,3471.359141213275,3811.984,21263.111398400113,20427.011632,20442.739784
2026-04-25 01:30:00+02:00,17737.249135782164,16775.160076,3468.640807347433,3932.421,21205.889943129598,20707.581076,20720.394408
2026-04-25 01:45:00+02:00,17693.632152921524,16809.620836,3459.4773208697166,4027.202,21153.10947379124,20836.822836,20849.465816
2026-04-25 02:00:00+02:00,16850.172184137013,16639.461292,3898.5701138169566,4097.039,20748.74229795397,20736.500292,20748.801688
2026-04-25 02:15:00+02:00,16803.583777664346,16625.883264,3913.7281463605,4182.748,20717.311924024845,20808.631264,20820.136972
2026-04-25 02:30:00+02:00,16760.640660073743,16729.052276,3920.949874796807,4248.615,20681.59053487055,20977.667276,20989.021632
2026-04-25 02:45:00+02:00,16715.956155045173,16655.863876,3918.9622328796754,4344.25,20634.91838792485,21000.113876,21009.304268
2026-04-25 03:00:00+02:00,16335.987928580604,16477.485788,4433.739964993066,4359.267,20769.72789357367,20836.752788,20846.151624
2026-04-25 03:15:00+02:00,16298.289496762007,16513.04892,4431.091810041027,4433.937,20729.381306803036,20946.98592,20956.658172
2026-04-25 03:30:00+02:00,16267.947327216862,16361.168744,4437.321872045112,4435.867,20705.269199261973,20797.035744,20809.543164
2026-04-25 03:45:00+02:00,16221.1816080757,16405.330216,4433.1820942463455,4398.487,20654.363702322044,20803.817216,20817.674272
2026-04-25 04:00:00+02:00,16794.832301496866,16408.756268,4499.128726233473,4240.862,21293.96102773034,20649.618268,20663.330652
2026-04-25 04:15:00+02:00,16752.97471570169,16260.928648,4501.551417062724,4182.581,21254.526132764415,20443.509648,20456.009196
2026-04-25 04:30:00+02:00,16700.164301762812,16183.4795,4509.880091297466,4281.695,21210.044393060278,20465.1745,20477.113096
2026-04-25 04:45:00+02:00,16629.779592892384,16515.51654,4498.219548390488,4381.724,21127.99914128287,20897.24054,20906.610355999997
2026-04-25 05:00:00+02:00,16598.96967744741,16632.766188,4592.830334949807,4477.815,21191.800012397216,21110.581188,21122.831744
2026-04-25 05:15:00+02:00,16573.38958432851,16703.817332,4606.2238977210245,4729.17,21179.613482049535,21432.987331999997,21445.023171999997
2026-04-25 05:30:00+02:00,16530.23915532542,16957.570124,4609.073536097974,4723.332,21139.312691423394,21680.902124,21696.20154
2026-04-25 05:45:00+02:00,16470.863616833667,17051.140436,4604.3585180142845,4663.599,21075.22213484795,21714.739436000003,21745.123228000004
2026-04-25 06:00:00+02:00,17050.64268014022,17326.851752,4435.544040738436,5131.32,21486.186720878657,22458.171752,22586.846616
2026-04-25 06:15:00+02:00,16983.12390708997,17281.625356,4435.74949952551,5222.005,21418.87340661548,22503.630356,22988.863424000003
2026-04-25 06:30:00+02:00,16893.72623422412,17270.124628,4436.220285171719,5111.175,21329.94651939584,22381.299628,23732.883576
2026-04-25 06:45:00+02:00,16771.548284144792,17455.445296,4431.917701138122,5040.083,21203.465985282914,22495.528296,25057.660416
2026-04-25 07:00:00+02:00,17394.326364551824,17646.265112,3776.4508992507467,5086.281,21170.77726380257,22732.546112,26884.009588
2026-04-25 07:15:00+02:00,17243.6925804113,17529.144872,3768.0331983076985,5047.883,21011.725778719,22577.027872,28660.990796
2026-04-25 07:30:00+02:00,17112.0808868519,17509.212844,3775.047426432342,4797.338,20887.128313284244,22306.550844,30657.509964
2026-04-25 07:45:00+02:00,16944.462605160974,17548.146648,3766.8041385340366,4571.609,20711.26674369501,22119.755648,33102.494056
2026-04-25 08:00:00+02:00,16655.967389598616,17385.51182,3078.8656192405547,4074.58,19734.83300883917,21460.09182,35333.375972
2026-04-25 08:15:00+02:00,16446.278848006506,17361.500244,3066.2984610357835,4227.187,19512.577309042288,21588.687244,38561.385076000006
2026-04-25 08:30:00+02:00,16185.211127868433,17366.19912,2968.9241712223916,4249.084,19154.135299090824,21615.28312,41767.353535999995
2026-04-25 08:45:00+02:00,16000.640835165896,17069.017792,2955.8215520240697,4127.055,18956.462387189964,21196.072792,44608.561036
2026-04-25 09:00:00+02:00,15412.468278867987,16275.521404,2200.5025650276125,3401.45,17612.9708438956,19676.971404,46051.468588
2026-04-25 09:15:00+02:00,15254.01881029061,15272.162476,2172.2636312782874,3338.587,17426.2824415689,18610.749476,47335.896204
2026-04-25 09:30:00+02:00,15166.880749415159,14922.774208,2149.0582308813227,2977.008,17315.93898029648,17899.782208,49480.3926
2026-04-25 09:45:00+02:00,15101.588524951861,14297.412784,2133.345659447976,2784.59,17234.934184399837,17082.002784,51424.39558
2026-04-25 10:00:00+02:00,14241.768177759008,14152.01678,2006.3788018592923,2600.108,16248.146979618301,16752.12478,53898.720111999995
2026-04-25 10:15:00+02:00,14159.468020057147,13603.978088,2004.3171742973054,1949.115,16163.785194354452,15553.093088,54683.71572
2026-04-25 10:30:00+02:00,14124.123419168529,12840.580392,1986.629036936235,1705.446,16110.752456104765,14546.026392,55601.030668
2026-04-25 10:45:00+02:00,14095.01363012573,11592.703848,1952.1915684990975,1600.182,16047.205198624828,13192.885848,54736.879764
2026-04-25 11:00:00+02:00,12795.974481914021,10067.111528,1518.175062042446,1619.982,14314.149543956468,11687.093528,55127.687432
2026-04-25 11:15:00+02:00,12805.419297882007,8967.438316,1475.8864925315522,1187.244,14281.305790413558,10154.682316,53973.711712
2026-04-25 11:30:00+02:00,12766.58570180193,8314.583856,1435.2864177166787,1145.687,14201.87211951861,9460.270856,54729.87284
2026-04-25 11:45:00+02:00,12763.117640317272,7378.606132,1407.6558628460052,836.972,14170.773503163276,8215.578132,53898.575528
2026-04-25 12:00:00+02:00,12799.047279791024,6700.218576,1057.7420640336181,862.225,13856.789343824643,7562.443576000001,54402.762572
2026-04-25 12:15:00+02:00,12785.228669856342,5906.046192,1041.277006892143,799.493,13826.505676748486,6705.539192,54189.092516
2026-04-25 12:30:00+02:00,12722.607128036796,5432.35364,1021.6151596115126,734.485,13744.222287648308,6166.83864,53709.103200000005
2026-04-25 12:45:00+02:00,12734.230299624025,5368.0203,995.8003420369051,817.827,13730.030641660931,6185.8473,53995.55182
2026-04-25 13:00:00+02:00,13355.836766490653,5352.369312,941.0416497633249,626.564,14296.878416253978,5978.933312,53799.473156
2026-04-25 13:15:00+02:00,13345.920590605085,4859.458416,942.315812378512,326.133,14288.236402983597,5185.591416,52479.113664
2026-04-25 13:30:00+02:00,13306.356488196832,5117.483832,930.9466105184434,332.5,14237.303098715276,5449.983832,51839.938576
2026-04-25 13:45:00+02:00,13338.267888145581,5111.849684,928.666158305091,311.616,14266.934046450673,5423.465684,51246.52064
2026-04-25 14:00:00+02:00,13674.991962822465,5431.961604,891.5525254165166,378.286,14566.544488238982,5810.247604,51904.895831999995
2026-04-25 14:15:00+02:00,13736.774065849735,5358.61926,884.330685557783,452.454,14621.104751407518,5811.07326,51676.431548
2026-04-25 14:30:00+02:00,13770.32616959779,5200.8491,878.6088701779809,472.653,14648.935039775772,5673.502100000001,50662.426752
2026-04-25 14:45:00+02:00,13807.055988457418,5399.43584,871.3558266768514,637.779,14678.41181513427,6037.214840000001,49966.180724
2026-04-25 15:00:00+02:00,14707.243610898782,5642.709508,1004.4001862704363,858.015,15711.643797169218,6500.724508,49591.362732
2026-04-25 15:15:00+02:00,14859.349457010227,5947.638424,1004.9459992459017,1046.057,15864.295456256128,6993.695424,49153.068415999995
2026-04-25 15:30:00+02:00,14960.103257118695,6508.104716,1019.3252802035386,1109.751,15979.428537322234,7617.855716,48052.951812
2026-04-25 15:45:00+02:00,15078.835133846515,7697.569176,1046.880255409787,1098.125,16125.715389256302,8795.694176,47919.155004
2026-04-25 16:00:00+02:00,17463.03245637633,9370.668224,1218.8209480885162,1206.318,18681.853404464848,10576.986223999998,47733.23712
2026-04-25 16:15:00+02:00,17722.56347109079,11781.622176,1267.7628937163277,1205.579,18990.32636480712,12987.201176,48360.967964
2026-04-25 16:30:00+02:00,17927.877164379184,15023.137888,1295.7702046092304,1907.703,19223.647368988415,16930.840888,50449.64478
2026-04-25 16:45:00+02:00,18076.168784602698,17695.068948,1329.1218118011882,2027.388,19405.290596403887,19722.456948,50758.363507999995
2026-04-25 17:00:00+02:00,20035.90120845981,20514.621016,1393.3378183981274,2107.376,21429.239026857937,22621.997016,51148.7988
2026-04-25 17:15:00+02:00,20244.802506432425,22537.620796,1415.142136109342,2842.496,21659.944642541766,25380.116796,51546.534384
2026-04-25 17:30:00+02:00,20391.847270501832,24075.084188,1479.6913164860832,3459.525,21871.538586987914,27534.609188,51890.64797600001
2026-04-25 17:45:00+02:00,20481.482844662132,25123.230276,1528.7099212340534,3666.036,22010.192765896187,28789.266276,50254.21768
2026-04-25 18:00:00+02:00,23506.07178527217,27121.645456,1859.3617278614036,4526.486,25365.433513133572,31648.131456,50634.167248
2026-04-25 18:15:00+02:00,23442.59138876353,28305.174056,1903.734177215185,5335.231,25346.325565978714,33640.405056,49249.742792000005
2026-04-25 18:30:00+02:00,23359.065540638338,29063.575124,1921.2775417623009,5240.895,25280.34308240064,34304.470124,47075.449552
2026-04-25 18:45:00+02:00,23193.496729668685,29380.909824,1945.3806173603655,4946.834,25138.87734702905,34327.743824,44039.37398
2026-04-25 19:00:00+02:00,26078.37270757968,29281.775904,3082.632418554848,4786.221,29161.00512613453,34067.996904,41022.381832
2026-04-25 19:15:00+02:00,25958.448407855016,29241.825868,3100.681480053393,4798.818,29059.12988790841,34040.643868,38756.142172
2026-04-25 19:30:00+02:00,25912.38288539054,28637.015016,3108.1950806590453,4788.103,29020.577966049586,33425.118016,36390.95836
2026-04-25 19:45:00+02:00,25968.82705046723,27770.235432,3090.795903429912,4754.838,29059.622953897142,32525.073432,34203.827832
2026-04-25 20:00:00+02:00,27918.31340557396,27586.575792,3666.3275553251096,5090.441,31584.640960899073,32677.016792,33424.178523999995
2026-04-25 20:15:00+02:00,28075.680154210928,28312.964952,3651.6764356934636,5146.294,31727.35658990439,33459.258952,33737.250748
2026-04-25 20:30:00+02:00,28205.766234362374,28204.926536,3665.914322635635,5001.985,31871.68055699801,33206.911536,33317.034728
2026-04-25 20:45:00+02:00,28405.474645813698,28647.763008,3671.9580457937095,4769.02,32077.432691607406,33416.783008,33462.707996
2026-04-25 21:00:00+02:00,28667.71933670013,28969.466964,4202.756852500416,5573.207,32870.47618920055,34542.673964,34592.585816
2026-04-25 21:15:00+02:00,28868.515369480556,29430.909412,4208.281320892856,5134.207,33076.79669037341,34565.116412,34591.089628
2026-04-25 21:30:00+02:00,29039.967691427035,29488.675148,4236.0603389414655,5250.349,33276.0280303685,34739.024148,34756.492944
2026-04-25 21:45:00+02:00,29186.499945672233,29322.014012,4237.170349452539,5377.443,33423.67029512477,34699.457012,34712.222868
2026-04-25 22:00:00+02:00,28150.07550460458,28178.304428,5122.241357947852,5942.726,33272.316862552434,34121.030428,34175.527556
2026-04-25 22:15:00+02:00,28306.642195136184,28110.3414,5115.902031233845,6641.395,33422.54422637003,34751.7364,34767.989516
2026-04-25 22:30:00+02:00,28399.650046022267,27671.904172,5090.5885540928875,6817.73,33490.23860011515,34489.634172,34516.222352
2026-04-25 22:45:00+02:00,28470.829381695978,27370.687996,5079.962341264191,6730.583,33550.791722960166,34101.270996,34113.76706
2026-04-25 23:00:00+02:00,24681.138039309724,26803.651908,5299.824205763267,6583.535,29980.96224507299,33387.186908,33405.233360000006
2026-04-25 23:15:00+02:00,24708.08098674671,26263.766776,5286.885026803964,6426.644,29994.966013550675,32690.410776,32701.103052
2026-04-25 23:30:00+02:00,24714.257177802192,25755.741412,5271.34891703714,6290.425,29985.60609483933,32046.166412,32058.730768
2026-04-25 23:45:00+02:00,24714.752043983935,25164.593152,5258.166056409905,6112.707,29972.91810039384,31277.300152000003,31291.440516
2026-04-26 00:00:00+02:00,23317.496956204424,24272.882416,5080.140281788774,5913.303,28397.6372379932,30186.185416,30199.323252
2026-04-26 00:15:00+02:00,23316.273203412387,23347.473408,5068.214452157143,5643.984,28384.48765556953,28991.457408,29015.133072
2026-04-26 00:30:00+02:00,23301.980729832325,22469.951028,5059.6286856297265,5866.758,28361.60941546205,28336.709027999997,28363.531344
2026-04-26 00:45:00+02:00,23244.834146995527,21543.21874,5036.228209846452,5646.033,28281.06235684198,27189.25174,27202.751472
2026-04-26 01:00:00+02:00,20758.553940636684,20731.425576,4643.69992834844,5385.51,25402.253868985124,26116.935576000003,26145.817932
2026-04-26 01:15:00+02:00,20712.917739228582,20019.804096,4643.793458645772,5244.094,25356.711197874356,25263.898096,25284.851544
2026-04-26 01:30:00+02:00,20663.972115397395,19317.222736,4645.697742171785,5068.106,25309.66985756918,24385.328736,24409.00632
2026-04-26 01:45:00+02:00,20622.13692153163,18561.83602,4639.613335027988,5068.69,25261.75025655962,23630.52602,23651.238447999996
2026-04-26 02:00:00+02:00,19006.790656735782,17685.330088,4251.286611708402,4965.033,23258.077268444184,22650.363088,22663.2549
2026-04-26 02:15:00+02:00,18947.527104185687,17045.297496,4268.65468228105,4874.669,23216.181786466736,21919.966496,21936.359872
2026-04-26 02:30:00+02:00,18902.061817997495,16511.235324,4276.673193521626,4771.689,23178.735011519122,21282.924324,21296.0853
2026-04-26 02:45:00+02:00,18861.250489634855,15922.615428,4276.636369103375,4675.16,23137.88685873823,20597.775428,20611.856232
2026-04-26 03:00:00+02:00,17342.516781688137,15345.48018,4079.767950216795,4523.035,21422.284731904932,19868.51518,19884.615200000004
2026-04-26 03:15:00+02:00,17303.42421201288,14958.075904,4080.948841915596,4328.092,21384.373053928477,19286.167904,19301.946804
2026-04-26 03:30:00+02:00,17265.556628305967,14494.985476,4081.812445468746,4077.819,21347.369073774713,18572.804476,18591.80948
2026-04-26 03:45:00+02:00,17216.035203457133,13980.79604,4073.7147665069415,3867.412,21289.749969964076,17848.208039999998,17868.973855999997
2026-04-26 04:00:00+02:00,16087.339062346247,13392.777032,3602.7920707203866,3762.937,19690.131133066636,17155.714032,17169.398164
2026-04-26 04:15:00+02:00,16044.504102702931,12949.000648,3604.8820147155157,3650.023,19649.386117418446,16599.023648,16613.171152
2026-04-26 04:30:00+02:00,15996.87249289121,12431.302644,3616.612490902609,3502.236,19613.48498379382,15933.538644,15950.263996
2026-04-26 04:45:00+02:00,15948.901877715158,11935.562672,3606.1361103332706,3252.276,19555.03798804843,15187.838672,15211.107996
2026-04-26 05:00:00+02:00,12236.971145937461,11470.025852,2764.3710331471816,2821.812,15001.342179084642,14291.837852,14325.023016
2026-04-26 05:15:00+02:00,12217.763494413117,10840.75436,2782.278317710205,2506.218,15000.041812123322,13346.97236,13388.93434
2026-04-26 05:30:00+02:00,12184.083084528858,10285.297392,2788.2465156005046,2276.596,14972.329600129364,12561.893392,12638.595204
2026-04-26 05:45:00+02:00,12135.776716395212,9808.642948,2781.4252306216567,2045.273,14917.201947016869,11853.915948,11989.52304
2026-04-26 06:00:00+02:00,10161.19348902016,9368.02328,2177.8064557109124,2030.797,12338.999944731071,11398.82028,11695.710468
2026-04-26 06:15:00+02:00,10096.421703460315,8878.774048,2177.0884682343426,2072.308,12273.510171694657,10951.082048,11825.152384
2026-04-26 06:30:00+02:00,10015.074558266735,8203.917872,2176.155464676893,1878.623,12191.230022943628,10082.540872,12030.7525
2026-04-26 06:45:00+02:00,9926.154836511141,7486.247876,2172.4093889285787,1638.227,12098.56422543972,9124.474876,12551.526188
2026-04-26 07:00:00+02:00,7228.130331891362,6690.32788,1615.2020070203548,985.544,8843.332338911718,7675.87188,13234.5865
2026-04-26 07:15:00+02:00,7077.4287445751725,5780.614668,1605.7666933167536,783.923,8683.195437891925,6564.537668,14501.694164
2026-04-26 07:30:00+02:00,6943.724230451542,4893.486852,1605.4910826507985,642.066,8549.21531310234,5535.552852,16396.023532
2026-04-26 07:45:00+02:00,6780.995040730332,4059.669644,1601.3282903251682,598.323,8382.3233310555,4657.992644,18798.998376
2026-04-26 08:00:00+02:00,3756.7779364374437,3408.9594,1117.0398314140957,508.802,4873.817767851539,3917.7614,21492.93702
2026-04-26 08:15:00+02:00,3544.3451126372815,2874.50484,1117.6879848787878,499.848,4662.03309751607,3374.35284,24395.877756
2026-04-26 08:30:00+02:00,3308.7622416184913,2515.921028,1065.693400698619,413.843,4374.455642317111,2929.764028,27733.746892000003
2026-04-26 08:45:00+02:00,3098.3573962324626,2294.885484,1052.6921603846235,336.349,4151.049556617087,2631.234484,31254.573352
2026-04-26 09:00:00+02:00,2542.714276536879,2013.734028,477.54058567006484,396.982,3020.254862206944,2410.7160280000003,33851.737
2026-04-26 09:15:00+02:00,2364.6276759917714,1718.361848,450.46762404841627,314.129,2815.095300040188,2032.490848,35403.99384
2026-04-26 09:30:00+02:00,2274.1993545032324,1526.543316,426.1053127371706,118.946,2700.304667240403,1645.489316,38008.633832
2026-04-26 09:45:00+02:00,2193.9257204804267,1423.723192,410.33681318508616,80.019,2604.262533665513,1503.742192,39333.883436
2026-04-26 10:00:00+02:00,2222.9562167934114,1220.629256,342.13506204214343,108.874,2565.091278835555,1329.503256,40927.650328
2026-04-26 10:15:00+02:00,2145.091008126847,949.434156,345.37651942845883,43.128,2490.467527555306,992.562156,42361.797572
2026-04-26 10:30:00+02:00,2109.9771299714516,908.318436,320.8406809129183,66.452,2430.81781088437,974.770436,43351.12734
2026-04-26 10:45:00+02:00,2073.568526050062,818.64568,272.65219712164094,69.496,2346.220723171703,888.14168,43925.550696
2026-04-26 11:00:00+02:00,1526.5743117723198,703.531864,173.86980540507295,52.658,1700.4441171773929,756.1898640000001,45345.580344
2026-04-26 11:15:00+02:00,1534.2983094104154,701.623244,124.37147991992072,47.117,1658.6697893303362,748.740244,46204.430912
2026-04-26 11:30:00+02:00,1498.6587984622429,587.411952,93.1051437184376,44.526,1591.7639421806805,631.937952,45839.467168
2026-04-26 11:45:00+02:00,1492.8302416374509,503.306172,66.63512616105686,33.331,1559.4653677985077,536.637172,45813.493524000005
2026-04-26 12:00:00+02:00,1186.5813171727025,481.202436,236.64092422919003,27.524,1423.2222414018925,508.726436,46372.805799999995
2026-04-26 12:15:00+02:00,1154.0904538997593,428.250068,209.15008972712775,3.464,1363.240543626887,431.714068,45636.09714
2026-04-26 12:30:00+02:00,1110.2416643848242,417.759896,175.58412567807886,2.956,1285.825790062903,420.715896,45603.650144
2026-04-26 12:45:00+02:00,1100.811312090978,451.45704,142.38600342442538,5.792,1243.1973155154033,457.24904,45290.181308
2026-04-26 13:00:00+02:00,615.0539548161677,451.906504,260.44259316425075,5.492,875.4965479804184,457.398504,45202.24482
2026-04-26 13:15:00+02:00,594.1382955387642,431.910616,248.63994899981753,2.657,842.7782445385817,434.567616,44943.653764
2026-04-26 13:30:00+02:00,550.6977028839658,419.931756,237.29574208256702,3.217,787.9934449665328,423.148756,44624.37464
2026-04-26 13:45:00+02:00,570.8813397715769,423.835396,234.74974293630032,5.223,805.6310827078772,429.058396,44002.719476
2026-04-26 14:00:00+02:00,154.51165821113682,408.368324,443.42019603147315,5.845,597.9318542426099,414.213324,43257.809859999994
2026-04-26 14:15:00+02:00,230.94364051917842,450.877484,443.7557152927267,5.337,674.6993558119051,456.214484,42671.4989
2026-04-26 14:30:00+02:00,261.86184172282356,469.918632,425.45683118163737,8.826,687.318672904461,478.744632,41773.337596000005
2026-04-26 14:45:00+02:00,323.9478638189861,478.88828,428.05458444222546,14.079,752.0024482612116,492.96728,40578.39494
2026-04-26 15:00:00+02:00,539.6100049821748,491.103944,467.9839020870346,21.612,1007.5939070692094,512.715944,39712.684608
2026-04-26 15:15:00+02:00,762.9175260426804,497.527584,463.626683511658,22.394,1226.5442095543383,519.9215839999999,39242.405824
2026-04-26 15:30:00+02:00,865.6647145102373,551.384432,486.5165996018899,24.765,1352.1813141121272,576.1494319999999,38470.137751999995
2026-04-26 15:45:00+02:00,980.7515899334244,606.823608,510.4110311797652,101.588,1491.1626211131895,708.411608,37735.611684
2026-04-26 16:00:00+02:00,1000.7627348163803,797.16446,300.7641473713684,97.752,1301.5268821877487,894.9164599999999,37141.078724
2026-04-26 16:15:00+02:00,1285.6824424633762,1089.671256,365.7410922853615,180.679,1651.4235347487377,1270.3502560000002,36335.86694
2026-04-26 16:30:00+02:00,1525.3350279973206,1443.24896,401.73027401036643,161.451,1927.065302007687,1604.69996,35877.371552
2026-04-26 16:45:00+02:00,1692.6250943701784,1646.4603,436.09376526068127,365.397,2128.7188596308597,2011.8573,33911.766724
2026-04-26 17:00:00+02:00,1493.0925222405851,1965.12698,485.05359980568755,735.548,1978.1461220462727,2700.67498,33788.784543999995
2026-04-26 17:15:00+02:00,1733.4990372584693,2246.540824,532.7962716798068,776.565,2266.2953089382763,3023.105824,31627.178527999997
2026-04-26 17:30:00+02:00,1939.533675758501,2319.820036,578.8256674567501,779.764,2518.359343215251,3099.584036,28956.841256
2026-04-26 17:45:00+02:00,2073.4512942399724,2151.117308,600.5713014266387,710.601,2674.022595666611,2861.718308,25541.069172
2026-04-26 18:00:00+02:00,2247.8416882494735,2470.760748,539.4120315326609,688.901,2787.2537197821343,3159.661748,22989.01126
2026-04-26 18:15:00+02:00,2211.1070481542956,2609.743968,567.531109199922,678.687,2778.6381573542176,3288.430968,19895.365936
2026-04-26 18:30:00+02:00,2124.2242382122135,2668.006816,589.2829463638252,665.847,2713.5071845760385,3333.853816,16704.275208
2026-04-26 18:45:00+02:00,1977.4283035380695,2616.680852,606.5691901001475,624.303,2583.997493638217,3240.983852,13671.60858
2026-04-26 19:00:00+02:00,1945.8917585413258,2444.438412,502.77851461770086,585.831,2448.6702731590267,3030.269412,10750.454356
2026-04-26 19:15:00+02:00,1833.3689377120759,2321.695716,517.8496051382315,525.249,2351.218542850307,2846.944716,8288.038604000001
2026-04-26 19:30:00+02:00,1783.2115614981376,2210.491416,537.4484062733815,466.544,2320.659967771519,2677.0354159999997,6216.84218
2026-04-26 19:45:00+02:00,1835.7083572605031,2182.750708,530.0367369833796,414.393,2365.7450942438827,2597.143708,4665.97832
2026-04-26 20:00:00+02:00,1772.8925183759334,2315.460272,245.99400585585954,423.542,2018.886524231793,2739.0022719999997,3710.628124
2026-04-26 20:15:00+02:00,1943.9131391500414,2684.909452,232.63158953736723,399.268,2176.5447286874087,3084.177452,3493.581508
2026-04-26 20:30:00+02:00,2082.333436397875,2897.59156,247.24248748020565,389.6,2329.5759238780806,3287.19156,3454.08252
2026-04-26 20:45:00+02:00,2279.7422718711355,2985.182752,255.74678275155514,355.487,2535.4890546226907,3340.669752,3438.0863480000003
2026-04-26 21:00:00+02:00,3009.9311680645806,3238.151924,250.42449795572318,325.81,3260.355666020304,3563.9619239999997,3618.233356
2026-04-26 21:15:00+02:00,3206.0623098179476,3561.028988,260.48717884396194,303.521,3466.5494886619094,3864.549988,3892.670468
2026-04-26 21:30:00+02:00,3375.9966422093917,3881.98486,290.2035349161205,307.958,3666.2001771255123,4189.94286,4207.781328
2026-04-26 21:45:00+02:00,3526.4234891451056,4177.924004,292.3582399190593,305.761,3818.781729064165,4483.685004000001,4499.625484000001
2026-04-26 22:00:00+02:00,4896.314829581002,4328.96562,371.24284424995153,297.776,5267.557673830954,4626.74162,4642.563868
2026-04-26 22:15:00+02:00,5049.635712687574,4511.78012,371.4471787831703,307.282,5421.082891470744,4819.0621200000005,4837.020812000001
2026-04-26 22:30:00+02:00,5142.777255865744,4673.58844,357.6887499618975,298.825,5500.466005827642,4972.41344,4986.09756
2026-04-26 22:45:00+02:00,5214.821670905301,4757.033424,358.46584028812856,273.789,5573.28751119343,5030.822424,5044.932868
2026-04-26 23:00:00+02:00,5649.808368186278,4808.722068,309.6807962920892,269.328,5959.4891644783675,5078.0500680000005,5092.641724
2026-04-26 23:15:00+02:00,5670.221296245014,4806.054936,297.1248224518553,274.228,5967.346118696869,5080.2829360000005,5103.39338
2026-04-26 23:30:00+02:00,5672.773455199157,4865.67086,286.310685878122,286.147,5959.084141077279,5151.81786,5165.34276
2026-04-26 23:45:00+02:00,5675.8036342039595,4911.693084,272.60221035856034,278.615,5948.40584456252,5190.308084,5201.397656
2026-04-27 00:00:00+02:00,4362.104490397448,4916.90574,309.9958719817488,248.796,4672.100362379197,5165.70174,5175.542144
2026-04-27 00:15:00+02:00,4347.7364781765855,4843.27434,301.2604411752889,226.167,4648.996919351875,5069.44134,5078.64484
2026-04-27 00:30:00+02:00,4318.98795166354,4750.847108,303.2820828005292,224.002,4622.270034464069,4974.849108,4984.830956000001
2026-04-27 00:45:00+02:00,4245.713375690291,4664.58218,279.5121150003178,236.093,4525.225490690609,4900.67518,4909.649456
2026-04-27 01:00:00+02:00,3868.1103815878705,4529.390628,376.7360073429575,241.971,4244.846388930828,4771.361628000001,4780.251520000001
2026-04-27 01:15:00+02:00,3810.9870329880996,4397.63332,381.08781064778634,260.748,4192.074843635886,4658.3813199999995,4667.438964
2026-04-27 01:30:00+02:00,3753.5704851732457,4265.86936,383.6339389536851,281.678,4137.2044241269305,4547.54736,4556.663111999999
2026-04-27 01:45:00+02:00,3700.7654261457615,4169.265488,380.24660238588615,298.037,4081.0120285316475,4467.302488,4478.00758
2026-04-27 02:00:00+02:00,3758.8016685543,4047.831216,347.6836063928861,317.418,4106.485274947186,4365.249216,4376.411304
2026-04-27 02:15:00+02:00,3694.2411805622974,3956.867208,367.49570573070525,340.252,4061.7368862930025,4297.119208,4307.225184
2026-04-27 02:30:00+02:00,3645.8169061867065,3874.365336,376.15209939730767,342.395,4021.969005584014,4216.760335999999,4226.901276
2026-04-27 02:45:00+02:00,3598.5371105813456,3801.944568,375.12161367597946,359.367,3973.658724257325,4161.311568,4174.514376
2026-04-27 03:00:00+02:00,3646.2591442763696,3721.838616,394.7959858713722,329.657,4041.0551301477417,4051.495616,4064.769068
2026-04-27 03:15:00+02:00,3606.900691164901,3670.910004,395.68679980751926,292.734,4002.5874909724207,3963.644004,3973.6101
2026-04-27 03:30:00+02:00,3570.788654569931,3582.986248,389.6490128685671,260.738,3960.4376674384985,3843.724248,3854.699056
2026-04-27 03:45:00+02:00,3515.193671548801,3435.091628,384.1848608199347,240.507,3899.3785323687357,3675.598628,3685.492584
2026-04-27 04:00:00+02:00,3869.291679294753,3305.906904,323.34754114011207,228.647,4192.639220434865,3534.553904,3546.772248
2026-04-27 04:15:00+02:00,3818.4988446327006,3186.501124,326.21963589067303,200.825,4144.718480523374,3387.3261239999997,3397.518224
2026-04-27 04:30:00+02:00,3762.8095708033443,3059.08938,333.7279760012264,174.82,4096.53754680457,3233.90938,3244.279212
2026-04-27 04:45:00+02:00,3711.8570140506195,2936.860228,317.786369258458,152.983,4029.6433833090773,3089.843228,3099.5158760000004
2026-04-27 05:00:00+02:00,3440.284099329201,2800.10408,320.75452931913367,135.226,3761.038628648335,2935.33008,2946.5839880000003
2026-04-27 05:15:00+02:00,3409.5838889146726,2737.064056,329.8991142366632,133.656,3739.4830031513357,2870.720056,2886.841876
2026-04-27 05:30:00+02:00,3369.9584836183176,2651.924568,332.00368776683626,116.245,3701.962171385154,2768.169568,2796.222264
2026-04-27 05:45:00+02:00,3317.6805656679717,2569.10452,320.5753527397963,92.19,3638.255918407768,2661.29452,2763.847964
2026-04-27 06:00:00+02:00,3527.9714854136582,2605.284804,306.5501080912579,94.278,3834.5215935049164,2699.5628039999997,3012.98294
2026-04-27 06:15:00+02:00,3458.1440507691677,2577.403436,309.3998485562943,111.648,3767.543899325462,2689.051436,3722.312244
2026-04-27 06:30:00+02:00,3374.7882997647857,2543.556676,304.77199388232714,113.028,3679.5602936471128,2656.584676,4789.033128
2026-04-27 06:45:00+02:00,3285.35837251388,2528.079108,293.46688162476227,137.614,3578.8252541386423,2665.693108,6348.353924
2026-04-27 07:00:00+02:00,2800.841450412701,2533.644508,286.79267010288186,172.314,3087.6341205155827,2705.9585079999997,8500.284536
2026-04-27 07:15:00+02:00,2638.9912228724693,2486.99436,272.98308620559544,202.27,2911.974309078065,2689.26436,10792.104356
2026-04-27 07:30:00+02:00,2497.501756609899,2360.010732,267.4544822718097,220.31,2764.956238881709,2580.320732,13494.523504
2026-04-27 07:45:00+02:00,2329.477397079098,2150.686892,261.90124698936063,195.09,2591.3786440684585,2345.7768920000003,16392.741140000002
2026-04-27 08:00:00+02:00,2433.2211967098306,1863.522656,265.16416877295507,148.705,2698.385365482786,2012.227656,19686.315508
2026-04-27 08:15:00+02:00,2150.4666592678677,1551.392652,263.45490065269166,107.604,2413.9215599205595,1658.996652,22741.764176
2026-04-27 08:30:00+02:00,1973.0488518411207,1317.388164,258.4350999068921,65.27,2231.4839517480127,1382.658164,25888.756036
2026-04-27 08:45:00+02:00,1742.9278637770035,1166.567596,237.46815851894488,49.862,1980.3960222959483,1216.4295960000002,29199.925408000003
2026-04-27 09:00:00+02:00,1624.3493725847381,1045.207248,196.09083462300867,41.188,1820.4402072077469,1086.395248,32467.739696
2026-04-27 09:15:00+02:00,1415.1700139958095,884.407324,162.4103728159679,26.403,1577.5803868117773,910.810324,35345.988379999995
2026-04-27 09:30:00+02:00,1308.146113652163,721.136596,124.8658078256185,14.538,1433.0119214777815,735.6745960000001,37795.836855999994
2026-04-27 09:45:00+02:00,1203.2053919688685,571.931644,98.98901399688705,14.366,1302.1944059657555,586.297644,40027.978524
2026-04-27 10:00:00+02:00,1178.5496847039856,511.308376,202.29635256625915,16.179,1380.8460372702448,527.487376,41910.563076
2026-04-27 10:15:00+02:00,1075.473595453361,491.473216,182.26232732395357,19.936,1257.7359227773145,511.409216,43782.108708
2026-04-27 10:30:00+02:00,1010.504556862375,483.143204,143.2896407416771,16.945,1153.794197604052,500.088204,45283.707632
2026-04-27 10:45:00+02:00,930.6287368121403,471.045752,84.90611866741688,14.401,1015.5348554795572,485.446752,47027.845120000005
2026-04-27 11:00:00+02:00,653.9689855987613,500.9469,0.0,15.01,653.9689855987613,515.9569,48657.978796
2026-04-27 11:15:00+02:00,627.7418606477972,560.627508,0.0,8.73,627.7418606477972,569.357508,50041.33038
2026-04-27 11:30:00+02:00,567.1314373788707,611.068536,0.0,4.459,567.1314373788707,615.5275359999999,50634.335144
2026-04-27 11:45:00+02:00,533.7756794151314,662.823844,0.0,3.401,533.7756794151314,666.224844,51049.687596
2026-04-27 12:00:00+02:00,0.0,653.90656,0.0,1.328,0.0,655.23456,50495.779427999994
2026-04-27 12:15:00+02:00,0.0,646.037388,0.0,0.699,0.0,646.7363879999999,50315.215308
2026-04-27 12:30:00+02:00,0.0,629.722568,0.0,1.598,0.0,631.320568,50450.026552
2026-04-27 12:45:00+02:00,0.0,620.981888,0.0,2.797,0.0,623.778888,50504.97448
2026-04-27 13:00:00+02:00,0.0,642.478492,0.0,11.272,0.0,653.750492,50792.02592
2026-04-27 13:15:00+02:00,0.0,687.047116,0.0,14.266,0.0,701.3131159999999,50868.445988
2026-04-27 13:30:00+02:00,0.0,737.204284,0.0,11.1,0.0,748.304284,50780.4113
2026-04-27 13:45:00+02:00,0.0,822.057604,0.0,21.051,0.0,843.108604,50304.585292
2026-04-27 14:00:00+02:00,0.0,933.703076,0.0,38.652,0.0,972.355076,50099.288376
2026-04-27 14:15:00+02:00,0.0,1027.047264,0.0,79.886,0.0,1106.933264,49438.860656
2026-04-27 14:30:00+02:00,0.0,1139.70892,0.0,160.42,0.0,1300.12892,48680.615292
2026-04-27 14:45:00+02:00,0.0,1204.413484,0.0,223.092,0.0,1427.505484,47859.348616
2026-04-27 15:00:00+02:00,0.0,1283.519716,0.0,259.182,0.0,1542.701716,46168.005408000005
2026-04-27 15:15:00+02:00,0.0,1385.136552,0.0,303.205,0.0,1688.341552,45533.856048
2026-04-27 15:30:00+02:00,0.0,1477.431368,0.0,316.183,0.0,1793.614368,43867.628852
2026-04-27 15:45:00+02:00,0.0,1653.887908,1.8905279851670684,298.921,1.8905279851670684,1952.808908,42179.638376
2026-04-27 16:00:00+02:00,0.0,1824.402528,125.49501396875098,311.92,125.49501396875098,2136.322528,40646.328764
2026-04-27 16:15:00+02:00,318.0895018900303,2101.45942,188.10962092790737,372.249,506.1991228179377,2473.70842,38683.704840000006
2026-04-27 16:30:00+02:00,621.3044544874845,2329.550804,240.22323578801462,354.103,861.527690275499,2683.653804,36496.731436
2026-04-27 16:45:00+02:00,856.4619042105743,2492.487524,279.5944916791974,315.861,1136.0563958897717,2808.348524,34139.408136
2026-04-27 17:00:00+02:00,1028.4812283975925,2595.466204,429.120694645713,346.693,1457.6019230433055,2942.1592039999996,31457.969052
2026-04-27 17:15:00+02:00,1318.1920779210932,2712.419632,489.03970716993126,345.626,1807.2317850910244,3058.0456320000003,28802.009980000003
2026-04-27 17:30:00+02:00,1535.3937250067913,2817.112856,549.4947435438578,342.179,2084.888468550649,3159.2918560000003,26077.176668
2026-04-27 17:45:00+02:00,1700.864641994208,2976.080184,585.2990044295212,354.824,2286.163646423729,3330.904184,23289.88728
2026-04-27 18:00:00+02:00,3348.073361184715,3147.618276,842.343268667783,355.152,4190.416629852498,3502.770276,20513.99764
2026-04-27 18:15:00+02:00,3347.556162068632,3315.929136,890.3673840871784,359.043,4237.923546155811,3674.972136,17910.771851999998
2026-04-27 18:30:00+02:00,3283.518927698188,3475.2995,907.3148893198576,362.865,4190.833817018045,3838.1645,15303.312532
2026-04-27 18:45:00+02:00,3145.3548908865805,3630.746184,916.9550853939496,367.687,4062.30997628053,3998.433184,12904.244688
2026-04-27 19:00:00+02:00,4414.356859147071,3870.14794,915.6067200674145,414.95,5329.963579214485,4285.09794,10926.363596
2026-04-27 19:15:00+02:00,4292.113133665886,4196.297184,931.5307737930724,459.826,5223.643907458959,4656.123184,9395.989404
2026-04-27 19:30:00+02:00,4201.386466424961,4434.201132,951.4923406342184,506.972,5152.87880705918,4941.173132,8121.82548
2026-04-27 19:45:00+02:00,4213.201091404257,4784.567488,947.7258695905751,568.751,5160.9269609948315,5353.318488,7326.851288
2026-04-27 20:00:00+02:00,6928.94992368451,5396.647096,957.9092802246367,681.467,7886.859203909147,6078.114095999999,7054.587852
2026-04-27 20:15:00+02:00,7095.757957262808,6161.923444,947.02394945618,819.724,8042.7819067189885,6981.647444,7348.994032
2026-04-27 20:30:00+02:00,7207.3304548250335,6845.58344,958.818528058496,945.174,8166.148982883529,7790.75744,7946.949484000001
2026-04-27 20:45:00+02:00,7394.581632854708,7290.767956,961.0011824671891,1078.168,8355.582815321897,8368.935956,8438.27102
2026-04-27 21:00:00+02:00,10654.084543445719,8102.145772,1112.1632803892849,1239.579,11766.247823835003,9341.724772,9491.147364
2026-04-27 21:15:00+02:00,10841.509307891813,9079.330972,1107.411647584946,1460.854,11948.920955476759,10540.184972,10652.566424
2026-04-27 21:30:00+02:00,10991.668765186458,10053.770712,1138.8294107849388,1680.459,12130.498175971396,11734.229712,11757.418596
2026-04-27 21:45:00+02:00,11123.149724552317,10920.375388,1143.7817892018552,1824.591,12266.931513754173,12744.966388,12761.170464
2026-04-27 22:00:00+02:00,13685.908087957943,11595.0523,1758.380228992916,1951.873,15444.288316950859,13546.9253,13572.9867
2026-04-27 22:15:00+02:00,13817.965505625454,12254.158616,1780.0200298041214,2001.315,15597.985535429576,14255.473616,14272.568804
2026-04-27 22:30:00+02:00,13877.803679276485,12841.174716,1777.8033508765284,2046.452,15655.607030153013,14887.626716,14903.010171999998
2026-04-27 22:45:00+02:00,13924.910938759707,13488.276828,1784.3622885794746,2125.26,15709.273227339181,15613.536828,15627.184396
2026-04-27 23:00:00+02:00,16201.547662858417,14110.822896,2136.1416892514826,2242.111,18337.689352109897,16352.933896,16366.304256
2026-04-27 23:15:00+02:00,16211.633465737423,14742.089584,2124.6825655325674,2256.184,18336.31603126999,16998.273584,17013.322379999998
2026-04-27 23:30:00+02:00,16202.524432964414,15173.323332,2115.5918599791635,2229.256,18318.116292943578,17402.579332,17415.024584000003
2026-04-27 23:45:00+02:00,16199.420509859112,15579.85136,2106.872656157054,2267.933,18306.293166016167,17847.78436,17860.827952000003
2026-04-28 00:00:00+02:00,17486.997236239047,15689.802532,2472.4744494029164,2372.295,19959.47168564196,18062.097532,18106.71038
2026-04-28 00:15:00+02:00,17464.339477420523,15759.021836,2464.6249404237565,2413.979,19928.96441784428,18173.000836,18182.437036
2026-04-28 00:30:00+02:00,17424.082562830725,15972.442044,2465.979551865511,2311.802,19890.062114696237,18284.244044,18295.389804
2026-04-28 00:45:00+02:00,17344.111496940666,16159.184092,2447.3353873232554,2296.485,19791.44688426392,18455.669092,18464.936628
2026-04-28 01:00:00+02:00,18066.280800849472,16228.390592,2421.049548730418,2268.224,20487.33034957989,18496.614592,18519.688135999997
2026-04-28 01:15:00+02:00,18002.36872232277,16184.6153,2426.738191590757,2194.504,20429.10691391353,18379.1193,18389.282968
2026-04-28 01:30:00+02:00,17938.459182030016,16218.099208,2436.5469560481342,2058.999,20375.006138078148,18277.098208,18286.275452
2026-04-28 01:45:00+02:00,17884.38404145441,16211.739728,2441.676592886496,1993.377,20326.060634340905,18205.116728,18214.521268
2026-04-28 02:00:00+02:00,17430.3658334187,16101.657212,2361.2799585238045,1993.268,19791.6457919425,18094.925212,18106.57816
2026-04-28 02:15:00+02:00,17365.5669619197,15873.670684,2380.6926597063402,1981.855,19746.25962162604,17855.525684,17865.721228
2026-04-28 02:30:00+02:00,17318.932307577485,15721.553044,2395.6047342430816,1901.721,19714.537041820568,17623.274044,17633.733824000003
2026-04-28 02:45:00+02:00,17275.239474362967,15640.80282,2406.7610801239543,1802.656,19682.00055448692,17443.45882,17453.293708
2026-04-28 03:00:00+02:00,16217.084462071292,15566.442964,2208.238098878934,1761.769,18425.322560950226,17328.211964,17340.566843999997
2026-04-28 03:15:00+02:00,16180.926918898575,15600.865004,2212.866062715266,1707.98,18393.792981613842,17308.845004,17319.10916
2026-04-28 03:30:00+02:00,16144.390058968382,15657.50622,2204.2530622611807,1658.625,18348.64312122956,17316.13122,17327.841723999998
2026-04-28 03:45:00+02:00,16086.211247095134,15639.671204,2197.078477379997,1591.426,18283.28972447513,17231.097204,17241.374784000003
2026-04-28 04:00:00+02:00,15913.48302588516,15772.573936,1993.3543921342107,1622.622,17906.83741801937,17395.195936,17406.93174
2026-04-28 04:15:00+02:00,15867.5039359166,15840.979688,1993.9760740461184,1672.808,17861.480009962717,17513.787688,17526.346824
2026-04-28 04:30:00+02:00,15817.409488359923,16007.67092,1998.4636302867166,1706.781,17815.87311864664,17714.45192,17727.416928
2026-04-28 04:45:00+02:00,15774.110749223357,16099.813828,1981.418187472148,1844.118,17755.528936695504,17943.931828,17956.984412
2026-04-28 05:00:00+02:00,15359.260889943336,16193.65714,2006.2155443004267,2048.262,17365.476434243763,18241.91914,18253.689668
2026-04-28 05:15:00+02:00,15337.075488536322,16388.12928,2011.8732915026417,2207.927,17348.948780038965,18596.05628,18606.351524
2026-04-28 05:30:00+02:00,15303.98334958234,16657.744532,2010.0327036044707,2395.366,17314.01605318681,19053.110532,19073.684535999997
2026-04-28 05:45:00+02:00,15260.761539823472,16844.662104,1993.6489077518113,2543.275,17254.410447575283,19387.937104,19464.341332
2026-04-28 06:00:00+02:00,15412.628121539925,17482.132172,2123.210981138371,2756.406,17535.839102678296,20238.538172,20581.941832
2026-04-28 06:15:00+02:00,15351.43212664456,17370.798568,2126.8811351527543,2880.341,17478.313261797313,20251.139568,21256.532352
2026-04-28 06:30:00+02:00,15279.469004157238,16860.551672,2121.115534718395,2975.294,17400.58453887563,19835.845672000003,21896.227980000003
2026-04-28 06:45:00+02:00,15204.30238757095,16318.071816,2111.4745115734468,2953.13,17315.776899144395,19271.201816,22697.483764
2026-04-28 07:00:00+02:00,14053.329090948006,15672.76442,2193.7957929712866,2892.028,16247.124883919292,18564.79242,23760.631616
2026-04-28 07:15:00+02:00,13906.009604505158,14937.096732,2183.6871003060783,2752.135,16089.696704811236,17689.231732,25017.284992
2026-04-28 07:30:00+02:00,13777.698721454812,13861.323924,2177.7233913463438,2512.156,15955.422112801156,16373.479924,26105.378356
2026-04-28 07:45:00+02:00,13628.191635366738,12591.206976,2173.4211335982654,2353.023,15801.612768965004,14944.229976,27514.669356
2026-04-28 08:00:00+02:00,10345.722044438326,11056.804616,2000.257973755044,2199.67,12345.98001819337,13256.474616,28979.266836
2026-04-28 08:15:00+02:00,10148.348916089999,9640.587756,1990.75234527444,2157.117,12139.101261364438,11797.704756,30920.314772
2026-04-28 08:30:00+02:00,9986.346108182584,8649.38674,1968.2240107632379,2101.278,11954.570118945823,10750.66474,33470.201556
2026-04-28 08:45:00+02:00,9782.2862159772,7793.855204,1944.100633456613,2020.78,11726.386849433813,9814.635204,36223.73838
2026-04-28 09:00:00+02:00,7292.747223321712,7194.527916,1763.4725557162508,1963.796,9056.219779037963,9158.323916,39213.33878
2026-04-28 09:15:00+02:00,7068.237390892122,6857.477652,1726.5738322457537,1981.44,8794.811223137876,8838.917652,42461.170816
2026-04-28 09:30:00+02:00,6955.942444660777,6481.00986,1684.6550039319816,1965.192,8640.597448592758,8446.201860000001,45299.008612
2026-04-28 09:45:00+02:00,6837.278545145512,6468.41866,1655.2756557284588,1971.203,8492.55420087397,8439.62166,48498.871956
2026-04-28 10:00:00+02:00,7212.662354005675,6465.134184,1620.350579318673,1935.447,8833.012933324348,8400.581183999999,50877.206368
2026-04-28 10:15:00+02:00,7102.376523235928,6436.74444,1599.0039609961163,1906.207,8701.380484232044,8342.95144,53032.710032
2026-04-28 10:30:00+02:00,7031.777087618211,6322.503912,1563.0152685503404,1929.771,8594.792356168551,8252.274912,54164.373624
2026-04-28 10:45:00+02:00,6947.107774747016,6633.336176,1512.6707565206302,1879.295,8459.778531267646,8512.631175999999,55780.45896
2026-04-28 11:00:00+02:00,7731.636772238363,7104.311072,1576.298341983837,1254.851,9307.9351142222,8359.162072000001,57677.80516
2026-04-28 11:15:00+02:00,7694.455789323208,7521.349772,1506.6546869805388,1199.459,9201.110476303747,8720.808772,57728.408308
2026-04-28 11:30:00+02:00,7623.282138764999,7330.996072,1470.7847889701848,1107.397,9094.066927735184,8438.393071999999,58381.32236
2026-04-28 11:45:00+02:00,7587.012977114518,7732.939224,1436.0594637813797,1065.882,9023.072440895898,8798.821224,58742.323208
2026-04-28 12:00:00+02:00,7362.467003890266,8027.465488,1305.241391933053,756.419,8667.70839582332,8783.884488,58344.53688
2026-04-28 12:15:00+02:00,7296.617793717136,8222.997224,1268.7576498668764,677.306,8565.375443584013,8900.303224000001,59139.967188
2026-04-28 12:30:00+02:00,7242.659719356691,8268.243804,1225.9209189523622,644.716,8468.580638309053,8912.959804,59501.356243999995
2026-04-28 12:45:00+02:00,7231.307033970888,8232.928688,1185.3030665252709,611.118,8416.61010049616,8844.046688,59231.988632
2026-04-28 13:00:00+02:00,8970.208203589282,8714.772792,1058.764172973141,593.695,10028.972376562422,9308.467792,60343.156776
2026-04-28 13:15:00+02:00,8937.334517928428,9092.60356,1031.7909709338523,401.157,9969.12548886228,9493.76056,59897.428356
2026-04-28 13:30:00+02:00,8905.481593540813,8941.83646,1026.129068561013,371.53,9931.610662101826,9313.36646,59438.65029600001
2026-04-28 13:45:00+02:00,8931.58640374104,8442.719192,1022.9616405878485,386.019,9954.548044328887,8828.738192,58335.305284
2026-04-28 14:00:00+02:00,11098.461503473023,8482.499044,924.1516814836183,363.34,12022.61318495664,8845.839044,58241.747668
2026-04-28 14:15:00+02:00,11171.204288038347,8950.091576,937.7688431813569,473.76,12108.973131219704,9423.851576,57925.8744
2026-04-28 14:30:00+02:00,11199.076816119888,9269.24708,916.3071761211073,647.665,12115.383992240995,9916.912079999998,57411.929315999994
2026-04-28 14:45:00+02:00,11265.673334631769,9581.94498,923.919333488917,629.642,12189.592668120686,10211.58698,57136.86628
2026-04-28 15:00:00+02:00,12134.639222405605,10795.75294,1158.229072131206,673.871,13292.868294536811,11469.62394,57489.101456
2026-04-28 15:15:00+02:00,12303.691704566503,11355.9139,1160.2957122558353,847.582,13463.987416822338,12203.4959,57413.513844
2026-04-28 15:30:00+02:00,12436.113895068951,11696.436572,1182.929842994795,821.894,13619.043738063747,12518.330572,56019.320156
2026-04-28 15:45:00+02:00,12616.279685624728,12309.114136,1206.831520733413,790.273,13823.11120635814,13099.387136,54567.386508
2026-04-28 16:00:00+02:00,12868.551780084903,12887.923464,1281.1463943583033,949.951,14149.698174443207,13837.874464,53436.772484
2026-04-28 16:15:00+02:00,13286.85423720061,14006.956116,1348.2326714877838,989.112,14635.086908688394,14996.068116,52758.422311999995
2026-04-28 16:30:00+02:00,13684.90126394666,15348.660908,1402.3037658169908,1005.544,15087.20502976365,16354.204908,52412.045024
2026-04-28 16:45:00+02:00,13923.294455859263,15984.543676,1437.9803954297263,1138.462,15361.274851288988,17123.005676,51553.528464
2026-04-28 17:00:00+02:00,14667.339008639172,17466.791344,1994.5466802016704,1968.224,16661.88568884084,19435.015344,51495.588147999995
2026-04-28 17:15:00+02:00,14965.789137949707,18779.509044,2075.6103131299487,2487.719,17041.399451079655,21267.228044,50763.026072
2026-04-28 17:30:00+02:00,15206.09734039346,19797.908856,2138.8383947102648,2666.738,17344.935735103725,22464.646856,48623.98814
2026-04-28 17:45:00+02:00,15380.60823787274,20742.283168,2175.365908809723,2848.038,17555.974146682463,23590.321168,46115.30668
2026-04-28 18:00:00+02:00,16715.356886551053,21259.894372,2826.627902645676,3044.887,19541.98478919673,24304.781372,43311.878388
2026-04-28 18:15:00+02:00,16727.56650494985,21515.172268,2872.2883232361773,3297.432,19599.854828186028,24812.604268,40476.490336
2026-04-28 18:30:00+02:00,16672.800848832387,21886.948104,2892.5719002007213,3431.462,19565.372749033108,25318.410104,37832.153768
2026-04-28 18:45:00+02:00,16549.791212247623,22029.446376,2901.3615517922194,3539.321,19451.15276403984,25568.767376,35163.244504
2026-04-28 19:00:00+02:00,18097.635312394566,21893.134,3293.804044601977,3615.722,21391.439356996543,25508.856,32545.067684
2026-04-28 19:15:00+02:00,17984.950170704044,21700.560276,3303.07840525809,3717.244,21288.028575962133,25417.804276,30291.551536
2026-04-28 19:30:00+02:00,17910.581240338932,21298.844688,3307.108127383334,3775.694,21217.689367722265,25074.538688,28271.062932
2026-04-28 19:45:00+02:00,17925.983873397487,20678.877392,3300.753162544239,3822.536,21226.737035941725,24501.413392,26466.34812
2026-04-28 20:00:00+02:00,18193.420643957023,20525.015888,3704.49137925617,3745.134,21897.912023213194,24270.149888,25265.847488
2026-04-28 20:15:00+02:00,18360.97422256671,21162.937228,3689.7665372728366,3713.212,22050.740759839548,24876.149228,25333.690244
2026-04-28 20:30:00+02:00,18467.38113238215,22035.472964,3683.780358868579,3732.41,22151.16149125073,25767.882964,25963.362404
2026-04-28 20:45:00+02:00,18645.368588745365,22677.204412,3675.7109739968964,3741.543,22321.079562742263,26418.747412,26523.454772
2026-04-28 21:00:00+02:00,19993.585075297076,23521.295704,3919.0935495040803,3779.341,23912.678624801156,27300.636704,27367.981332
2026-04-28 21:15:00+02:00,20182.48282837602,24145.992016,3909.6895522454724,3800.558,24092.172380621494,27946.550016,27974.422016
2026-04-28 21:30:00+02:00,20330.533885273908,24552.406728,3928.0737715641467,3865.251,24258.607656838056,28417.657728,28440.127604
2026-04-28 21:45:00+02:00,20455.267783546562,24927.163424,3926.95262392764,3857.706,24382.220407474204,28784.869423999997,28805.145663999996
2026-04-28 22:00:00+02:00,19829.28995246622,24201.0041,3799.4615201599167,3766.419,23628.751472626136,27967.4231,28004.62228
2026-04-28 22:15:00+02:00,19959.86222303176,24141.395092,3815.0929270035354,3679.855,23774.955150035294,27821.250092,27839.365576
2026-04-28 22:30:00+02:00,20016.679684317485,24313.392952,3808.5400468407133,3542.405,23825.2197311582,27855.797951999997,27870.308756
2026-04-28 22:45:00+02:00,20055.037075025713,24576.780544,3817.4268669437197,3395.41,23872.463941969432,27972.190544,27987.048372
2026-04-28 23:00:00+02:00,20881.47979291012,24378.763172,3402.327436263198,3257.345,24283.807229173315,27636.108172,27652.8982
2026-04-28 23:15:00+02:00,20877.161843626604,24226.92962,3396.4815614848544,3120.446,24273.64340511146,27347.37562,27361.69072
2026-04-28 23:30:00+02:00,20854.14521079078,24090.510812,3396.3881039459857,2977.754,24250.533314736764,27068.264812,27082.171188
2026-04-28 23:45:00+02:00,20840.987693799307,23872.079596,3390.203990382607,2794.663,24231.191684181915,26666.742596,26685.706228
2026-04-29 00:00:00+02:00,19856.638903088828,23588.32756,2645.1193213371344,2959.497,22501.75822442596,26547.82456,26568.065604
2026-04-29 00:15:00+02:00,19839.883318333348,23521.40458,2640.4241462732184,2654.243,22480.307464606565,26175.647579999997,26191.30348
2026-04-29 00:30:00+02:00,19810.26271882112,23426.487704,2640.024128584996,2390.752,22450.286847406114,25817.239704,25833.333952
2026-04-29 00:45:00+02:00,19738.23579539619,23123.928796,2621.7116687671205,2171.676,22359.947464163313,25295.604796,25311.310464
2026-04-29 01:00:00+02:00,16117.480543085678,22962.647588,1798.1540118609917,1948.141,17915.634554946668,24910.788588,24926.257764
2026-04-29 01:15:00+02:00,16049.269231827397,22713.058548,1807.5585849185652,1755.086,17856.82781674596,24468.144548,24483.612564
2026-04-29 01:30:00+02:00,15985.717766993866,22432.596404,1817.5431245278075,1602.705,17803.260891521673,24035.301404,24051.268552
2026-04-29 01:45:00+02:00,15930.380492471622,22050.565036,1823.2519144698313,1497.266,17753.632406941455,23547.831036,23565.070184
2026-04-29 02:00:00+02:00,14814.935615895418,21651.291164,1492.8764235692977,1324.264,16307.812039464716,22975.555164,22993.615523999997
2026-04-29 02:15:00+02:00,14747.94503593969,21278.161536,1510.8200160142146,1251.95,16258.765051953906,22530.111536,22547.026332
2026-04-29 02:30:00+02:00,14700.05199045801,21040.165512,1522.700459412085,1145.313,16222.752449870095,22185.478512,22203.62266
2026-04-29 02:45:00+02:00,14656.827387929698,20783.97384,1530.545691206772,1047.483,16187.373079136469,21831.45684,21849.456552
2026-04-29 03:00:00+02:00,14008.346917553867,20520.12572,1162.5692948413514,994.096,15170.916212395217,21514.22172,21532.44694
2026-04-29 03:15:00+02:00,13972.09132274166,20182.472324,1167.2387201060778,939.679,15139.330042847738,21122.151324,21140.700148
2026-04-29 03:30:00+02:00,13937.157058758246,19793.967896,1160.1000364147174,920.381,15097.257095172963,20714.348896,20733.154712
2026-04-29 03:45:00+02:00,13880.747732867612,19532.741448,1153.4190718087232,893.378,15034.166804676335,20426.119448,20441.827500000003
2026-04-29 04:00:00+02:00,13248.840902851665,19381.09538,1032.5803450087071,831.811,14281.421247860373,20212.90638,20228.052124
2026-04-29 04:15:00+02:00,13212.070767979782,19307.491072,1036.9520066923817,802.975,14249.022774672163,20110.466072,20125.716564
2026-04-29 04:30:00+02:00,13174.145801056056,19163.236844,1044.047827019959,702.382,14218.193628076015,19865.618844,19883.221568
2026-04-29 04:45:00+02:00,13139.227740512903,19044.744736,1030.346393034596,634.591,14169.5741335475,19679.335736,19695.393276000003
2026-04-29 05:00:00+02:00,12853.34818623851,18959.395172,780.0085498224271,590.205,13633.356736060938,19549.600172,19566.456052
2026-04-29 05:15:00+02:00,12836.2335565429,18816.91834,793.0849373312119,511.932,13629.318493874112,19328.85034,19348.980008
2026-04-29 05:30:00+02:00,12810.801886531171,18620.375892,799.8772055127328,455.423,13610.679092043903,19075.798892,19107.935656
2026-04-29 05:45:00+02:00,12775.85896795104,18290.951188,791.9107815341232,446.813,13567.769749485164,18737.764187999997,18849.077272
2026-04-29 06:00:00+02:00,13235.961082066822,18364.539412,589.7466456875733,440.388,13825.707727754396,18804.927411999997,19227.692399999996
2026-04-29 06:15:00+02:00,13176.173568762122,17812.155244,599.74582432857,452.017,13775.919393090691,18264.172244,19402.982252
2026-04-29 06:30:00+02:00,13096.018579489599,16968.052316,600.416903217699,435.236,13696.435482707298,17403.288316000002,19656.018584
2026-04-29 06:45:00+02:00,13016.046074149011,16113.042056,593.8741231709319,439.209,13609.920197319943,16552.251056,20281.932824
2026-04-29 07:00:00+02:00,12820.830073476167,15267.61226,511.3430012240697,399.737,13332.173074700237,15667.34926,21343.228636
2026-04-29 07:15:00+02:00,12664.04269397621,14193.069728,491.1907048052272,403.071,13155.233398781436,14596.140728,22542.42262
2026-04-29 07:30:00+02:00,12520.660032224288,12846.0579,469.1098258253572,403.702,12989.769858049645,13249.7599,23960.995208
2026-04-29 07:45:00+02:00,12332.27738358302,11294.92324,456.5896432116561,395.926,12788.867026794676,11690.84924,25550.474548
2026-04-29 08:00:00+02:00,9845.306408770708,9797.644308,345.39770867328093,357.342,10190.70411744399,10154.986308,27472.902188
2026-04-29 08:15:00+02:00,9617.484499659266,8654.506808,342.09717725009057,342.546,9959.581676909356,8997.052808,29998.212864
2026-04-29 08:30:00+02:00,9448.750188137335,7914.934652,316.58577928467,363.434,9765.335967422005,8278.368652,32862.093276
2026-04-29 08:45:00+02:00,9252.684947775413,7585.680804,300.0633900382788,366.316,9552.748337813691,7951.996803999999,36228.275528
2026-04-29 09:00:00+02:00,7835.216064137476,7498.840008,269.525083216691,329.983,8104.741147354167,7828.823008,39779.239372
2026-04-29 09:15:00+02:00,7623.805904120366,7600.545112,238.78951793552014,316.033,7862.595422055886,7916.578112,43488.048268000006
2026-04-29 09:30:00+02:00,7518.192037391827,8065.162872,199.5806669363679,275.72,7717.772704328196,8340.882872,47243.441192
2026-04-29 09:45:00+02:00,7397.747415983048,8699.71704,169.9822371981541,223.854,7567.729653181203,8923.571039999999,50964.950728
2026-04-29 10:00:00+02:00,8882.009447279928,8879.4453,223.83504213661018,116.191,9105.844489416539,8995.6363,52537.406235999995
2026-04-29 10:15:00+02:00,8767.673448952854,8789.777796,202.78732567434182,107.086,8970.460774627196,8896.863796,53298.84736
2026-04-29 10:30:00+02:00,8691.085619773785,9113.162056,170.237177644481,116.264,8861.322797418266,9229.426055999998,55342.421996
2026-04-29 10:45:00+02:00,8600.93573479104,8953.727532,121.46114972219334,80.68,8722.396884513235,9034.407532,56302.74888
2026-04-29 11:00:00+02:00,10791.189542145008,8578.022972,28.986971132062763,59.049,10820.17651327707,8637.071972000002,56729.88674
2026-04-29 11:15:00+02:00,10747.506165359679,8362.180924,0.0,54.74,10747.506165359679,8416.920924,57514.970344
2026-04-29 11:30:00+02:00,10673.616819660363,8087.847936,0.0,47.638,10673.616819660363,8135.485936,57834.658456
2026-04-29 11:45:00+02:00,10632.326119955074,7598.780468,0.0,42.857,10632.326119955074,7641.637468,58573.075236
2026-04-29 12:00:00+02:00,12069.906228692858,6839.163584,0.0,50.683,12069.906228692858,6889.846584,58669.51856
2026-04-29 12:15:00+02:00,11996.55636474179,6320.09008,0.0,62.041,11996.55636474179,6382.13108,58077.30852
2026-04-29 12:30:00+02:00,11937.534998814324,6263.336412,0.0,66.652,11937.534998814324,6329.988412,58509.542472
2026-04-29 12:45:00+02:00,11923.351620781565,6011.92262,0.0,61.618,11923.351620781565,6073.540620000001,57902.54274
2026-04-29 13:00:00+02:00,13158.89459349816,5850.243404,0.0,54.157,13158.89459349816,5904.400404,57924.390184
2026-04-29 13:15:00+02:00,13120.309428015717,5641.912024,0.0,57.792,13120.309428015717,5699.704024000001,57442.126284
2026-04-29 13:30:00+02:00,13090.06852545878,5784.936388,0.0,68.298,13090.06852545878,5853.234388,57483.061652
2026-04-29 13:45:00+02:00,13125.539900823831,5741.69558,0.0,82.178,13125.539900823831,5823.8735799999995,56914.238956
2026-04-29 14:00:00+02:00,13913.116694895063,6042.659136,64.55431588758324,106.868,13977.671010782646,6149.527136000001,56920.751036
2026-04-29 14:15:00+02:00,13979.0171470304,6355.028908,76.92072762261773,109.529,14055.937874653016,6464.557908000001,56484.328352
2026-04-29 14:30:00+02:00,14004.801835413355,6726.257508,65.18133906577918,111.83,14069.983174479134,6838.087508,56291.47393199999
2026-04-29 14:45:00+02:00,14059.096585794892,6847.8211,68.69584988161046,119.72,14127.792435676503,6967.5411,55447.094292
2026-04-29 15:00:00+02:00,13729.998288307994,7124.103432,362.8747048560318,169.31,14092.872993164026,7293.413432,54437.472372
2026-04-29 15:15:00+02:00,13871.128763329954,7543.87724,367.0660132359991,212.125,14238.194776565953,7756.00224,54207.357732
2026-04-29 15:30:00+02:00,13999.985623016399,8153.410988,388.5654339270295,241.746,14388.551056943428,8395.156987999999,53287.974944
2026-04-29 15:45:00+02:00,14145.206530159883,8665.599796,402.50142021829015,289.149,14547.707950378173,8954.748796,52052.013888
2026-04-29 16:00:00+02:00,15681.889158376951,9918.754228,757.3106654739242,353.239,16439.199823850875,10271.993228,51582.79292
2026-04-29 16:15:00+02:00,15958.13454129588,11026.129188,817.0496572265674,404.46,16775.184198522446,11430.589188,50750.868127999995
2026-04-29 16:30:00+02:00,16244.121580615412,11792.9495,871.2005442632246,556.23,17115.322124878636,12349.1795,50205.896347999995
2026-04-29 16:45:00+02:00,16476.100844840257,12955.405912,901.9840284527204,666.864,17378.084873292977,13622.269912,50200.336528
2026-04-29 17:00:00+02:00,16748.35786031608,14823.939532,1150.0700749504572,1186.645,17898.427935266536,16010.584532,51123.16278
2026-04-29 17:15:00+02:00,17039.098349175598,16058.2439,1192.729277023893,1317.019,18231.82762619949,17375.262899999998,50105.37828799999
2026-04-29 17:30:00+02:00,17313.725703477183,16787.192164,1254.9132622334735,1454.827,18568.638965710656,18242.019164,47914.664972
2026-04-29 17:45:00+02:00,17491.694441750824,16796.858804,1299.6125228118092,1476.361,18791.306964562635,18273.219804,44264.904828
2026-04-29 18:00:00+02:00,14907.804135708502,17023.595056,1604.834713138865,1552.306,16512.638848847368,18575.901056,40637.723656
2026-04-29 18:15:00+02:00,14932.002562613316,17117.334144,1648.8374022576104,1633.034,16580.839964870927,18750.368144,37004.36726
2026-04-29 18:30:00+02:00,14885.973070040516,17149.5764,1670.8724344244379,1741.698,16556.845504464953,18891.2744,33444.08551600001
2026-04-29 18:45:00+02:00,14786.397953274789,17047.089,1679.1326619124259,1946.046,16465.530615187214,18993.135,30178.502088
2026-04-29 19:00:00+02:00,14863.63548626007,16950.436596,2042.516918139181,2229.296,16906.15240439925,19179.732596,27253.443979999996
2026-04-29 19:15:00+02:00,14751.29662836546,16568.753676,2053.9723666946084,2385.658,16805.26899506007,18954.411676,24571.397724
2026-04-29 19:30:00+02:00,14661.804567897485,16161.075432,2059.454196969975,2552.762,16721.25876486746,18713.837432,22339.345512
2026-04-29 19:45:00+02:00,14655.460500718335,15673.360428,2057.140193067502,2708.326,16712.600693785836,18381.686428,20641.288432
2026-04-29 20:00:00+02:00,15926.702856974545,15598.965436,2325.9105523517283,2787.098,18252.613409326274,18386.063436,19612.252612
2026-04-29 20:15:00+02:00,16069.911160924132,16205.737328,2319.294320330941,2852.522,18389.205481255074,19058.259328,19621.695764
2026-04-29 20:30:00+02:00,16147.306977139493,17106.960944,2316.4258142987173,2873.297,18463.73279143821,19980.257943999997,20241.619084
2026-04-29 20:45:00+02:00,16292.955036932835,17517.09368,2311.4146577098745,2918.436,18604.369694642708,20435.529680000003,20588.426896000004
2026-04-29 21:00:00+02:00,15993.717437475016,17921.4173,2570.626992426823,2966.801,18564.344429901837,20888.2183,21037.877788
2026-04-29 21:15:00+02:00,16158.105403101119,18501.417564,2569.64105486868,2947.858,18727.7464579698,21449.275564,21518.398184
2026-04-29 21:30:00+02:00,16286.728045950462,18798.828656,2590.406484274165,2971.867,18877.134530224626,21770.695656000004,21821.209584000004
2026-04-29 21:45:00+02:00,16402.89344512618,19042.87758,2588.041381613664,3026.629,18990.934826739845,22069.50658,22104.47634
2026-04-29 22:00:00+02:00,17001.03748464362,18612.26158,2340.563408431302,3034.167,19341.600893074923,21646.42858,21698.108028
2026-04-29 22:15:00+02:00,17110.794155825053,18852.16384,2353.3248035587417,3073.574,19464.118959383795,21925.73784,21949.030944
2026-04-29 22:30:00+02:00,17161.38081398224,18976.18428,2345.5001483994192,3085.463,19506.88096238166,22061.64728,22082.602468
2026-04-29 22:45:00+02:00,17198.47015329035,18991.717828,2354.432018566382,3093.582,19552.90217185673,22085.299828,22105.39272
2026-04-29 23:00:00+02:00,17234.589609234143,18815.651924,2279.2010579795606,3004.645,19513.790667213703,21820.296924,21840.445364000003
2026-04-29 23:15:00+02:00,17232.192687871284,18754.326216,2279.505474807711,2842.575,19511.698162678993,21596.901216,21616.871376000003
2026-04-29 23:30:00+02:00,17214.129407161217,18675.33808,2286.092816340577,2710.482,19500.222223501794,21385.82008,21405.460004
2026-04-29 23:45:00+02:00,17209.635555462813,18587.68686,2281.136295701186,2602.56,19490.771851163998,21190.246860000003,21209.872012000003
2026-04-30 00:00:00+02:00,16434.710355222775,18352.576104,2160.724791791229,2471.81,18595.435147014003,20824.386104,20838.20244
2026-04-30 00:15:00+02:00,16402.556376026114,18311.697808,2149.8914166349855,2373.023,18552.4477926611,20684.720808,20709.359584
2026-04-30 00:30:00+02:00,16326.201643855424,18189.565412,2139.568986752022,2255.424,18465.770630607447,20444.989412,20456.68224
2026-04-30 00:45:00+02:00,16269.290501315758,18142.718604,2122.0314901786223,2106.377,18391.32199149438,20249.095604,20259.3516
2026-04-30 01:00:00+02:00,16031.597397482445,17970.67674,1569.7862352074442,1982.908,17601.38363268989,19953.58474,19963.907072
2026-04-30 01:15:00+02:00,15962.817143821265,17770.179604,1572.0274877476097,1912.282,17534.844631568874,19682.461604,19692.450556
2026-04-30 01:30:00+02:00,15894.307903389878,17536.673324,1575.3091104880511,1894.91,17469.617013877927,19431.583324,19441.305368
2026-04-30 01:45:00+02:00,15821.99858036259,17221.715556,1577.331638531325,1881.681,17399.330218893916,19103.396556,19113.141808
2026-04-30 02:00:00+02:00,15479.496735184808,16755.323808,1275.5622375770783,1839.282,16755.058972761886,18594.605808,18607.085508
2026-04-30 02:15:00+02:00,15409.913947186957,16430.442888,1293.1356840691026,1819.19,16703.04963125606,18249.632888,18259.492568
2026-04-30 02:30:00+02:00,15359.232447497132,15991.729492,1301.5027281347277,1766.363,16660.73517563186,17758.092492,17768.828584
2026-04-30 02:45:00+02:00,15319.011830499507,15522.99572,1306.2786493499727,1766.713,16625.29047984948,17289.708720000002,17299.77488
2026-04-30 03:00:00+02:00,14052.671632472604,15050.155712,1126.9231767895933,1732.835,15179.594809262197,16782.990712,16793.111851999998
2026-04-30 03:15:00+02:00,14017.276118420414,14643.071396,1132.9763317333325,1597.039,15150.252450153746,16240.110396,16249.628484
2026-04-30 03:30:00+02:00,13972.112143088429,14297.69008,1132.689438508046,1544.525,15104.801581596475,15842.21508,15851.94044
2026-04-30 03:45:00+02:00,13916.2650453982,14038.025868,1123.4461392566338,1521.466,15039.711184654834,15559.491868,15569.266632
2026-04-30 04:00:00+02:00,14005.221006460743,13819.391716,1088.6724793931885,1604.395,15093.89348585393,15423.786716,15447.373868
2026-04-30 04:15:00+02:00,13976.330481417786,13633.98316,1091.4024182493129,1645.913,15067.732899667099,15279.89616,15290.693444
2026-04-30 04:30:00+02:00,13953.517383545366,13483.156284,1085.577252411889,1582.407,15039.094635957255,15065.563284,15075.993468
2026-04-30 04:45:00+02:00,13924.56772924562,13333.755104,1071.4003933041647,1502.447,14995.968122549784,14836.202104,14846.862804
2026-04-30 05:00:00+02:00,12657.892629458232,13202.89604,705.0528239234976,1390.145,13362.94545338173,14593.04104,14611.822292
2026-04-30 05:15:00+02:00,12635.44222718821,13107.821056,698.0295801088657,1267.04,13333.471807297075,14374.861056000002,14402.00774
2026-04-30 05:30:00+02:00,12602.599828216451,12950.925952,697.3947971642624,1157.309,13299.994625380714,14108.234952,14140.193216
2026-04-30 05:45:00+02:00,12550.01525495639,12858.103804,686.9003911788052,1093.312,13236.915646135196,13951.415804,14048.963228
2026-04-30 06:00:00+02:00,12461.542481712715,13328.387784,599.762302149575,1087.622,13061.30478386229,14416.009784,14818.091616
2026-04-30 06:15:00+02:00,12398.637810438144,13303.402964,589.576131723751,1022.006,12988.213942161894,14325.408964,15509.048412
2026-04-30 06:30:00+02:00,12302.438463661418,12903.579548,582.0999681413134,987.971,12884.538431802732,13891.550548,16200.751236
2026-04-30 06:45:00+02:00,12212.285644827754,12513.204152,580.0162546194255,934.688,12792.30189944718,13447.892152,17373.118292
2026-04-30 07:00:00+02:00,11090.173214856335,12357.951852,464.52459018498865,856.497,11554.697805041324,13214.448852,19200.894096
2026-04-30 07:15:00+02:00,10924.585401053448,11961.891588,438.50264933223957,825.114,11363.088050385688,12787.005588,21293.922420000003
2026-04-30 07:30:00+02:00,10770.964733952113,11721.780516,413.25773824833266,762.414,11184.222472200445,12484.194516,23987.308020000004
2026-04-30 07:45:00+02:00,10552.539240500062,11139.24852,395.1533102106006,703.742,10947.692550710663,11842.99052,26773.457916
2026-04-30 08:00:00+02:00,7993.774341729406,10487.362636,305.45820205994914,636.213,8299.232543789356,11123.575636,29712.667296
2026-04-30 08:15:00+02:00,7745.453612672907,9944.130656,299.4322844087497,559.742,8044.885897081657,10503.872656,32793.191204
2026-04-30 08:30:00+02:00,7564.909687327562,9518.13044,279.6114595746785,530.439,7844.521146902241,10048.56944,36255.755468
2026-04-30 08:45:00+02:00,7360.158358528594,9266.024424,258.8794827248605,538.926,7619.037841253455,9804.950424,39742.513596
2026-04-30 09:00:00+02:00,8881.973075617125,9404.63544,192.31052421507562,552.487,9074.2835998322,9957.12244,43757.825168
2026-04-30 09:15:00+02:00,8686.116151419623,9765.389064,168.54496170880114,567.893,8854.661113128424,10333.282064,47693.06738
2026-04-30 09:30:00+02:00,8577.1088895723,10052.72576,139.51178670039366,557.653,8716.620676272694,10610.37876,50954.235684
2026-04-30 09:45:00+02:00,8456.991741194595,10241.591764,131.14666243980264,587.288,8588.138403634399,10828.879764,53933.847844
2026-04-30 10:00:00+02:00,8468.913470951304,9708.446292,308.4305379113432,510.878,8777.344008862647,10219.324292,55169.779492
2026-04-30 10:15:00+02:00,8365.041507543372,9963.924376,296.17265689101555,506.989,8661.214164434388,10470.913376,57822.619911999995
2026-04-30 10:30:00+02:00,8282.200967599369,9905.29998,270.3330665117307,477.559,8552.534034111099,10382.85898,59257.744692
2026-04-30 10:45:00+02:00,8201.452024610902,9694.467432,224.92754194003368,482.209,8426.379566550935,10176.676432,60489.86452
2026-04-30 11:00:00+02:00,9528.082781406632,9205.293168,216.57438224565936,461.815,9744.657163652291,9667.108168,60950.25252
2026-04-30 11:15:00+02:00,9493.519294859972,9139.692208,145.48076211184554,491.472,9639.000056971818,9631.164208,62310.204712
2026-04-30 11:30:00+02:00,9419.735116623859,8723.572976,103.1986100266601,398.028,9522.933726650519,9121.600976,62573.850708
2026-04-30 11:45:00+02:00,9397.616016510823,8630.173812,64.33569344950996,228.398,9461.951709960333,8858.571812,62870.746932
2026-04-30 12:00:00+02:00,8988.702214347151,8087.473504,0.0,110.624,8988.702214347151,8198.097504,62555.663384
2026-04-30 12:15:00+02:00,8935.112552156732,7692.470744,0.0,112.549,8935.112552156732,7805.019744,62191.486992
2026-04-30 12:30:00+02:00,8899.54654280535,7485.277192,0.0,113.348,8899.54654280535,7598.625192,62409.735556
2026-04-30 12:45:00+02:00,8900.549128122566,7178.13614,0.0,113.71,8900.549128122566,7291.84614,61651.907016000005
2026-04-30 13:00:00+02:00,8954.207465295507,6105.781232,0.0,260.026,8954.207465295507,6365.807232,60037.780548
2026-04-30 13:15:00+02:00,8934.679117923983,5755.694968,0.0,276.165,8934.679117923983,6031.859968,59061.193468
2026-04-30 13:30:00+02:00,8911.157574462854,5878.47432,0.0,290.616,8911.157574462854,6169.09032,58925.9599
2026-04-30 13:45:00+02:00,8948.597399175778,5839.583796,0.0,316.383,8948.597399175778,6155.966796,57921.794328
2026-04-30 14:00:00+02:00,9056.442247365785,6100.393412,24.762064101151168,335.383,9081.204311466936,6435.776412,57474.750156
2026-04-30 14:15:00+02:00,9143.978345364847,6327.002524,41.18636400251876,335.568,9185.164709367366,6662.570524000001,57290.586984
2026-04-30 14:30:00+02:00,9181.62302394878,6700.465164,36.80953374836463,333.303,9218.432557697144,7033.768164,57250.392904
2026-04-30 14:45:00+02:00,9277.164809309139,6938.709336,43.103369256920246,338.2,9320.268178566059,7276.909336,56730.513648
2026-04-30 15:00:00+02:00,9233.81291380505,7243.094956,557.9247292825991,355.187,9791.737643087648,7598.281956,56441.730748
2026-04-30 15:15:00+02:00,9364.43533749205,7726.335848,567.6106679182535,457.084,9932.046005410304,8183.419848,56087.744636
2026-04-30 15:30:00+02:00,9506.384264964761,8464.3577,588.5545095604319,506.664,10094.938774525193,8971.021700000001,55519.826612
2026-04-30 15:45:00+02:00,9678.144661173003,8752.274936,605.3322625146851,759.784,10283.476923687687,9512.058936,54928.736744
2026-04-30 16:00:00+02:00,10271.815401890337,9754.77432,1010.4508706263405,1115.351,11282.266272516677,10870.12532,54490.351576
2026-04-30 16:15:00+02:00,10609.252752724446,10399.601992,1059.1466607243897,1256.993,11668.399413448835,11656.594992,53316.801459999995
2026-04-30 16:30:00+02:00,10972.381708002957,10623.836004,1101.489405454498,1497.919,12073.871113457455,12121.755004,51578.635832
2026-04-30 16:45:00+02:00,11201.158303041198,10932.247868,1147.3269409200425,1998.219,12348.48524396124,12930.466868,49361.428352
2026-04-30 17:00:00+02:00,11216.24988501763,11672.345148,1716.6725130569612,2810.083,12932.922398074592,14482.428148,49667.569624
2026-04-30 17:15:00+02:00,11540.729456193041,12737.924072,1758.477524991388,2840.009,13299.206981184429,15577.933072,48433.317952
2026-04-30 17:30:00+02:00,11842.420535083542,13085.802948,1823.133230270943,2977.7,13665.553765354485,16063.502948,45913.968868
2026-04-30 17:45:00+02:00,12047.01025804714,13044.166932,1853.1803485586645,3098.585,13900.190606605804,16142.751932,42274.421172
2026-04-30 18:00:00+02:00,12175.678331041923,12988.631356,2264.446819655874,3197.548,14440.125150697797,16186.179356,38407.564247999995
2026-04-30 18:15:00+02:00,12225.748920456483,13048.804952,2312.5364745879892,3259.744,14538.285395044471,16308.548952,34701.688388
2026-04-30 18:30:00+02:00,12208.53772121943,12999.156944,2336.8238852804743,3251.379,14545.361606499904,16250.535944,30950.12638
2026-04-30 18:45:00+02:00,12117.739892156786,12729.089756,2340.9452897081383,3279.74,14458.685181864923,16008.829756,27377.4518
2026-04-30 19:00:00+02:00,12334.374741858992,12261.806216,2644.3507977764298,3353.872,14978.725539635421,15615.678216,23906.674112
2026-04-30 19:15:00+02:00,12243.160484436743,11837.951156,2661.3291782847973,3368.699,14904.48966272154,15206.650156,21012.82508
2026-04-30 19:30:00+02:00,12151.863842550862,11212.545144,2667.5011340505116,3366.983,14819.364976601373,14579.528144,18439.964764
2026-04-30 19:45:00+02:00,12132.748039040782,10587.897012,2669.8965241369574,3346.519,14802.644563177739,13934.416012,16381.144012
2026-04-30 20:00:00+02:00,12528.242976072177,10429.309584,2929.4680315940523,3384.473,15457.711007666228,13813.782584,15124.3816
2026-04-30 20:15:00+02:00,12701.075448853822,10909.106468,2925.1605097711677,3382.838,15626.23595862499,14291.944468,14898.814076
2026-04-30 20:30:00+02:00,12822.26082957417,11737.06808,2919.6249735355086,3427.293,15741.885803109679,15164.36108,15454.45992
2026-04-30 20:45:00+02:00,12984.731829048003,12181.241348,2912.1759392292433,3441.655,15896.907768277248,15622.896348,15775.390116
2026-04-30 21:00:00+02:00,14279.028358920355,12635.091224,3256.300121671462,3501.734,17535.328480591816,16136.825224,16302.82642
2026-04-30 21:15:00+02:00,14450.747143193179,13187.072344,3261.2225254348064,3583.528,17711.969668627986,16770.600344,16868.611316
2026-04-30 21:30:00+02:00,14589.142815436899,13621.476268,3281.18928589972,3833.859,17870.33210133662,17455.335268,17516.014592
2026-04-30 21:45:00+02:00,14717.39932843104,14281.491608,3277.14943406751,3999.679,17994.54876249855,18281.170608,18311.174864
2026-04-30 22:00:00+02:00,15122.584242109897,14305.487608,3348.5662315648033,4097.023,18471.1504736747,18402.510608,18460.551188
2026-04-30 22:15:00+02:00,15220.043980617987,14667.298372,3359.9186351013445,4177.035,18579.96261571933,18844.333372,18874.337184
2026-04-30 22:30:00+02:00,15272.846916927147,14881.418584,3350.925211494005,4233.602,18623.77212842115,19115.020584,19135.352848
2026-04-30 22:45:00+02:00,15317.224539573515,15030.599444,3358.4795613668775,4350.038,18675.70410094039,19380.637444,19395.961452
2026-04-30 23:00:00+02:00,15419.840782347726,15068.556752,3537.119657442082,4537.445,18956.960439789807,19606.001752,19623.19118
2026-04-30 23:15:00+02:00,15406.74691631523,15084.008228,3535.567731858453,4760.222,18942.314648173684,19844.230228,19861.216656
2026-04-30 23:30:00+02:00,15380.324195415711,15169.597264,3541.9315930472562,4897.221,18922.255788462968,20066.818264,20084.351260000003
2026-04-30 23:45:00+02:00,15364.44242153185,15181.763092,3537.0168256970555,4965.597,18901.459247228908,20147.360092,20164.585312
2026-05-01 00:00:00+02:00,15079.351210826484,15136.477428,3669.5676165139207,5037.877,18748.918827340403,20174.354428,20194.69954
2026-05-01 00:15:00+02:00,15049.612821546072,15005.307612,3656.080988691613,5090.558,18705.693810237684,20095.865612,20117.3947
2026-05-01 00:30:00+02:00,14971.686325588928,14800.2535,3641.609096365637,5064.084,18613.295421954565,19864.3375,19883.622208
2026-05-01 00:45:00+02:00,14920.56747902885,14560.982364,3622.9356844777794,5087.593,18543.50316350663,19648.575364,19664.134644
2026-05-01 01:00:00+02:00,15144.864884851337,14438.14212,3670.657007512647,5125.289,18815.521892363984,19563.43112,19581.289984000003
2026-05-01 01:15:00+02:00,15075.4729632015,14428.29566,3671.0839634325275,5110.121,18746.556926634028,19538.41666,19556.15628
2026-05-01 01:30:00+02:00,15006.720462115547,14360.2156,3673.655902930887,4963.547,18680.376365046435,19323.7626,19339.680476
2026-05-01 01:45:00+02:00,14935.252619352763,14263.643552,3676.4039967763433,4730.841,18611.656616129105,18994.484552,19007.54764
2026-05-01 02:00:00+02:00,15386.643094895828,14161.99934,3278.6058490651903,4474.799,18665.248943961018,18636.79834,18652.662428
2026-05-01 02:15:00+02:00,15312.03494136914,14028.5457,3295.0786116290938,4260.848,18607.113552998235,18289.3937,18302.24566
2026-05-01 02:30:00+02:00,15253.648941718666,13775.766488,3299.1331924645383,4053.571,18552.782134183202,17829.337487999997,17842.170356
2026-05-01 02:45:00+02:00,15205.087770486913,13505.402204,3299.570612787809,3884.537,18504.65838327472,17389.939204,17402.602912
2026-05-01 03:00:00+02:00,14530.85540469618,13334.402164,2871.615291397778,3708.035,17402.47069609396,17042.437164,17058.491792
2026-05-01 03:15:00+02:00,14484.005690797903,13209.209804,2866.9024877497436,3536.495,17350.90817854765,16745.704804,16763.983456
2026-05-01 03:30:00+02:00,14428.949315348234,13100.205432,2858.946114737522,3439.209,17287.895430085755,16539.414432,16553.605188
2026-05-01 03:45:00+02:00,14363.12711102004,12980.69578,2849.858024655286,3373.407,17212.985135675324,16354.10278,16370.411292
2026-05-01 04:00:00+02:00,14127.289091884502,12834.570252,2464.4171447992044,3293.336,16591.706236683705,16127.906252,16142.689844
2026-05-01 04:15:00+02:00,14090.896873248003,12698.444008,2472.9561328964783,3167.702,16563.85300614448,15866.146008,15891.651976
2026-05-01 04:30:00+02:00,14066.1732045898,12524.34304,2469.2524624311873,3078.147,16535.425667020987,15602.49004,15616.496988
2026-05-01 04:45:00+02:00,14034.181472413587,12282.932784,2454.0454264654154,2986.652,16488.226898879002,15269.584784,15281.5377
2026-05-01 05:00:00+02:00,13423.97341750575,12102.671756,2504.834927257413,2927.632,15928.808344763162,15030.303756,15043.09822
2026-05-01 05:15:00+02:00,13401.396454037189,12036.68944,2495.351629118042,2840.34,15896.748083155231,14877.02944,14892.536572
2026-05-01 05:30:00+02:00,13378.30028032863,11952.947608,2493.079989459437,2770.957,15871.380269788067,14723.904608,14756.412616
2026-05-01 05:45:00+02:00,13328.818897852607,11841.325712,2482.22859795688,2747.136,15811.047495809487,14588.461712,14726.299544
2026-05-01 06:00:00+02:00,13258.66243098838,12257.702024,2544.8485106276717,2767.402,15803.51094161605,15025.104024,15511.526364
2026-05-01 06:15:00+02:00,13201.707680405989,12012.592812,2537.278585111747,2762.551,15738.986265517735,14775.143812,16062.024424
2026-05-01 06:30:00+02:00,13103.725233130137,11628.2288,2526.277755910972,2778.215,15630.00298904111,14406.4438,16864.943784000003
2026-05-01 06:45:00+02:00,13006.841284120143,11466.209,2523.1244160078986,2724.833,15529.965700128041,14191.042,18283.273776
2026-05-01 07:00:00+02:00,12420.579846407009,11310.719028,2350.184544966332,2688.388,14770.764391373341,13999.107028,20294.048204
2026-05-01 07:15:00+02:00,12248.65193797118,11155.630288,2330.483329410419,2712.917,14579.1352673816,13868.547288,22844.1873
2026-05-01 07:30:00+02:00,12095.749342729987,10795.494724,2305.6066830601717,2685.005,14401.356025790159,13480.499724,25567.111956
2026-05-01 07:45:00+02:00,11907.159076227566,10153.942556,2288.3330849679382,2736.457,14195.492161195505,12890.399556,28354.159996
2026-05-01 08:00:00+02:00,9677.336112313887,9176.69908,2901.589992352727,2855.389,12578.926104666614,12032.08808,31316.04432
2026-05-01 08:15:00+02:00,9398.654002990188,8068.454116,2895.782678767877,2890.834,12294.436681758065,10959.288116,33998.362068
2026-05-01 08:30:00+02:00,9135.077806773006,7241.345068,2880.398116363425,2878.999,12015.475923136431,10120.344068,37079.92848
2026-05-01 08:45:00+02:00,8924.42292102855,6631.612712,2861.31142777956,2824.822,11785.73434880811,9456.434712,40219.220152
2026-05-01 09:00:00+02:00,5382.968194090063,5639.837912,3021.782735002151,2369.547,8404.750929092213,8009.384912,41262.87242
2026-05-01 09:15:00+02:00,5204.713020985493,5062.584296,2999.6059589975057,2201.813,8204.318979983,7264.397296,43198.521004
2026-05-01 09:30:00+02:00,5104.793259146017,4959.127416,2978.4945641447375,2169.304,8083.287823290754,7128.431416,45331.064352
2026-05-01 09:45:00+02:00,4998.959735767923,4963.369732,2978.3227584058686,2114.743,7977.282494173792,7078.112732,47082.339968
2026-05-01 10:00:00+02:00,4380.241903662126,4196.704508,2527.2095128930505,1527.427,6907.451416555176,5724.1315079999995,47682.08242
2026-05-01 10:15:00+02:00,4271.0404268373095,4194.401484,2513.5739703779955,1183.897,6784.614397215305,5378.298484,48890.077524
2026-05-01 10:30:00+02:00,4186.0336398980735,3776.138808,2490.6427408384766,742.304,6676.67638073655,4518.442808,48948.080744
2026-05-01 10:45:00+02:00,4085.9793859639576,3202.105348,2444.3026179846734,575.4,6530.2820039486305,3777.505348,48553.697408
2026-05-01 11:00:00+02:00,4768.7189917961805,3062.999236,2083.0180736057614,512.429,6851.737065401941,3575.428236,50096.950752
2026-05-01 11:15:00+02:00,4717.823732521445,2925.906412,2019.2195763950383,415.905,6737.0433089164835,3341.811412,50494.220452
2026-05-01 11:30:00+02:00,4622.9118692225775,2373.559568,1984.6050738554336,406.974,6607.5169430780115,2780.5335680000003,50414.048292
2026-05-01 11:45:00+02:00,4571.016522542544,2024.398644,1949.2672737336231,284.19,6520.283796276168,2308.588644,50159.047828
2026-05-01 12:00:00+02:00,3830.1602107188655,1726.25808,1513.0351115427147,233.709,5343.19532226158,1959.96708,50069.822308
2026-05-01 12:15:00+02:00,3749.5211038661614,1646.885284,1463.920813009424,175.934,5213.441916875585,1822.819284,50436.167195999995
2026-05-01 12:30:00+02:00,3709.003140375289,1685.09662,1421.6630913570746,210.082,5130.6662317323635,1895.17862,50307.694324
2026-05-01 12:45:00+02:00,3693.8321295754313,1645.344916,1373.2556493784073,139.62,5067.087778953839,1784.964916,49857.073335999994
2026-05-01 13:00:00+02:00,3595.636708407301,1671.773472,1216.9032067081578,145.519,4812.539915115459,1817.292472,49700.437604
2026-05-01 13:15:00+02:00,3553.7692591396444,1689.499832,1163.4747762318284,162.646,4717.244035371473,1852.145832,49313.708408
2026-05-01 13:30:00+02:00,3540.749523929081,1677.717464,1153.737158297176,183.098,4694.4866822262575,1860.815464,48696.935124
2026-05-01 13:45:00+02:00,3572.6382651583717,1634.523692,1150.6239775138238,199.621,4723.2622426721955,1834.144692,47884.03684
2026-05-01 14:00:00+02:00,3093.605334082985,1622.453788,1446.2369668500246,239.546,4539.842300933009,1861.999788,47055.26888
2026-05-01 14:15:00+02:00,3190.954316239313,1661.133536,1464.1195814935163,311.424,4655.073897732829,1972.557536,47281.956788
2026-05-01 14:30:00+02:00,3236.3520885217513,1732.258784,1461.5082009987518,365.424,4697.860289520503,2097.682784,47309.01066
2026-05-01 14:45:00+02:00,3327.869524509281,1889.779352,1469.2814092481508,543.311,4797.150933757432,2433.090352,47197.199876
2026-05-01 15:00:00+02:00,3203.838621776028,2207.190796,1697.8170752145954,430.094,4901.655696990623,2637.284796,46516.947268
2026-05-01 15:15:00+02:00,3343.748407124577,2253.446052,1701.9148506187125,408.464,5045.66325774329,2661.9100519999997,45415.223292
2026-05-01 15:30:00+02:00,3483.2162401724745,2389.709632,1721.4280563584216,651.026,5204.644296530896,3040.735632,45342.784792000006
2026-05-01 15:45:00+02:00,3676.6971428967317,2646.898816,1740.3136765512445,674.212,5417.010819447976,3321.110816,44690.503644
2026-05-01 16:00:00+02:00,3788.883290601172,3078.507948,1700.6007165546205,745.419,5489.484007155793,3823.926948,43810.111952
2026-05-01 16:15:00+02:00,4240.106482151592,3642.649924,1755.9569338781498,927.68,5996.063416029741,4570.329924,42648.914924
2026-05-01 16:30:00+02:00,4604.899178392455,4295.348244,1821.0681220684764,1379.471,6425.967300460931,5674.819244,42139.141491999995
2026-05-01 16:45:00+02:00,4875.271432783273,4783.143624,1863.8321523045554,2202.279,6739.103585087828,6985.422624000001,41876.021012
2026-05-01 17:00:00+02:00,5092.758256856181,6053.304004,2092.224087424143,2777.799,7184.9823442803245,8831.103004,43523.787404
2026-05-01 17:15:00+02:00,5453.040573279711,6297.500096,2145.133304155946,2984.806,7598.173877435656,9282.306096,41547.38838
2026-05-01 17:30:00+02:00,5746.830374184675,6533.1825,2198.9219083010807,3415.878,7945.752282485755,9949.0605,39500.693692
2026-05-01 17:45:00+02:00,5965.43485261983,6925.760384,2238.772059156869,3652.576,8204.206911776699,10578.336384,36713.329848
2026-05-01 18:00:00+02:00,6811.083918205514,7338.938536,2860.700246835908,3633.629,9671.784165041423,10972.567536,33313.8924
2026-05-01 18:15:00+02:00,6884.898056762328,7631.75304,2914.9605759585306,3633.44,9799.85863272086,11265.19304,29937.153636000003
2026-05-01 18:30:00+02:00,6908.639335131662,7485.670216,2942.989511416234,3805.193,9851.628846547896,11290.863216000002,26293.846232000004
2026-05-01 18:45:00+02:00,6844.4716390872745,7301.038296,2953.4946789185915,3902.525,9797.966318005867,11203.563296,22731.822848
2026-05-01 19:00:00+02:00,7459.213315979632,7108.481652,3398.201289897586,3851.371,10857.414605877218,10959.852652,19439.533868
2026-05-01 19:15:00+02:00,7376.315024762056,6859.642912,3421.14415272601,3776.167,10797.459177488066,10635.809912,16573.24938
2026-05-01 19:30:00+02:00,7296.898769936324,6592.799792,3422.2599522266464,3772.027,10719.15872216297,10364.826792,14303.457076
2026-05-01 19:45:00+02:00,7282.630376455218,6304.588124,3430.6541262324436,3704.318,10713.28450268766,10008.906124,12505.8039
2026-05-01 20:00:00+02:00,10791.34566966829,6407.576456,3661.352843237213,3640.054,14452.698512905503,10047.630456,11411.357015999998
2026-05-01 20:15:00+02:00,10989.317678809206,7118.420588,3663.6623075040648,3609.167,14652.97998631327,10727.587588,11359.42624
2026-05-01 20:30:00+02:00,11148.96622171353,8235.426424,3659.118180314812,3637.911,14808.084402028342,11873.337424,12166.268084
2026-05-01 20:45:00+02:00,11326.519249228359,8876.924644,3654.3368679908726,3609.842,14980.856117219231,12486.766644,12654.351868000002
2026-05-01 21:00:00+02:00,15118.401904078915,9615.842812,3783.9306402515363,3461.859,18902.332544330453,13077.701812,13240.777456000002
2026-05-01 21:15:00+02:00,15314.411566587049,10739.60858,3789.9930382076896,3339.351,19104.404604794738,14078.95958,14198.131924
2026-05-01 21:30:00+02:00,15466.7477901239,11814.774272,3810.7584564703966,3195.322,19277.506246594297,15010.096272,15078.232856
2026-05-01 21:45:00+02:00,15609.532500701664,12951.227024,3809.0791640253324,3161.751,19418.611664726996,16112.978024,16147.94832
2026-05-01 22:00:00+02:00,17603.719774796653,13576.396196,4035.5188404777746,3219.345,21639.23861527443,16795.741196,16850.370695999998
2026-05-01 22:15:00+02:00,17710.4685931652,14406.098176,4050.368961686858,3214.212,21760.837554852056,17620.310176,17647.862476
2026-05-01 22:30:00+02:00,17775.498084724473,15020.675028,4042.2836029875766,3155.011,21817.78168771205,18175.686028,18198.753832
2026-05-01 22:45:00+02:00,17828.787682479007,15568.016344,4053.2673488337236,3166.307,21882.05503131273,18734.323344,18751.391416
2026-05-01 23:00:00+02:00,18526.33482865761,16069.728716,4234.003004801653,3250.045,22760.337833459263,19319.773716,19338.391324
2026-05-01 23:15:00+02:00,18524.17348304002,16578.824928,4232.761446868486,3297.789,22756.934929908508,19876.613928,19895.944628
2026-05-01 23:30:00+02:00,18506.285766669826,16988.144272,4237.595309767749,3322.339,22743.881076437574,20310.483272,20326.836876
2026-05-01 23:45:00+02:00,18499.810560727325,17244.67998,4230.577970889973,3354.717,22730.388531617296,20599.39698,20617.694368
2026-05-02 00:00:00+02:00,19516.355731853175,17449.106928,4527.734144362686,3261.91,24044.08987621586,20711.016928,20742.827224
2026-05-02 00:15:00+02:00,19494.45847718821,17625.758068,4517.857963938047,3287.932,24012.31644112626,20913.690068,20944.618872
2026-05-02 00:30:00+02:00,19423.775014646362,17629.57586,4504.943914295407,3325.719,23928.71892894177,20955.29486,20987.574616
2026-05-02 00:45:00+02:00,19377.334473777017,17629.558288,4488.2442085887005,3322.062,23865.578682365718,20951.620288,20981.870912
2026-05-02 01:00:00+02:00,20350.041005488158,17656.8392,4319.901233722273,3518.918,24669.94223921043,21175.7572,21206.934448
2026-05-02 01:15:00+02:00,20290.592760502183,17755.404932,4321.466617164527,3637.209,24612.05937766671,21392.613932,21422.272128
2026-05-02 01:30:00+02:00,20230.89855100791,17912.0076,4320.91387914417,3739.436,24551.81243015208,21651.4436,21678.204296000004
2026-05-02 01:45:00+02:00,20165.519856090435,18101.079352,4318.1468432551765,3879.997,24483.666699345613,21981.076352,22005.965024
2026-05-02 02:00:00+02:00,19665.605856046397,18118.77472,4336.120870712506,3876.367,24001.726726758905,21995.14172,22017.18418
2026-05-02 02:15:00+02:00,19593.295109710787,18034.956144,4347.121359002511,3823.996,23940.416468713298,21858.952144,21873.32636
2026-05-02 02:30:00+02:00,19533.979921841616,18011.60126,4345.195335513441,3742.388,23879.175257355055,21753.98926,21769.982596
2026-05-02 02:45:00+02:00,19481.94443254738,17964.41596,4341.471749740623,3690.264,23823.416182288005,21654.67996,21669.73522
2026-05-02 03:00:00+02:00,19750.084141007053,17812.107532,4117.00677744859,3574.447,23867.090918455644,21386.554532,21399.841436
2026-05-02 03:15:00+02:00,19705.34026538709,17765.611328,4108.349916609686,3385.017,23813.690181996775,21150.628328,21162.687968
2026-05-02 03:30:00+02:00,19653.90494910507,17622.89442,4098.503286246652,3278.465,23752.408235351722,20901.35942,20914.825488
2026-05-02 03:45:00+02:00,19592.972899201468,17653.993292,4088.347399350843,3291.289,23681.32029855231,20945.282292,20957.514556
2026-05-02 04:00:00+02:00,19847.148678803747,17715.7698,3935.3935382390932,3363.36,23782.54221704284,21079.1298,21093.184068
2026-05-02 04:15:00+02:00,19815.020160713408,17781.299696,3940.3877101493317,3467.251,23755.40787086274,21248.550696,21260.631783999997
2026-05-02 04:30:00+02:00,19791.743080799104,17793.911564,3934.377778275004,3493.036,23726.120859074108,21286.947564,21298.222876000003
2026-05-02 04:45:00+02:00,19759.74114916138,17832.615548,3917.3426411913215,3528.442,23677.0837903527,21361.057548,21372.950568
2026-05-02 05:00:00+02:00,19983.623542868136,17844.296844,3377.403928266536,3487.238,23361.027471134672,21331.534844,21343.68614
2026-05-02 05:15:00+02:00,19966.418950274303,17916.088788,3366.315308635207,3441.8,23332.73425890951,21357.888788,21374.749568
2026-05-02 05:30:00+02:00,19948.03405495772,17963.788344,3362.6293908283246,3498.582,23310.663445786045,21462.370344,21500.79826
2026-05-02 05:45:00+02:00,19902.8531483088,18175.655264,3352.032391338279,3623.135,23254.88553964708,21798.790264000003,21956.096788000003
2026-05-02 06:00:00+02:00,20430.394835602958,18899.941828,3358.8455848352864,3587.844,23789.240420438244,22487.785828,23033.75386
2026-05-02 06:15:00+02:00,20369.654489577024,18326.583616,3352.1746163372836,3444.251,23721.82910591431,21770.834616,23207.95958
2026-05-02 06:30:00+02:00,20265.445788348676,17820.18292,3342.0496054232085,3359.915,23607.495393771886,21180.09792,23831.812156
2026-05-02 06:45:00+02:00,20165.710840308744,17622.271636,3337.194508057545,3361.279,23502.90534836629,20983.550636,25335.600764
2026-05-02 07:00:00+02:00,19092.530723334345,17518.653636,3196.788249174413,3336.723,22289.318972508758,20855.376636,27442.632584
2026-05-02 07:15:00+02:00,18919.291080504547,17059.608452,3178.2392991881356,3235.255,22097.530379692682,20294.863452,29490.050112
2026-05-02 07:30:00+02:00,18757.691525324866,16344.970972,3153.2220407678155,3177.854,21910.91356609268,19522.824972,31742.870376
2026-05-02 07:45:00+02:00,18549.280131833166,15241.828356,3137.3875524339214,3164.639,21686.667684267086,18406.467356,34025.4827
2026-05-02 08:00:00+02:00,15879.691526634186,13567.33324,3238.4261063340077,3134.141,19118.117632968195,16701.47424,35846.09178
2026-05-02 08:15:00+02:00,15627.501322309054,11658.333372,3218.040269183718,2993.136,18845.541591492773,14651.469372,37412.493096
2026-05-02 08:30:00+02:00,15449.044971110972,10006.481904,3208.879679249243,2683.424,18657.924650360215,12689.905904,38971.83336
2026-05-02 08:45:00+02:00,15237.254549432144,8609.239644,3193.0624708773726,2448.146,18430.317020309518,11057.385644,40882.44776
2026-05-02 09:00:00+02:00,8368.652139955866,7426.533956,3383.3496863322703,2243.405,11752.001826288137,9669.938956,43040.13618
2026-05-02 09:15:00+02:00,8203.698896881033,6504.6643,3361.0561559074777,2218.308,11564.75505278851,8722.972300000001,45554.68382
2026-05-02 09:30:00+02:00,8115.656858548718,6089.342464,3339.2680068667833,2122.033,11454.924865415502,8211.375464,47516.654976000005
2026-05-02 09:45:00+02:00,8017.9065431581,5785.38488,3337.8961276662667,2138.478,11355.802670824367,7923.86288,49303.744396
2026-05-02 10:00:00+02:00,5044.268351103047,5023.663648,3298.8396192332257,1614.559,8343.107970336274,6638.222648,48117.169952
2026-05-02 10:15:00+02:00,4945.085370901415,4476.516156,3283.397395332002,1308.942,8228.482766233417,5785.458156,48659.895388
2026-05-02 10:30:00+02:00,4862.108331406458,4130.75502,3258.9170191196936,1377.108,8121.025350526152,5507.86302,49869.806712
2026-05-02 10:45:00+02:00,4759.409607226051,4055.105904,3212.3686502639453,1030.105,7971.778257489996,5085.210904,50048.988036
2026-05-02 11:00:00+02:00,4646.334414238867,4004.158968,2833.06987544173,908.944,7479.404289680597,4913.102968,51797.84022
2026-05-02 11:15:00+02:00,4595.96702295969,3996.49286,2770.0259643130903,762.693,7365.992987272781,4759.18586,52657.522748
2026-05-02 11:30:00+02:00,4492.546633081888,3921.83824,2731.4376764811254,579.892,7223.984309563013,4501.73024,53379.168188
2026-05-02 11:45:00+02:00,4438.709380693897,3764.87598,2690.649382084822,606.668,7129.358762778719,4371.5439799999995,52905.852588
2026-05-02 12:00:00+02:00,4091.680928749127,3426.0831,2111.141901690632,574.926,6202.822830439759,4001.0091,52387.447432
2026-05-02 12:15:00+02:00,4001.245831394879,3213.599696,2061.1467868007585,486.172,6062.392618195638,3699.771696,52784.008776
2026-05-02 12:30:00+02:00,3955.1706385075595,3138.10742,2017.1920084412716,617.283,5972.362646948831,3755.39042,52584.61556399999
2026-05-02 12:45:00+02:00,3930.544663758287,2910.904188,1968.675941942404,690.506,5899.220605700691,3601.410188,51978.329108
2026-05-02 13:00:00+02:00,4123.672789557431,2999.856568,1724.0290381026002,833.628,5847.701827660032,3833.484568,51942.4042
2026-05-02 13:15:00+02:00,4072.1707548726686,3027.882052,1671.7108847164973,759.938,5743.881639589166,3787.820052,51639.942012
2026-05-02 13:30:00+02:00,4061.5489170439023,2966.411356,1660.0710674423353,678.295,5721.619984486238,3644.706356,51051.594764
2026-05-02 13:45:00+02:00,4089.4042132486784,2874.54636,1656.6192659996054,626.105,5746.023479248284,3500.65136,50314.356304
2026-05-02 14:00:00+02:00,3469.001778131029,3712.08616,1696.9230780412643,575.97,5165.924856172293,4288.05616,51109.509108
2026-05-02 14:15:00+02:00,3569.980085232187,4256.841232,1714.35137383147,561.354,5284.331459063656,4818.195232,51241.884827999995
2026-05-02 14:30:00+02:00,3624.5978810111174,4556.776276,1712.5787673899129,749.916,5337.17664840103,5306.692276,50380.435544
2026-05-02 14:45:00+02:00,3716.872052604289,4963.0333,1719.6901038269518,952.787,5436.5621564312405,5915.8203,50023.922656
2026-05-02 15:00:00+02:00,4243.919697963977,5850.294984,2265.5167139282335,942.404,6509.436411892211,6792.698984000001,49642.890728000006
2026-05-02 15:15:00+02:00,4393.6491426654975,6261.329736,2271.6848570757684,1008.802,6665.333999741266,7270.131735999999,48767.59789999999
2026-05-02 15:30:00+02:00,4619.363106696577,6542.999756,2292.696403670725,1330.622,6912.059510367302,7873.621756,47879.219272
2026-05-02 15:45:00+02:00,4793.871712943964,6533.810176,2319.5264954472286,1666.492,7113.398208391192,8200.302176,46626.121972
2026-05-02 16:00:00+02:00,5171.1305337634785,6525.479212,2282.1061874917327,2609.207,7453.236721255211,9134.686212,48284.230036
2026-05-02 16:15:00+02:00,5648.322413793781,6730.48374,2355.158512057414,2403.604,8003.480925851196,9134.08774,46429.757144
2026-05-02 16:30:00+02:00,6031.610207593952,6787.297552,2413.1776282456617,2218.469,8444.787835839614,9005.766552000001,44562.887692
2026-05-02 16:45:00+02:00,6303.7894408220145,7470.327688,2468.240254826903,2146.337,8772.029695648918,9616.664688,42739.788828
2026-05-02 17:00:00+02:00,6515.559182723148,7533.529372,2422.135214262919,2058.63,8937.694396986068,9592.159372,40015.914892
2026-05-02 17:15:00+02:00,6891.995165105923,7506.136652,2465.11960293863,2288.367,9357.114768044554,9794.503652,37612.768872
2026-05-02 17:30:00+02:00,7199.523145368939,7619.197972,2543.2492663498083,2752.702,9742.772411718748,10371.899972,34891.136812
2026-05-02 17:45:00+02:00,7410.911884503514,7454.032804,2581.974561168143,2683.636,9992.886445671656,10137.668804,31542.029312
2026-05-02 18:00:00+02:00,8101.868448297563,7230.812572,1756.953638007738,2450.237,9858.822086305301,9681.049572,27934.706688
2026-05-02 18:15:00+02:00,8180.42289848852,6932.4724,1813.4714777510608,2271.291,9993.894376239581,9203.7634,24330.58024
2026-05-02 18:30:00+02:00,8217.924262825283,6483.459736,1841.3198616439633,2194.331,10059.244124469247,8677.790735999999,20881.420683999997
2026-05-02 18:45:00+02:00,8151.663031535948,6130.61232,1852.2752876280035,2284.759,10003.938319163952,8415.37132,17944.740996
2026-05-02 19:00:00+02:00,7193.154346942251,5954.478472,1158.1385594445853,2316.324,8351.292906386836,8270.802472,15419.120028
2026-05-02 19:15:00+02:00,7103.821891919073,5789.3398,1179.83731279645,2273.292,8283.659204715523,8062.631799999999,13255.866859999998
2026-05-02 19:30:00+02:00,6997.365768523408,5572.395168,1190.7685408059247,2137.021,8188.134309329333,7709.416168,11291.55448
2026-05-02 19:45:00+02:00,6965.974027857441,5376.508096,1197.7645121737153,1829.648,8163.738540031156,7206.156096,9572.585672
2026-05-02 20:00:00+02:00,7266.782051678276,5436.083524,659.8044256219273,1639.53,7926.586477300203,7075.613523999999,8357.334875999999
2026-05-02 20:15:00+02:00,7471.217703737759,5599.429196,663.1903449353473,1574.598,8134.408048673106,7174.027196,7772.17812
2026-05-02 20:30:00+02:00,7646.884552190276,5942.865004,660.2197632871264,1465.451,8307.104315477402,7408.316004,7735.426144
2026-05-02 20:45:00+02:00,7757.197847831247,6250.381384,655.2411300904099,1315.336,8412.438977921656,7565.717384,7776.25042
2026-05-02 21:00:00+02:00,7695.442964408134,6398.886088,585.7670946578901,1329.23,8281.210059066023,7728.116088000001,7912.1022
2026-05-02 21:15:00+02:00,7900.261466645924,6905.549824,593.3679115568144,1314.636,8493.629378202739,8220.185824,8303.714416
2026-05-02 21:30:00+02:00,8058.155914678192,7684.530436,620.6034002642773,1260.963,8678.759314942468,8945.493436,8979.727552
2026-05-02 21:45:00+02:00,8211.496614280617,8211.284256,622.3531419091343,1191.522,8833.849756189751,9402.806256,9422.26358
2026-05-02 22:00:00+02:00,7844.725019895752,8533.680316,607.8074277141998,1170.271,8452.532447609952,9703.951316,9744.53038
2026-05-02 22:15:00+02:00,7955.778668666893,9117.640992,623.9418539377126,1202.675,8579.720522604606,10320.315992,10354.765216
2026-05-02 22:30:00+02:00,8019.9578569747155,9553.269924,616.7409263603452,1281.482,8636.698783335061,10834.751924,10871.131576
2026-05-02 22:45:00+02:00,8070.847532145243,9849.699,629.7156546552807,1373.908,8700.563186800524,11223.607,11240.1299
2026-05-02 23:00:00+02:00,9938.55665124961,9886.966732,1058.474537402129,1471.242,10997.03118865174,11358.208732,11381.641624000002
2026-05-02 23:15:00+02:00,9932.801876606778,9785.927096,1056.0875635959806,1557.753,10988.889440202758,11343.680096,11371.839972
2026-05-02 23:30:00+02:00,9914.45848131931,9794.356068,1062.3779282863788,1580.722,10976.83640960569,11375.078068,11390.737624
2026-05-02 23:45:00+02:00,9905.453835735572,10086.625384,1056.9439511377846,1615.023,10962.397786873356,11701.648384,11715.804664
2026-05-03 00:00:00+02:00,9343.903045153369,10004.506584,912.3557227082842,1563.226,10256.258767861653,11567.732584,11592.137148000002
2026-05-03 00:15:00+02:00,9323.122377789477,9946.740804,901.6059239742834,1529.835,10224.72830176376,11476.575804,11489.822656
2026-05-03 00:30:00+02:00,9251.478554755768,9930.226424,888.9858189959883,1507.609,10140.464373751756,11437.835424,11448.917124
2026-05-03 00:45:00+02:00,9203.420323163336,9926.421884,871.6141809117203,1470.72,10075.034504075056,11397.141884,11408.009364
2026-05-03 01:00:00+02:00,10461.632623377094,9998.810424,593.4653108742593,1418.393,11055.097934251353,11417.203424,11433.200204
2026-05-03 01:15:00+02:00,10404.421965622272,9907.350768,595.5001482291907,1386.594,10999.922113851462,11293.944768,11305.018688000002
2026-05-03 01:30:00+02:00,10348.658297275151,9932.394304,594.2235795992245,1291.351,10942.881876874375,11223.745304,11235.033808
2026-05-03 01:45:00+02:00,10287.519194259708,10009.8031,592.2124718350009,1022.436,10879.731666094709,11032.2391,11042.986324
2026-05-03 02:00:00+02:00,11451.153424103406,10086.565148,688.7686244326408,772.761,12139.922048536047,10859.326148,10871.796668
2026-05-03 02:15:00+02:00,11374.203518441529,9990.457504,695.7536101902772,804.135,12069.957128631806,10794.592504,10823.582312
2026-05-03 02:30:00+02:00,11312.141008279534,9583.760424,687.8100847762951,636.179,11999.951093055828,10219.939424,10255.78404
2026-05-03 02:45:00+02:00,11257.914842282646,9434.221572,680.5017262209373,453.623,11938.416568503582,9887.844572,9900.597212
2026-05-03 03:00:00+02:00,11604.585649689869,9276.830488,581.2007810659961,247.2,12185.786430755865,9524.030488,9544.300704
2026-05-03 03:15:00+02:00,11557.692786330605,9021.561216,566.6943852610086,148.168,12124.387171591614,9169.729216,9185.126732
2026-05-03 03:30:00+02:00,11501.9639929916,8733.867676,553.3448117505797,114.396,12055.308804742179,8848.263676,8861.837192
2026-05-03 03:45:00+02:00,11442.338831182447,8446.679876,544.6446756412964,98.545,11986.983506823744,8545.224876,8556.784772
2026-05-03 04:00:00+02:00,11266.30836682257,8242.273728,450.1003866514238,85.343,11716.408753473994,8327.616728,8342.922424
2026-05-03 04:15:00+02:00,11236.01803449367,8281.023624,454.45775394897606,81.56,11690.475788442647,8362.583623999999,8373.617471999998
2026-05-03 04:30:00+02:00,11212.424105438993,8283.654016,449.52802370296223,82.41,11661.952129141955,8366.064016,8379.511812
2026-05-03 04:45:00+02:00,11180.93367206954,8162.275444,433.72056578186675,78.642,11614.654237851406,8240.917444,8254.719920000001
2026-05-03 05:00:00+02:00,11942.685743117005,8200.344396,505.52059450996126,81.256,12448.206337626965,8281.600396,8297.20804
2026-05-03 05:15:00+02:00,11929.401679669101,8306.587836,494.72561041528985,86.572,12424.12729008439,8393.159836,8412.189196000001
2026-05-03 05:30:00+02:00,11914.85191735608,8062.829408,492.27294319025026,89.041,12407.12486054633,8151.870408,8186.863744
2026-05-03 05:45:00+02:00,11879.964700117667,8032.975748,486.27777842312287,84.172,12366.24247854079,8117.147747999999,8277.230716
2026-05-03 06:00:00+02:00,12807.669662118196,8264.732048,783.3869612313628,101.388,13591.05662334956,8366.120048,8950.862444
2026-05-03 06:15:00+02:00,12732.081701063235,8388.972152,774.879285436506,88.275,13506.96098649974,8477.247152,9910.017732
2026-05-03 06:30:00+02:00,12617.320035382096,8410.750952,763.5188834030253,69.008,13380.83891878512,8479.758952,11082.971144
2026-05-03 06:45:00+02:00,12513.785284591371,8412.521968,758.1555163990408,88.982,13271.940800990413,8501.503967999999,12555.560712
2026-05-03 07:00:00+02:00,13151.99576709172,8396.348392,819.7280681880555,94.879,13971.723835279774,8491.227392,14366.360816
2026-05-03 07:15:00+02:00,12971.3399242952,8380.680724,798.2423109538471,101.231,13769.582235249047,8481.911724,16442.510012
2026-05-03 07:30:00+02:00,12793.628809614605,8309.05828,772.4208002712315,85.827,13566.049609885837,8394.885279999999,18768.677067999997
2026-05-03 07:45:00+02:00,12547.829108012023,8126.996836,758.372215066924,82.244,13306.201323078947,8209.240836,21177.87564
2026-05-03 08:00:00+02:00,11460.908327063062,7738.157896,567.9582405704043,122.184,12028.866567633466,7860.341896,23648.301676
2026-05-03 08:15:00+02:00,11169.202106112234,7149.944508,558.1572102995409,170.113,11727.359316411776,7320.057508,26070.36034
2026-05-03 08:30:00+02:00,11045.930406138801,6548.589936,559.2946906852912,182.605,11605.225096824091,6731.194936,28401.318696
2026-05-03 08:45:00+02:00,10834.672836355405,5864.522884,542.2695334930415,219.968,11376.942369848446,6084.490884,30654.541072
2026-05-03 09:00:00+02:00,7744.356126203124,5425.668248,373.4806693798138,240.654,8117.836795582938,5666.322248,32388.637928
2026-05-03 09:15:00+02:00,7577.003714613283,5257.565384,348.2083065543619,255.672,7925.212021167645,5513.237384,34391.000587999995
2026-05-03 09:30:00+02:00,7498.407596330791,5053.692984,320.2630036477231,264.816,7818.6705999785145,5318.508984,37113.1739
2026-05-03 09:45:00+02:00,7413.8553882600645,4772.191264,310.22205414795775,279.368,7724.077442408022,5051.559264,39742.31649600001
2026-05-03 10:00:00+02:00,5018.766481017963,4573.522128,327.2853159128242,318.82,5346.0517969307875,4892.342127999999,41952.410251999994
2026-05-03 10:15:00+02:00,4927.548009957639,4630.388004,297.85886272037277,332.327,5225.4068726780115,4962.715004000001,44054.57092
2026-05-03 10:30:00+02:00,4840.908194168479,4624.760696,259.0332661628987,366.542,5099.941460331378,4991.302696000001,44932.79778
2026-05-03 10:45:00+02:00,4727.491830773244,4505.672116,202.76630717203128,423.714,4930.258137945276,4929.386116,46343.071128
2026-05-03 11:00:00+02:00,4338.1555556437,4503.829632,87.45377226496589,403.797,4425.609327908665,4907.6266319999995,45970.9762
2026-05-03 11:15:00+02:00,4284.045124487201,4861.725088,17.81433949755757,428.212,4301.859463984759,5289.937088000001,47603.073996
2026-05-03 11:30:00+02:00,4166.7253015969145,5137.645068,0.0,455.003,4166.7253015969145,5592.6480679999995,48410.220216
2026-05-03 11:45:00+02:00,4100.447204790753,5366.437424,0.0,438.371,4100.447204790753,5804.808424,48862.203056000006
2026-05-03 12:00:00+02:00,4365.174289925557,5352.584304,0.0,382.517,4365.174289925557,5735.101304,49069.247036
2026-05-03 12:15:00+02:00,4270.281944330827,5552.861516,0.0,396.01,4270.281944330827,5948.871516,49710.91966
2026-05-03 12:30:00+02:00,4222.561009925157,5673.483724,0.0,439.849,4222.561009925157,6113.332724,50094.071956
2026-05-03 12:45:00+02:00,4195.886514134011,6044.340324,0.0,471.588,4195.886514134011,6515.9283239999995,50200.988524
2026-05-03 13:00:00+02:00,3788.660102625213,6688.097388,0.0,281.255,3788.660102625213,6969.352388,50767.37072
2026-05-03 13:15:00+02:00,3737.205363984586,6682.779748,0.0,326.783,3737.205363984586,7009.562748,50183.306176
2026-05-03 13:30:00+02:00,3724.7443180396003,7231.231388,0.0,347.026,3724.7443180396003,7578.257388,50232.39256
2026-05-03 13:45:00+02:00,3747.8971109267404,7784.039868,0.0,317.219,3747.8971109267404,8101.258868,49905.151064
2026-05-03 14:00:00+02:00,4409.846744674907,8257.741364,0.0,345.577,4409.846744674907,8603.318363999999,49965.974392
2026-05-03 14:15:00+02:00,4503.009014380821,8738.857156,0.0,345.364,4503.009014380821,9084.221156,49081.669988
2026-05-03 14:30:00+02:00,4550.1052355304855,9410.79446,0.0,323.331,4550.1052355304855,9734.12546,48606.933464
2026-05-03 14:45:00+02:00,4637.7171153491345,9960.1646,0.0,323.649,4637.7171153491345,10283.8136,47596.135676
2026-05-03 15:00:00+02:00,6130.887768882065,10533.57058,0.0,400.694,6130.887768882065,10934.26458,46755.345788000006
2026-05-03 15:15:00+02:00,6269.28737592867,11129.777016,0.0,342.879,6269.28737592867,11472.656016,45456.44618
2026-05-03 15:30:00+02:00,6414.439689260394,11772.700756,0.0,316.532,6414.439689260394,12089.232756,44528.252572
2026-05-03 15:45:00+02:00,6580.9755933157985,12445.12962,0.0,294.804,6580.9755933157985,12739.93362,43463.872491999995
2026-05-03 16:00:00+02:00,8269.646211153495,13425.697848,0.0,281.889,8269.646211153495,13707.586848,43142.264992
2026-05-03 16:15:00+02:00,8647.769252155964,13899.494696,0.0,298.55,8647.769252155964,14198.044696,41343.57342
2026-05-03 16:30:00+02:00,9049.89624955609,13948.981336,0.0,318.77,9049.89624955609,14267.751336,39435.996328
2026-05-03 16:45:00+02:00,9315.434781537198,13942.082072,0.0,352.447,9315.434781537198,14294.529072,37102.148056
2026-05-03 17:00:00+02:00,9998.032439681967,13970.83016,215.1648933012002,431.169,10213.197332983167,14401.99916,35173.006888
2026-05-03 17:15:00+02:00,10356.385941111497,14007.501012,273.65676398667824,505.186,10630.042705098176,14512.687012,33468.9125
2026-05-03 17:30:00+02:00,10625.940717461981,14137.046436,352.26666679533975,635.728,10978.20738425732,14772.774436,31407.665292
2026-05-03 17:45:00+02:00,10830.074950611015,14196.930664,402.15440351235475,752.508,11232.22935412337,14949.438664,29030.601008
2026-05-03 18:00:00+02:00,10485.893938248539,14578.249972,303.2035682104972,882.492,10789.097506459037,15460.741972,27155.638824
2026-05-03 18:15:00+02:00,10567.3173818454,14855.983164,358.5444256230114,1060.345,10925.861807468411,15916.328164,25546.113872
2026-05-03 18:30:00+02:00,10592.299755205979,14853.346176,393.1199151042347,1137.268,10985.419670310213,15990.614176,23757.731032
2026-05-03 18:45:00+02:00,10533.226283732914,15162.479148,413.2413036851046,1199.362,10946.46758741802,16361.841148,22493.591364
2026-05-03 19:00:00+02:00,11161.82403533725,15008.301924,505.02071292504706,1383.403,11666.844748262296,16391.704923999998,21127.383747999997
2026-05-03 19:15:00+02:00,11073.034636529694,14425.998004,524.4827994207799,1592.165,11597.517435950474,16018.163003999998,19509.528135999997
2026-05-03 19:30:00+02:00,10959.129359453647,14181.732352,540.552291805395,1851.877,11499.681651259043,16033.609352,18485.876488
2026-05-03 19:45:00+02:00,10919.538515296692,14158.632112,546.1972599984574,2156.289,11465.73577529515,16314.921112,17895.331288
2026-05-03 20:00:00+02:00,9489.690055443105,13977.239328,575.8037416871023,2461.09,10065.493797130208,16438.329328,17259.615848
2026-05-03 20:15:00+02:00,9717.19620961589,13853.932164,579.487754860518,2648.195,10296.683964476408,16502.127164,16847.730848000003
2026-05-03 20:30:00+02:00,9926.552957476864,13856.580404,578.0091574923983,2800.554,10504.562114969263,16657.134404,16778.236348
2026-05-03 20:45:00+02:00,10125.3846415698,13726.35722,572.2434673059989,2971.583,10697.6281088758,16697.94022,16762.51278
2026-05-03 21:00:00+02:00,12352.60246890976,13517.887496,485.46416892048904,3008.159,12838.066637830249,16526.046496,16639.322895999998
2026-05-03 21:15:00+02:00,12588.368194815548,13659.158248,489.30329241035923,3054.933,13077.671487225907,16714.091248,16762.262792
2026-05-03 21:30:00+02:00,12771.622333941983,13834.63406,507.3364955036761,3338.003,13278.958829445659,17172.63706,17195.338892
2026-05-03 21:45:00+02:00,12953.08110061334,13868.300648,507.90310754384694,3684.429,13460.984208157188,17552.729648,17570.889056
2026-05-03 22:00:00+02:00,13821.140692391911,13522.677352,546.8038376471594,3894.072,14367.94453003907,17416.749352,17462.019184
2026-05-03 22:15:00+02:00,13951.672641377056,14046.83238,561.2013323394834,4037.202,14512.87397371654,18084.03438,18103.430616
2026-05-03 22:30:00+02:00,14033.615450938292,14406.044728,550.2452904524323,4311.717,14583.860741390725,18717.761728,18734.718336
2026-05-03 22:45:00+02:00,14102.65764694002,14687.30608,556.7109205800261,4418.217,14659.368567520047,19105.52308,19122.235996
2026-05-03 23:00:00+02:00,15409.8842657591,14781.886548,2690.6614136171365,4324.877,18100.545679376235,19106.763548000003,19124.320228000004
2026-05-03 23:15:00+02:00,15418.041137571685,14760.404868,2700.349484943881,3987.755,18118.390622515566,18748.159868,18762.473464
2026-05-03 23:30:00+02:00,15407.219077310965,14616.381956,2706.0499362104892,3741.82,18113.269013521454,18358.201956,18371.968644
2026-05-03 23:45:00+02:00,15404.222329126549,14649.169972,2702.802727885397,3943.668,18107.025057011946,18592.837972,18604.944600000003
2026-05-04 00:00:00+02:00,15863.831332610298,14442.70458,2991.518867471233,4085.883,18855.35020008153,18528.58758,18556.426704
2026-05-04 00:15:00+02:00,15838.04476197119,13995.169092,2977.059780411015,4028.835,18815.104542382207,18024.004092,18040.335096
2026-05-04 00:30:00+02:00,15767.6414480792,13610.132892,2958.639245449766,3997.78,18726.280693528966,17607.912892,17619.457336
2026-05-04 00:45:00+02:00,15718.574477088152,13793.948768,2942.691622863058,3846.669,18661.266099951208,17640.617768,17651.164292
2026-05-04 01:00:00+02:00,16986.689604021296,14028.031004,2761.012963832476,3597.69,19747.702567853772,17625.721004,17636.777152
2026-05-04 01:15:00+02:00,16924.42631959754,14325.920744,2760.5633459593064,3398.66,19684.989665556845,17724.580744,17734.554672
2026-05-04 01:30:00+02:00,16867.617380893927,14505.209972,2752.8058691918463,3307.033,19620.423250085772,17812.242972,17824.97198
2026-05-04 01:45:00+02:00,16806.641663324437,14407.268408,2742.2021734494956,3203.333,19548.843836773933,17610.601408,17624.327508
2026-05-04 02:00:00+02:00,14578.033095438795,13862.357452,2481.4768195975294,3213.322,17059.509915036324,17075.679452,17090.101584
2026-05-04 02:15:00+02:00,14496.842903869547,13333.515644,2488.9116977451285,3098.456,16985.754601614673,16431.971643999997,16445.879031999997
2026-05-04 02:30:00+02:00,14424.323343449367,12954.402552,2478.921974803609,2940.356,16903.245318252975,15894.758552,15908.504616
2026-05-04 02:45:00+02:00,14369.301581175472,12504.971572,2469.9160041584555,2954.02,16839.21758533393,15458.991572,15470.910312
2026-05-04 03:00:00+02:00,12488.466246884489,11997.781872,2216.993059706024,2896.466,14705.459306590514,14894.247872,14908.575472
2026-05-04 03:15:00+02:00,12439.75238948145,11506.516688,2202.0077002415483,2782.125,14641.760089722997,14288.641688,14300.138448
2026-05-04 03:30:00+02:00,12379.190457983785,11143.860192,2188.853420420694,2611.389,14568.043878404478,13755.249192,13765.7736
2026-05-04 03:45:00+02:00,12317.180447212371,10788.618912,2178.1037304551064,2593.336,14495.284177667478,13381.954912,13391.9685
2026-05-04 04:00:00+02:00,9735.49570308143,10572.704788,2191.4980228632294,2471.695,11926.99372594466,13044.399788,13056.498368
2026-05-04 04:15:00+02:00,9707.924934934445,10304.501228,2197.310919075532,2364.083,11905.235854009978,12668.584228,12679.603452
2026-05-04 04:30:00+02:00,9687.336532534215,9827.107488,2192.5094072823695,2268.118,11879.845939816583,12095.225488,12107.13572
2026-05-04 04:45:00+02:00,9659.689247014141,9421.457168,2176.9517360164978,2224.395,11836.640983030638,11645.852168,11657.336024000002
2026-05-04 05:00:00+02:00,8261.130699338468,8958.568736,2048.047359216444,2260.322,10309.178058554911,11218.890736,11230.352248
2026-05-04 05:15:00+02:00,8255.5815849401,8522.905952,2036.3605593523519,2222.378,10291.942144292452,10745.283952,10761.578248
2026-05-04 05:30:00+02:00,8243.338817890535,8017.182448,2031.0122610727094,2103.095,10274.351078963246,10120.277448,10144.837963999998
2026-05-04 05:45:00+02:00,8214.147323628831,7709.226216,2027.9929891345364,1964.259,10242.140312763368,9673.485216,9773.612516
2026-05-04 06:00:00+02:00,6677.657567176739,7526.10942,1915.173079061557,1822.416,8592.830646238295,9348.52542,9704.639496
2026-05-04 06:15:00+02:00,6610.573465286071,7000.583872,1899.3426589416688,1594.305,8509.91612422774,8594.888872,9643.077668
2026-05-04 06:30:00+02:00,6504.380567300268,6692.064424,1882.6816480705836,1466.511,8387.062215370852,8158.575424000001,10146.414392
2026-05-04 06:45:00+02:00,6414.349614482562,6468.868284,1867.346855195139,1359.372,8281.696469677701,7828.240284,11026.08868
2026-05-04 07:00:00+02:00,4196.099056671498,6266.58564,1635.4467639229442,1328.848,5831.545820594442,7595.43364,12355.883556
2026-05-04 07:15:00+02:00,4022.071086130462,5969.519828,1612.7607360373265,1411.264,5634.831822167788,7380.783828,13802.869112
2026-05-04 07:30:00+02:00,3830.756362716022,5561.101924,1582.2758012898228,1480.592,5413.032164005845,7041.693923999999,15483.329264
2026-05-04 07:45:00+02:00,3603.037320814773,5078.698284,1560.4355699932337,1515.465,5163.472890808007,6594.163284,17345.255656
2026-05-04 08:00:00+02:00,3394.912899635457,4723.445024,1433.8068072832466,1591.393,4828.719706918704,6314.838024,19650.87672
2026-05-04 08:15:00+02:00,3091.57165851408,4519.547744,1421.9184629620067,1594.732,4513.490121476087,6114.279744,22050.29514
2026-05-04 08:30:00+02:00,2915.643363658729,4429.550836,1418.7482599698058,1488.635,4334.391623628535,5918.185836000001,24488.660984
2026-05-04 08:45:00+02:00,2675.579094481135,4339.871444,1395.9853224152178,1497.01,4071.5644168963527,5836.881444000001,27050.515296
2026-05-04 09:00:00+02:00,2342.2935347675857,4157.005456,1171.3419228988164,1198.072,3513.635457666402,5355.077456,29382.642612
2026-05-04 09:15:00+02:00,2153.815056160254,3887.957184,1143.976939136047,1192.355,3297.7919952963007,5080.312184,31898.124367999997
2026-05-04 09:30:00+02:00,2056.7161019079567,3710.436492,1111.0432731680587,1093.678,3167.759375076015,4804.114492,34373.452836
2026-05-04 09:45:00+02:00,1952.1886430532522,3535.816232,1094.8682347410954,968.799,3047.0568777943477,4504.615232,36589.154148
2026-05-04 10:00:00+02:00,1896.3389030946075,3166.933304,1011.2643752322138,389.913,2907.603278326821,3556.846304,37836.99692
2026-05-04 10:15:00+02:00,1766.224348047742,3048.693484,967.7613500233541,361.441,2733.985698071096,3410.1344839999997,39493.493964
2026-05-04 10:30:00+02:00,1649.1857798548865,3087.083584,924.7571618975143,232.915,2573.9429417524007,3319.998584,41099.016824
2026-05-04 10:45:00+02:00,1514.463129203368,3087.404708,853.5936886754048,111.308,2368.0568178787726,3198.712708,42329.2969
2026-05-04 11:00:00+02:00,1071.0301464071804,2907.76736,703.2298917465317,196.088,1774.2600381537122,3103.85536,43367.091588
2026-05-04 11:15:00+02:00,1010.2084191504359,2818.226984,634.9380287402364,94.545,1645.1464478906723,2912.771984,44167.638548
2026-05-04 11:30:00+02:00,891.0132458689551,2756.590792,578.2910368217856,177.211,1469.3042826907408,2933.801792,44907.592844
2026-05-04 11:45:00+02:00,826.0392065052632,2743.12274,533.5645157840297,246.835,1359.6037222892928,2989.95774,45438.915904
2026-05-04 12:00:00+02:00,489.4893794334673,2717.032108,251.87062876406094,133.805,741.3600081975283,2850.8371079999997,45611.858996
2026-05-04 12:15:00+02:00,392.97734982402426,2720.773604,204.5781475432466,122.131,597.5554973672708,2842.904604,45428.50872400001
2026-05-04 12:30:00+02:00,356.42391224285507,2644.217788,162.90167629319797,142.992,519.325588536053,2787.209788,44757.508212
2026-05-04 12:45:00+02:00,331.01486919051786,2673.757924,115.9030475195625,123.96,446.91791671008036,2797.717924,44029.459515999995
2026-05-04 13:00:00+02:00,0.0,2706.951184,206.08421732125748,101.621,206.08421732125748,2808.572184,43553.515836
2026-05-04 13:15:00+02:00,0.0,2735.139384,153.2375258691004,69.965,153.2375258691004,2805.104384,43113.144656
2026-05-04 13:30:00+02:00,0.0,2718.360656,138.68243384387608,61.381,138.68243384387608,2779.7416559999997,42251.327487999995
2026-05-04 13:45:00+02:00,0.0,2741.880672,135.28814157435,52.469,135.28814157435,2794.349672,41449.448939999995
2026-05-04 14:00:00+02:00,367.91975944398087,2741.683224,508.95335225788506,56.236,876.8731117018659,2797.919224,40759.927128
2026-05-04 14:15:00+02:00,470.93037550721374,2759.468672,523.914143381836,105.968,994.8445188890497,2865.436672,39787.185064000005
2026-05-04 14:30:00+02:00,520.0622645889612,2812.449052,531.9245348920568,162.113,1051.986799481018,2974.562052,38667.53962
2026-05-04 14:45:00+02:00,607.473410041913,2710.690564,549.5644385891703,201.899,1157.0378486310833,2912.589564,37548.389884
2026-05-04 15:00:00+02:00,780.1771323561375,2700.369272,677.0111113390034,763.927,1457.188243695141,3464.296272,36903.169612
2026-05-04 15:15:00+02:00,904.6324416194063,2787.809384,692.72828209407,880.681,1597.3607237134763,3668.490384,36049.010756
2026-05-04 15:30:00+02:00,1031.987627907528,2796.744684,732.9831448675271,964.776,1764.9707727750551,3761.520684,34798.914916
2026-05-04 15:45:00+02:00,1179.3671975730538,2770.501872,769.7328011756639,1046.364,1949.0999987487176,3816.865872,33412.627964
2026-05-04 16:00:00+02:00,1384.0110008061183,2705.605916,829.2606412827035,1001.528,2213.271642088822,3707.133916,31398.233644
2026-05-04 16:15:00+02:00,1647.6489404829429,2697.999776,869.3862444544304,964.188,2517.0351849373733,3662.187776,29329.531292
2026-05-04 16:30:00+02:00,1952.7903282206917,2612.668712,921.2651178251924,899.245,2874.0554460458843,3511.913712,27156.345468000003
2026-05-04 16:45:00+02:00,2197.05978364406,2605.100816,1049.5096948139646,816.896,3246.5694784580246,3421.996816,25127.3904
2026-05-04 17:00:00+02:00,2089.4686939613184,2510.847988,976.5819724426617,769.255,3066.0506664039804,3280.102988,22953.850284
2026-05-04 17:15:00+02:00,2397.4684519735,2478.78466,1033.0913818072356,737.588,3430.559833780736,3216.37266,21116.02054
2026-05-04 17:30:00+02:00,2581.0235688275943,2480.146056,1157.3735394714702,747.213,3738.3971082990647,3227.359056,18837.697744
2026-05-04 17:45:00+02:00,2758.536221137693,2532.694896,1203.9435391682011,810.109,3962.479760305894,3342.803896,16678.106468
2026-05-04 18:00:00+02:00,3062.5798729707917,2534.881324,1063.1553071960918,878.156,4125.735180166884,3413.037324,14495.60624
2026-05-04 18:15:00+02:00,3129.734433008007,2611.733052,1112.5943590805045,891.236,4242.328792088511,3502.969052,12627.967244
2026-05-04 18:30:00+02:00,3140.6647556773323,2828.174568,1145.209208062181,889.167,4285.873963739514,3717.341568,11080.235308
2026-05-04 18:45:00+02:00,3077.2581610212746,3046.614532,1169.964792148886,867.718,4247.2229531701605,3914.332532,9775.675992
2026-05-04 19:00:00+02:00,2546.0326836538957,3329.550404,1094.5444910747365,865.935,3640.577174728632,4195.485404,8618.628952
2026-05-04 19:15:00+02:00,2451.9740568602615,3450.852028,1111.5354568591868,855.726,3563.5095137194485,4306.578028,7552.5548
2026-05-04 19:30:00+02:00,2329.7681090563956,3734.913912,1120.5196361412045,836.198,3450.2877451976,4571.111912,6815.70334
2026-05-04 19:45:00+02:00,2263.471448068864,3623.26514,1118.8339168359785,745.741,3382.3053649048425,4369.0061399999995,5822.216092
2026-05-04 20:00:00+02:00,3261.2312430404904,3534.105476,812.6209437184381,707.256,4073.8521867589284,4241.361476,5084.161924
2026-05-04 20:15:00+02:00,3448.362410582398,3476.8922,816.6771560697592,713.233,4265.039566652157,4190.1251999999995,4650.015351999999
2026-05-04 20:30:00+02:00,3627.24154822828,3423.673316,813.7844120214653,680.54,4441.025960249745,4104.213315999999,4322.053472
2026-05-04 20:45:00+02:00,3797.782906896913,3127.989048,803.4318664973191,641.849,4601.214773394232,3769.838048,3920.49436
2026-05-04 21:00:00+02:00,3535.3457853497384,2834.848472,599.1928192049817,608.003,4134.53860455472,3442.8514720000003,3618.882604
2026-05-04 21:15:00+02:00,3747.2731935154548,2883.931564,601.7070663826612,562.95,4348.980259898116,3446.8815640000003,3577.646012
2026-05-04 21:30:00+02:00,3926.192664392658,3042.74538,614.9311660708205,542.901,4541.123830463479,3585.6463799999997,3658.863236
2026-05-04 21:45:00+02:00,4093.7092167218852,3232.296728,612.0735844767227,531.168,4705.782801198608,3763.464728,3796.128336
2026-05-04 22:00:00+02:00,4745.727559809326,3333.3332,490.8754788385361,525.116,5236.6030386478615,3858.4492,3889.803536
2026-05-04 22:15:00+02:00,4856.664046922797,3443.357148,502.17831814372187,503.283,5358.842365066519,3946.640148,3960.947972
2026-05-04 22:30:00+02:00,4932.702105490777,3652.348016,490.52036817032,495.803,5423.222473661097,4148.151016,4162.730464
2026-05-04 22:45:00+02:00,4987.648123056706,3749.555324,491.37832623406365,449.469,5479.02644929077,4199.024324,4212.228056
2026-05-04 23:00:00+02:00,4238.930696114497,3780.155836,323.96099796044257,375.154,4562.89169407494,4155.309836,4166.73044
2026-05-04 23:15:00+02:00,4243.906336318589,3572.127192,336.27867687076673,297.12,4580.185013189355,3869.247192,3879.24042
2026-05-04 23:30:00+02:00,4227.563124285782,3389.099188,342.60276814523763,230.021,4570.1658924310195,3619.120188,3629.251032
2026-05-04 23:45:00+02:00,4227.27328710592,3357.393096,338.7084502953081,198.577,4565.981737401228,3555.970096,3565.445668
2026-05-05 00:00:00+02:00,3975.446924173268,3395.925896,660.1493258621323,173.203,4635.596250035401,3569.128896,3579.1414360000003
2026-05-05 00:15:00+02:00,3913.935441140108,3247.171376,643.2875316736706,169.237,4557.222972813779,3416.408376,3425.7691
2026-05-05 00:30:00+02:00,3838.668762512296,3060.631864,625.2928690777933,175.666,4463.961631590089,3236.297864,3245.8158040000003
2026-05-05 00:45:00+02:00,3791.183489593335,2960.887336,603.6831469098754,186.831,4394.86663650321,3147.718336,3157.158492
2026-05-05 01:00:00+02:00,3619.202540823826,2856.429504,524.9689106668847,195.519,4144.171451490711,3051.948504,3064.215444
2026-05-05 01:15:00+02:00,3569.9270048266367,2748.281392,517.7255218377356,207.322,4087.652526664372,2955.603392,2964.620028
2026-05-05 01:30:00+02:00,3520.13220534945,2610.552608,506.67384333088535,220.732,4026.806048680335,2831.284608,2840.871288
2026-05-05 01:45:00+02:00,3465.0243050284757,2516.748084,493.6964386049714,210.34,3958.720743633447,2727.088084,2736.9284
2026-05-05 02:00:00+02:00,3402.885084538282,2495.359772,476.3689157472363,224.705,3879.2540002855185,2720.0647719999997,2732.2310479999996
2026-05-05 02:15:00+02:00,3303.5780680706002,2465.991364,478.03804513340503,255.298,3781.616113204005,2721.289364,2731.2882360000003
2026-05-05 02:30:00+02:00,3220.370743488979,2506.263496,463.0792394940513,287.355,3683.44998298303,2793.618496,2803.80438
2026-05-05 02:45:00+02:00,3154.933682965791,2571.225404,451.84953901462836,283.274,3606.7832219804195,2854.4994039999997,2865.8054079999997
2026-05-05 03:00:00+02:00,2924.8388785053307,2681.058932,454.09627275903824,283.337,3378.935151264369,2964.395932,2976.4671519999997
2026-05-05 03:15:00+02:00,2863.5438417970972,2728.0609,434.9609490713461,337.117,3298.5047908684433,3065.1779,3074.801064
2026-05-05 03:30:00+02:00,2799.87969321853,2716.806424,418.32732391397246,375.13,3218.2070171325026,3091.936424,3103.801604
2026-05-05 03:45:00+02:00,2742.466120634947,2700.762608,409.2215415615923,386.047,3151.6876621965393,3086.809608,3098.721076
2026-05-05 04:00:00+02:00,2772.4608354852753,2712.08114,472.1785978646821,419.124,3244.6394333499575,3131.20514,3142.127976
2026-05-05 04:15:00+02:00,2739.068845395377,2710.394404,476.34764485900627,483.594,3215.4164902543835,3193.988404,3203.041264
2026-05-05 04:30:00+02:00,2712.8682104886657,2746.107704,470.42715960236194,545.571,3183.2953700910275,3291.678704,3301.699748
2026-05-05 04:45:00+02:00,2689.3834951478093,2736.701568,456.21596861171,581.062,3145.5994637595195,3317.763568,3327.358988
2026-05-05 05:00:00+02:00,3034.307458425543,2726.849072,478.320179276905,636.561,3512.627637702448,3363.410072,3375.752684
2026-05-05 05:15:00+02:00,3025.437548384581,2714.562228,466.19572460741114,667.35,3491.6332729919923,3381.9122279999997,3397.4040279999995
2026-05-05 05:30:00+02:00,3018.2662758071842,2713.068912,459.52524561768047,681.558,3477.7915214248646,3394.626912,3443.435092
2026-05-05 05:45:00+02:00,2992.878271166469,2780.6939,457.77561949204573,695.968,3450.6538906585147,3476.6619,3550.919892
2026-05-05 06:00:00+02:00,3538.2413187098396,2871.295704,569.1835038663638,696.546,4107.424822576203,3567.8417040000004,3852.741972
2026-05-05 06:15:00+02:00,3477.683521972772,2867.460216,551.7869249205888,699.061,4029.4704468933605,3566.521216,4419.01338
2026-05-05 06:30:00+02:00,3382.087437619539,2860.217372,533.9942284572938,653.044,3916.081666076833,3513.261372,5107.98524
2026-05-05 06:45:00+02:00,3305.9941918197464,2852.091576,520.3300163894477,595.515,3826.3242082091942,3447.6065759999997,5996.153504
2026-05-05 07:00:00+02:00,3429.8154363735157,2759.264188,540.4955220447379,553.834,3970.3109584182534,3313.098188,6911.385048
2026-05-05 07:15:00+02:00,3292.3991260855355,2583.252188,534.6558019323963,525.348,3827.054928017932,3108.600188,8005.158347999999
2026-05-05 07:30:00+02:00,3110.241308595187,2357.515328,501.4012575570688,462.92,3611.6425661522558,2820.435328,9166.76576
2026-05-05 07:45:00+02:00,2870.5078589288105,2163.63112,482.44370456743184,428.954,3352.951563496242,2592.58512,10429.026864
2026-05-05 08:00:00+02:00,2932.2212279748283,2047.8274,441.57855982687647,467.526,3373.799787801705,2515.3534,12057.935496
2026-05-05 08:15:00+02:00,2651.874006748499,2017.878504,433.75578470449966,535.657,3085.6297914529987,2553.535504,13827.79688
2026-05-05 08:30:00+02:00,2331.946109236807,2009.996136,421.45818850797053,567.111,2753.4042977447775,2577.107136,15692.682436
2026-05-05 08:45:00+02:00,2091.474279727696,1996.649176,403.8194035313178,510.576,2495.2936832590135,2507.225176,17379.89792
2026-05-05 09:00:00+02:00,2700.917923843816,1945.28688,281.86399623621537,495.2,2982.7819200800313,2440.48688,19024.005332
2026-05-05 09:15:00+02:00,2519.002770319997,1867.315616,264.6255779231107,467.805,2783.6283482431077,2335.120616,20764.635244
2026-05-05 09:30:00+02:00,2416.0190755288704,1800.112788,238.16258075711892,433.926,2654.1816562859894,2234.038788,22375.737695999997
2026-05-05 09:45:00+02:00,2313.422122570715,1755.30562,229.34718031170794,377.816,2542.7693028824233,2133.12162,23921.728216000003
2026-05-05 10:00:00+02:00,2412.989080408545,1789.115356,215.6852766358076,323.842,2628.6743570443523,2112.957356,25115.171
2026-05-05 10:15:00+02:00,2314.62687079712,1776.66864,180.4681042889701,234.471,2495.09497508609,2011.13964,26355.401052
2026-05-05 10:30:00+02:00,2210.480684433899,1757.00464,144.89085278909,184.732,2355.371537222989,1941.73664,27837.51668
2026-05-05 10:45:00+02:00,2108.3832282068233,1713.126368,80.51218740848657,162.328,2188.89541561531,1875.454368,29008.25926
2026-05-05 11:00:00+02:00,1660.7337867884144,1730.85784,0.0,161.557,1660.7337867884144,1892.41484,29829.420316
2026-05-05 11:15:00+02:00,1632.8717723252785,1758.27792,0.0,161.118,1632.8717723252785,1919.39592,30417.998175999997
2026-05-05 11:30:00+02:00,1532.9144988256576,1824.882124,0.0,148.247,1532.9144988256576,1973.129124,30919.607588
2026-05-05 11:45:00+02:00,1494.400101748588,1899.27294,0.0,141.335,1494.400101748588,2040.60794,31288.850244
2026-05-05 12:00:00+02:00,1453.0222175850113,1955.394808,0.0,154.724,1453.0222175850113,2110.118808,31573.456052
2026-05-05 12:15:00+02:00,1373.088582025166,1960.211388,0.0,190.135,1373.088582025166,2150.346388,31795.826872
2026-05-05 12:30:00+02:00,1352.0270597667013,1970.712308,0.0,217.561,1352.0270597667013,2188.273308,31675.632816
2026-05-05 12:45:00+02:00,1345.7098618250368,1994.269864,0.0,258.834,1345.7098618250368,2253.103864,31499.261888
2026-05-05 13:00:00+02:00,1514.8348734271206,2001.73024,0.0,364.429,1514.8348734271206,2366.15924,31170.979228
2026-05-05 13:15:00+02:00,1461.2492587286627,2046.97188,0.0,417.214,1461.2492587286627,2464.18588,30647.280968
2026-05-05 13:30:00+02:00,1467.658353392151,2068.39058,0.0,423.749,1467.658353392151,2492.13958,29999.725296
2026-05-05 13:45:00+02:00,1498.0340311141472,2178.873052,0.0,439.985,1498.0340311141472,2618.858052,29425.125484
2026-05-05 14:00:00+02:00,1861.6196904708931,2292.750588,0.0,453.043,1861.6196904708931,2745.793588,28626.595732
2026-05-05 14:15:00+02:00,1969.686359862943,2466.023416,0.0,434.764,1969.686359862943,2900.787416,27517.749672
2026-05-05 14:30:00+02:00,2051.455876821349,2619.862948,0.0,440.82,2051.455876821349,3060.682948,26861.226744000003
2026-05-05 14:45:00+02:00,2146.493517561971,2837.788784,0.0,483.597,2146.493517561971,3321.385784,26204.319328
2026-05-05 15:00:00+02:00,3253.435339578873,3048.411764,0.0,474.451,3253.435339578873,3522.862764,25255.042576
2026-05-05 15:15:00+02:00,3393.8158682950707,3199.212336,0.0,445.365,3393.8158682950707,3644.577336,24025.863088
2026-05-05 15:30:00+02:00,3544.876157528407,3469.40564,0.0,432.554,3544.876157528407,3901.95964,22867.086928
2026-05-05 15:45:00+02:00,3726.804612952107,3837.712376,0.0,490.632,3726.804612952107,4328.344376,22227.678788
2026-05-05 16:00:00+02:00,4535.037351511077,4143.602996,221.73209843818603,576.483,4756.769449949263,4720.085996,21363.889128000003
2026-05-05 16:15:00+02:00,4815.013374865375,4451.733176,276.96530601343767,645.226,5091.978680878813,5096.959175999999,20433.272032
2026-05-05 16:30:00+02:00,5147.539463515232,4791.70246,384.31820548995336,723.256,5531.857669005185,5514.958460000001,19640.747928
2026-05-05 16:45:00+02:00,5454.38897695835,5252.806404,483.26079076145606,847.682,5937.649767719806,6100.488404,19029.787316
2026-05-05 17:00:00+02:00,5816.165036125469,5509.485212,1246.1443862776812,982.222,7062.30942240315,6491.707211999999,18345.803268
2026-05-05 17:15:00+02:00,6127.409720349916,5777.428748,1319.2133014833737,1132.391,7446.623021833289,6909.819748,17734.580523999997
2026-05-05 17:30:00+02:00,6372.118867212683,6001.902,1442.7736128558954,1233.129,7814.892480068578,7235.031,17002.95882
2026-05-05 17:45:00+02:00,6566.949992148951,6139.83584,1495.4073510200717,1340.199,8062.357343169023,7480.03484,16167.896764
2026-05-05 18:00:00+02:00,7518.283191754841,6285.163012,2071.4923947783445,1426.57,9589.775586533186,7711.733012,15259.8531
2026-05-05 18:15:00+02:00,7622.889026530928,6495.85948,2149.2997947788563,1557.453,9772.188821309785,8053.31248,14500.809808000002
2026-05-05 18:30:00+02:00,7663.915913006525,6567.600024,2181.536199561345,1657.284,9845.45211256787,8224.884024,13520.063368
2026-05-05 18:45:00+02:00,7649.934564592191,6664.49002,2202.2443255753483,1781.086,9852.178890167539,8445.57602,12707.867756
2026-05-05 19:00:00+02:00,10068.085509030707,6767.188536,2498.729825177875,1773.572,12566.815334208582,8540.760536,11837.5817
2026-05-05 19:15:00+02:00,9990.083128272592,6784.761648,2508.6632101802384,1734.112,12498.746338452831,8518.873648,10998.1827
2026-05-05 19:30:00+02:00,9870.613207209579,6908.368028,2518.9884123635316,1668.019,12389.60161957311,8576.387028,10325.947332
2026-05-05 19:45:00+02:00,9800.287248751487,7016.844368,2515.3214463933527,1655.856,12315.60869514484,8672.700368,9878.273316
2026-05-05 20:00:00+02:00,10547.854827328265,7045.338256,2742.9922704497744,1686.7,13290.84709777804,8732.038256,9422.406044
2026-05-05 20:15:00+02:00,10712.969796808284,7199.839232,2749.805772042742,1732.934,13462.775568851026,8932.773232,9304.803864
2026-05-05 20:30:00+02:00,10871.038897912877,7294.495892,2745.7026316910374,1758.584,13616.741529603914,9053.079892,9231.883668
2026-05-05 20:45:00+02:00,11012.910723538389,7351.825744,2731.4927476943767,1857.382,13744.403471232767,9209.207744,9338.893244
2026-05-05 21:00:00+02:00,12301.585257177005,7280.743992,3333.3414207235833,1967.074,15634.926677900588,9247.817992,9393.1057
2026-05-05 21:15:00+02:00,12481.527717356286,7499.686664,3325.768862696144,1991.562,15807.29658005243,9491.248664,9546.866292
2026-05-05 21:30:00+02:00,12629.246223553519,7687.258248,3328.061634379952,2018.408,15957.30785793347,9705.666248,9735.549144
2026-05-05 21:45:00+02:00,12751.507038659167,7878.913824,3333.428686910119,2107.239,16084.935725569285,9986.152824,10004.248196
2026-05-05 22:00:00+02:00,13073.644079843734,8033.376652,3714.6228146155013,2296.461,16788.266894459237,10329.837652,10343.037396
2026-05-05 22:15:00+02:00,13153.999435739841,8244.11002,3724.5698455566967,2580.464,16878.56928129654,10824.57402,10834.953024
2026-05-05 22:30:00+02:00,13196.19217420741,8447.290416,3717.2344976198096,2773.262,16913.42667182722,11220.552416,11231.560976
2026-05-05 22:45:00+02:00,13215.903889603625,8614.549912,3717.7825555138647,2944.127,16933.68644511749,11558.676912,11568.81872
2026-05-05 23:00:00+02:00,12487.322206558707,8745.559428,4356.376887048481,2888.407,16843.69909360719,11633.966428,11644.055944
2026-05-05 23:15:00+02:00,12457.810142682141,8873.057392,4355.423932786757,2757.905,16813.2340754689,11630.962392,11640.61416
2026-05-05 23:30:00+02:00,12402.126173078237,8896.785992,4356.385683883716,2778.807,16758.51185696195,11675.592991999998,11685.712387999998
2026-05-05 23:45:00+02:00,12375.78834350252,8976.971008,4359.183479429841,2930.571,16734.971822932363,11907.542008,11931.48222
2026-05-06 00:00:00+02:00,11807.578066383408,9002.1201,4396.260192667607,3071.925,16203.838259051015,12074.0451,12085.425148
2026-05-06 00:15:00+02:00,11717.11625578346,8983.619004,4377.235495016421,3189.465,16094.35175079988,12173.084004,12182.234692
2026-05-06 00:30:00+02:00,11627.101375904538,9100.367848,4360.519401994075,3334.271,15987.620777898614,12434.638848,12443.994044
2026-05-06 00:45:00+02:00,11569.256495675498,9222.095324,4341.975162313513,3332.028,15911.23165798901,12554.123324,12563.2159
2026-05-06 01:00:00+02:00,12200.208143836699,9292.377952,4626.488992659496,3325.632,16826.697136496194,12618.009952,12627.498672
2026-05-06 01:15:00+02:00,12130.658473162992,9529.984412,4620.741887131841,3400.977,16751.400360294832,12930.961412,12940.022192
2026-05-06 01:30:00+02:00,12069.128848888686,9751.653192,4618.165679739551,3353.308,16687.294528628237,13104.961192,13114.391444
2026-05-06 01:45:00+02:00,12010.104513696127,10103.0814,4605.0082997427935,3214.361,16615.112813438922,13317.4424,13326.465896
2026-05-06 02:00:00+02:00,12921.662338347154,10376.198588,4427.117545358595,3143.992,17348.77988370575,13520.190588,13532.388352
2026-05-06 02:15:00+02:00,12818.80860493938,10664.443924,4434.07283754169,3174.724,17252.88144248107,13839.167924,13851.22566
2026-05-06 02:30:00+02:00,12736.156831189857,10979.986564,4421.960459637008,3246.669,17158.117290826864,14226.655564,14239.2249
2026-05-06 02:45:00+02:00,12662.665579428067,11156.15128,4409.085518471349,3260.017,17071.751097899418,14416.16828,14426.025584
2026-05-06 03:00:00+02:00,13115.162180164685,11296.685932,4328.042529297412,3366.206,17443.204709462098,14662.891932,14674.978312
2026-05-06 03:15:00+02:00,13060.265031175495,11455.97302,4307.896542947638,3481.529,17368.161574123133,14937.50202,14948.824444
2026-05-06 03:30:00+02:00,12999.601174686735,11505.404332,4296.645871187148,3572.468,17296.247045873883,15077.872332,15090.649968
2026-05-06 03:45:00+02:00,12934.263394578555,11674.968148,4290.1384517706365,3650.12,17224.401846349192,15325.088148,15337.242508
2026-05-06 04:00:00+02:00,13981.693848711417,11924.310784,4352.8268422644405,3702.885,18334.520690975856,15627.195784,15637.389612
2026-05-06 04:15:00+02:00,13945.930505790659,12082.88532,4359.570876643489,3763.168,18305.501382434148,15846.05332,15854.8517
2026-05-06 04:30:00+02:00,13906.692445922008,12356.517516,4354.939523214644,3838.585,18261.63196913665,16195.102516,16206.263308
2026-05-06 04:45:00+02:00,13878.293907634876,12692.695704,4342.996964756877,3927.942,18221.290872391754,16620.637704,16632.533968
2026-05-06 05:00:00+02:00,13532.072633135456,12878.645772,4512.797994393507,3952.288,18044.870627528962,16830.933772,16845.518552
2026-05-06 05:15:00+02:00,13516.310512686854,12976.911828,4500.157481368859,3964.301,18016.467994055714,16941.212828,16956.471952
2026-05-06 05:30:00+02:00,13497.328900287286,13040.946876,4499.326993619231,3982.07,17996.655893906518,17023.016876,17051.314056000003
2026-05-06 05:45:00+02:00,13465.081513316942,13330.699724,4499.044971714483,3980.072,17964.126485031426,17310.771724,17411.930988
2026-05-06 06:00:00+02:00,13012.538472361168,13554.150308,4557.077027308333,4047.236,17569.6154996695,17601.386308,17964.786388
2026-05-06 06:15:00+02:00,12943.77828974956,13491.9066,4543.087896520687,4066.618,17486.866186270247,17558.5246,18454.221308
2026-05-06 06:30:00+02:00,12849.432672229792,13314.121328,4525.318118808815,4004.92,17374.750791038605,17319.041328,18951.4046
2026-05-06 06:45:00+02:00,12766.65763600636,13078.653968,4514.777044792656,3993.23,17281.434680799015,17071.883968000002,19635.55638
2026-05-06 07:00:00+02:00,11564.050172785432,12671.159916,4270.392494807775,3977.884,15834.442667593206,16649.043916000002,20293.305084000003
2026-05-06 07:15:00+02:00,11420.220594750475,12285.945264,4256.039752914819,3927.783,15676.260347665295,16213.728264,21144.468364
2026-05-06 07:30:00+02:00,11245.104762012714,11905.499492,4225.427324445679,3805.801,15470.532086458392,15711.300492,22096.882292
2026-05-06 07:45:00+02:00,11034.220019433336,11570.279152,4210.157880570467,3764.881,15244.377900003803,15335.160152,23309.372084
2026-05-06 08:00:00+02:00,11333.083165277489,11297.73406,3629.245766756752,3691.919,14962.328932034241,14989.65306,24770.650856
2026-05-06 08:15:00+02:00,11063.155646460154,11110.46976,3604.744964694481,3604.533,14667.900611154635,14715.00276,26072.251451999997
2026-05-06 08:30:00+02:00,10837.829260011064,10893.0384,3599.2909229399907,3463.367,14437.120182951054,14356.4054,27299.665788
2026-05-06 08:45:00+02:00,10632.472678047248,10688.94202,3577.4651651970653,3240.225,14209.937843244314,13929.16702,28613.794964
2026-05-06 09:00:00+02:00,11079.406195221205,10463.982404,3152.8391741750215,2907.916,14232.245369396227,13371.898404,29527.218108
2026-05-06 09:15:00+02:00,10925.794835011246,10216.441364,3155.3624882181857,2810.897,14081.157323229432,13027.338364,30506.546192
2026-05-06 09:30:00+02:00,10844.497483430452,10209.565116,3129.531373666925,2715.894,13974.028857097377,12925.459116,31895.35546
2026-05-06 09:45:00+02:00,10784.697588179517,10170.496028,3114.7394964724986,2671.359,13899.437084652016,12841.855028,33256.118936
2026-05-06 10:00:00+02:00,10966.634082543555,10090.951448,3028.2245711908167,2653.195,13994.85865373437,12744.146448,34517.416467999996
2026-05-06 10:15:00+02:00,10928.347898794205,10050.313312,3001.4690478990997,2665.391,13929.816946693305,12715.704312,35801.378628
2026-05-06 10:30:00+02:00,10882.92950634394,9964.47406,2980.453244902485,2696.075,13863.382751246425,12660.54906,36746.090304
2026-05-06 10:45:00+02:00,10813.924933534174,9949.981532,2924.082582471246,2701.741,13738.00751600542,12651.722532,37318.959932
2026-05-06 11:00:00+02:00,9814.79741747267,9895.3612,2812.486782448427,2736.176,12627.284199921098,12631.5372,37843.18073199999
2026-05-06 11:15:00+02:00,9812.791336162285,9798.707432,2767.2059606821463,2757.646,12579.99729684443,12556.353432,38432.106344
2026-05-06 11:30:00+02:00,9759.173922172393,9738.549524,2719.7897432112586,2784.449,12478.963665383651,12522.998524,38894.145928
2026-05-06 11:45:00+02:00,9736.702612903022,9506.08926,2680.5774450575154,2816.489,12417.280057960537,12322.57826,38978.457628
2026-05-06 12:00:00+02:00,8629.027013748615,9466.307028,2554.9774117653014,2878.955,11184.004425513916,12345.262028,39357.613968
2026-05-06 12:15:00+02:00,8585.917410391947,9347.609064,2509.4063927613706,2935.143,11095.323803153318,12282.752064,39875.591756
2026-05-06 12:30:00+02:00,8592.059967362859,9252.581564,2473.9090838940747,2990.703,11065.969051256932,12243.284564,40095.449216
2026-05-06 12:45:00+02:00,8608.017656568947,8980.626224,2436.5418978604885,2916.46,11044.559554429436,11897.086224,39672.565356
2026-05-06 13:00:00+02:00,7956.0294636384915,8636.744144,2395.463196664347,2868.537,10351.492660302838,11505.281144,39214.836328000005
2026-05-06 13:15:00+02:00,7915.9007551907525,8479.655604,2356.9066140085743,2872.448,10272.807369199327,11352.103604,38636.107008
2026-05-06 13:30:00+02:00,7936.59619679172,8486.488028,2355.4724346426387,3062.133,10292.068631434358,11548.621028,38072.141212
2026-05-06 13:45:00+02:00,7972.444437709465,8402.099492,2349.35664823421,3180.524,10321.801085943674,11582.623492,37544.134608
2026-05-06 14:00:00+02:00,8074.013780742007,8469.9996,2335.3025842967854,3218.627,10409.316365038792,11688.6266,37101.130084
2026-05-06 14:15:00+02:00,8180.2309023211355,8432.167404,2346.832042821383,3304.527,10527.06294514252,11736.694404,36354.48614
2026-05-06 14:30:00+02:00,8258.455115345852,8375.422116,2359.4679867699856,3411.615,10617.923102115838,11787.037116,35825.08158
2026-05-06 14:45:00+02:00,8343.074916122854,8257.310704,2379.793050650904,3747.114,10722.867966773758,12004.424704,35475.45976
2026-05-06 15:00:00+02:00,8567.955144859197,8153.490576,2563.8530632794855,3936.131,11131.808208138682,12089.621576,34928.527252
2026-05-06 15:15:00+02:00,8685.029770614812,8238.247488,2584.561194860754,4088.515,11269.590965475567,12326.762488,34198.197044
2026-05-06 15:30:00+02:00,8836.668218163415,8243.271832,2617.261272109774,4131.495,11453.929490273189,12374.766832,33317.428832000005
2026-05-06 15:45:00+02:00,8999.195954620775,8283.201568,2651.665177839237,4130.886,11650.861132460012,12414.087568,32380.11574
2026-05-06 16:00:00+02:00,8799.031218668219,8402.863828,2875.2282276878454,4172.798,11674.259446356064,12575.661828,31356.458996
2026-05-06 16:15:00+02:00,9033.995173490677,8655.908176,2999.1491883066437,4249.881,12033.14436179732,12905.789176000002,30109.031684
2026-05-06 16:30:00+02:00,9226.670091286152,8768.07652,3047.762414508429,4281.384,12274.432505794583,13049.46052,28824.035096
2026-05-06 16:45:00+02:00,9398.217022499708,8899.47748,3102.9842477022335,4361.365,12501.201270201942,13260.84248,27321.93252
2026-05-06 17:00:00+02:00,10380.533403405965,8825.288908,3241.9753452458476,4415.878,13622.508748651813,13241.166908,25704.356376
2026-05-06 17:15:00+02:00,10613.880817067446,9028.99296,3313.024339453648,4537.177,13926.905156521094,13566.16996,24690.598624
2026-05-06 17:30:00+02:00,10798.4374323658,9358.468408,3398.687318328,4587.232,14197.1247506938,13945.700408,23498.533152
2026-05-06 17:45:00+02:00,10959.60824388739,9555.184684,3434.3592254312275,4473.175,14393.967469318617,14028.359684,22384.15848
2026-05-06 18:00:00+02:00,12140.48282289557,9603.885448,3395.1891054708826,4388.927,15535.671928366453,13992.812448,21208.947472
2026-05-06 18:15:00+02:00,12222.506271332262,9591.474928,3433.6915020959764,4349.46,15656.197773428239,13940.934928,20154.170476
2026-05-06 18:30:00+02:00,12222.262490896392,9744.811376,3448.5588188125794,4440.353,15670.821309708972,14185.164376,19423.004024
2026-05-06 18:45:00+02:00,12229.775181642979,9873.034668,3464.2361017433423,4598.739,15694.01128338632,14471.773668,18784.794992
2026-05-06 19:00:00+02:00,11936.97594947232,10010.506744,3511.7824402198753,4672.858,15448.758389692195,14683.364744,18069.024648
2026-05-06 19:15:00+02:00,11878.502513331925,10014.906272,3508.1565331752563,4611.014,15386.659046507182,14625.920272,17215.746264
2026-05-06 19:30:00+02:00,11793.147492603688,10002.236308,3514.642188654597,4486.25,15307.789681258284,14488.486308,16386.642848
2026-05-06 19:45:00+02:00,11726.58054426013,9954.531272,3510.4426602425074,4359.761,15237.023204502639,14314.292272,15650.123168
2026-05-06 20:00:00+02:00,10156.127234566624,10174.29908,3533.327172821573,4310.43,13689.454407388197,14484.72908,15232.413084000002
2026-05-06 20:15:00+02:00,10331.50395456122,10309.951848,3540.4455232336836,4263.489,13871.949477794904,14573.440848,14946.68798
2026-05-06 20:30:00+02:00,10500.598004264972,10568.776844,3536.8812131148457,4252.176,14037.479217379818,14820.952844,14996.089316
2026-05-06 20:45:00+02:00,10627.774297416909,10785.638212,3523.2620797041563,4249.996,14151.036377121065,15035.634212,15129.01272
2026-05-06 21:00:00+02:00,10324.873770595193,10750.076164,3427.555514897374,4139.841,13752.429285492568,14889.917164,15009.048916
2026-05-06 21:15:00+02:00,10516.758053234184,10739.345144,3418.731352287514,3862.995,13935.489405521697,14602.340144000002,14655.088500000002
2026-05-06 21:30:00+02:00,10669.078105989136,10826.617684,3419.8539146990115,3622.053,14088.932020688148,14448.670684,14461.648536
2026-05-06 21:45:00+02:00,10780.965145011936,10798.826952,3426.12067144727,3457.206,14207.085816459206,14256.032952,14266.875424
2026-05-06 22:00:00+02:00,9965.912669373027,10572.615204,2900.8426008427364,3351.169,12866.755270215763,13923.784204,13966.724732
2026-05-06 22:15:00+02:00,10046.17528058247,10574.249612,2911.1383707404166,3269.371,12957.313651322887,13843.620612,13873.564244
2026-05-06 22:30:00+02:00,10096.597198836671,10503.629996,2909.2546829668563,3178.398,13005.851881803526,13682.027996,13709.289588
2026-05-06 22:45:00+02:00,10120.307360430585,10356.772232,2910.5992397369564,3126.607,13030.906600167542,13483.379232,13494.546292
2026-05-06 23:00:00+02:00,10277.400706175253,10293.11404,3404.0696188488573,3073.122,13681.470325024111,13366.23604,13376.799016
2026-05-06 23:15:00+02:00,10246.163835432268,10293.327524,3407.3738225209786,2982.279,13653.537657953246,13275.606524,13285.028044
2026-05-06 23:30:00+02:00,10201.782292371008,10321.513364,3405.4663284278845,2921.683,13607.248620798893,13243.196364,13255.326728
2026-05-06 23:45:00+02:00,10179.141190457543,10213.325924,3407.728117776409,2839.513,13586.869308233952,13052.838924,13064.978356
2026-05-07 00:00:00+02:00,9692.72233217842,10042.47026,3029.775908496931,2699.726,12722.498240675352,12742.19626,13085.136944
2026-05-07 00:15:00+02:00,9599.369952524374,10017.623884,3012.581885611862,2540.6,12611.951838136236,12558.223884,12571.655308
2026-05-07 00:30:00+02:00,9528.367451644137,9956.630884,3003.7688913815996,2442.235,12532.136343025737,12398.865884,12409.135996
2026-05-07 00:45:00+02:00,9472.710948517857,9871.846596,2990.1623556685,2340.946,12462.873304186356,12212.792596,12222.458084
2026-05-07 01:00:00+02:00,8934.151465495961,9590.588348,2896.297826458108,2242.119,11830.449291954068,11832.707348,11845.759712
2026-05-07 01:15:00+02:00,8881.406207712176,9426.62914,2893.6855846924077,2180.506,11775.091792404584,11607.13514,11619.754099999998
2026-05-07 01:30:00+02:00,8826.222463746692,9418.011348,2888.7998126160614,2070.597,11715.022276362753,11488.608348,11499.930824
2026-05-07 01:45:00+02:00,8789.771161278259,9302.106944,2875.5587065329487,2020.712,11665.329867811208,11322.818944,11332.601008
2026-05-07 02:00:00+02:00,8739.191318258483,9075.95122,2220.0277691509295,2003.379,10959.219087409412,11079.33022,11091.670432
2026-05-07 02:15:00+02:00,8659.844031121778,8895.225776,2226.011793936843,1863.276,10885.855825058621,10758.501776,10768.907204
2026-05-07 02:30:00+02:00,8592.337395327007,8851.226584,2215.6996555911546,1748.674,10808.037050918163,10599.900584,10611.740632
2026-05-07 02:45:00+02:00,8527.13320591208,8863.915808,2202.309953838844,1712.756,10729.443159750925,10576.671808,10587.378116
2026-05-07 03:00:00+02:00,7807.723055985853,8981.669608,1821.6525565093298,1690.71,9629.375612495183,10672.379608,10684.971224
2026-05-07 03:15:00+02:00,7764.002781665906,9055.489796,1804.9569850544135,1715.745,9568.95976672032,10771.234796,10783.269416
2026-05-07 03:30:00+02:00,7706.719907187969,9050.526816,1796.1402364624932,1724.101,9502.860143650461,10774.627816,10784.958604
2026-05-07 03:45:00+02:00,7659.051815000211,8957.591132,1790.7771865385637,1666.132,9449.829001538774,10623.723132,10633.362851999998
2026-05-07 04:00:00+02:00,7530.002370100442,8789.224776,1521.138988671821,1649.485,9051.141358772264,10438.709776,10448.752276
2026-05-07 04:15:00+02:00,7504.972720246755,8692.364412,1529.8801246597338,1663.791,9034.852844906489,10356.155412,10365.814664
2026-05-07 04:30:00+02:00,7480.806177431146,8584.588536,1526.3712145562363,1696.598,9007.177391987383,10281.186536,10291.644044
2026-05-07 04:45:00+02:00,7472.132942797111,8530.060664,1517.1993118875232,1696.227,8989.332254684634,10226.287664,10236.394912000002
2026-05-07 05:00:00+02:00,7170.996312408588,8359.636684,1235.2655592406732,1678.443,8406.261871649262,10038.079683999998,10049.424335999998
2026-05-07 05:15:00+02:00,7163.280170393385,8222.551608,1223.2295758034468,1620.282,8386.50974619683,9842.833608,9855.710436
2026-05-07 05:30:00+02:00,7167.278145771989,8140.756992,1222.8245896598976,1495.742,8390.102735431887,9636.498992,9663.139216
2026-05-07 05:45:00+02:00,7142.936193996655,8207.3178,1222.8625147822431,1394.432,8365.798708778897,9601.7498,9695.369216
2026-05-07 06:00:00+02:00,6257.3847686300505,8164.585432,1130.525024874568,1265.919,7387.909793504618,9430.504432,9731.157036
2026-05-07 06:15:00+02:00,6189.009652599437,7874.927316,1119.8914825750503,1120.052,7308.901135174487,8994.979316,9679.539348
2026-05-07 06:30:00+02:00,6092.922690660637,7729.874668,1107.0244919076467,1029.096,7199.947182568284,8758.970668,9980.330584
2026-05-07 06:45:00+02:00,6010.912252629456,7533.385316,1102.1515775232647,957.688,7113.063830152721,8491.073316,10381.754604
2026-05-07 07:00:00+02:00,5833.578661321755,7273.190384,980.2508104325207,869.22,6813.829471754276,8142.410384000001,10895.145736
2026-05-07 07:15:00+02:00,5712.482589293762,6972.078692,968.5491366628105,760.235,6681.031725956573,7732.313692,11458.421996
2026-05-07 07:30:00+02:00,5538.341730073838,6671.01972,935.6650317242694,678.286,6474.006761798108,7349.30572,12120.516704
2026-05-07 07:45:00+02:00,5330.917928525802,6395.588932,919.0437285750648,632.155,6249.961657100867,7027.743931999999,12866.706432
2026-05-07 08:00:00+02:00,5468.566743266917,6246.171116,854.2298755110862,593.486,6322.796618778003,6839.657116,13998.258096
2026-05-07 08:15:00+02:00,5219.115055268714,6070.044872,850.5792763197021,571.141,6069.694331588416,6641.185872,14992.28372
2026-05-07 08:30:00+02:00,5007.883472596646,5962.25594,852.5655215654821,531.166,5860.448994162129,6493.42194,15985.128452
2026-05-07 08:45:00+02:00,4826.674862011352,5865.070208,844.6416262433352,509.354,5671.316488254687,6374.424208,17003.675276
2026-05-07 09:00:00+02:00,5451.024410114487,5752.573424,655.9895281770605,445.258,6107.013938291548,6197.831424,18069.99986
2026-05-07 09:15:00+02:00,5297.840493255137,5680.147868,676.8971213915634,403.641,5974.7376146466995,6083.788868,19353.074492
2026-05-07 09:30:00+02:00,5212.211005632911,5573.600136,663.759157100811,387.105,5875.970162733722,5960.7051360000005,20605.797836
2026-05-07 09:45:00+02:00,5157.693968940717,5474.86992,655.4320103130378,350.505,5813.125979253755,5825.37492,21690.282692
2026-05-07 10:00:00+02:00,4450.42910684649,5383.345264,479.99522395437606,314.013,4930.424330800866,5697.3582639999995,22927.62808
2026-05-07 10:15:00+02:00,4440.625882198043,5320.181884,449.7178038276859,290.732,4890.343686025729,5610.913884,24267.832671999997
2026-05-07 10:30:00+02:00,4416.815724116934,5186.796788,436.50157122994494,267.251,4853.317295346878,5454.047788,25521.17984
2026-05-07 10:45:00+02:00,4384.173258807825,5141.217588,383.6578011651816,239.239,4767.831059973007,5380.456588,26798.983308000003
2026-05-07 11:00:00+02:00,3657.0770043040093,5088.756264,310.78739114565684,205.202,3967.864395449666,5293.958264,27490.890648
2026-05-07 11:15:00+02:00,3683.78300520121,5062.623744,272.64422584366093,167.166,3956.427231044871,5229.789744000001,28064.756436000003
2026-05-07 11:30:00+02:00,3669.870363938409,5038.181216,235.14685028336496,136.097,3905.017214221774,5174.278216,28722.96432
2026-05-07 11:45:00+02:00,3678.752673977889,4942.147208,207.62222571247983,109.89,3886.374899690369,5052.037208000001,29308.05162
2026-05-07 12:00:00+02:00,3314.861507623924,4903.80562,62.38967042453007,95.606,3377.2511780484538,4999.41162,30128.162192
2026-05-07 12:15:00+02:00,3302.7901073105822,4958.80892,33.85607543820808,80.412,3336.64618274879,5039.220920000001,30480.054936
2026-05-07 12:30:00+02:00,3326.521026882177,4928.369724,0.4342691979038591,59.411,3326.955296080081,4987.780724,30878.887692
2026-05-07 12:45:00+02:00,3353.2966240639494,4873.828744,0.0,48.528,3353.2966240639494,4922.356744000001,31202.56026
2026-05-07 13:00:00+02:00,2493.7117586576105,4876.889604,0.0,48.142,2493.7117586576105,4925.031604,31612.829
2026-05-07 13:15:00+02:00,2468.2032336421044,4885.0358,0.0,51.826,2468.2032336421044,4936.8618,31949.131636
2026-05-07 13:30:00+02:00,2501.254312067968,4856.75592,0.0,55.64,2501.254312067968,4912.39592,32007.959552
2026-05-07 13:45:00+02:00,2545.8636859488483,4794.202596,0.0,55.516,2545.8636859488483,4849.718596,31787.221404
2026-05-07 14:00:00+02:00,2228.432822600261,4763.32492,0.0,55.25,2228.432822600261,4818.57492,31790.612864
2026-05-07 14:15:00+02:00,2339.551210615981,4602.257128,0.0,52.283,2339.551210615981,4654.540128000001,31580.090324
2026-05-07 14:30:00+02:00,2420.1038199037366,4396.98,0.0,60.711,2420.1038199037366,4457.691,31204.086936
2026-05-07 14:45:00+02:00,2509.8551697743023,4295.133732,0.0,70.87,2509.8551697743023,4366.003732,30822.03528
2026-05-07 15:00:00+02:00,2368.5636679733734,4218.484116,0.0,84.349,2368.5636679733734,4302.833116,30536.924187999997
2026-05-07 15:15:00+02:00,2485.6725282013826,4156.298136,0.0,107.949,2485.6725282013826,4264.247136,29977.048536
2026-05-07 15:30:00+02:00,2631.442436637534,4077.118548,19.623822752402702,119.682,2651.0662593899365,4196.800548,29280.776764
2026-05-07 15:45:00+02:00,2784.7107998624697,3977.139416,41.270293460433095,134.806,2825.981093322903,4111.945416,28299.730464
2026-05-07 16:00:00+02:00,2290.160742485308,3884.311468,57.62118408627376,148.963,2347.781926571582,4033.274468,27462.859896
2026-05-07 16:15:00+02:00,2455.095198121302,3821.564504,89.53028754972777,165.281,2544.6254856710298,3986.845504,26464.807316
2026-05-07 16:30:00+02:00,2605.569266156792,3746.085032,123.97653095863686,187.444,2729.5457971154287,3933.529032,25183.299236
2026-05-07 16:45:00+02:00,2757.535676452086,3648.538288,187.09154660169116,186.427,2944.6272230537775,3834.965288,23656.865284
2026-05-07 17:00:00+02:00,2788.4156567260243,3602.008064,306.7278963199958,189.206,3095.1435530460203,3791.214064,22209.203752
2026-05-07 17:15:00+02:00,2955.15676584518,3471.595376,392.0332147795404,196.863,3347.18998062472,3668.458376,20633.169083999997
2026-05-07 17:30:00+02:00,3102.447547446042,3412.186068,434.94996895752337,220.281,3537.397516403565,3632.467068,18931.20996
2026-05-07 17:45:00+02:00,3228.519690121026,3340.898368,439.4271719614853,254.075,3667.9468620825114,3594.973368,17225.385408
2026-05-07 18:00:00+02:00,3247.0978950536264,3212.018516,432.7621551002487,295.084,3679.860050153875,3507.102516,15363.252576
2026-05-07 18:15:00+02:00,3312.042320421958,3071.501784,464.99039107528336,319.807,3777.032711497241,3391.308784,13654.458592
2026-05-07 18:30:00+02:00,3306.5589466245583,2961.043848,483.5032700795342,325.81,3790.0622167040924,3286.8538479999997,11943.569424
2026-05-07 18:45:00+02:00,3324.69968865712,2785.207892,500.32536662472444,346.274,3825.0250552818443,3131.481892,10335.74652
2026-05-07 19:00:00+02:00,2749.465874596534,2669.45006,427.8368429159134,363.282,3177.302717512447,3032.7320600000003,8689.407008
2026-05-07 19:15:00+02:00,2728.859420073803,2575.765228,425.06700836583997,370.427,3153.926428439643,2946.1922280000003,7291.73954
2026-05-07 19:30:00+02:00,2670.355938704515,2462.507108,430.7560251114976,370.842,3101.1119638160126,2833.349108,6067.764432
2026-05-07 19:45:00+02:00,2622.2563458864834,2382.662176,431.1420366220036,352.997,3053.398382508487,2735.6591759999997,4950.449887999999
2026-05-07 20:00:00+02:00,2398.012334656395,2255.77764,381.3259038215545,349.573,2779.3382384779497,2605.3506399999997,3959.076856
2026-05-07 20:15:00+02:00,2590.309202970592,2227.548008,393.4886764183744,366.131,2983.7978793889665,2593.679008,3305.401568
2026-05-07 20:30:00+02:00,2766.233585545483,2353.385304,394.524881066406,366.423,3160.758466611889,2719.808304,3098.6965640000003
2026-05-07 20:45:00+02:00,2897.23997614111,2481.640572,387.5827592323221,373.152,3284.8227353734324,2854.792572,3066.230356
2026-05-07 21:00:00+02:00,2930.0606584313514,2552.993312,289.145164255553,338.448,3219.2058226869044,2891.441312,3050.81616
2026-05-07 21:15:00+02:00,3123.7215781525065,2655.17706,284.35393834512354,306.798,3408.07551649763,2961.97506,3027.5493479999996
2026-05-07 21:30:00+02:00,3282.5150067159425,2811.707232,290.1620146303169,302.027,3572.6770213462596,3113.734232,3159.7156280000004
2026-05-07 21:45:00+02:00,3400.066765095327,3024.11208,302.46268336300767,316.844,3702.5294484583346,3340.95608,3377.392364
2026-05-07 22:00:00+02:00,3099.3487301988644,3143.742924,283.18009530473796,363.57,3382.528825503602,3507.3129240000003,3551.8811960000003
2026-05-07 22:15:00+02:00,3183.099280805258,3223.839492,303.4133749391185,373.22,3486.5126557443764,3597.0594920000003,3618.946916
2026-05-07 22:30:00+02:00,3240.838199632167,3332.637932,308.770018759629,385.716,3549.608218391796,3718.353932,3747.421844
2026-05-07 22:45:00+02:00,3270.2316787374702,3342.531836,315.4740198385986,421.518,3585.7056985760687,3764.049836,3782.370284
2026-05-07 23:00:00+02:00,3431.5458518597534,3335.40458,349.1743516330185,410.687,3780.720203492772,3746.09158,3757.585188
2026-05-07 23:15:00+02:00,3407.2196169850426,3407.271096,348.90871878312606,400.11,3756.1283357681687,3807.381096,3817.830944
2026-05-07 23:30:00+02:00,3370.6928719459875,3450.475636,348.87832841325593,397.376,3719.5712003592434,3847.851636,3859.018864
2026-05-07 23:45:00+02:00,3356.8198499162704,3439.117496,356.2195233213782,428.146,3713.0393732376488,3867.263496,3878.451644
2026-05-08 00:00:00+02:00,3953.1880376508934,3414.917776,452.57088556393774,424.186,4405.758923214831,3839.103776,3853.211484
2026-05-08 00:15:00+02:00,3864.9878648649246,3373.144168,431.66605668899115,449.794,4296.653921553916,3822.938168,3838.098175999999
2026-05-08 00:30:00+02:00,3797.775797250884,3383.146904,420.4893006950941,491.874,4218.265097945978,3875.020904,3886.05484
2026-05-08 00:45:00+02:00,3743.2275999071016,3378.311568,405.0291400588342,515.912,4148.256739965936,3894.223568,3903.952832
2026-05-08 01:00:00+02:00,3752.3553597772393,3415.379828,385.94057960856424,572.526,4138.295939385804,3987.905828,3998.480044
2026-05-08 01:15:00+02:00,3699.351934387822,3493.104304,381.462752570758,579.488,4080.81468695858,4072.592304,4082.824592
2026-05-08 01:30:00+02:00,3647.261977699611,3517.12588,374.49288294463935,568.878,4021.7548606442506,4086.00388,4097.544236000001
2026-05-08 01:45:00+02:00,3607.940103432219,3513.898456,361.2646879930626,612.618,3969.2047914252817,4126.516456,4139.714572
2026-05-08 02:00:00+02:00,4054.830485065396,3513.497532,389.46949319996054,688.897,4444.299978265356,4202.394532,4216.019928000001
2026-05-08 02:15:00+02:00,3971.7849653904827,3505.558808,391.1948153386707,732.534,4362.979780729153,4238.092808,4251.433712
2026-05-08 02:30:00+02:00,3908.8947802480925,3522.36088,377.1173146812097,735.928,4286.012094929302,4258.28888,4269.8913760000005
2026-05-08 02:45:00+02:00,3849.806514605411,3553.15508,361.4247789254857,716.388,4211.231293530896,4269.54308,4280.592144
2026-05-08 03:00:00+02:00,4059.7621969662723,3563.912936,380.5182685746582,675.979,4440.280465540931,4239.891936,4250.954776
2026-05-08 03:15:00+02:00,4025.2700416080647,3571.327044,364.6794798916076,608.03,4389.949521499672,4179.357044,4191.628968
2026-05-08 03:30:00+02:00,3978.0663001577454,3600.499836,355.2548519906967,501.809,4333.321152148442,4102.308836,4113.8857880000005
2026-05-08 03:45:00+02:00,3935.820045415796,3657.160456,348.5555593318634,436.038,4284.375604747659,4093.198456,4106.005188
2026-05-08 04:00:00+02:00,3806.5305855685933,3720.349396,331.81314786303614,383.317,4138.3437334316295,4103.6663960000005,4116.574048
2026-05-08 04:15:00+02:00,3779.7709951279235,3750.39676,341.9065638776472,327.161,4121.67755900557,4077.55776,4087.847632
2026-05-08 04:30:00+02:00,3751.9038573467456,3833.289812,341.24992179767827,270.036,4093.153779144424,4103.325812,4113.205916
2026-05-08 04:45:00+02:00,3743.1578480271073,3933.314564,333.177181729502,234.48,4076.3350297566094,4167.794564,4177.958812
2026-05-08 05:00:00+02:00,3791.953956958145,4006.672112,362.3047926755073,215.752,4154.258749633653,4222.424112000001,4234.4662880000005
2026-05-08 05:15:00+02:00,3785.810485688501,4038.3536,350.20322711420624,198.963,4136.013712802707,4237.3166,4254.372532
2026-05-08 05:30:00+02:00,3779.5013636937742,4137.458212,347.9724667697593,193.501,4127.473830463534,4330.959212,4390.7868
2026-05-08 05:45:00+02:00,3757.52990562,4318.981088,346.9214881429031,201.648,4104.4513937629035,4520.629088000001,4744.3641800000005
2026-05-08 06:00:00+02:00,3856.399785375682,4364.859064,435.25879469495504,227.793,4291.658580070637,4592.652064,5257.6934519999995
2026-05-08 06:15:00+02:00,3787.053008446787,4285.348488,421.8528985652829,249.648,4208.905907012069,4534.996488,5980.51826
2026-05-08 06:30:00+02:00,3692.821477827936,4263.031156,407.68526766680645,284.333,4100.506745494743,4547.364156,7005.904979999999
2026-05-08 06:45:00+02:00,3608.8896332581085,4276.071676,401.3500055301796,308.821,4010.239638788288,4584.8926759999995,8339.381959999999
2026-05-08 07:00:00+02:00,3867.7565552318792,4256.728152,445.627890264808,335.154,4313.3844454966875,4591.882152,9895.930892
2026-05-08 07:15:00+02:00,3745.6474273645176,4014.49876,432.0578522138214,349.709,4177.705279578339,4364.20776,11461.671068
2026-05-08 07:30:00+02:00,3570.4740354120886,3556.45792,398.92721465538744,352.946,3969.401250067476,3909.40392,13059.334068
2026-05-08 07:45:00+02:00,3364.3867826972682,3035.396008,382.9324011917552,366.485,3747.3191838890234,3401.8810080000003,14872.221156
2026-05-08 08:00:00+02:00,2819.9553618919135,2476.331496,592.8650308339319,384.498,3412.8203927258455,2860.829496,16849.339236
2026-05-08 08:15:00+02:00,2520.5487573914556,1991.698052,589.7327192695411,371.67,3110.2814766609968,2363.368052,18980.152832
2026-05-08 08:30:00+02:00,2291.3790455425315,1701.546232,599.0537389596356,392.132,2890.432784502167,2093.678232,21550.156187999997
2026-05-08 08:45:00+02:00,2116.786113790641,1626.413816,590.665376824562,421.535,2707.451490615203,2047.948816,24373.907828
2026-05-08 09:00:00+02:00,2284.5906322552564,1722.62616,736.1016187342592,423.225,3020.6922509895157,2145.85116,27299.615072
2026-05-08 09:15:00+02:00,2131.2596975298407,1846.151164,756.4750777726057,450.862,2887.7347753024465,2297.013164,30201.69274
2026-05-08 09:30:00+02:00,2053.250206606248,2020.07626,742.5450251618487,500.398,2795.7952317680965,2520.47426,33075.959744
2026-05-08 09:45:00+02:00,2005.949035062543,2299.111556,733.0438638153206,500.739,2738.992898877864,2799.850556,35829.159192
2026-05-08 10:00:00+02:00,1892.155068103263,2599.081356,955.9939115820915,504.317,2848.1489796853543,3103.398356,38381.388695999995
2026-05-08 10:15:00+02:00,1890.3238902036485,2958.411848,925.22596315541,534.018,2815.5498533590585,3492.429848,40767.780824
2026-05-08 10:30:00+02:00,1871.9741716669732,3245.450976,911.7156749755131,519.41,2783.6898466424864,3764.860976,42923.879288
2026-05-08 10:45:00+02:00,1850.6056377835775,3486.008568,852.7896980112453,530.759,2703.395335794823,4016.767568,44923.674060000005
2026-05-08 11:00:00+02:00,2018.1733728924519,3723.5812,807.463317397019,542.24,2825.6366902894706,4265.8212,46219.934728
2026-05-08 11:15:00+02:00,2050.1518687081975,3879.238876,769.4052098001462,553.433,2819.5570785083437,4432.671876,47350.333012
2026-05-08 11:30:00+02:00,2044.5466664248256,3970.392132,733.1231165624358,584.57,2777.6697829872614,4554.962132,48007.26968
2026-05-08 11:45:00+02:00,2049.8403023444603,4070.144572,704.5112891755957,601.806,2754.351591520056,4671.950572,48545.307456
2026-05-08 12:00:00+02:00,2211.4546122036622,3912.877876,784.708010503906,588.022,2996.1626227075685,4500.899876,48136.360656
2026-05-08 12:15:00+02:00,2201.387273472085,3658.6754,759.5211263506301,576.52,2960.908399822715,4235.1954000000005,47844.159027999995
2026-05-08 12:30:00+02:00,2228.7682134625175,3816.409188,731.8061732362355,591.044,2960.574386698753,4407.453188,47967.65836
2026-05-08 12:45:00+02:00,2253.4453156197224,4231.687788,698.5927219193659,600.055,2952.0380375390882,4831.7427880000005,48396.315456
2026-05-08 13:00:00+02:00,2432.1554480803,4324.9247,767.734000517566,591.206,3199.8894485978662,4916.1307,48000.699012000005
2026-05-08 13:15:00+02:00,2412.56152268399,4365.489152,736.2566607933068,569.083,3148.8181834772968,4934.572152,47464.588952
2026-05-08 13:30:00+02:00,2449.2023239113364,4464.721544,740.4862965203959,546.848,3189.6886204317325,5011.569544,47194.276788
2026-05-08 13:45:00+02:00,2494.155456773311,4534.134044,736.8585502823348,572.096,3231.014007055646,5106.230044,46986.02236
2026-05-08 14:00:00+02:00,2307.0580489817703,4688.189224,932.27135454186,609.716,3239.3294035236304,5297.905224,46604.517688
2026-05-08 14:15:00+02:00,2415.376648927178,4719.038144,944.3833719402271,608.188,3359.760020867405,5327.226144,45865.113192
2026-05-08 14:30:00+02:00,2489.88530486432,4739.93396,960.1933265949228,603.003,3450.078631459243,5342.93696,45174.451412
2026-05-08 14:45:00+02:00,2570.8722077652274,4785.035528,987.3397320876461,614.987,3558.2119398528735,5400.022528,44410.483672
2026-05-08 15:00:00+02:00,2550.9244264598256,4878.526092,1100.7693365464008,648.876,3651.6937630062266,5527.402092,43401.838668
2026-05-08 15:15:00+02:00,2669.955003309647,4994.015556,1124.8898331626128,688.665,3794.84483647226,5682.680556,42553.533052
2026-05-08 15:30:00+02:00,2804.709945020128,4966.867208,1155.5177244346078,762.758,3960.227669454736,5729.6252079999995,41663.4255
2026-05-08 15:45:00+02:00,2929.217458593142,4985.0754,1177.4227821947402,811.359,4106.640240787882,5796.4344,40804.022536
2026-05-08 16:00:00+02:00,3380.0797922379256,5090.476932,1243.1124550428478,836.077,4623.192247280774,5926.553932,39567.746448000005
2026-05-08 16:15:00+02:00,3617.611482136488,5101.064928,1277.700685830413,793.786,4895.312167966901,5894.850928,37918.530264
2026-05-08 16:30:00+02:00,3778.8146324285767,5213.866764,1316.9520863519094,782.221,5095.766718780486,5996.087764,36335.144464
2026-05-08 16:45:00+02:00,3929.56435473325,5366.537516,1374.2064341749538,827.08,5303.770788908204,6193.617516,34708.108196
2026-05-08 17:00:00+02:00,4540.979295482748,5326.604824,1539.498596298235,876.93,6080.477891780984,6203.534824,32745.119052
2026-05-08 17:15:00+02:00,4694.458022690328,5240.509308,1628.3276922530354,937.958,6322.785714943364,6178.467307999999,30780.5634
2026-05-08 17:30:00+02:00,4835.825981287471,5232.428044,1683.2457887560877,986.037,6519.071770043559,6218.4650440000005,28612.864664
2026-05-08 17:45:00+02:00,4955.850472864975,5245.625336,1698.087866608197,1040.831,6653.938339473172,6286.456336,26441.457736
2026-05-08 18:00:00+02:00,4965.395020488871,5292.164328,2071.617582676327,1088.076,7037.012603165198,6380.240328,24131.366632
2026-05-08 18:15:00+02:00,5029.122770278842,5320.842476,2103.2541652158675,1205.919,7132.376935494709,6526.761476,21764.455044
2026-05-08 18:30:00+02:00,5030.252998106775,5340.523128,2125.1150558717336,1370.697,7155.368053978508,6711.220128,19441.823832
2026-05-08 18:45:00+02:00,5052.383817720812,5419.25436,2145.8783365998156,1509.783,7198.262154320628,6929.03736,17173.866044000002
2026-05-08 19:00:00+02:00,6148.275417243389,5560.49028,2236.7723456291915,1673.546,8385.04776287258,7234.03628,15180.3185
2026-05-08 19:15:00+02:00,6127.93224904969,5713.409144,2231.8054042663803,1818.966,8359.73765331607,7532.375144,13440.575232
2026-05-08 19:30:00+02:00,6065.888850647714,5806.876008,2235.395935265339,1936.4,8301.284785913052,7743.276008000001,11948.3977
2026-05-08 19:45:00+02:00,6005.8836505013605,5798.825552,2232.3543570456704,2070.238,8238.238007547032,7869.063552,10690.284176
2026-05-08 20:00:00+02:00,6818.908669577463,5669.133316,2949.5629421697754,2311.013,9768.471611747238,7980.146316,9683.5804
2026-05-08 20:15:00+02:00,7003.35030408949,5728.563604,2961.4958583958055,2470.64,9964.846162485295,8199.203604,9145.765984
2026-05-08 20:30:00+02:00,7163.584848275661,6248.79528,2964.1393692949396,2636.699,10127.724217570601,8885.49428,9364.325296
2026-05-08 20:45:00+02:00,7274.523731471173,6860.875924,2960.7343293346958,2774.675,10235.258060805869,9635.550924,9824.005464
2026-05-08 21:00:00+02:00,8610.257885024817,6955.349856,3244.9689948188866,2914.215,11855.226879843704,9869.564856,10050.623904
2026-05-08 21:15:00+02:00,8783.81644926057,7312.753192,3234.0085500347004,3046.892,12017.82499929527,10359.645192,10493.743344
2026-05-08 21:30:00+02:00,8928.475288111202,7700.131612,3233.688395291994,3083.405,12162.163683403196,10783.536612,10876.11978
2026-05-08 21:45:00+02:00,9032.449146354731,8065.221188,3240.9696649751136,2985.5,12273.418811329844,11050.721188,11075.155124
2026-05-08 22:00:00+02:00,10181.858010299458,8144.83456,3347.8664264878375,2982.353,13529.724436787295,11127.18756,11217.07046
2026-05-08 22:15:00+02:00,10255.312981367319,8308.423324,3365.2439803901134,2994.831,13620.556961757433,11303.254324,11344.37188
2026-05-08 22:30:00+02:00,10300.293752066711,8263.211336,3370.351651821693,3033.508,13670.645403888404,11296.719336,11324.665796
2026-05-08 22:45:00+02:00,10318.123447925453,8371.361744,3378.911120610631,3017.81,13697.034568536084,11389.171744,11421.420696
2026-05-08 23:00:00+02:00,9327.36728632453,8468.936224,2834.624546688388,2923.637,12161.991833012919,11392.573224,11423.105388
2026-05-08 23:15:00+02:00,9300.664993142831,8428.283464,2835.629025149934,2856.368,12136.294018292765,11284.651464,11308.518448
2026-05-08 23:30:00+02:00,9263.361797732152,8271.714028,2832.855401591562,2881.759,12096.217199323713,11153.473028,11169.575288
2026-05-08 23:45:00+02:00,9241.9519727858,8120.512488,2837.2284009592668,2871.822,12079.180373745068,10992.334488,11007.643272
2026-05-09 00:00:00+02:00,8667.303901128056,8008.46624,2283.564533630292,2916.273,10950.868434758348,10924.73924,10950.737404
2026-05-09 00:15:00+02:00,8582.4401071819,7943.960428,2261.9439268072524,2968.69,10844.384033989152,10912.650428,10929.118764
2026-05-09 00:30:00+02:00,8517.722140781503,7770.249688,2251.7082548040567,2997.252,10769.43039558556,10767.501688,10783.607564
2026-05-09 00:45:00+02:00,8462.46915740707,7565.863128,2229.235426744471,3019.958,10691.704584151541,10585.821128,10597.860408
2026-05-09 01:00:00+02:00,7545.151985994497,7239.637616,1974.9554108050597,2971.166,9520.107396799558,10210.803616,10222.433036
2026-05-09 01:15:00+02:00,7498.519057130542,7092.484388,1967.9768797340348,2835.429,9466.495936864576,9927.913388,9942.012596
2026-05-09 01:30:00+02:00,7452.214406596924,6926.957256,1957.7586531242664,2645.532,9409.973059721191,9572.489256,9583.793108
2026-05-09 01:45:00+02:00,7418.038457472755,6804.044584,1943.4222582131972,2424.872,9361.460715685953,9228.916584,9240.97492
2026-05-09 02:00:00+02:00,6867.640983417653,6678.672532,1810.2582460481674,2237.393,8677.89922946582,8916.065532,8928.506248
2026-05-09 02:15:00+02:00,6796.422340073417,6514.362688,1809.8532898507235,1993.841,8606.275629924141,8508.203688,8520.436832
2026-05-09 02:30:00+02:00,6746.781920886844,6306.983336,1791.7530697479594,1736.979,8538.534990634804,8043.962336,8055.462988
2026-05-09 02:45:00+02:00,6699.392312640047,6084.7321,1771.7013754614202,1513.708,8471.093688101468,7598.4401,7611.079988
2026-05-09 03:00:00+02:00,6314.432900801225,5753.744132,1331.2253312068362,1347.206,7645.658232008061,7100.950132,7117.3548359999995
2026-05-09 03:15:00+02:00,6289.793286509114,5528.612056,1311.0352675783508,1190.772,7600.828554087465,6719.384056,6734.920392
2026-05-09 03:30:00+02:00,6252.9559377120395,5340.608688,1296.5605234517752,1046.555,7549.516461163815,6387.163688000001,6401.8115720000005
2026-05-09 03:45:00+02:00,6219.842913855586,5179.58258,1286.2980425578917,962.335,7506.140956413477,6141.91758,6156.420352
2026-05-09 04:00:00+02:00,4834.823639079304,4996.610224,1162.4267465266648,921.498,5997.250385605968,5918.108224,5932.8389879999995
2026-05-09 04:15:00+02:00,4814.834695601609,4815.808668,1170.3498863204306,906.078,5985.18458192204,5721.886667999999,5740.301431999999
2026-05-09 04:30:00+02:00,4795.767064976257,4630.27194,1169.2245050217516,892.935,5964.991569998008,5523.20694,5537.099392
2026-05-09 04:45:00+02:00,4796.956631959846,4568.089328,1161.2462708331486,858.838,5958.202902792995,5426.927328,5440.827684
2026-05-09 05:00:00+02:00,4846.726915438852,4544.98228,1000.6464914367953,808.872,5847.373406875648,5353.8542800000005,5370.578024
2026-05-09 05:15:00+02:00,4849.985186869355,4622.475092,988.4994378417073,766.949,5838.484624711062,5389.424091999999,5417.222424
2026-05-09 05:30:00+02:00,4855.724422066769,4748.469364,988.0389171057905,766.902,5843.763339172559,5515.371364,5617.0520719999995
2026-05-09 05:45:00+02:00,4849.692205282872,4869.133752,990.1225479046061,729.008,5839.814753187478,5598.1417519999995,5928.517908
2026-05-09 06:00:00+02:00,5100.257298095321,4795.143852,981.7505161596953,692.186,6082.0078142550165,5487.329852,6335.200556
2026-05-09 06:15:00+02:00,5035.74813373048,4677.039064,973.7782354854039,645.747,6009.526369215884,5322.786064,7037.290196
2026-05-09 06:30:00+02:00,4948.512654856561,4660.763792,965.1765903433907,578.602,5913.689245199952,5239.365792,8082.543124
2026-05-09 06:45:00+02:00,4868.745643974014,4648.6631,961.65612370235,517.417,5830.401767676363,5166.0801,9423.815532
2026-05-09 07:00:00+02:00,4252.621739262109,4547.530076,842.5707438493064,459.856,5095.192483111416,5007.386076,11040.631844
2026-05-09 07:15:00+02:00,4133.141873783025,4297.478296,832.5593081946267,414.575,4965.701181977653,4712.053296,12782.137192
2026-05-09 07:30:00+02:00,3955.684788382828,3832.61974,798.7389091328096,386.427,4754.423697515638,4219.04674,14616.30844
2026-05-09 07:45:00+02:00,3731.7478700776355,3234.739844,781.6997247320688,359.214,4513.447594809704,3593.953844,16535.468108
2026-05-09 08:00:00+02:00,2516.904000550402,2659.611816,682.6554481833906,328.01,3199.5594487337926,2987.621816,18929.599376
2026-05-09 08:15:00+02:00,2210.8345935361544,2146.360512,680.7568549862438,313.893,2891.5914485223984,2460.253512,21448.862748
2026-05-09 08:30:00+02:00,2026.088892323347,1790.81436,685.4002934094817,300.347,2711.4891857328284,2091.16136,24275.501859999997
2026-05-09 08:45:00+02:00,1871.018029953051,1612.62368,671.8934014187529,293.721,2542.9114313718037,1906.34468,27317.279348
2026-05-09 09:00:00+02:00,1918.1762607476294,1466.308876,424.28644739232004,281.143,2342.4627081399494,1747.451876,30342.348532
2026-05-09 09:15:00+02:00,1784.852102256168,1374.163588,441.73823046451537,277.345,2226.5903327206834,1651.508588,33286.407192
2026-05-09 09:30:00+02:00,1720.2410384847399,1334.379688,427.50642083474446,288.581,2147.7474593194843,1622.960688,36229.227836
2026-05-09 09:45:00+02:00,1680.258422427207,1309.663072,417.3381746628174,265.669,2097.5965970900243,1575.3320720000002,39245.196143999994
2026-05-09 10:00:00+02:00,1660.543107351287,1290.92168,324.7229776892766,273.142,1985.2660850405637,1564.06368,41916.4363
2026-05-09 10:15:00+02:00,1660.4503563636206,1346.037128,291.5999915477852,270.56,1952.0503479114059,1616.597128,44322.283588
2026-05-09 10:30:00+02:00,1641.7445001814108,1401.62556,274.176532367965,214.309,1915.921032549376,1615.93456,46380.133728
2026-05-09 10:45:00+02:00,1618.33414741379,1319.719916,216.83379422918821,190.153,1835.1679416429783,1509.872916,46983.149608
2026-05-09 11:00:00+02:00,1482.262447736713,1228.935472,76.63833023701595,186.587,1558.900777973729,1415.522472,47082.224048
2026-05-09 11:15:00+02:00,1508.7757338978881,1256.6299,39.19463907701909,188.834,1547.9703729749071,1445.4639,47547.972488
2026-05-09 11:30:00+02:00,1496.1444976739572,1291.672916,4.410885318139776,208.847,1500.5553829920968,1500.519916,48179.981452
2026-05-09 11:45:00+02:00,1490.2855021779217,1261.45756,0.0,228.474,1490.2855021779217,1489.93156,48421.387732
2026-05-09 12:00:00+02:00,1187.5014773518155,1259.124884,38.20225166022726,195.601,1225.703729012043,1454.725884,48668.06946
2026-05-09 12:15:00+02:00,1176.5636127856683,1224.66762,14.019007810620508,185.49,1190.5826205962887,1410.15762,48345.929336
2026-05-09 12:30:00+02:00,1197.153576959879,1225.630196,0.0,222.78,1197.153576959879,1448.410196,48392.197192
2026-05-09 12:45:00+02:00,1216.3700755311545,1238.735156,0.0,213.632,1216.3700755311545,1452.367156,48388.917376
2026-05-09 13:00:00+02:00,933.8199218856342,1259.186608,0.0,217.491,933.8199218856342,1476.677608,48116.030247999995
2026-05-09 13:15:00+02:00,914.4679945706312,1336.556088,0.0,221.984,914.4679945706312,1558.540088,47497.379936000005
2026-05-09 13:30:00+02:00,947.4005254983443,1336.234528,0.0,232.944,947.4005254983443,1569.178528,46572.25978
2026-05-09 13:45:00+02:00,986.7017402697281,1318.97338,0.0,244.446,986.7017402697281,1563.4193799999998,45847.149168
2026-05-09 14:00:00+02:00,842.2153575095717,1472.784952,30.236926626046056,255.108,872.4522841356178,1727.892952,47094.3
2026-05-09 14:15:00+02:00,937.4647274265077,1576.427708,39.709928676809284,273.279,977.1746561033169,1849.706708,46775.661056
2026-05-09 14:30:00+02:00,998.337257787288,1595.717824,55.45634354704015,283.695,1053.793601334328,1879.412824,45980.916848
2026-05-09 14:45:00+02:00,1067.949687231203,1595.887912,81.74025623689778,285.523,1149.6899434681006,1881.410912,44898.1492
2026-05-09 15:00:00+02:00,1460.0644078298478,1502.533996,76.19597077208346,279.319,1536.2603786019313,1781.8529959999998,44873.454704
2026-05-09 15:15:00+02:00,1570.380026073198,1527.39242,97.5220571015872,268.549,1667.9020831747853,1795.94142,43597.885312000006
2026-05-09 15:30:00+02:00,1688.0941497214392,1609.120856,123.54243623435204,224.254,1811.6365859557911,1833.374856,42610.080152
2026-05-09 15:45:00+02:00,1805.2023776581627,1667.328368,144.84585619284138,203.429,1950.0482338510042,1870.757368,41188.823632
2026-05-09 16:00:00+02:00,2136.4005654929083,1881.340404,176.89127577973386,222.583,2313.291841272642,2103.923404,40325.709912
2026-05-09 16:15:00+02:00,2362.7799909626897,1923.145028,205.79211250004295,254.213,2568.5721034627327,2177.358028,38831.659348
2026-05-09 16:30:00+02:00,2478.2819963356974,2067.589748,311.57378166521426,284.194,2789.8557780009114,2351.783748,37546.289648
2026-05-09 16:45:00+02:00,2618.0516035709597,2165.55072,366.4000817441812,313.321,2984.451685315141,2478.87172,35655.771044
2026-05-09 17:00:00+02:00,3226.5004632121,2472.413972,517.2680902921476,338.786,3743.7685535042474,2811.199972,33917.517236
2026-05-09 17:15:00+02:00,3365.152800895611,2662.917832,567.7754181593866,368.965,3932.9282190549975,3031.882832,31722.336788
2026-05-09 17:30:00+02:00,3492.0094774683153,2814.734748,623.7642440448842,398.172,4115.773721513199,3212.906748,29229.313316
2026-05-09 17:45:00+02:00,3595.1935221068998,2978.397876,637.7978257437456,421.411,4232.991347850645,3399.808876,26600.932136
2026-05-09 18:00:00+02:00,4153.958290216208,3098.27028,651.6678703607067,426.592,4805.626160576915,3524.8622800000003,23760.673324
2026-05-09 18:15:00+02:00,4204.028802309621,3280.970396,684.2800603310994,446.45,4888.308862640721,3727.420396,20968.840672
2026-05-09 18:30:00+02:00,4198.376938248294,3420.443144,703.6756953176321,434.938,4902.052633565926,3855.381144,18123.113404
2026-05-09 18:45:00+02:00,4211.548364263169,3558.663676,720.351182703529,409.791,4931.899546966698,3968.454676,15401.497076
2026-05-09 19:00:00+02:00,5244.115998851369,3685.487148,692.0750161789173,400.54,5936.1910150302865,4086.027148,12846.149712
2026-05-09 19:15:00+02:00,5216.697097885295,3755.782652,683.4561165995917,390.169,5900.153214484887,4145.951652,10622.208344
2026-05-09 19:30:00+02:00,5140.778150895802,3855.069652,679.474971275245,391.047,5820.253122171047,4246.116652000001,8781.049156000001
2026-05-09 19:45:00+02:00,5059.207980867219,4016.544196,666.5248532246147,365.608,5725.732834091834,4382.152196,7492.529124000001
2026-05-09 20:00:00+02:00,6445.969518837569,4116.941196,792.4877370494662,343.236,7238.457255887035,4460.177196,6213.6199639999995
2026-05-09 20:15:00+02:00,6608.607355401956,4442.487912,799.1161639799332,320.78,7407.723519381889,4763.267911999999,5678.013652
2026-05-09 20:30:00+02:00,6740.545662257244,4866.977912,797.4065120312744,315.282,7537.952174288518,5182.259912,5601.577688
2026-05-09 20:45:00+02:00,6820.609890373122,5331.924612,789.5493518469447,308.827,7610.1592422200665,5640.751612,5821.57154
2026-05-09 21:00:00+02:00,8898.384271149129,5392.61334,972.4581532853106,339.492,9870.842424434439,5732.10534,5905.837748
2026-05-09 21:15:00+02:00,9047.990736937325,5801.631864,961.0673015362015,400.396,10009.058038473526,6202.027864,6340.404348
2026-05-09 21:30:00+02:00,9175.397815297396,6313.391324,959.8098021965629,479.324,10135.20761749396,6792.715324,6867.182588
2026-05-09 21:45:00+02:00,9273.413776294463,6734.8768,964.4766641162851,547.321,10237.890440410749,7282.1978,7316.584716
2026-05-09 22:00:00+02:00,9655.18611255823,7067.090928,1199.6542441086503,642.034,10854.840356666882,7709.124927999999,7848.397711999999
2026-05-09 22:15:00+02:00,9723.100487280906,7531.80622,1217.5055660191192,766.175,10940.606053300025,8297.98122,8384.72684
2026-05-09 22:30:00+02:00,9768.148420952946,7805.41634,1223.7922151163293,785.86,10991.940636069276,8591.27634,8613.794248
2026-05-09 22:45:00+02:00,9778.576855730711,7974.548348,1234.510866046486,761.74,11013.087721777198,8736.288348,8750.916024
2026-05-09 23:00:00+02:00,9266.709554634923,8052.202524,882.7203074269808,822.917,10149.429862061903,8875.119524,8899.72178
2026-05-09 23:15:00+02:00,9234.425449740702,8119.003884,886.7222848841445,864.046,10121.147734624847,8983.049884,9001.904896
2026-05-09 23:30:00+02:00,9195.587088497636,8097.045952,883.7737705962959,883.533,10079.360859093931,8980.578952,8993.219816
2026-05-09 23:45:00+02:00,9175.89815028483,8012.511844,887.0621660150325,841.56,10062.960316299861,8854.071844,8868.04538
2026-05-10 00:00:00+02:00,7331.68215750696,7974.462608,597.6774096360151,792.852,7929.359567142975,8767.314608,8786.368896
2026-05-10 00:15:00+02:00,7248.210849364368,7899.698576,582.0785288289769,824.985,7830.289378193345,8724.683576,8756.076808
2026-05-10 00:30:00+02:00,7179.698757129854,7607.49906,571.7148435724515,807.6,7751.413600702305,8415.09906,8430.14192
2026-05-10 00:45:00+02:00,7125.27543336148,7378.367216,557.3305362903282,803.479,7682.605969651809,8181.846216,8197.91162
2026-05-10 01:00:00+02:00,5390.488910467776,7122.70138,520.5265208822474,793.831,5911.015431350023,7916.532380000001,7931.262176
2026-05-10 01:15:00+02:00,5345.458178149231,6866.727916,509.04924047283475,795.647,5854.507418622065,7662.374916,7675.868512
2026-05-10 01:30:00+02:00,5299.815100983864,6556.272296,499.1641739604044,815.091,5798.979274944269,7371.363296,7385.463140000001
2026-05-10 01:45:00+02:00,5267.182789801255,6218.881092,480.25480440360553,783.729,5747.437594204861,7002.610092,7039.521596
2026-05-10 02:00:00+02:00,4483.163719375798,5933.479124,472.5717811935389,771.658,4955.735500569337,6705.137124000001,6720.782372000001
2026-05-10 02:15:00+02:00,4410.052017365453,5668.913396,465.990313205751,744.262,4876.042330571204,6413.175396,6423.7053559999995
2026-05-10 02:30:00+02:00,4358.134244319772,5424.122412,443.9364752986752,663.542,4802.070719618447,6087.664412,6098.432488
2026-05-10 02:45:00+02:00,4312.480891393258,5240.622128,421.7270932551612,603.227,4734.207984648419,5843.849128,5854.915088
2026-05-10 03:00:00+02:00,3450.8086463152067,5085.43102,513.813483715739,602.848,3964.6221300309458,5688.27902,5709.839652
2026-05-10 03:15:00+02:00,3425.118302972962,4874.473668,491.5989614344369,630.005,3916.717264407399,5504.478668,5514.271092
2026-05-10 03:30:00+02:00,3387.046596701262,4712.400644,476.94874447091087,667.683,3863.9953411721726,5380.083644,5390.539540000001
2026-05-10 03:45:00+02:00,3352.320110283896,4507.11456,467.1365594603549,720.381,3819.456669744251,5227.49556,5237.519368
2026-05-10 04:00:00+02:00,3129.5346988764486,4413.94302,703.464827112563,716.458,3832.9995259890115,5130.401019999999,5142.164416
2026-05-10 04:15:00+02:00,3107.8827212762303,4311.944976,709.5174844069429,809.917,3817.400205683173,5121.861976,5131.433936
2026-05-10 04:30:00+02:00,3085.3109922128683,4161.519784,706.2441866776269,933.935,3791.555178890495,5095.454784,5106.762175999999
2026-05-10 04:45:00+02:00,3087.0496258329963,4056.981836,703.5552701515544,926.122,3790.6048959845507,4983.103836,4994.505596
2026-05-10 05:00:00+02:00,2352.528132821819,3946.834316,923.3557023631068,975.884,3275.883835184926,4922.718316,4941.862608
2026-05-10 05:15:00+02:00,2356.274714408968,3825.927548,908.7757113626607,1083.419,3265.050425771629,4909.346548,4937.547280000001
2026-05-10 05:30:00+02:00,2369.178038747907,3755.176696,907.0798688960272,1101.006,3276.2579076439342,4856.182696,4971.396744
2026-05-10 05:45:00+02:00,2373.1018855444513,3746.564668,912.1077964185739,1110.409,3285.209681963025,4856.9736680000005,5292.868816
2026-05-10 06:00:00+02:00,2262.646133954514,3725.745916,1413.943239450741,1115.354,3676.589373405255,4841.099916,6043.001388000001
2026-05-10 06:15:00+02:00,2203.449864953471,3611.230376,1402.8540090385977,1208.627,3606.303873992069,4819.857376,7057.507608
2026-05-10 06:30:00+02:00,2121.511314378304,3568.919976,1391.1532051756597,1305.45,3512.664519553964,4874.369976,8464.40342
2026-05-10 06:45:00+02:00,2044.010380230638,3616.5707,1382.9719861122944,1309.262,3426.9823663429324,4925.8327,10252.698896
2026-05-10 07:00:00+02:00,3030.644160731179,3598.13674,1717.0849803394415,1340.724,4747.72914107062,4938.86074,12347.102664
2026-05-10 07:15:00+02:00,2922.1387047152007,3561.807968,1705.6951055849843,1493.516,4627.833810300185,5055.323968000001,14810.2428
2026-05-10 07:30:00+02:00,2744.9994609420833,3440.42472,1671.9276179335823,1516.712,4416.927078875666,4957.13672,17375.657244
2026-05-10 07:45:00+02:00,2532.0163272057794,3198.368724,1654.8760144859539,1609.993,4186.892341691733,4808.361724,20134.94836
2026-05-10 08:00:00+02:00,2436.499964349827,2958.784648,1909.705677576274,1664.295,4346.205641926101,4623.079648,22997.951104
2026-05-10 08:15:00+02:00,2186.854087304472,2661.72062,1902.1410741670995,2000.272,4088.995161471572,4661.99262,26134.207192
2026-05-10 08:30:00+02:00,1969.9031567032318,2344.899676,1908.6631697783318,2408.924,3878.566326481564,4753.823676,29387.529524
2026-05-10 08:45:00+02:00,1814.1581661071614,2076.335824,1887.0676725295593,2586.102,3701.2258386367207,4662.437824,32320.200164
2026-05-10 09:00:00+02:00,2042.5611387453237,1828.891812,2336.681277808878,2938.552,4379.242416554202,4767.443812,35374.87758
2026-05-10 09:15:00+02:00,1931.646802546813,1626.806504,2351.5513104656457,3002.868,4283.198113012459,4629.674504,37849.90686
2026-05-10 09:30:00+02:00,1882.5563349096567,1420.857352,2335.8189541133215,3044.403,4218.375289022978,4465.260351999999,40253.444511999995
2026-05-10 09:45:00+02:00,1855.8108653641984,1389.680228,2323.6848523183908,3142.862,4179.495717682589,4532.542228,42809.004992
2026-05-10 10:00:00+02:00,1721.5956791024253,1264.023636,2395.866746216869,2745.786,4117.462425319294,4009.809636,43193.03286
2026-05-10 10:15:00+02:00,1734.8456375949086,1322.947776,2364.4833722452586,2879.64,4099.329009840167,4202.587776,44806.16514
2026-05-10 10:30:00+02:00,1728.4701330745252,1438.055004,2360.0813899673494,2950.961,4088.5515230418746,4389.016004,46237.284951999995
2026-05-10 10:45:00+02:00,1712.8561526928768,1458.271032,2315.2848625209376,2904.59,4028.141015213814,4362.861032000001,47561.220972
2026-05-10 11:00:00+02:00,2109.4982593662044,1525.658028,2413.593153338666,2949.126,4523.091412704871,4474.784028,47079.382672
2026-05-10 11:15:00+02:00,2134.4732961644195,1616.865796,2386.0982563599578,3027.794,4520.571552524378,4644.659796,48256.763212
2026-05-10 11:30:00+02:00,2120.218871912739,1652.89186,2354.8082820894956,3065.978,4475.027154002235,4718.86986,49113.891632
2026-05-10 11:45:00+02:00,2118.0942894783234,1617.975584,2325.6753713546423,3146.661,4443.769660832966,4764.636584,49416.433808
2026-05-10 12:00:00+02:00,1779.3458278571445,1659.14876,2240.9401230192475,3114.045,4020.2859508763922,4773.19376,49536.872248
2026-05-10 12:15:00+02:00,1756.2764255565125,1556.01486,2217.8274444064136,3052.062,3974.103869962926,4608.07686,49536.884556000005
2026-05-10 12:30:00+02:00,1795.409201878852,1603.071052,2191.5910365066807,3056.883,3987.0002383855326,4659.954052,49686.762508
2026-05-10 12:45:00+02:00,1827.4471114241187,1739.237004,2156.4861329433147,3064.787,3983.9332443674334,4804.024004,49334.80878
2026-05-10 13:00:00+02:00,2824.2890530269274,2123.044284,1938.810015579898,3064.5,4763.099068606825,5187.544284,49348.03448
2026-05-10 13:15:00+02:00,2815.5286517427403,2247.385388,1908.6119969629003,2946.326,4724.140648705641,5193.711388,48788.753396
2026-05-10 13:30:00+02:00,2854.9185902489876,2239.369712,1907.3970255773559,2933.863,4762.315615826344,5173.232712,48041.686556
2026-05-10 13:45:00+02:00,2898.780296040397,2297.322696,1902.3955079255877,2853.12,4801.175803965984,5150.442696,47234.908824
2026-05-10 14:00:00+02:00,4739.716327926333,2639.65404,1831.9567682012948,2788.255,6571.673096127628,5427.9090400000005,47064.63552
2026-05-10 14:15:00+02:00,4830.9033082041005,2911.989272,1841.976484344229,2630.667,6672.8797925483295,5542.656272,46713.730272
2026-05-10 14:30:00+02:00,4895.190341707947,3125.798836,1857.9935303958707,2695.454,6753.1838721038175,5821.252836,45844.143732
2026-05-10 14:45:00+02:00,4951.253204140629,3330.654448,1882.4019404854198,2356.779,6833.655144626049,5687.433448,44583.019499999995
2026-05-10 15:00:00+02:00,5394.38501178596,3650.26734,1737.1330699849836,2578.722,7131.518081770944,6228.98934,43971.765444
2026-05-10 15:15:00+02:00,5488.6701468367455,3957.127076,1758.7216169642038,2268.863,7247.39176380095,6225.990076,42426.840596
2026-05-10 15:30:00+02:00,5595.549451869217,4054.903188,1767.862436406815,2274.037,7363.411888276032,6328.940188,41169.638956
2026-05-10 15:45:00+02:00,5753.120742187235,4300.729512,1790.2865353156512,2303.082,7543.407277502886,6603.811512,40002.436396
2026-05-10 16:00:00+02:00,6269.932320822974,4507.28578,1741.1073630111225,2434.199,8011.039683834097,6941.484780000001,39323.467064
2026-05-10 16:15:00+02:00,6431.481177138985,5026.694488,1774.6442323063889,2505.494,8206.125409445374,7532.188488,38131.064272
2026-05-10 16:30:00+02:00,6627.40242575191,5160.765116,1883.4467862584518,2479.525,8510.849212010362,7640.290116,36518.715492
2026-05-10 16:45:00+02:00,6762.312530289023,5830.922756,1955.2797485501312,2483.825,8717.592278839154,8314.747756,35642.709444
2026-05-10 17:00:00+02:00,7648.195734389834,6584.55894,1829.715314661289,2454.434,9477.911049051123,9038.99294,34062.084828
2026-05-10 17:15:00+02:00,7772.4618517168265,7501.244116,1897.6976511590365,2650.631,9670.159502875864,10151.875116,32687.684824
2026-05-10 17:30:00+02:00,7892.413536584227,8072.712328,1955.166415579828,2701.842,9847.579952164055,10774.554328,30910.148547999997
2026-05-10 17:45:00+02:00,7988.996439520996,8491.790252,1967.8300623543973,2688.669,9956.826501875394,11180.459252,29057.892652
2026-05-10 18:00:00+02:00,9220.873223185983,8868.854656,1669.3062312758639,2740.516,10890.179454461846,11609.370656,26927.162892
2026-05-10 18:15:00+02:00,9263.775370009998,9180.486268,1700.0877487119321,2655.219,10963.86311872193,11835.705268000002,24752.67226
2026-05-10 18:30:00+02:00,9246.740175921987,9470.833732,1721.4380120316564,2591.608,10968.178187953643,12062.441732,22674.856876
2026-05-10 18:45:00+02:00,9246.904789384633,9701.2446,1740.725736478516,2541.394,10987.63052586315,12242.6386,20723.977324
2026-05-10 19:00:00+02:00,10117.626824929588,9880.287532,1709.0105466175298,2486.5,11826.637371547118,12366.787532,18946.920388
2026-05-10 19:15:00+02:00,10078.351085201191,10030.267952,1705.5204596783938,2438.452,11783.871544879585,12468.719952,17429.128775999998
2026-05-10 19:30:00+02:00,9985.29466980217,9986.052296,1705.3473212510787,2348.343,11690.641991053248,12334.395296,15909.036636
2026-05-10 19:45:00+02:00,9879.28776003233,9901.165852,1698.1924692316145,2182.68,11577.480229263945,12083.845852,14514.365988
2026-05-10 20:00:00+02:00,11205.162027298862,9666.616684,1415.4597690654196,2067.522,12620.621796364281,11734.138684,13227.796632
2026-05-10 20:15:00+02:00,11341.755494988338,9816.52584,1426.0806103664768,1960.325,12767.836105354814,11776.85084,12580.911432
2026-05-10 20:30:00+02:00,11459.039287625441,10182.634368,1429.6679631570794,1990.236,12888.70725078252,12172.870368000002,12501.017480000002
2026-05-10 20:45:00+02:00,11532.239337287023,10857.398968,1431.3562310572809,1961.49,12963.595568344304,12818.888968,12950.338672
2026-05-10 21:00:00+02:00,12780.56996456324,10877.544792,1276.2230563974365,1858.819,14056.793020960677,12736.363792,12794.27816
2026-05-10 21:15:00+02:00,12918.94548353698,10799.044672,1268.2705872478678,1726.629,14187.216070784847,12525.673672,12560.066464
2026-05-10 21:30:00+02:00,13034.446519536828,11130.720456,1270.127032728364,1601.11,14304.573552265192,12731.830456,12755.375808
2026-05-10 21:45:00+02:00,13128.907473265117,11102.274324,1271.856229256193,1564.319,14400.76370252131,12666.593324,12683.20296
2026-05-10 22:00:00+02:00,13739.708063417651,10743.26308,1193.2212865413685,1470.252,14932.92934995902,12213.51508,12247.596012000002
2026-05-10 22:15:00+02:00,13798.81312599209,10614.152928,1211.3387540952244,1389.881,15010.151880087315,12004.033928,12035.259284
2026-05-10 22:30:00+02:00,13831.821642483912,10453.080128,1220.909513428605,1310.302,15052.731155912517,11763.382128,11785.940864
2026-05-10 22:45:00+02:00,13846.043857489287,10293.869384,1227.5486116848651,1200.55,15073.592469174153,11494.419384,11561.71812
2026-05-10 23:00:00+02:00,11983.597798240033,10068.465908,985.4424792402355,1099.986,12969.040277480268,11168.451908,11199.615656000002
2026-05-10 23:15:00+02:00,11946.169008685552,9911.619732,989.8610945641583,983.473,12936.03010324971,10895.092732,10939.919084
2026-05-10 23:30:00+02:00,11894.316298256284,9777.695468,984.5382131710958,883.774,12878.85451142738,10661.469468,10675.596568
2026-05-10 23:45:00+02:00,11856.407145603382,9687.8088,988.1587538490944,798.047,12844.565899452477,10485.8558,10497.399736
2026-05-11 00:00:00+02:00,10246.880793271053,9462.220656,709.0034576867804,752.969,10955.884250957834,10215.189656,10227.181803999998
2026-05-11 00:15:00+02:00,10166.080205146458,9267.493632,687.246179271841,671.777,10853.326384418298,9939.270632,9953.914468
2026-05-11 00:30:00+02:00,10091.151944224277,9086.869612,673.4052961185747,586.739,10764.557240342852,9673.608612,9684.589272
2026-05-11 00:45:00+02:00,10030.183319688602,8875.912816,663.5728694084528,510.147,10693.756189097054,9386.059816,9396.719668000002
2026-05-11 01:00:00+02:00,9705.113496767066,8653.17362,542.8095752725044,454.118,10247.92307203957,9107.29162,9118.266048
2026-05-11 01:15:00+02:00,9648.141670891433,8630.835812,523.5897285441707,396.19,10171.731399435605,9027.025812,9037.16486
2026-05-11 01:30:00+02:00,9596.534945762654,8521.803284,513.8148484401522,326.52,10110.349794202806,8848.323284,8858.727768
2026-05-11 01:45:00+02:00,9550.799984202931,8422.778304,499.3631434300784,323.603,10050.16312763301,8746.381303999999,8756.795703999998
2026-05-11 02:00:00+02:00,9389.632587365943,8272.090976,590.3182884657136,350.393,9979.950875831657,8622.483976,8635.711471999999
2026-05-11 02:15:00+02:00,9323.455369882075,8304.377928,574.315954909203,383.257,9897.771324791278,8687.634928,8700.166336
2026-05-11 02:30:00+02:00,9272.884009811043,8292.462152,546.2252418438746,364.89,9819.109251654918,8657.352152,8669.390652
2026-05-11 02:45:00+02:00,9222.888523402768,8355.873376,523.2581168101995,320.166,9746.146640212966,8676.039375999999,8686.798787999998
2026-05-11 03:00:00+02:00,8160.926256300892,8454.247972,444.0483315123276,215.12,8604.97458781322,8669.367972,8683.053724
2026-05-11 03:15:00+02:00,8124.938484486276,8536.171164,421.28973749901877,151.805,8546.228221985295,8687.976164,8702.119372
2026-05-11 03:30:00+02:00,8071.850430612593,8691.7685,398.4584850747652,151.076,8470.30891568736,8842.8445,8856.949208
2026-05-11 03:45:00+02:00,8024.940830755271,8859.87428,389.29294295003643,140.663,8414.233773705308,9000.53728,9014.18948
2026-05-11 04:00:00+02:00,8556.181907884118,9083.945932,387.153577026313,129.557,8943.33548491043,9213.502932,9226.9857
2026-05-11 04:15:00+02:00,8535.057376676576,9140.121076,391.8619714637248,149.421,8926.9193481403,9289.542076,9302.640136
2026-05-11 04:30:00+02:00,8523.60290441783,9211.894592,393.19762480674797,169.518,8916.800529224578,9381.412592,9392.336092
2026-05-11 04:45:00+02:00,8535.357877774017,9317.978544,393.5010431522618,189.267,8928.85892092628,9507.245544,9519.043784
2026-05-11 05:00:00+02:00,8357.664181443692,9287.819036,340.8372035601206,203.807,8698.501385003812,9491.626036,9507.513556000002
2026-05-11 05:15:00+02:00,8347.659751955935,9544.125432,330.4115324734122,252.453,8678.071284429347,9796.578432,9817.423296
2026-05-11 05:30:00+02:00,8345.249533950646,9807.322028,319.3656105649803,315.196,8664.615144515627,10122.518028,10189.116384
2026-05-11 05:45:00+02:00,8351.245486439037,10110.3211,321.03071324158515,363.158,8672.276199680622,10473.4791,10689.248171999998
2026-05-11 06:00:00+02:00,9524.93165896255,10579.678228,370.39756355325176,430.579,9895.329222515802,11010.257228,11658.43874
2026-05-11 06:15:00+02:00,9479.832610435455,10469.390116,367.30351687302505,490.896,9847.13612730848,10960.286116,12164.346052
2026-05-11 06:30:00+02:00,9404.418687841227,10501.578188,354.18868191005026,553.37,9758.607369751278,11054.948188,12934.62588
2026-05-11 06:45:00+02:00,9328.753890750375,10454.007092,346.41315087954354,592.362,9675.167041629918,11046.369092,13743.901747999998
2026-05-11 07:00:00+02:00,10305.360168591113,10387.976004,318.68671275569596,667.113,10624.046881346809,11055.089004,14743.92386
2026-05-11 07:15:00+02:00,10207.472425127566,10291.420684,311.37157166565305,698.618,10518.843996793219,10990.038684,15695.524512
2026-05-11 07:30:00+02:00,10060.139685562977,10303.449732,284.029133771041,752.46,10344.168819334018,11055.909732,16830.460268
2026-05-11 07:45:00+02:00,9871.86163807964,10289.6606,269.8972446808887,868.434,10141.758882760529,11158.0946,18098.475036
2026-05-11 08:00:00+02:00,9308.090903361652,10271.836592,280.5833089101493,1021.876,9588.6742122718,11293.712592,19322.869868
2026-05-11 08:15:00+02:00,9096.013354788256,10330.558892,288.106661797865,1234.264,9384.120016586121,11564.822891999998,20648.855492
2026-05-11 08:30:00+02:00,8915.006031339144,10277.991356,281.6278578517895,1428.908,9196.633889190933,11706.899356,21805.343044
2026-05-11 08:45:00+02:00,8782.759742636359,10275.550476,271.00142522902996,1694.44,9053.761167865388,11969.990476,23169.770368
2026-05-11 09:00:00+02:00,9673.588122404439,10506.687576,400.88772685462084,1820.471,10074.475849259059,12327.158576,24850.605388
2026-05-11 09:15:00+02:00,9573.977086120714,10748.236924,418.55559280522846,2095.829,9992.532678925943,12844.065924,26663.136420000003
2026-05-11 09:30:00+02:00,9529.339769163802,10973.222384,414.5020476414122,2120.935,9943.841816805214,13094.157384,28174.1184
2026-05-11 09:45:00+02:00,9520.327501137243,11442.043708,409.55886320524536,2178.05,9929.886364342488,13620.093708,29996.96932
2026-05-11 10:00:00+02:00,11356.353028552525,11765.977776,508.41632959308987,2617.485,11864.769358145615,14383.462776,32017.687056
2026-05-11 10:15:00+02:00,11384.26264464403,12024.744676,481.71601416918475,2722.694,11865.978658813216,14747.438676,33543.222836
2026-05-11 10:30:00+02:00,11405.063311972737,12378.523016,479.46988047240427,2687.798,11884.533192445142,15066.321015999998,35120.64348
2026-05-11 10:45:00+02:00,11411.196014259458,12596.340756,444.47107212453045,3037.012,11855.667086383988,15633.352756,36875.16452
2026-05-11 11:00:00+02:00,11627.338744008091,12710.306076,779.3295837383787,3562.339,12406.66832774647,16272.645076,38572.736804
2026-05-11 11:15:00+02:00,11674.574523186388,12989.164548,750.5944127089967,3880.11,12425.168935895384,16869.274548,39925.815592
2026-05-11 11:30:00+02:00,11683.965692027175,13200.398092,729.8312470914474,4221.472,12413.796939118623,17421.870091999997,40991.692904
2026-05-11 11:45:00+02:00,11699.964768637617,13510.923676,713.2753406090342,4459.194,12413.240109246652,17970.117676,42165.030528
2026-05-11 12:00:00+02:00,11779.967924969513,14206.267464,1130.7720365889797,4774.128,12910.739961558493,18980.395464,43683.811344
2026-05-11 12:15:00+02:00,11763.651692994712,14599.39634,1115.327296459469,5045.456,12878.978989454181,19644.85234,45213.97562
2026-05-11 12:30:00+02:00,11806.259534910207,15108.290048,1094.9888369018618,5423.741,12901.248371812067,20532.031048,46426.379112
2026-05-11 12:45:00+02:00,11843.141738136477,15667.751608,1067.3851943738189,5604.508,12910.526932510296,21272.259608,46915.638604
2026-05-11 13:00:00+02:00,13345.128838022312,16409.612808,970.8249337010288,5976.867,14315.953771723342,22386.479808000004,47978.80775200001
2026-05-11 13:15:00+02:00,13341.412750474594,17204.97046,948.5588896124773,6170.874,14289.971640087071,23375.84446,48789.782156
2026-05-11 13:30:00+02:00,13381.03314709967,17963.90566,951.1141215325022,6088.927,14332.147268632172,24052.83266,48899.15526
2026-05-11 13:45:00+02:00,13425.47820874468,18546.784436,950.8688460472529,5944.74,14376.347054791933,24491.524436,48747.880188
2026-05-11 14:00:00+02:00,14904.594512759979,19023.5235,1445.16732392172,6009.9,16349.761836681699,25033.423499999997,47734.480816
2026-05-11 14:15:00+02:00,14995.637380572834,19659.197564,1459.6285680025849,6306.827,16455.26594857542,25966.024564,47726.165264
2026-05-11 14:30:00+02:00,15059.019083718875,20206.410308,1475.781096674902,5902.299,16534.800180393777,26108.709308,47249.432732
2026-05-11 14:45:00+02:00,15119.75620061058,20954.143576,1501.0823829258256,5897.149,16620.838583536406,26851.292576,46959.127796
2026-05-11 15:00:00+02:00,16161.728810606846,21630.545136,1510.6244261813633,5676.113,17672.35323678821,27306.658136,46560.198552
2026-05-11 15:15:00+02:00,16260.049405569825,21649.511536,1531.95562869498,5454.253,17792.005034264806,27103.764536,45066.49096
2026-05-11 15:30:00+02:00,16370.36700039697,21916.085084,1539.140562984119,5392.928,17909.50756338109,27309.013084,44375.493476
2026-05-11 15:45:00+02:00,16472.609882269502,22491.037448,1550.7572114362658,5490.118,18023.36709370577,27981.155448,44083.487064
2026-05-11 16:00:00+02:00,16257.751439370362,23019.820356,2914.2168792768102,5263.374,19171.968318647174,28283.194356,43384.928464
2026-05-11 16:15:00+02:00,16495.51630226297,23294.255752,2950.6212016374407,5231.369,19446.137503900412,28525.624752,42823.871348
2026-05-11 16:30:00+02:00,16702.37069053575,23263.014164,2983.6532962663696,4876.409,19686.02398680212,28139.423164,41806.569876
2026-05-11 16:45:00+02:00,16842.237143518556,23260.177872,3035.5309870429264,4600.778,19877.768130561482,27860.955872,40930.924331999995
2026-05-11 17:00:00+02:00,18061.26024430463,23280.766684,3545.4759701317894,4746.557,21606.73621443642,28027.323684,40122.783788
2026-05-11 17:15:00+02:00,18191.078195453443,23049.865296,3628.005239301806,4603.994,21819.083434755248,27653.859296,38793.800707999995
2026-05-11 17:30:00+02:00,18329.987536513243,23384.53824,3671.896554276892,4527.0,22001.884090790136,27911.53824,38096.279744
2026-05-11 17:45:00+02:00,18435.358147305607,23613.87096,3682.184000228718,4325.552,22117.542147534325,27939.42296,37080.38112
2026-05-11 18:00:00+02:00,19039.04765371544,23126.989528,4507.091818658046,5094.619,23546.139472373485,28221.608527999997,36086.069116
2026-05-11 18:15:00+02:00,19097.134221244087,22679.030164,4541.8833734870195,5109.436,23639.017594731107,27788.466164,34710.923211999994
2026-05-11 18:30:00+02:00,19097.939187866566,22441.949072,4562.6790931782425,4968.002,23660.618281044808,27409.951072,33407.511128
2026-05-11 18:45:00+02:00,19107.41074353631,22142.056444,4581.065085547082,4805.694,23688.475829083392,26947.750444,31930.143156
2026-05-11 19:00:00+02:00,18123.456026271742,21791.72064,5409.490018618661,5021.312,23532.946044890403,26813.03264,30886.288611999997
2026-05-11 19:15:00+02:00,18092.050302918586,20968.968388,5405.437458851695,5014.713,23497.48776177028,25983.681388,29227.827116
2026-05-11 19:30:00+02:00,18010.47482021015,20254.626984,5404.933263144061,4958.237,23415.40808335421,25212.863984,27699.28522
2026-05-11 19:45:00+02:00,17892.98233498087,19750.228964,5396.797787178122,5028.547,23289.78012215899,24778.775964,26623.038876
2026-05-11 20:00:00+02:00,15549.061614167138,18999.840772,5595.874200245543,5334.451,21144.93581441268,24334.291772,25563.327316
2026-05-11 20:15:00+02:00,15694.086953952667,18636.441232,5604.982908988702,5406.894,21299.069862941367,24043.335232,24775.516664
2026-05-11 20:30:00+02:00,15821.157537965011,18764.2075,5609.865265728695,5465.358,21431.022803693704,24229.5655,24620.63554
2026-05-11 20:45:00+02:00,15907.896684884854,19297.601096,5615.981732145258,5611.894,21523.87841703011,24909.495096,25095.037696
2026-05-11 21:00:00+02:00,17433.215680139143,19689.68484,6026.758631654647,5673.342,23459.97431179379,25363.02684,25524.362928
2026-05-11 21:15:00+02:00,17584.88289703936,20085.069136,6024.875511293636,5715.335,23609.758408332993,25800.404135999997,25864.277627999996
2026-05-11 21:30:00+02:00,17716.196973157163,20098.047316,6031.854950088719,5913.388,23748.051923245883,26011.435316,26047.991512
2026-05-11 21:45:00+02:00,17822.351041120957,20176.852404,6037.688195267891,6266.489,23860.03923638885,26443.341404,26457.298444
2026-05-11 22:00:00+02:00,20164.770125491552,19627.26594,6141.840716419053,6387.611,26306.610841910606,26014.87694,26057.013952
2026-05-11 22:15:00+02:00,20233.66997416856,19772.027936,6163.246762563753,6663.8,26396.91673673231,26435.827936,26466.049032
2026-05-11 22:30:00+02:00,20269.654703153014,19997.267976,6173.272431288777,6740.359,26442.92713444179,26737.626976,26757.391552
2026-05-11 22:45:00+02:00,20283.816409369592,20150.664876,6180.727659063368,6618.147,26464.54406843296,26768.811876,26785.782096
2026-05-11 23:00:00+02:00,18886.736632575186,20001.696664,6179.112913191105,6450.623,25065.84954576629,26452.319664,26464.401943999997
2026-05-11 23:15:00+02:00,18843.74038518185,20236.9305,6185.17495589512,6613.12,25028.91534107697,26850.0505,26863.533667999996
2026-05-11 23:30:00+02:00,18782.56613286671,20329.8094,6181.810263466028,6785.776,24964.376396332736,27115.585399999996,27126.292219999996
2026-05-11 23:45:00+02:00,18730.19543267834,20571.009336,6185.907400422773,6843.302,24916.102833101115,27414.311336,27424.350204
2026-05-12 00:00:00+02:00,18767.0832181769,20740.144216,6271.066670164038,6560.888,25038.149888340937,27301.032216,27336.751148
2026-05-12 00:15:00+02:00,18672.65963130019,20959.264856,6248.1734837876065,6479.642,24920.833115087797,27438.906856,27458.575236
2026-05-12 00:30:00+02:00,18584.67518359856,21182.7584,6232.930552970732,6234.212,24817.60573656929,27416.9704,27433.420624
2026-05-12 00:45:00+02:00,18505.079196600105,21284.685528,6220.08993104327,6314.821,24725.169127643374,27599.506528,27612.687516
2026-05-12 01:00:00+02:00,20940.057221951924,21412.929196,6366.073904408357,7064.389,27306.13112636028,28477.318196,28488.924676
2026-05-12 01:15:00+02:00,20867.54065397931,21270.311472,6341.845274923445,7096.499,27209.385928902757,28366.810472,28378.31408
2026-05-12 01:30:00+02:00,20800.141152889864,21416.252548,6324.061446468306,7251.174,27124.20259935817,28667.426548,28678.761648
2026-05-12 01:45:00+02:00,20737.712362397593,21343.010348,6303.785911744212,7370.628,27041.498274141806,28713.638348,28725.557472
2026-05-12 02:00:00+02:00,23371.14090601117,21510.39808,6183.710654237211,7214.574,29554.851560248382,28724.97208,28736.801352
2026-05-12 02:15:00+02:00,23294.81279951161,21705.132684,6165.53984151401,6878.344,29460.352641025616,28583.476684,28594.000728000003
2026-05-12 02:30:00+02:00,23230.809782512846,21971.469484,6134.737394086422,6638.756,29365.54717659927,28610.225484,28621.037296
2026-05-12 02:45:00+02:00,23174.086303094286,22194.177876,6107.77617742353,6537.936,29281.862480517815,28732.113876000003,28742.763668000003
2026-05-12 03:00:00+02:00,22130.00652197979,22405.855268,6124.822228997019,6744.7,28254.82875097681,29150.555268,29161.831012
2026-05-12 03:15:00+02:00,22085.689784915256,22639.980576,6097.651096464454,6928.51,28183.34088137971,29568.490576000004,29579.164564
2026-05-12 03:30:00+02:00,22029.73807146943,22772.5565,6073.263574381238,7093.493,28103.00164585067,29866.0495,29877.359544000003
2026-05-12 03:45:00+02:00,21980.69315682472,23036.414636,6060.561633986626,7116.483,28041.254790811345,30152.897636,30164.33582
2026-05-12 04:00:00+02:00,21307.96961061722,23296.213088,6087.798890877431,6978.518,27395.76850149465,30274.731088,30288.023076
2026-05-12 04:15:00+02:00,21285.41607052662,23396.1155,6088.241552330245,6991.206,27373.657622856863,30387.3215,30399.604647999997
2026-05-12 04:30:00+02:00,21270.6936792192,23333.28824,6084.679983805729,7023.444,27355.373663024926,30356.73224,30369.167024
2026-05-12 04:45:00+02:00,21276.535467960097,23128.625184,6079.021942410645,6963.563,27355.55741037074,30092.188184,30105.254488
2026-05-12 05:00:00+02:00,24567.80481555129,22979.70732,6076.833801134969,6863.874,30644.63861668626,29843.58132,29857.414444
2026-05-12 05:15:00+02:00,24562.63997755363,22925.789088,6060.223792827632,6735.098,30622.863770381264,29660.887088000003,29686.064768000004
2026-05-12 05:30:00+02:00,24563.40203726663,22912.931696,6043.494441563992,6720.518,30606.896478830622,29633.449696,29747.93814
2026-05-12 05:45:00+02:00,24574.185597077943,22711.896896,6041.269628089419,6850.597,30615.455225167363,29562.493896,29906.882084
2026-05-12 06:00:00+02:00,21777.60944376544,23182.164292,5966.753247894922,7017.079,27744.36269166036,30199.243292,31104.771628
2026-05-12 06:15:00+02:00,21721.91729498398,22878.794392,5954.894583041712,6972.401,27676.811878025692,29851.195392,31662.771876000003
2026-05-12 06:30:00+02:00,21639.412208388516,22363.893856,5941.118922153189,7006.115,27580.531130541705,29370.008856,32259.296132
2026-05-12 06:45:00+02:00,21555.532282667737,22119.254312,5929.05771144131,7128.494,27484.589994109047,29247.748312,33459.507939999996
2026-05-12 07:00:00+02:00,17998.089117583142,21664.85728,5939.033386603715,7159.082,23937.122504186857,28823.93928,34484.049864
2026-05-12 07:15:00+02:00,17900.07347160045,21273.341384,5929.150592588869,7205.306,23829.224064189322,28478.647384,35929.802332
2026-05-12 07:30:00+02:00,17750.591879484426,20968.076992,5898.550118197753,7279.154,23649.141997682178,28247.230991999997,37448.707576
2026-05-12 07:45:00+02:00,17549.061486551185,20790.013696,5883.7880705969565,7343.875,23432.84955714814,28133.888696,39294.520984
2026-05-12 08:00:00+02:00,17721.100158030156,20955.273184,5424.6861387751305,7364.698,23145.786296805287,28319.971184,41420.460572
2026-05-12 08:15:00+02:00,17438.497431648313,21021.275932,5398.940532431875,7454.599,22837.43796408019,28475.874932,43524.692248
2026-05-12 08:30:00+02:00,17238.503665730674,21019.806928,5374.844053460521,7327.53,22613.347719191195,28347.336928,45423.72724
2026-05-12 08:45:00+02:00,17118.242176386986,20976.806328,5352.72703725043,7190.922,22470.969213637414,28167.728327999997,47235.00496399999
2026-05-12 09:00:00+02:00,17318.043864218514,21047.003248,4913.476217216449,7058.781,22231.520081434963,28105.784248,48991.81294
2026-05-12 09:15:00+02:00,17229.72500178289,21092.71518,4927.871235666491,6897.562,22157.59623744938,27990.277179999997,50485.425544
2026-05-12 09:30:00+02:00,17187.345097266898,21242.779,4920.695954605453,6768.963,22108.04105187235,28011.742,52023.855064
2026-05-12 09:45:00+02:00,17178.98793430802,21774.722244,4914.7560761655695,6577.025,22093.74401047359,28351.747244,53449.795935999995
2026-05-12 10:00:00+02:00,17142.56945610295,21950.297012,4292.058110162951,6276.246,21434.6275662659,28226.543012,54324.467359999995
2026-05-12 10:15:00+02:00,17154.364527904403,22024.603176,4271.006268586626,5890.806,21425.370796491028,27915.409176,55164.108912
2026-05-12 10:30:00+02:00,17174.842550833917,22466.437004,4272.711999410667,5750.472,21447.554550244582,28216.909004,56158.143716000006
2026-05-12 10:45:00+02:00,17165.146693901534,22591.209152,4257.63146986978,5693.994,21422.778163771312,28285.203152,56424.125652
2026-05-12 11:00:00+02:00,15195.519866635073,22546.992284,3478.078703309191,5510.873,18673.598569944264,28057.865284,56890.00496
2026-05-12 11:15:00+02:00,15239.669695597659,22385.231596,3464.5834162007545,5205.146,18704.253111798414,27590.377596,57069.192992
2026-05-12 11:30:00+02:00,15245.603306907668,22555.981104,3452.7961985500992,5123.465,18698.399505457768,27679.446104,57868.269755999994
2026-05-12 11:45:00+02:00,15255.727632827336,22509.348256,3441.927579581122,5043.72,18697.65521240846,27553.068256,57966.380796
2026-05-12 12:00:00+02:00,15514.25659274164,22840.761576,2957.9990808780367,4883.362,18472.25567361968,27724.123576,58383.799920000005
2026-05-12 12:15:00+02:00,15492.043524404562,23305.957608,2942.866551299162,4550.912,18434.910075703723,27856.869608,58385.405172
2026-05-12 12:30:00+02:00,15539.601677800603,23727.76686,2937.8112543316333,4319.916,18477.412932132236,28047.68286,58792.311184000006
2026-05-12 12:45:00+02:00,15570.423384436295,24029.018048,2923.0359984415954,4483.08,18493.45938287789,28512.098048,59530.052756000005
2026-05-12 13:00:00+02:00,16464.01462156125,23892.313968,2749.2260916030086,4106.275,19213.24071316426,27998.588967999996,59159.67010799999
2026-05-12 13:15:00+02:00,16482.356803683077,23968.328676,2719.3492514320383,4090.842,19201.706055115115,28059.170676,58922.8626
2026-05-12 13:30:00+02:00,16520.21628042204,24448.11442,2722.1658977184247,3914.387,19242.382178140462,28362.50142,58508.301292
2026-05-12 13:45:00+02:00,16553.202010896097,24920.187972,2719.3472424882334,3934.928,19272.54925338433,28855.115972,58926.987852
2026-05-12 14:00:00+02:00,16001.610023828618,24986.813028,2569.1006883366895,3893.838,18570.710712165306,28880.651028,58744.647352
2026-05-12 14:15:00+02:00,16080.509328564838,25148.69628,2577.1207277508797,3810.107,18657.630056315717,28958.80328,58882.658108
2026-05-12 14:30:00+02:00,16144.467517266945,25059.062384,2592.4207233990883,3674.913,18736.888240666034,28733.975384,58323.769256
2026-05-12 14:45:00+02:00,16195.859224256978,24932.519844,2603.00899591637,3532.845,18798.868220173346,28465.364844,57788.642388
2026-05-12 15:00:00+02:00,17089.43611568768,25015.159316,2769.7203292646795,3141.111,19859.15644495236,28156.270316,57196.359196000005
2026-05-12 15:15:00+02:00,17177.64713315817,25132.5187,2768.3226499139155,3067.884,19945.969783072087,28200.4027,56291.144027999995
2026-05-12 15:30:00+02:00,17257.573134006674,25236.644748,2773.2945031732984,3019.904,20030.867637179974,28256.548747999997,55437.71717999999
2026-05-12 15:45:00+02:00,17337.77617645392,24815.107324,2825.373204154554,2924.698,20163.149380608476,27739.805324,53925.992104
2026-05-12 16:00:00+02:00,18609.399858448985,24440.2514,2928.0431818904167,2923.192,21537.443040339404,27363.4434,52157.442936
2026-05-12 16:15:00+02:00,18742.350548650982,24042.163296,3084.9249563388817,2854.952,21827.275504989862,26897.115296,50149.456584
2026-05-12 16:30:00+02:00,18846.695419097363,23473.416836,3100.39282879734,3134.241,21947.088247894702,26607.657836,48648.183055999994
2026-05-12 16:45:00+02:00,18980.148479049567,22733.56242,3138.576681749447,3143.982,22118.725160799015,25877.54442,46482.692272
2026-05-12 17:00:00+02:00,18744.334000147268,21849.612352,3464.6532267769667,3385.062,22208.987226924233,25234.674352,44536.877824
2026-05-12 17:15:00+02:00,18891.632221112603,21071.645104,3579.182105101857,3456.511,22470.81432621446,24528.156104,42221.940279999995
2026-05-12 17:30:00+02:00,19058.443797861135,21010.949588,3633.2862052061164,3466.681,22691.730003067252,24477.630588,40440.821048
2026-05-12 17:45:00+02:00,19135.53389438183,20721.065468,3640.591929003951,3779.687,22776.12582338578,24500.752468,38538.618496
2026-05-12 18:00:00+02:00,18205.346132082785,20178.984472,3445.15053042114,4062.336,21650.496662503923,24241.320472,36352.897908
2026-05-12 18:15:00+02:00,18269.446211170252,19378.751416,3460.147087425613,4222.065,21729.593298595864,23600.816416,33971.789472
2026-05-12 18:30:00+02:00,18295.013112418615,18200.7018,3471.7664071191302,4126.203,21766.779519537748,22326.9048,31095.732088
2026-05-12 18:45:00+02:00,18323.91829355048,17085.423796,3493.6071811331763,3908.356,21817.525474683654,20993.779796,28100.352348
2026-05-12 19:00:00+02:00,15619.619722192025,16355.19844,3468.0649461677253,3608.704,19087.68466835975,19963.90244,25620.835120000003
2026-05-12 19:15:00+02:00,15595.187083593217,15652.512316,3468.200844478696,3800.122,19063.387928071912,19452.634316,23844.295836
2026-05-12 19:30:00+02:00,15504.964171618522,14913.796388,3468.882203336384,3861.146,18973.846374954905,18774.942388,21963.412428
2026-05-12 19:45:00+02:00,15383.095334390337,14121.510648,3457.2226001198183,3919.772,18840.317934510156,18041.282648,20269.653492
2026-05-12 20:00:00+02:00,12140.538486301199,13633.074188,3521.6029108715916,4312.569,15662.14139717279,17945.643188000002,19295.983852
2026-05-12 20:15:00+02:00,12262.679701596662,13508.466852,3534.753035407577,4436.593,15797.43273700424,17945.059852,18632.23792
2026-05-12 20:30:00+02:00,12373.65259894204,13724.36584,3549.2563862331995,4561.282,15922.90898517524,18285.64784,18570.378388
2026-05-12 20:45:00+02:00,12464.868311495322,14090.410628,3555.958486499113,4416.153,16020.826797994436,18506.563628,18638.484124
2026-05-12 21:00:00+02:00,13538.774430194331,14227.604152,3800.4899563607637,3965.827,17339.264386555096,18193.431152,18344.097052
2026-05-12 21:15:00+02:00,13674.19739528141,14435.5708,3796.2081310773974,3701.393,17470.40552635881,18136.9638,18194.456676
2026-05-12 21:30:00+02:00,13804.140618932783,14794.185016,3807.109283327849,3477.168,17611.24990226063,18271.353016,18343.240412
2026-05-12 21:45:00+02:00,13903.546307761211,15039.176516,3823.4257515824343,3389.92,17726.972059343647,18429.096516,18454.614931999997
2026-05-12 22:00:00+02:00,15636.056119647488,15286.306656,4520.853568156671,3312.745,20156.90968780416,18599.051656,18683.905736
2026-05-12 22:15:00+02:00,15702.523794765437,15806.8049,4554.3553440663345,3534.855,20256.87913883177,19341.6599,19363.630171999997
2026-05-12 22:30:00+02:00,15742.986547352575,16535.84654,4575.887634146654,3818.751,20318.874181499228,20354.59754,20368.90292
2026-05-12 22:45:00+02:00,15774.293374991328,16680.330956,4584.622192050164,3812.93,20358.91556704149,20493.260956,20505.393368
2026-05-12 23:00:00+02:00,18435.8247038508,16712.4398,4315.579445236987,3882.099,22751.40414908779,20594.5388,20617.725168
2026-05-12 23:15:00+02:00,18418.726946869898,17156.756316,4315.046960588877,3923.456,22733.773907458773,21080.212315999997,21093.200579999997
2026-05-12 23:30:00+02:00,18381.238883784506,17454.538036,4308.1326527572055,3684.026,22689.371536541712,21138.564036000003,21150.560280000005
2026-05-12 23:45:00+02:00,18345.478728473172,17804.13178,4311.302035540615,3927.814,22656.780764013787,21731.94578,21747.884908
2026-05-13 00:00:00+02:00,19615.404745779673,18166.36478,5139.721272071232,4249.194,24755.126017850904,22415.55878,22504.98228
2026-05-13 00:15:00+02:00,19548.83629109445,18582.411652,5115.395944873295,4293.298,24664.232235967742,22875.709652,22890.281455999997
2026-05-13 00:30:00+02:00,19496.69754784317,18594.708832,5091.459404217487,4377.823,24588.156952060657,22972.531832,22984.72538
2026-05-13 00:45:00+02:00,19451.552648920006,18933.350408,5082.952247961332,4317.212,24534.50489688134,23250.562408,23261.318148
2026-05-13 01:00:00+02:00,20483.3637152185,19139.32392,5248.205415283378,4296.868,25731.569130501877,23436.191919999997,23447.033655999996
2026-05-13 01:15:00+02:00,20436.79385128515,19204.519176,5223.646976052107,4567.241,25660.440827337257,23771.760176000003,23782.888816
2026-05-13 01:30:00+02:00,20395.863940421557,19138.33694,5206.766589797241,4920.936,25602.630530218798,24059.272940000003,24070.1422
2026-05-13 01:45:00+02:00,20345.50488603395,18953.36602,5189.185810049065,5002.256,25534.690696083013,23955.622020000003,23965.975936000003
2026-05-13 02:00:00+02:00,19795.26789357944,18886.592116,5277.409537584832,4976.579,25072.677431164273,23863.171116,23874.064528
2026-05-13 02:15:00+02:00,19736.214831196576,18923.573356,5246.249135109577,4875.806,24982.463966306153,23799.379356,23810.582768
2026-05-13 02:30:00+02:00,19684.14769416597,18993.523416,5208.310762515781,4975.877,24892.45845668175,23969.400416,23980.624952
2026-05-13 02:45:00+02:00,19642.99446225864,19088.394,5174.368351301811,5004.238,24817.362813560452,24092.632,24103.029132
2026-05-13 03:00:00+02:00,19217.85783661056,19071.5909,4988.319647305542,5051.384,24206.177483916104,24122.9749,24134.373696
2026-05-13 03:15:00+02:00,19192.575698435383,19081.007808,4962.985236003609,5028.82,24155.560934438992,24109.827808,24120.535204
2026-05-13 03:30:00+02:00,19152.594048005347,18961.474476,4939.5062805145435,4916.248,24092.10032851989,23877.722476,23888.797908
2026-05-13 03:45:00+02:00,19124.478905041724,19153.783432,4923.754209240937,4869.195,24048.23311428266,24022.978432,24033.19106
2026-05-13 04:00:00+02:00,19085.411625420787,19221.016828,4379.963800481122,4968.948,23465.37542590191,24189.964828,24200.28926
2026-05-13 04:15:00+02:00,19078.95144566274,19128.4377,4375.213331980161,4729.561,23454.1647776429,23857.998699999996,23868.242351999997
2026-05-13 04:30:00+02:00,19065.537731298296,18635.479136,4368.054786981167,4478.243,23433.592518279464,23113.722136000004,23124.463336000004
2026-05-13 04:45:00+02:00,19064.418307828386,18274.491384,4360.140342568737,4257.24,23424.55865039712,22531.731384,22542.860032
2026-05-13 05:00:00+02:00,17886.494730300623,18109.058532,4221.21208552597,4060.945,22107.706815826594,22170.003532,22183.504536
2026-05-13 05:15:00+02:00,17891.155935239614,17901.763788,4204.842752458942,3703.099,22095.998687698557,21604.862788,21634.813103999997
2026-05-13 05:30:00+02:00,17909.761760893103,17887.950048,4189.699629609,3420.37,22099.461390502103,21308.320048,21427.373723999997
2026-05-13 05:45:00+02:00,17926.510303555457,17668.02388,4189.322932671226,3171.349,22115.83323622668,20839.372880000003,21149.105680000004
2026-05-13 06:00:00+02:00,16652.67523332808,17732.622628,3794.1801093712006,2894.239,20446.85534269928,20626.861628,21406.846900000004
2026-05-13 06:15:00+02:00,16602.23840897154,17195.380668,3779.7308063478577,2744.897,20381.969215319397,19940.277668,21413.31418
2026-05-13 06:30:00+02:00,16520.693758190846,16701.10336,3763.351601374714,2520.901,20284.04535956556,19222.00436,21600.433508
2026-05-13 06:45:00+02:00,16443.813123477164,16395.410464,3755.390222089839,2265.383,20199.203345567003,18660.793464,22022.405004
2026-05-13 07:00:00+02:00,15311.338790709366,16141.288156,3106.2701381668885,2015.077,18417.608928876252,18156.365156,22786.088896
2026-05-13 07:15:00+02:00,15213.499422769302,15622.923532,3095.9175296737535,1756.061,18309.416952443054,17378.984532000002,23359.916640000003
2026-05-13 07:30:00+02:00,15070.429995078524,15124.917412,3064.366915059509,1650.347,18134.796910138033,16775.264412,24371.773884
2026-05-13 07:45:00+02:00,14888.771240031465,14638.4661,3048.9341674652965,1471.622,17937.70540749676,16110.0881,25416.181684
2026-05-13 08:00:00+02:00,15113.43030084603,14401.803764,2723.494793621807,1311.002,17836.925094467835,15712.805764,27029.035968
2026-05-13 08:15:00+02:00,14948.789579405302,14248.112,2738.134138266509,1184.301,17686.923717671812,15432.413,28886.181964
2026-05-13 08:30:00+02:00,14681.011215026536,14365.240316,2680.4800350145433,989.268,17361.49125004108,15354.508316,30957.671872
2026-05-13 08:45:00+02:00,14571.264643992306,14576.098196,2669.3613005914094,863.006,17240.625944583717,15439.104196,33094.33122
2026-05-13 09:00:00+02:00,15778.54253665335,14592.806536,2451.275963872244,802.353,18229.818500525595,15395.159536,35056.000152
2026-05-13 09:15:00+02:00,15707.751618823044,14659.978736,2469.3671992330133,773.336,18177.118818056057,15433.314735999998,36933.92874
2026-05-13 09:30:00+02:00,15680.112029585465,14985.192628,2460.209528545976,751.771,18140.32155813144,15736.963628,38771.030944
2026-05-13 09:45:00+02:00,15692.230361497366,15427.210984,2452.8231330360427,745.499,18145.053494533408,16172.709984,40565.175564
2026-05-13 10:00:00+02:00,16721.184742623806,15894.679428,2045.0848870616858,732.071,18766.269629685492,16626.750428,42601.489495999995
2026-05-13 10:15:00+02:00,16746.25363124717,16138.872328,2023.9514668610227,696.971,18770.205098108192,16835.843328,44371.902028
2026-05-13 10:30:00+02:00,16784.154786550775,16362.417316,2022.9952806363885,636.214,18807.15006718716,16998.631316,45902.167164
2026-05-13 10:45:00+02:00,16783.38461085114,16284.50424,2023.2110848721636,596.887,18806.595695723303,16881.39124,46117.741472
2026-05-13 11:00:00+02:00,16048.020134843766,16879.863884,1974.7280663271595,529.079,18022.748201170925,17408.942884,48200.362452
2026-05-13 11:15:00+02:00,16103.884415416735,17379.090572,1975.7296479323907,423.719,18079.614063349127,17802.809572000002,49334.410228
2026-05-13 11:30:00+02:00,16120.524164647737,17538.919696,1977.5604618452494,324.032,18098.084626492986,17862.951696,49952.775868
2026-05-13 11:45:00+02:00,16142.7789497455,18040.710472,1975.1615265881046,234.353,18117.940476333606,18275.063472,50946.68064399999
2026-05-13 12:00:00+02:00,16175.773195466658,18483.195256,2381.040991932632,190.54,18556.81418739929,18673.735256,51440.809168
2026-05-13 12:15:00+02:00,16165.467091726427,18235.159008,2376.303903705816,204.147,18541.77099543224,18439.306008,51300.861996
2026-05-13 12:30:00+02:00,16224.530007274945,18356.581084,2386.23082563699,231.548,18610.760832911936,18588.129084,51556.109572
2026-05-13 12:45:00+02:00,16268.415890990427,18952.650456,2382.4517033392767,240.067,18650.867594329706,19192.717456,52094.65906
2026-05-13 13:00:00+02:00,17855.614357701535,19433.169956,2480.2017445003885,227.567,20335.816102201923,19660.736956,51807.194180000006
2026-05-13 13:15:00+02:00,17897.019151560136,18979.08716,2461.722253685795,208.521,20358.74140524593,19187.60816,51331.18266
2026-05-13 13:30:00+02:00,17954.005852674178,18984.78058,2467.9308461464434,206.284,20421.93669882062,19191.06458,51176.394564
2026-05-13 13:45:00+02:00,18001.01639682266,19055.615812,2464.970398059411,188.964,20465.98679488207,19244.579812,50435.532516
2026-05-13 14:00:00+02:00,17729.64993608583,19311.167172,2963.292696446317,177.113,20692.942632532147,19488.280172,50407.531268000006
2026-05-13 14:15:00+02:00,17826.941111814882,19142.084848,2984.7207801345367,175.294,20811.661891949418,19317.378848,49959.04034
2026-05-13 14:30:00+02:00,17905.417812988842,18705.63516,2995.018387191516,159.354,20900.43620018036,18864.98916,48862.447624
2026-05-13 14:45:00+02:00,17978.220256119323,18764.757832,3011.641111640641,152.037,20989.861367759964,18916.794832,48299.49172
2026-05-13 15:00:00+02:00,18747.278103047007,19047.080924,3269.53342055269,166.785,22016.811523599696,19213.865924,47945.11368
2026-05-13 15:15:00+02:00,18840.25242626649,18076.988712,3268.5121151008702,151.266,22108.76454136736,18228.254712,46440.58229599999
2026-05-13 15:30:00+02:00,18929.604990357766,17805.19196,3276.8271959452677,144.082,22206.432186303035,17949.27396,45487.242816
2026-05-13 15:45:00+02:00,19082.553134496753,17538.668936,3293.547243672935,146.244,22376.10037816969,17684.912935999997,44386.79919599999
2026-05-13 16:00:00+02:00,17899.168823666707,17138.482072,3125.9613858291664,156.195,21025.130209495874,17294.677072,42717.721108
2026-05-13 16:15:00+02:00,18018.64362992962,16975.555584,3158.11474470883,188.097,21176.758374638448,17163.652584000003,41051.607036
2026-05-13 16:30:00+02:00,18163.43492772162,16523.225188,3169.3977764736564,217.481,21332.832704195276,16740.706188,39537.253132
2026-05-13 16:45:00+02:00,18295.718503865624,15985.927044,3202.176222228518,219.397,21497.894726094142,16205.324044,37691.277784000005
2026-05-13 17:00:00+02:00,16190.17202300009,15464.44726,2949.123187520447,223.763,19139.295210520537,15688.210260000002,36146.602888
2026-05-13 17:15:00+02:00,16330.275943556488,14854.2472,3058.606847733956,224.792,19388.882791290445,15079.0392,34078.13376
2026-05-13 17:30:00+02:00,16485.516323706554,14424.933604,3124.7718185971107,237.069,19610.288142303663,14662.002604,32083.846064
2026-05-13 17:45:00+02:00,16565.205005826087,13798.148108,3132.0109371710223,253.826,19697.215942997107,14051.974108,29373.889372
2026-05-13 18:00:00+02:00,14366.487328693216,13560.099112,2808.5228847618528,293.114,17175.01021345507,13853.213112,27259.910408
2026-05-13 18:15:00+02:00,14417.705269283411,13239.9685,2824.9872797943267,311.036,17242.69254907774,13551.0045,25158.984920000003
2026-05-13 18:30:00+02:00,14437.11968006251,12584.054352,2833.9625573147287,317.928,17271.08223737724,12901.982352,22601.421283999996
2026-05-13 18:45:00+02:00,14455.467713041133,12217.63254,2852.1956187395112,324.589,17307.663331780645,12542.22154,20290.860752
2026-05-13 19:00:00+02:00,12800.520719110515,11954.642388,2219.2873208240294,370.023,15019.808039934544,12324.665388,18411.248376
2026-05-13 19:15:00+02:00,12735.877444226806,11547.897628,2215.1129428249947,468.87,14950.990387051801,12016.767628,16696.773892
2026-05-13 19:30:00+02:00,12626.004356677693,11356.346108,2214.9165746699,644.817,14840.920931347593,12001.163108,15437.909932
2026-05-13 19:45:00+02:00,12491.645687214725,11325.26174,2205.498391895871,762.211,14697.144079110596,12087.47274,14522.697164
2026-05-13 20:00:00+02:00,13656.854485240296,11220.67808,1971.4235102377704,766.006,15628.277995478065,11986.68408,13590.567736
2026-05-13 20:15:00+02:00,13765.101158794616,10875.74054,1985.7287871125857,689.286,15750.829945907202,11565.02654,12514.037064
2026-05-13 20:30:00+02:00,13877.60424102311,10895.233328,1997.0771221303319,632.957,15874.68136315344,11528.190328,12033.747964
2026-05-13 20:45:00+02:00,13980.79082851126,11157.984356,2007.1795717022867,613.746,15987.970400213548,11771.730356,12069.438276
2026-05-13 21:00:00+02:00,13190.300380788602,11654.56106,2106.230193772611,615.469,15296.530574561213,12270.03006,12479.28338
2026-05-13 21:15:00+02:00,13331.824769150462,12434.966724,2099.0992077515198,655.11,15430.923976901982,13090.076724,13204.4971
2026-05-13 21:30:00+02:00,13459.23878810595,12692.886812,2113.5995325181634,691.576,15572.838320624112,13384.462812000002,13439.623028000002
2026-05-13 21:45:00+02:00,13563.942764946529,12643.433056,2137.201655837527,684.394,15701.144420784056,13327.827056,13363.587456
2026-05-13 22:00:00+02:00,14289.494811562572,12710.450988,2229.2057097410493,689.714,16518.70052130362,13400.164988,13441.97168
2026-05-13 22:15:00+02:00,14359.918086272335,13013.354288,2269.389304940028,675.434,16629.307391212362,13688.788288,13722.390964
2026-05-13 22:30:00+02:00,14405.571582113544,13269.057576,2290.2670016633633,638.77,16695.838583776906,13907.827576,13926.29066
2026-05-13 22:45:00+02:00,14441.79493398386,13335.262484,2291.753103616151,630.395,16733.548037600012,13965.657484,13987.180492
2026-05-13 23:00:00+02:00,13895.609333981234,13391.854008,2348.5046913844462,693.34,16244.114025365681,14085.194008,14109.818076
2026-05-13 23:15:00+02:00,13890.151933908202,13567.629424,2351.4191315201124,778.109,16241.571065428314,14345.738424,14358.073268000002
2026-05-13 23:30:00+02:00,13859.44284306003,13596.52462,2348.623333674807,840.819,16208.066176734836,14437.34362,14449.218336
2026-05-13 23:45:00+02:00,13833.695558654721,13766.510996,2350.9302356340827,877.436,16184.625794288804,14643.946996,14657.402264
2026-05-14 00:00:00+02:00,15780.617426207322,13904.659896,2087.201875362034,875.58,17867.819301569354,14780.239896,14802.112024
2026-05-14 00:15:00+02:00,15727.765754641696,13827.737132,2061.605672648255,900.995,17789.371427289952,14728.732132,14747.233436
2026-05-14 00:30:00+02:00,15677.986331955191,13913.875496,2034.5501981075272,858.864,17712.53653006272,14772.739496,14791.690948
2026-05-14 00:45:00+02:00,15643.061486276847,14028.603392,2020.6178782161132,855.559,17663.67936449296,14884.162392,14899.855144
2026-05-14 01:00:00+02:00,15187.375944397965,14106.074396,2085.5209736160896,892.007,17272.896918014056,14998.081396,15013.509104
2026-05-14 01:15:00+02:00,15143.374813255748,14227.004964,2032.3342577198503,943.797,17175.709070975598,15170.801964,15184.32336
2026-05-14 01:30:00+02:00,15100.63388408414,14178.82498,2022.4285550401496,1006.949,17123.06243912429,15185.77398,15199.41182
2026-05-14 01:45:00+02:00,15045.71083680685,14342.222448,2004.2364074979948,1037.22,17049.947244304843,15379.442448,15391.284916
2026-05-14 02:00:00+02:00,15572.167835063994,14582.81896,2115.1791956462343,1066.883,17687.34703071023,15649.70196,15661.456528
2026-05-14 02:15:00+02:00,15515.951416036352,14586.086688,2078.1039245450224,1075.488,17594.055340581373,15661.574688,15672.232496
2026-05-14 02:30:00+02:00,15468.429907951499,14598.789288,2040.2179819999453,1082.682,17508.647889951444,15681.471288,15692.267812
2026-05-14 02:45:00+02:00,15429.662709067057,14465.793096,2006.3544647631634,1041.117,17436.01717383022,15506.910096,15517.146264
2026-05-14 03:00:00+02:00,15669.693944897037,14459.643072,2147.3543474711714,1060.179,17817.048292368207,15519.822072,15529.627472
2026-05-14 03:15:00+02:00,15644.036578609115,14481.57698,2123.4608199693876,1101.09,17767.497398578504,15582.66698,15592.429056
2026-05-14 03:30:00+02:00,15599.992157912915,14400.973508,2098.817011816194,1118.596,17698.80916972911,15519.569508,15529.642696
2026-05-14 03:45:00+02:00,15574.541129365534,14202.22722,2083.0990757787354,1112.522,17657.64020514427,15314.749220000002,15324.217848000002
2026-05-14 04:00:00+02:00,15295.934234649418,13959.378104,2401.487650119622,1144.254,17697.42188476904,15103.632104,15113.329608
2026-05-14 04:15:00+02:00,15280.999380393732,14022.493088,2392.2259039485043,1189.189,17673.225284342236,15211.682088,15220.999736
2026-05-14 04:30:00+02:00,15248.265728057806,14026.95668,2380.1522089247437,1267.318,17628.41793698255,15294.27468,15304.191351999998
2026-05-14 04:45:00+02:00,15231.290469174111,14020.86252,2367.2904906454537,1277.185,17598.580959819566,15298.04752,15308.860596
2026-05-14 05:00:00+02:00,15741.684882121453,14149.5851,2516.1858302554956,1267.612,18257.87071237695,15417.1971,15430.223296000002
2026-05-14 05:15:00+02:00,15731.747622212019,14115.001412,2491.9505152216598,1376.877,18223.69813743368,15491.878412,15522.5987
2026-05-14 05:30:00+02:00,15738.630812555979,14208.912696,2471.9147299478386,1457.692,18210.545542503816,15666.604696,15795.750932
2026-05-14 05:45:00+02:00,15742.321077640718,14151.9109,2464.3954711403926,1538.152,18206.71654878111,15690.0629,16050.156548
2026-05-14 06:00:00+02:00,16311.349638055002,14235.843392,2615.322739503232,1697.69,18926.672377558236,15933.533392,16784.499288000003
2026-05-14 06:15:00+02:00,16239.389336535165,14335.862704,2600.149405074114,1825.693,18839.538741609278,16161.555704,17663.793336
2026-05-14 06:30:00+02:00,16139.605241669566,14436.151184,2582.713179678211,1946.484,18722.318421347776,16382.635184,18816.693448
2026-05-14 06:45:00+02:00,16048.459309400274,14126.166712,2570.15025467744,1792.219,18618.609564077713,15918.385712,19459.250384
2026-05-14 07:00:00+02:00,14914.153427142639,13550.355084,2926.4740098926177,1889.948,17840.627437035255,15440.303084,20354.67716
2026-05-14 07:15:00+02:00,14796.33901271862,13471.814848,2912.284846586895,1848.564,17708.623859305513,15320.378848,21774.20446
2026-05-14 07:30:00+02:00,14595.935781071954,13552.161316,2883.4625087753575,2000.796,17479.39828984731,15552.957316,23659.07838
2026-05-14 07:45:00+02:00,14378.09029349381,13464.001116,2866.491653923597,2126.847,17244.581947417406,15590.848116,25304.234032
2026-05-14 08:00:00+02:00,16269.69978212116,13264.946936,2506.924752551712,2144.255,18776.624534672872,15409.201936,26923.09472
2026-05-14 08:15:00+02:00,16038.791418678658,13323.239844,2516.911865084166,2038.511,18555.703283762825,15361.750844,28627.329052
2026-05-14 08:30:00+02:00,15891.67225675327,13561.60462,2569.913325164345,1836.826,18461.585581917614,15398.43062,30578.418039999997
2026-05-14 08:45:00+02:00,15767.824056882193,13615.780332,2568.223664427643,1886.243,18336.047721309835,15502.023332,32442.5171
2026-05-14 09:00:00+02:00,17291.93162052477,13630.130532,2667.4112868063153,2181.117,19959.342907331087,15811.247532,34451.183672
2026-05-14 09:15:00+02:00,17229.444777793793,13897.492884,2680.4309459091655,2108.676,19909.875723702957,16006.168884,36380.715372
2026-05-14 09:30:00+02:00,17215.4000989434,14119.450228,2669.290876299656,1925.725,19884.690975243055,16045.175228,37982.053352
2026-05-14 09:45:00+02:00,17245.96379016523,14194.955656,2659.9224019317157,1915.142,19905.886192096947,16110.097656,40062.390416
2026-05-14 10:00:00+02:00,16795.740090114658,13995.05532,2707.53081875364,2012.475,19503.270908868297,16007.53032,42045.21738
2026-05-14 10:15:00+02:00,16821.311674896006,13679.04954,2673.0444043378193,2032.973,19494.356079233825,15712.02254,43516.038208
2026-05-14 10:30:00+02:00,16868.68908022914,13066.817712,2663.938114133556,2079.549,19532.627194362693,15146.366712,44449.100051999994
2026-05-14 10:45:00+02:00,16870.925411216307,12524.989112,2656.6028615797613,1931.225,19527.52827279607,14456.214112,45200.89738
2026-05-14 11:00:00+02:00,15318.806822124532,12172.088404,2782.4019960475407,1835.798,18101.208818172072,14007.886404,45618.119652
2026-05-14 11:15:00+02:00,15364.699018837136,11866.866524,2771.9334577538184,1839.545,18136.632476590956,13706.411524,46849.581112
2026-05-14 11:30:00+02:00,15383.726810629658,11521.43516,2773.297976212453,1785.069,18157.02478684211,13306.50416,47521.982816
2026-05-14 11:45:00+02:00,15399.814112751528,11240.041576,2773.0422321775695,1696.333,18172.856344929096,12936.374576,48381.016064
2026-05-14 12:00:00+02:00,13882.401637833525,10763.17742,2755.7919775189894,1702.998,16638.193615352517,12466.17542,49408.318152
2026-05-14 12:15:00+02:00,13878.602042520852,10351.539172,2740.2746722835395,1753.499,16618.87671480439,12105.038172,49802.069728
2026-05-14 12:30:00+02:00,13937.27571050937,9867.717468,2743.9802337019087,1784.098,16681.25594421128,11651.815468,49891.239516
2026-05-14 12:45:00+02:00,13983.621711405018,9528.425952,2753.7988041705116,1766.077,16737.42051557553,11294.502952,49537.10178
2026-05-14 13:00:00+02:00,13157.645026853635,9052.332548,2776.708626912435,1759.64,15934.353653766071,10811.972548,48974.417536
2026-05-14 13:15:00+02:00,13198.687749073993,8983.014636,2763.0417312966615,1795.171,15961.729480370655,10778.185636,48768.466492
2026-05-14 13:30:00+02:00,13260.207800457236,8820.865016,2764.745414747217,1855.751,16024.953215204452,10676.616016,48229.797752
2026-05-14 13:45:00+02:00,13308.704912918713,8883.06596,2761.5275629205707,1944.047,16070.232475839282,10827.11296,48115.949604
2026-05-14 14:00:00+02:00,12660.47422805794,9108.007668,2906.938604995258,1972.504,15567.412833053197,11080.511668,48339.892844
2026-05-14 14:15:00+02:00,12755.769919993405,9324.42372,2926.0262877464747,2084.345,15681.79620773988,11408.76872,47954.049376
2026-05-14 14:30:00+02:00,12825.144480910678,8815.833924,2932.545077705517,2159.6,15757.689558616195,10975.433924,46986.702596
2026-05-14 14:45:00+02:00,12891.009433018715,8437.366972,2944.5507788358555,2217.345,15835.56021185457,10654.711972,46206.602168
2026-05-14 15:00:00+02:00,11964.425009905652,8939.476116,2993.695705506589,2294.685,14958.12071541224,11234.161116,46421.17630399999
2026-05-14 15:15:00+02:00,12062.094574606414,8756.368932,2989.670596081167,2462.796,15051.76517068758,11219.164932,45613.290772
2026-05-14 15:30:00+02:00,12164.175645847825,8146.023168,2997.1082314614587,2339.634,15161.283877309284,10485.657168,43403.021492
2026-05-14 15:45:00+02:00,12282.386696887012,8116.65438,3010.127953061202,2696.278,15292.514649948214,10812.93238,42452.383264
2026-05-14 16:00:00+02:00,11235.187779828892,8181.180344,3105.2262984506983,2902.171,14340.41407827959,11083.351344,41489.954896
2026-05-14 16:15:00+02:00,11322.636437076817,8984.65842,3126.5272504775753,2492.581,14449.163687554392,11477.23942,40145.750528
2026-05-14 16:30:00+02:00,11411.495754139341,8966.508784,3145.4526867695704,2432.099,14556.948440908913,11398.607784,38371.985828
2026-05-14 16:45:00+02:00,11517.783919940874,8646.755272,3179.5422246941803,2617.791,14697.326144635053,11264.546272,36329.181836
2026-05-14 17:00:00+02:00,8294.588356513063,8220.575308,3367.0533526200684,2632.244,11661.641709133131,10852.819308,34179.02198
2026-05-14 17:15:00+02:00,8417.097006417795,8006.658188,3449.7939791551466,2659.101,11866.890985572942,10665.759188,31931.586052
2026-05-14 17:30:00+02:00,8555.877895465432,7643.1641,3481.4688744293435,2811.252,12037.346769894775,10454.4161,29861.314295999997
2026-05-14 17:45:00+02:00,8621.03913720901,7101.867072,3494.040965518956,2748.626,12115.080102727967,9850.493072,27151.015556
2026-05-14 18:00:00+02:00,5556.215300352973,6687.556296,3400.2504456544366,2613.35,8956.465746007409,9300.906296,24656.250699999997
2026-05-14 18:15:00+02:00,5582.7984601293665,6272.699208,3421.5030892469968,2559.607,9004.301549376363,8832.306208,22353.35428
2026-05-14 18:30:00+02:00,5566.871292061027,6045.50114,3425.8422756931363,2614.921,8992.713567754163,8660.42214,20431.195424
2026-05-14 18:45:00+02:00,5549.136042054175,5531.494764,3438.0179015101867,2657.34,8987.15394356436,8188.834764,18038.923412
2026-05-14 19:00:00+02:00,4298.804574130586,4968.677272,3060.513075228055,2746.937,7359.317649358642,7715.614272,15802.892172
2026-05-14 19:15:00+02:00,4227.6473805471505,4402.3947,3066.6257930902443,2775.417,7294.273173637395,7177.8117,13542.61708
2026-05-14 19:30:00+02:00,4096.939504738785,4016.119396,3066.441785366645,2750.032,7163.38129010543,6766.151396,11546.934804
2026-05-14 19:45:00+02:00,3944.4068878109338,3870.358944,3063.981516401615,2664.624,7008.388404212548,6534.982943999999,9949.103172
2026-05-14 20:00:00+02:00,2933.4228677973415,3742.468484,2671.06088139021,2696.106,5604.483749187551,6438.574484000001,8703.877288
2026-05-14 20:15:00+02:00,3033.7373611506187,3354.591064,2687.1478269184145,2647.491,5720.885188069033,6002.082064,7340.807824
2026-05-14 20:30:00+02:00,3149.071250111893,3150.532996,2701.6898216504396,2551.406,5850.761071762332,5701.938996,6353.5338839999995
2026-05-14 20:45:00+02:00,3259.8910132653014,3020.549876,2714.1507684662733,2544.195,5974.041781731575,5564.744876000001,5814.000212000001
2026-05-14 21:00:00+02:00,2280.077162943361,2873.383572,2623.227102924055,2618.404,4903.304265867417,5491.787572,5585.54176
2026-05-14 21:15:00+02:00,2423.9576321218283,2787.010864,2607.3936675816403,2702.327,5031.351299703469,5489.337864,5567.0555
2026-05-14 21:30:00+02:00,2563.694340513713,2667.28152,2615.50203161221,2545.079,5179.1963721259235,5212.36052,5324.022612
2026-05-14 21:45:00+02:00,2681.020598297013,2648.438944,2636.240319893265,2537.165,5317.260918190278,5185.603944,5240.233792
2026-05-14 22:00:00+02:00,2053.665428601881,2621.485836,2502.8961102393832,2696.917,4556.561538841264,5318.402835999999,5434.722027999999
2026-05-14 22:15:00+02:00,2142.603596343662,2642.511356,2549.3128002172944,2636.298,4691.916396560957,5278.809356,5357.109672
2026-05-14 22:30:00+02:00,2217.0694462398224,2633.27692,2577.7432649174343,2481.628,4794.812711157257,5114.90492,5205.173936
2026-05-14 22:45:00+02:00,2263.457044093377,2594.620004,2579.446261926776,2524.933,4842.903306020153,5119.553003999999,5206.000899999999
2026-05-14 23:00:00+02:00,2457.1350802439542,2612.233348,2595.9199624735047,2458.477,5053.0550427174585,5070.7103480000005,5164.989240000001
2026-05-14 23:15:00+02:00,2470.804568083386,2590.205432,2586.49782317945,2336.469,5057.302391262836,4926.674432,4982.615608
2026-05-14 23:30:00+02:00,2456.9371836562545,2566.795524,2574.6289903212078,2350.455,5031.566173977462,4917.250524,4954.591596
2026-05-14 23:45:00+02:00,2448.2495196490327,2620.681388,2580.476795264776,2458.436,5028.726314913809,5079.117388000001,5101.172016
2026-05-15 00:00:00+02:00,2457.752950919749,2762.355152,2089.9434176816685,2581.242,4547.696368601417,5343.597152,5449.20722
2026-05-15 00:15:00+02:00,2409.416561973649,2910.771068,2066.130867861732,2609.733,4475.547429835381,5520.504068,5583.333076
2026-05-15 00:30:00+02:00,2367.819220832308,2905.106628,2041.1799085707626,2558.347,4408.999129403071,5463.453628,5490.84036
2026-05-15 00:45:00+02:00,2338.2906744193274,2847.4498,2026.4613531301836,2576.142,4364.752027549511,5423.5918,5451.775816
2026-05-15 01:00:00+02:00,2301.8203014651253,2887.66126,2291.9078688685863,2192.684,4593.728170333712,5080.34526,5099.108404
2026-05-15 01:15:00+02:00,2262.099936680715,2894.32558,2278.337215391326,2309.625,4540.4371520720415,5203.950580000001,5237.425580000001
2026-05-15 01:30:00+02:00,2219.6452117224276,2912.697656,2269.903510216101,2511.161,4489.548721938529,5423.858656,5486.794396
2026-05-15 01:45:00+02:00,2170.182339715586,3006.198912,2252.315023202898,2605.68,4422.497362918484,5611.878912,5630.20432
2026-05-15 02:00:00+02:00,2339.1977778420155,3194.688544,2455.2921416538393,2252.803,4794.489919495854,5447.491544,5459.807684
2026-05-15 02:15:00+02:00,2285.718344261978,3369.124788,2419.9544115163003,2414.696,4705.672755778278,5783.820788,5801.079388
2026-05-15 02:30:00+02:00,2239.9119133501185,3463.259828,2382.622101007869,2563.103,4622.534014357987,6026.362828,6037.736440000001
2026-05-15 02:45:00+02:00,2200.395738404516,3607.079108,2345.210589414289,2939.608,4545.606327818805,6546.687108,6557.66656
2026-05-15 03:00:00+02:00,2329.954783605774,3723.908032,2442.9529835105795,3032.174,4772.907767116354,6756.082032,6768.043112
2026-05-15 03:15:00+02:00,2307.86794636503,3758.92346,2418.503443055315,3035.653,4726.371389420345,6794.57646,6805.157596
2026-05-15 03:30:00+02:00,2265.5580336787493,3636.567704,2391.0509925566516,3110.264,4656.609026235401,6746.831704,6761.011592
2026-05-15 03:45:00+02:00,2238.2365450832854,3470.642344,2369.9524386107673,3094.433,4608.188983694053,6565.075344,6578.01884
2026-05-15 04:00:00+02:00,2565.680693514866,3391.637344,2461.354165631083,3052.58,5027.03485914595,6444.217344000001,6461.287252000001
2026-05-15 04:15:00+02:00,2555.1834804517157,3381.469144,2454.4945006834437,3173.611,5009.677981135159,6555.080144,6576.0446919999995
2026-05-15 04:30:00+02:00,2525.8308875843563,3340.655048,2447.557551822671,3148.815,4973.388439407027,6489.470048,6511.179672
2026-05-15 04:45:00+02:00,2510.0287576418677,3423.073696,2434.8243351139076,2984.063,4944.853092755775,6407.136696,6421.469623999999
2026-05-15 05:00:00+02:00,2649.7585572789317,3586.206052,3089.1947525619203,3232.759,5738.953309840852,6818.965052,6842.472403999999
2026-05-15 05:15:00+02:00,2636.930903767954,3746.773264,3066.3214961635927,3232.862,5703.252399931547,6979.6352640000005,7027.904304000001
2026-05-15 05:30:00+02:00,2642.879860047615,3982.638096,3047.414559004795,3117.067,5690.29441905241,7099.705096,7302.861927999999
2026-05-15 05:45:00+02:00,2641.6653563183913,4063.66122,3042.150202709997,3118.36,5683.815559028388,7182.0212200000005,7762.624444000001
2026-05-15 06:00:00+02:00,3100.9319151015698,4174.979528,3354.7509891810646,3190.279,6455.682904282634,7365.258528,8636.113832000001
2026-05-15 06:15:00+02:00,3032.87323140788,4110.451304,3347.8926922061796,3314.488,6380.76592361406,7424.939304,9648.542376
2026-05-15 06:30:00+02:00,2936.913083185789,3937.592688,3336.8873665198857,3355.811,6273.800449705675,7293.403688,10695.681768
2026-05-15 06:45:00+02:00,2840.680875496757,3752.795032,3317.5743488986473,3369.866,6158.255224395404,7122.661032,11917.158612
2026-05-15 07:00:00+02:00,3211.9035073654168,3714.798008,2874.349397212878,3315.495,6086.252904578295,7030.293008000001,13613.249796
2026-05-15 07:15:00+02:00,3098.263616526217,3593.772772,2864.0386154488856,3458.799,5962.302231975103,7052.571771999999,15632.963036
2026-05-15 07:30:00+02:00,2946.365150253661,3383.576136,2842.8798802814367,3350.37,5789.245030535098,6733.9461360000005,17577.088004
2026-05-15 07:45:00+02:00,2752.258441454937,3074.098264,2832.9302070266194,3269.033,5585.188648481557,6343.131264,19648.661272
2026-05-15 08:00:00+02:00,2992.9558279831563,2856.237768,2787.058000138565,3348.514,5780.013828121721,6204.751768,22233.130188
2026-05-15 08:15:00+02:00,2712.5041698928817,2865.953804,2795.8833358807788,3396.48,5508.38750577366,6262.433804,25048.83018
2026-05-15 08:30:00+02:00,2653.1421121401518,2975.816536,2810.417316819298,3573.485,5463.55942895945,6549.301536,27972.212596
2026-05-15 08:45:00+02:00,2557.0420816819815,3193.28394,2807.0074587308213,3635.308,5364.049540412803,6828.59194,30676.495408
2026-05-15 09:00:00+02:00,2413.9926167957615,3393.537188,2538.048445732832,3735.171,4952.041062528593,7128.708188,33138.553488
2026-05-15 09:15:00+02:00,2357.4548402118135,3845.703492,2549.833616473888,3838.821,4907.288456685701,7684.524492,35719.437492
2026-05-15 09:30:00+02:00,2354.5227917381008,4362.155668,2539.0456252805225,4018.995,4893.568417018623,8381.150668,38052.846564
2026-05-15 09:45:00+02:00,2397.811581537654,4755.525224,2529.6342396338414,4334.916,4927.4458211714955,9090.441224,40134.800256
2026-05-15 10:00:00+02:00,2776.190262552181,5108.463912,2681.5674140701667,4713.106,5457.757676622348,9821.569912,42164.921844
2026-05-15 10:15:00+02:00,2807.1987133364546,5156.748784,2647.8477491415447,4851.31,5455.046462478,10008.058784,43571.678476
2026-05-15 10:30:00+02:00,2856.8859928981155,5319.569832,2636.637431982567,4814.494,5493.523424880683,10134.063832,44836.298836
2026-05-15 10:45:00+02:00,2854.6741413772615,5528.733228,2627.055465411452,4706.09,5481.729606788714,10234.823228,45754.437324
2026-05-15 11:00:00+02:00,4459.828684822314,5734.58584,2897.3930451219353,4720.919,7357.221729944249,10455.50484,46980.98004
2026-05-15 11:15:00+02:00,4508.292048277977,5975.096996,2885.4323349987408,4862.071,7393.724383276718,10837.167996,48112.507168
2026-05-15 11:30:00+02:00,4521.05294846172,6249.696284,2885.109879290621,4959.163,7406.162827752341,11208.859283999998,48988.299516
2026-05-15 11:45:00+02:00,4544.961346673772,6308.83258,2883.3715907993696,5001.666,7428.332937473142,11310.49858,49324.714888
2026-05-15 12:00:00+02:00,5261.609239204057,6433.621616,2708.2825126470743,4892.298,7969.891751851132,11325.919616,49622.780152
2026-05-15 12:15:00+02:00,5240.527892554421,6753.262976,2692.5263266953466,4803.32,7933.054219249767,11556.582976,49937.151008
2026-05-15 12:30:00+02:00,5289.63586325178,7094.80742,2696.9920136847804,4729.231,7986.627876936561,11824.03842,50526.93738
2026-05-15 12:45:00+02:00,5346.049672328656,7358.479908,2708.3958764572485,4733.647,8054.445548785905,12092.126908,50938.901516
2026-05-15 13:00:00+02:00,6371.42096976555,7775.915952,2993.037091763056,4623.903,9364.458061528607,12399.818952,51307.009664000005
2026-05-15 13:15:00+02:00,6392.975220309039,7792.630748,2983.2301894540815,4481.572,9376.20540976312,12274.202748,50714.864112
2026-05-15 13:30:00+02:00,6451.621840537606,8039.08052,2986.708527756008,4353.3,9438.330368293613,12392.38052,50768.167104
2026-05-15 13:45:00+02:00,6499.366654991663,8385.602928,2984.7475695443104,4374.711,9484.114224535973,12760.313928,50877.938968
2026-05-15 14:00:00+02:00,8366.782876192663,8554.094684,3069.3756566669826,4467.787,11436.158532859645,13021.881684,50525.210952
2026-05-15 14:15:00+02:00,8504.658056646897,8968.753208,3089.5698998301036,4502.658,11594.227956477,13471.411208,50608.99215600001
2026-05-15 14:30:00+02:00,8563.01045265308,9166.837384,3096.102180401386,4540.304,11659.112633054465,13707.141384,50401.5516
2026-05-15 14:45:00+02:00,8633.733273903934,9272.782108,3110.921997885249,4246.525,11744.655271789183,13519.307108,49741.317484
2026-05-15 15:00:00+02:00,9105.498550669676,9200.765124,3027.9555458120985,4115.454,12133.454096481775,13316.219124,48607.318648
2026-05-15 15:15:00+02:00,9187.2525583744,9597.98508,3026.075165165235,4213.381,12213.327723539636,13811.36608,48362.96152
2026-05-15 15:30:00+02:00,9275.492453591267,9947.712948,3044.325495594212,4255.723,12319.817949185479,14203.435948,47686.185836
2026-05-15 15:45:00+02:00,9351.278682165927,9913.260096,3065.4407835746024,4199.837,12416.719465740529,14113.097096,46530.935804
2026-05-15 16:00:00+02:00,10155.06546389724,9793.101372,2960.874082637717,4508.68,13115.939546534955,14301.781372,45078.150004
2026-05-15 16:15:00+02:00,10321.252361920415,9683.079144,2984.0086562133556,4369.545,13305.26101813377,14052.624144,43321.963688
2026-05-15 16:30:00+02:00,10440.607653570592,9974.554984,3009.0134133694223,4255.304,13449.621066940015,14229.858984,42083.61372
2026-05-15 16:45:00+02:00,10536.487687936255,10358.282236,3045.0050174571893,4334.817,13581.492705393444,14693.099235999998,40788.01132799999
2026-05-15 17:00:00+02:00,10716.180285718052,10191.987228,3216.568875284871,4428.931,13932.749161002923,14620.918228,38523.606208
2026-05-15 17:15:00+02:00,10824.184611215958,9600.721064,3277.4501472803354,4503.328,14101.634758496293,14104.049064,36052.445936
2026-05-15 17:30:00+02:00,10944.720842718667,9373.039144,3327.5023471371537,4469.204,14272.22318985582,13842.243144,34250.759536
2026-05-15 17:45:00+02:00,10998.203911418006,9637.711168,3344.7607180001883,4414.568,14342.964629418195,14052.279168,32481.132
2026-05-15 18:00:00+02:00,8785.11962768785,9628.04898,3376.3652541624783,4601.698,12161.484881850329,14229.74698,30618.543744
2026-05-15 18:15:00+02:00,8808.076418965014,9522.21612,3420.5104369521055,4701.473,12228.58685591712,14223.68912,28554.973704
2026-05-15 18:30:00+02:00,8780.891398315089,9576.61826,3425.7060829082116,4753.926,12206.5974812233,14330.54426,26497.531888
2026-05-15 18:45:00+02:00,8756.449769669958,9313.382572,3438.351455689247,4916.018,12194.801225359206,14229.400572,24309.199388
2026-05-15 19:00:00+02:00,7370.360157676338,8918.70944,3329.839341964802,5280.452,10700.19949964114,14199.16144,22183.676744
2026-05-15 19:15:00+02:00,7295.929494958312,8458.830428,3339.5431389964806,5287.263,10635.472633954792,13746.093428,19960.664748
2026-05-15 19:30:00+02:00,7169.285736934751,8178.318092,3344.5900516924444,5418.375,10513.875788627196,13596.693092,18313.883932
2026-05-15 19:45:00+02:00,7025.597430428374,7796.08668,3345.860699466396,5462.261,10371.45812989477,13258.34768,16623.968616000002
2026-05-15 20:00:00+02:00,5517.665982793691,7724.942744,3293.700074480309,5289.345,8811.366057274001,13014.287744,15205.342664000002
2026-05-15 20:15:00+02:00,5611.7392842604895,7694.076448,3306.9838839438603,5133.604,8918.72316820435,12827.680448,14139.893428
2026-05-15 20:30:00+02:00,5730.482358929677,7589.998064,3319.8869937093577,5354.567,9050.369352639034,12944.565064,13558.1785
2026-05-15 20:45:00+02:00,5851.589391360446,7554.977864,3332.0616057451175,5355.659,9183.650997105564,12910.636864,13192.963076
2026-05-15 21:00:00+02:00,5259.1712411276485,7661.245724,3059.071792524441,5354.934,8318.24303365209,13016.179724,13202.095644
2026-05-15 21:15:00+02:00,5425.402025894281,7518.802292,3044.441869869791,5438.159,8469.843895764072,12956.961292,13084.229344
2026-05-15 21:30:00+02:00,5574.509023717827,7424.297536,3053.414177182132,5390.854,8627.923200899959,12815.151536,12905.72254
2026-05-15 21:45:00+02:00,5691.419294699553,7433.2165,3072.825559225423,5291.27,8764.244853924976,12724.4865,12803.639388
2026-05-15 22:00:00+02:00,5577.678698423405,7467.338372,3174.634172444096,5308.906,8752.312870867501,12776.244372,12930.92402
2026-05-15 22:15:00+02:00,5676.511982884306,7722.301,3218.9561932459706,5397.147,8895.468176130276,13119.448,13235.216296
2026-05-15 22:30:00+02:00,5759.848452520327,7869.935792,3244.427133279336,5497.966,9004.275585799664,13367.901792,13438.89762
2026-05-15 22:45:00+02:00,5809.444353570459,8062.587564,3244.331160391622,5357.078,9053.77551396208,13419.665564,13451.504088000002
2026-05-15 23:00:00+02:00,7352.121902403633,8235.130168,4131.65555048724,5297.324,11483.777452890874,13532.454168,13628.785788
2026-05-15 23:15:00+02:00,7372.1059284777675,8470.094584,4137.563955163815,5485.996,11509.669883641582,13956.090584,13983.06816
2026-05-15 23:30:00+02:00,7359.632506489793,8634.783172,4125.595704905798,5721.878,11485.228211395592,14356.661172,14400.912364
2026-05-15 23:45:00+02:00,7355.575387422316,8766.91168,4130.441267750428,5883.311,11486.016655172745,14650.22268,14670.073056
2026-05-16 00:00:00+02:00,9502.688380680107,8922.629404,5090.657713897735,5609.684,14593.346094577842,14532.313404,14548.562624
2026-05-16 00:15:00+02:00,9458.254017071364,9083.691424,5065.61023387897,5283.356,14523.864250950333,14367.047424,14388.136556
2026-05-16 00:30:00+02:00,9417.574761974041,9267.341564,5036.947229864864,5316.507,14454.521991838905,14583.848564,14611.128116
2026-05-16 00:45:00+02:00,9386.241371363047,9480.50496,5018.959120184216,5580.964,14405.200491547263,15061.46896,15087.233332
2026-05-16 01:00:00+02:00,10418.955659497364,9706.329416,5620.695694750418,5915.395,16039.65135424778,15621.724416,15654.813352
2026-05-16 01:15:00+02:00,10378.293891516723,9954.538312,5607.086784268748,5877.507,15985.38067578547,15832.045312,15844.83682
2026-05-16 01:30:00+02:00,10334.352342599384,10222.180076,5602.3492717908675,5577.401,15936.701614390251,15799.581076,15812.561408
2026-05-16 01:45:00+02:00,10284.553174773786,10313.725448,5587.657208383567,5422.235,15872.210383157353,15735.960447999998,15750.647979999998
2026-05-16 02:00:00+02:00,11177.694727970345,10291.273056,5620.426771816077,5516.023,16798.121499786423,15807.296056,15822.543264
2026-05-16 02:15:00+02:00,11125.38474351584,10392.737104,5590.48963066343,5601.656,16715.87437417927,15994.393104,16016.874543999998
2026-05-16 02:30:00+02:00,11077.865167681772,10459.956016,5557.416261447868,5836.607,16635.281429129638,16296.563016,16310.939904
2026-05-16 02:45:00+02:00,11036.482433236719,10707.2036,5531.037682639889,5657.685,16567.520115876607,16364.888600000002,16376.585204000005
2026-05-16 03:00:00+02:00,13414.11068609751,10954.47614,5722.609404827105,5644.093,19136.720090924617,16598.56914,16611.946772
2026-05-16 03:15:00+02:00,13388.549544960752,11096.8965,5697.712674352038,5961.543,19086.26221931279,17058.4395,17069.389884
2026-05-16 03:30:00+02:00,13339.113753880561,11296.100356,5672.16761768121,6295.296,19011.28137156177,17591.396356,17602.192216
2026-05-16 03:45:00+02:00,13305.533494200714,11350.129796,5649.861830687667,5987.977,18955.39532488838,17338.106796,17349.246712
2026-05-16 04:00:00+02:00,15421.937542718639,11520.061328,5674.238075344837,5910.365,21096.175618063477,17430.426328,17441.767752
2026-05-16 04:15:00+02:00,15408.738933601488,11623.87028,5671.925065526955,5753.641,21080.663999128443,17377.51128,17397.867044
2026-05-16 04:30:00+02:00,15375.083918668297,11586.70958,5663.728663798177,5637.964,21038.812582466475,17224.673580000002,17236.650636000002
2026-05-16 04:45:00+02:00,15358.852521979748,11574.561308,5645.088454460824,5606.723,21003.940976440572,17181.284308000002,17201.523132000002
2026-05-16 05:00:00+02:00,15632.187770006714,11850.49474,5587.6775472032405,5898.075,21219.865317209955,17748.56974,17773.0818
2026-05-16 05:15:00+02:00,15622.560771162125,11952.239572,5563.73860071325,5995.81,21186.299371875375,17948.049572,18014.89254
2026-05-16 05:30:00+02:00,15631.459008565384,12237.733088,5541.6961436089005,6050.518,21173.155152174284,18288.251088,18504.751228
2026-05-16 05:45:00+02:00,15629.722081068423,12249.260452,5536.978515296759,5839.714,21166.700596365183,18088.974452,18690.320560000004
2026-05-16 06:00:00+02:00,15304.170228028544,12364.686188,5515.770852182805,5823.518,20819.94108021135,18188.204188,19519.053864
2026-05-16 06:15:00+02:00,15230.263123236973,12257.731716,5512.80189767073,5768.408,20743.065020907703,18026.139716,20317.206848
2026-05-16 06:30:00+02:00,15126.82025028863,12055.556052,5502.996608113393,5951.804,20629.816858402024,18007.360052,21535.18834
2026-05-16 06:45:00+02:00,15023.127971090276,11605.8239,5494.526952459122,5834.996,20517.6549235494,17440.8199,22441.841964
2026-05-16 07:00:00+02:00,13150.50968527737,11185.568,5483.4920393580405,5749.534,18634.00172463541,16935.102,23691.640551999997
2026-05-16 07:15:00+02:00,13035.75529701968,10777.663948,5478.95185625376,5811.812,18514.70715327344,16589.475948,25302.548504
2026-05-16 07:30:00+02:00,12878.961186484463,10212.671192,5457.223974403402,6038.561,18336.185160887864,16251.232192,27224.606932
2026-05-16 07:45:00+02:00,12676.544513960393,9882.542856,5446.900571007227,5980.556,18123.44508496762,15863.098856,29200.07518
2026-05-16 08:00:00+02:00,13846.774264880307,9635.90402,5256.990954565336,6029.205,19103.765219445642,15665.10902,31816.589163999997
2026-05-16 08:15:00+02:00,13574.152869755386,9641.419944,5268.815835075239,5925.914,18842.968704830626,15567.333943999998,34401.987087999994
2026-05-16 08:30:00+02:00,13448.12206827737,9886.977996,5253.119391698012,6013.515,18701.241459975383,15900.492996,37541.944412
2026-05-16 08:45:00+02:00,13297.904235985943,10157.865664,5220.333346564925,6055.27,18518.237582550868,16213.135664,40488.582372
2026-05-16 09:00:00+02:00,13959.11858354141,10631.498072,4869.283418016387,6172.403,18828.4020015578,16803.901072,43374.545436
2026-05-16 09:15:00+02:00,13924.61719326785,11443.462992,4878.909342121201,6152.921,18803.52653538905,17596.383992000003,46152.89071200001
2026-05-16 09:30:00+02:00,13941.231251657646,11831.97042,4860.763502181066,6187.75,18801.994753838713,18019.72042,48460.96258399999
2026-05-16 09:45:00+02:00,13995.14133305649,12028.669604,4850.388180835486,6127.517,18845.529513891976,18156.186604,49959.147452000005
2026-05-16 10:00:00+02:00,15273.225813445919,11897.833752,4865.494504387961,5926.741,20138.72031783388,17824.574752,50424.062896
2026-05-16 10:15:00+02:00,15295.803916041106,12112.490084,4832.82473427183,6197.452,20128.628650312938,18309.942084,51723.768224
2026-05-16 10:30:00+02:00,15325.207414903523,12474.13882,4820.088115578235,5725.929,20145.29553048176,18200.06782,52523.286404
2026-05-16 10:45:00+02:00,15304.593099856498,12632.080352,4802.133356809055,4890.348,20106.726456665554,17522.428352000003,52485.966332
2026-05-16 11:00:00+02:00,15319.931197911454,12225.42642,4417.439134356604,4690.939,19737.37033226806,16916.365420000002,51144.003892
2026-05-16 11:15:00+02:00,15352.226743757632,12686.913808,4402.070133280158,4391.947,19754.296877037792,17078.860807999998,51096.297419999995
2026-05-16 11:30:00+02:00,15350.159526945003,12811.4971,4396.4161842717485,4383.659,19746.575711216752,17195.1561,51539.46762
2026-05-16 11:45:00+02:00,15360.50786363645,13198.537612,4389.864437898504,4405.586,19750.372301534953,17604.123612,52238.997575999994
2026-05-16 12:00:00+02:00,14058.470899846501,13433.735364,4373.977565180385,4843.205,18432.448465026886,18276.940364,52829.99458
2026-05-16 12:15:00+02:00,14023.800246033075,13475.468472,4361.927664778229,4851.411,18385.727910811303,18326.879472,53183.501232
2026-05-16 12:30:00+02:00,14055.88709573765,13468.09538,4367.738340553497,4925.322,18423.625436291146,18393.41738,53565.61948
2026-05-16 12:45:00+02:00,14101.471323879472,13843.111408,4378.3502747981565,4765.722,18479.821598677627,18608.833408,53983.526992
2026-05-16 13:00:00+02:00,14960.568711311964,13746.462144,4162.364501452655,4901.615,19122.93321276462,18648.077144,54374.317928
2026-05-16 13:15:00+02:00,14981.004365490755,13958.34478,4156.833947066179,4918.253,19137.838312556934,18876.59778,54914.038312
2026-05-16 13:30:00+02:00,15034.899549377715,14288.936584,4162.701152528412,4888.103,19197.60070190613,19177.039584,55012.315672
2026-05-16 13:45:00+02:00,15084.295652977662,14595.194788,4163.670120053218,4866.218,19247.96577303088,19461.412788,55631.538832
2026-05-16 14:00:00+02:00,15263.381998071296,14147.384192,3925.7598845929633,4966.722,19189.14188266426,19114.106192,54502.128084
2026-05-16 14:15:00+02:00,15364.731289394387,14283.282148,3947.9506048704784,4884.016,19312.681894264864,19167.298148,54033.997624
2026-05-16 14:30:00+02:00,15407.815634616647,14320.396612,3956.920313305782,4843.891,19364.73594792243,19164.287612,53730.732072
2026-05-16 14:45:00+02:00,15468.426436443831,14033.037572,3973.4862540033423,4779.015,19441.912690447174,18812.052572,52408.522792
2026-05-16 15:00:00+02:00,15817.784226846155,15305.428788,4039.0579542652936,5027.213,19856.84218111145,20332.641788,53588.802904
2026-05-16 15:15:00+02:00,15894.606205952241,15339.2845,4043.425263017327,5508.449,19938.031468969566,20847.7335,53498.523623999994
2026-05-16 15:30:00+02:00,15965.985912610724,15223.831976,4051.9934245378927,5700.582,20017.979337148616,20924.413976,52541.534384
2026-05-16 15:45:00+02:00,16109.609835262738,15145.819656,4151.619953644491,5622.952,20261.22978890723,20768.771656,51346.258668
2026-05-16 16:00:00+02:00,17172.774201512075,15262.8207,4680.960802750168,5528.857,21853.735004262242,20791.6777,51279.590328
2026-05-16 16:15:00+02:00,17459.151952768025,15310.326616,4693.021834773257,5370.079,22152.17378754128,20680.405616,50511.151728
2026-05-16 16:30:00+02:00,17567.145187942257,15311.940972,4719.246714608914,5285.199,22286.39190255117,20597.139972,49324.440632
2026-05-16 16:45:00+02:00,17655.320017909304,14929.916448,4762.355172086118,5348.477,22417.67518999542,20278.393448,47296.807764
2026-05-16 17:00:00+02:00,14036.312080618662,14850.733496,4919.186445213964,5677.02,18955.498525832627,20527.753496,45894.366812
2026-05-16 17:15:00+02:00,14138.603072238262,14566.92512,4971.724904320129,5567.289,19110.32797655839,20134.21412,43541.12148
2026-05-16 17:30:00+02:00,14275.79982255198,14233.309864,5009.578232653384,5368.174,19285.378055205365,19601.483864,41205.103908000005
2026-05-16 17:45:00+02:00,14311.675636289065,13875.517364,5022.807535535924,5365.416,19334.483171824988,19240.933364,38618.759308
2026-05-16 18:00:00+02:00,12952.628845149107,13324.20666,4721.76694749599,5196.017,17674.395792645097,18520.22366,35504.524124
2026-05-16 18:15:00+02:00,12960.11708865169,12929.382128,4757.17009526435,5042.729,17717.28718391604,17972.111128,32767.926468
2026-05-16 18:30:00+02:00,12942.187313339316,12416.611704,4762.177940939144,4882.037,17704.365254278462,17298.648704,29927.212452
2026-05-16 18:45:00+02:00,12896.680624396877,11743.413516,4773.871222581895,4658.848,17670.55184697877,16402.261516,26840.122664
2026-05-16 19:00:00+02:00,10249.650892155716,11388.288856,4013.6033997748023,4317.164,14263.254291930518,15705.452856,23927.325964
2026-05-16 19:15:00+02:00,10154.831609489063,10855.050576,4021.4422842283857,4028.944,14176.273893717449,14883.994576,21240.604472
2026-05-16 19:30:00+02:00,10016.884027253083,10145.934756,4023.5002611633495,3902.851,14040.384288416433,14048.785756,18794.937824
2026-05-16 19:45:00+02:00,9870.988331482433,9471.142616,4019.3903461439722,3795.203,13890.378677626406,13266.345616,16713.218416
2026-05-16 20:00:00+02:00,7905.499824553192,8866.790812,3598.3698255929867,3717.228,11503.869650146178,12584.018811999998,14832.69928
2026-05-16 20:15:00+02:00,7987.477828459075,8216.396112,3607.1107266934832,3097.504,11594.588555152557,11313.900112,12636.898764
2026-05-16 20:30:00+02:00,8099.527295177197,7997.232904,3613.4474404409725,2849.398,11712.974735618169,10846.630904,11514.753364000002
2026-05-16 20:45:00+02:00,8209.425520204253,7887.301752,3620.8588506378064,2645.011,11830.284370842059,10532.312752,10830.208792
2026-05-16 21:00:00+02:00,6234.287749512763,7744.670764,3125.139866532837,2364.917,9359.4276160456,10109.587764,10325.573148
2026-05-16 21:15:00+02:00,6387.774799269103,7467.485764,3102.96757056661,2111.679,9490.742369835712,9579.164764,9733.398208
2026-05-16 21:30:00+02:00,6524.477234852854,7330.22098,3102.246891878611,1944.394,9626.724126731466,9274.61498,9434.62736
2026-05-16 21:45:00+02:00,6631.182956280752,7389.219012,3115.410603724506,1807.371,9746.593560005258,9196.590012,9281.604348
2026-05-16 22:00:00+02:00,6471.358900666737,7525.474524,2566.5786915924427,1707.008,9037.937592259179,9232.482524,9377.973968
2026-05-16 22:15:00+02:00,6563.388010337698,7984.387172,2604.9196240949123,1740.611,9168.307634432611,9724.998172,9802.135872
2026-05-16 22:30:00+02:00,6639.513617792491,8327.358564,2621.764998131759,1733.229,9261.27861592425,10060.587564,10127.35406
2026-05-16 22:45:00+02:00,6681.187123110941,8569.771288,2621.8974943461176,1658.0,9303.084617457058,10227.771288,10246.54918
2026-05-16 23:00:00+02:00,6603.931254621203,8754.8264,1906.9316853405803,1889.587,8510.862939961784,10644.4134,10664.841676
2026-05-16 23:15:00+02:00,6616.260924051476,8951.428384,1900.8999009322233,1896.679,8517.160824983699,10848.107384,10860.726308
2026-05-16 23:30:00+02:00,6599.951279372568,9125.788432,1888.0131056585174,1928.012,8487.964385031086,11053.800432,11067.031888
2026-05-16 23:45:00+02:00,6593.754168301099,9294.4094,1893.3025810416605,2032.586,8487.056749342759,11326.9954,11340.046032
2026-05-17 00:00:00+02:00,6607.136939840489,9345.488888,2084.122324676964,2441.887,8691.259264517452,11787.375888,11800.919884
2026-05-17 00:15:00+02:00,6567.138191586511,9509.884032,2064.6329451925403,2401.202,8631.77113677905,11911.086032,11929.366084
2026-05-17 00:30:00+02:00,6529.663406258057,9615.931908,2048.871901819733,2406.527,8578.53530807779,12022.458908,12034.732404
2026-05-17 00:45:00+02:00,6504.593683052674,9755.823752,2041.6236865007616,2626.606,8546.217369553437,12382.429752,12394.533852
2026-05-17 01:00:00+02:00,7162.3246564992505,9882.868464,2040.0796254010309,2668.479,9202.40428190028,12551.347464,12563.548103999998
2026-05-17 01:15:00+02:00,7128.599116206596,9877.505828,2028.9083232781,2808.628,9157.507439484696,12686.133828,12698.449748
2026-05-17 01:30:00+02:00,7093.134209631909,9777.386604,2017.223883196045,2854.712,9110.358092827953,12632.098604,12645.86612
2026-05-17 01:45:00+02:00,7046.893317296726,9667.875016,2002.0796394734105,2690.738,9048.972956770136,12358.613016,12381.00248
2026-05-17 02:00:00+02:00,7497.302629545805,9483.180816,2071.9785028027086,2480.332,9569.281132348513,11963.512816,11976.156152
2026-05-17 02:15:00+02:00,7450.286650851607,9311.028332,2042.0314444412659,2324.284,9492.318095292872,11635.312332,11658.483576
2026-05-17 02:30:00+02:00,7407.937404473782,9182.89652,2018.11071524198,2075.413,9426.048119715762,11258.30952,11285.960824000002
2026-05-17 02:45:00+02:00,7375.211370779515,9100.891272,1991.218281075085,1930.414,9366.4296518546,11031.305272,11086.76522
2026-05-17 03:00:00+02:00,7826.682966850772,9041.843532,2138.4636173671533,1764.289,9965.146584217924,10806.132532,10826.188024
2026-05-17 03:15:00+02:00,7804.82669580741,8953.685828,2118.83300892217,1696.258,9923.65970472958,10649.943828,10672.90894
2026-05-17 03:30:00+02:00,7765.08625288319,8731.273184,2099.7765963603424,1721.908,9864.862849243533,10453.181184,10476.553256
2026-05-17 03:45:00+02:00,7737.261773547229,8584.932056,2068.280708175485,1693.525,9805.542481722714,10278.457056,10303.472436
2026-05-17 04:00:00+02:00,8074.85919424049,8531.990284,1654.6781424847302,1743.391,9729.53733672522,10275.381284,10290.112768
2026-05-17 04:15:00+02:00,8068.0828979015205,8446.638368,1643.0888368794215,1853.164,9711.171734780943,10299.802368,10314.482704
2026-05-17 04:30:00+02:00,8036.060456025918,8394.458504,1632.4113087678681,2112.3,9668.471764793787,10506.758504,10518.217712
2026-05-17 04:45:00+02:00,8020.0822708028145,8401.313312,1614.7838352980773,2361.736,9634.866106100892,10763.049312,10775.737396
2026-05-17 05:00:00+02:00,7602.148971587254,8418.02006,1740.777742412144,2568.27,9342.926713999397,10986.29006,11008.033168000002
2026-05-17 05:15:00+02:00,7598.057116439277,8474.478124,1725.2730090668824,2668.98,9323.33012550616,11143.458124,11226.68884
2026-05-17 05:30:00+02:00,7617.230483624602,8465.560848,1712.8834510539086,2644.364,9330.113934678511,11109.924848,11424.13726
2026-05-17 05:45:00+02:00,7618.280579993501,8331.027624,1702.0757671231243,2631.923,9320.356347116625,10962.950624,11797.01482
2026-05-17 06:00:00+02:00,6701.933421858899,8451.94684,2487.183218498029,2525.212,9189.116640356928,10977.15884,12759.382056
2026-05-17 06:15:00+02:00,6625.1345474194395,8529.52354,2487.133465760676,2519.12,9112.268013180115,11048.64354,14009.314804
2026-05-17 06:30:00+02:00,6514.359763725563,8561.48384,2485.8847066025046,2524.893,9000.244470328067,11086.37684,15528.43266
2026-05-17 06:45:00+02:00,6397.286558700443,8428.016236,2476.343253119846,2594.44,8873.629811820289,11022.456236,17293.037012
2026-05-17 07:00:00+02:00,5981.864672152535,8179.2982,2527.831784341508,2710.772,8509.696456494043,10890.0702,19342.069872
2026-05-17 07:15:00+02:00,5858.029598615029,7782.49716,2524.3942826975917,2827.032,8382.423881312621,10609.52916,21576.296448
2026-05-17 07:30:00+02:00,5689.865422398055,7153.321072,2510.913449479565,2917.127,8200.77887187762,10070.448072,23947.857012
2026-05-17 07:45:00+02:00,5486.627646349112,6355.101024,2503.422688409304,2947.29,7990.050334758416,9302.391024,26333.11028
2026-05-17 08:00:00+02:00,4392.833303762478,5751.913456,2729.184073975249,3036.799,7122.017377737727,8788.712456000001,29115.813732
2026-05-17 08:15:00+02:00,4125.467015564321,5286.19462,2739.6959916116966,3114.245,6865.163007176017,8400.439620000001,32001.631664
2026-05-17 08:30:00+02:00,4118.144804555911,4991.653628,2727.8463089497295,3200.503,6845.991113505641,8192.156628,35171.521488
2026-05-17 08:45:00+02:00,4048.853199634172,4596.70516,2728.471467199503,3394.79,6777.324666833675,7991.49516,37976.77774
2026-05-17 09:00:00+02:00,2636.458632825757,4111.564548,2786.8436256914815,3219.201,5423.302258517238,7330.765548,40066.085852
2026-05-17 09:15:00+02:00,2625.416398446005,4076.977392,2796.0201276203593,3336.017,5421.436526066364,7412.994392,42916.179676
2026-05-17 09:30:00+02:00,2663.0315436739256,4121.178996,2783.4208425566576,3354.205,5446.452386230583,7475.383996,45261.96425999999
2026-05-17 09:45:00+02:00,2728.887271536035,4009.066068,2782.5974583802135,3390.875,5511.484729916248,7399.941068,46648.497276
2026-05-17 10:00:00+02:00,2802.843501123256,3976.85326,2979.603827334407,3244.178,5782.447328457663,7221.03126,47736.788204
2026-05-17 10:15:00+02:00,2823.301704223322,4378.008412,2949.1881344719145,3067.885,5772.489838695236,7445.893412,49125.483916
2026-05-17 10:30:00+02:00,2854.1855424360847,4704.122136,2930.3921532173204,3188.331,5784.577695653405,7892.453136,49975.887216
2026-05-17 10:45:00+02:00,2840.990309264546,4733.197716,2905.581695843591,3264.136,5746.572005108137,7997.333715999999,50056.314044
2026-05-17 11:00:00+02:00,3309.5823365750157,4787.379184,2843.0903544473463,3098.938,6152.672691022362,7886.317184,49960.314604
2026-05-17 11:15:00+02:00,3340.6333840355346,5355.327768,2826.8947234668776,3038.57,6167.528107502412,8393.897768,50572.425028000005
2026-05-17 11:30:00+02:00,3341.4295036946223,6082.544996,2822.2732852174536,2932.345,6163.702788912076,9014.889996,50932.089284
2026-05-17 11:45:00+02:00,3346.8330645899046,6423.76108,2813.386781110976,2905.764,6160.21984570088,9329.52508,51087.677448
2026-05-17 12:00:00+02:00,4437.86033136401,6900.633972,3091.2231498619453,2945.392,7529.0834812259545,9846.025972,51782.973335999995
2026-05-17 12:15:00+02:00,4403.584009555795,6987.515628,3076.2416449520806,2929.677,7479.825654507876,9917.192628,51503.771572
2026-05-17 12:30:00+02:00,4430.040392656084,6973.496732,3079.859382815477,2938.109,7509.899775471561,9911.605732,51091.81931200001
2026-05-17 12:45:00+02:00,4470.192940947124,7187.78656,3091.4299453503,2986.797,7561.622886297424,10174.58356,50563.91114
2026-05-17 13:00:00+02:00,4573.458038353273,7724.841896,3096.0998669071355,3017.254,7669.557905260408,10742.095896,50848.386056
2026-05-17 13:15:00+02:00,4587.481898920369,7706.24518,3085.252603918148,2957.285,7672.734502838517,10663.53018,50277.444304
2026-05-17 13:30:00+02:00,4635.741588714218,7425.38814,3090.2206007677473,2834.476,7725.962189481965,10259.86414,48813.402372
2026-05-17 13:45:00+02:00,4681.941761049621,7196.407916,3089.9879177753437,2851.923,7771.929678824965,10048.330916,48069.810164
2026-05-17 14:00:00+02:00,4976.42857670522,7096.98512,2746.4571003052406,2692.807,7722.88567701046,9789.79212,47008.743976
2026-05-17 14:15:00+02:00,5085.5088229526855,7136.966504,2765.4580976222232,2713.165,7850.966920574909,9850.131504,46405.47952000001
2026-05-17 14:30:00+02:00,5127.988456111245,6986.00414,2778.854067643971,2567.237,7906.8425237552165,9553.24114,45785.927383999995
2026-05-17 14:45:00+02:00,5185.662813934845,6768.81148,2788.2413896079393,2680.466,7973.904203542785,9449.27748,45035.319548
2026-05-17 15:00:00+02:00,4089.774849687753,6470.896924,2338.8575730342927,2829.534,6428.632422722046,9300.430924,43782.472608
2026-05-17 15:15:00+02:00,4175.731420485547,6113.590052,2348.756843193882,2718.054,6524.488263679428,8831.644052,42312.277692
2026-05-17 15:30:00+02:00,4255.602688128836,5800.4635,2358.988890992657,2534.474,6614.591579121494,8334.9375,40550.761088
2026-05-17 15:45:00+02:00,4329.550102075851,5664.287952,2383.3935074343945,2747.892,6712.943609510246,8412.179951999999,39103.0815
2026-05-17 16:00:00+02:00,4380.692938320738,5627.742712,2287.5944307889035,2506.23,6668.287369109641,8133.972712000001,37099.92666
2026-05-17 16:15:00+02:00,4638.061395264456,5397.671936,2296.492320676789,2337.228,6934.553715941245,7734.899936,35438.492188
2026-05-17 16:30:00+02:00,4786.02758229918,5126.16578,2317.4977432672704,2106.491,7103.52532556645,7232.65678,33698.360664
2026-05-17 16:45:00+02:00,4884.342285827787,4872.463636,2364.023623180697,1823.734,7248.365909008484,6696.197636000001,31605.85638
2026-05-17 17:00:00+02:00,4508.54898741976,4428.440472,2663.536669692533,1679.848,7172.085657112293,6108.288472,29505.020352
2026-05-17 17:15:00+02:00,4602.852786725124,4266.43006,2776.1364896522755,1529.83,7378.9892763774,5796.26006,27641.547792
2026-05-17 17:30:00+02:00,4769.370626331079,4023.625208,2822.1949516598997,1299.475,7591.565577990978,5323.100208,25284.705308
2026-05-17 17:45:00+02:00,4821.598609540119,3724.202012,2871.6952398997296,1220.943,7693.293849439848,4945.145012,23077.155232
2026-05-17 18:00:00+02:00,4358.4672785286675,3486.467708,2847.944182213696,1108.208,7206.4114607423635,4594.675708000001,20537.140892000003
2026-05-17 18:15:00+02:00,4370.831969702454,3359.342388,2897.8259344579737,1090.348,7268.657904160428,4449.690388,18243.37078
2026-05-17 18:30:00+02:00,4359.007599819124,3210.265488,2928.238035774515,1105.661,7287.245635593639,4315.926488,15999.414792
2026-05-17 18:45:00+02:00,4313.941783395718,3084.120352,2947.648146086132,1166.961,7261.58992948185,4251.081352,13982.37548
2026-05-17 19:00:00+02:00,3582.427282602789,2918.539924,2640.4228078906162,1270.218,6222.850090493405,4188.7579240000005,12088.783328
2026-05-17 19:15:00+02:00,3486.9201432288633,2815.260064,2651.7675435147166,1381.741,6138.68768674358,4197.001064,10346.40356
2026-05-17 19:30:00+02:00,3354.455719575293,2730.756364,2659.773128680076,1324.202,6014.228848255369,4054.958364,8686.788327999999
2026-05-17 19:45:00+02:00,3210.068770806901,2582.764856,2659.22357059675,1271.309,5869.29234140365,3854.073856,7127.788164
2026-05-17 20:00:00+02:00,3327.983640968958,2591.927152,2436.1670346981164,1293.283,5764.150675667074,3885.210152,5945.475424
2026-05-17 20:15:00+02:00,3413.42455597123,2565.847336,2443.5498882864695,1274.411,5856.974444257699,3840.258336,5052.929332
2026-05-17 20:30:00+02:00,3527.2418409204543,2602.903068,2458.517880539118,1272.721,5985.759721459572,3875.624068,4474.633796
2026-05-17 20:45:00+02:00,3639.553315027227,2717.318784,2467.471644798071,1170.09,6107.024959825298,3887.408784,4159.08232
2026-05-17 21:00:00+02:00,4323.566231545129,2756.52864,2473.9768900637673,1151.258,6797.543121608896,3907.78664,4098.838084
2026-05-17 21:15:00+02:00,4473.350728616858,2680.539304,2459.2868192570263,1229.318,6932.637547873885,3909.857304,4043.080896
2026-05-17 21:30:00+02:00,4608.905179117626,2726.318784,2458.5459810094153,1241.381,7067.4511601270415,3967.699784,4074.942616
2026-05-17 21:45:00+02:00,4713.8617479540435,2906.155828,2468.9721137964075,1291.612,7182.8338617504505,4197.767828,4294.392416
2026-05-17 22:00:00+02:00,6620.451738511744,3061.16354,2719.08024021384,1387.618,9339.531978725585,4448.78154,4558.330796
2026-05-17 22:15:00+02:00,6721.530154815134,3267.270372,2758.3653765558224,1427.309,9479.895531370956,4694.579372,4748.69714
2026-05-17 22:30:00+02:00,6804.288446480572,3446.230932,2776.9890493586527,1429.332,9581.277495839226,4875.562932,4900.9868
2026-05-17 22:45:00+02:00,6853.81159540392,3716.015376,2773.748497162311,1403.933,9627.560092566231,5119.948376,5135.980596
2026-05-17 23:00:00+02:00,6287.136417769455,3840.871276,2141.555420264061,1420.487,8428.691838033516,5261.358276,5274.58038
2026-05-17 23:15:00+02:00,6305.3735303267895,3962.386216,2140.519901030588,1456.88,8445.893431357377,5419.266216,5431.500288
2026-05-17 23:30:00+02:00,6296.397271733372,4053.976476,2134.4011272111807,1519.329,8430.798398944553,5573.3054759999995,5591.699683999999
2026-05-17 23:45:00+02:00,6293.961193226422,4233.193128,2144.262755705426,1523.854,8438.223948931849,5757.047128,5769.920308
2026-05-18 00:00:00+02:00,6583.750153546323,4343.434872,1956.4182738114455,1511.588,8540.168427357768,5855.022872,5870.40618
2026-05-18 00:15:00+02:00,6549.17032704596,4509.023044,1936.0898186455872,1486.425,8485.260145691547,5995.448044,6018.43082
2026-05-18 00:30:00+02:00,6515.560464332219,4635.967968,1920.8917304223482,1445.907,8436.452194754567,6081.874968,6095.34962
2026-05-18 00:45:00+02:00,6494.569811274397,4734.841948,1918.292441034369,1385.61,8412.862252308765,6120.451948,6133.181592
2026-05-18 01:00:00+02:00,7494.363442891582,4759.598216,1780.1341087503713,1317.92,9274.497551641953,6077.518216,6088.988892
2026-05-18 01:15:00+02:00,7460.367097184278,4904.836472,1770.9771426087368,1267.638,9231.344239793014,6172.474472,6183.37064
2026-05-18 01:30:00+02:00,7422.33027938405,5125.172424,1758.6776203427326,1208.786,9181.007899726783,6333.958424,6345.573888000001
2026-05-18 01:45:00+02:00,7373.389194688502,5250.456136,1738.4986044460954,1152.858,9111.887799134598,6403.314136,6414.2775599999995
2026-05-18 02:00:00+02:00,7778.60711435739,5364.692428,1618.3796257947918,1081.427,9396.986740152182,6446.119428,6457.39078
2026-05-18 02:15:00+02:00,7727.695636234431,5527.780356,1583.5037710948388,1038.619,9311.19940732927,6566.399356,6577.514948
2026-05-18 02:30:00+02:00,7682.106320635693,5684.160276,1553.878989341372,978.776,9235.985309977064,6662.936275999999,6673.969555999999
2026-05-18 02:45:00+02:00,7646.717848509828,5741.527072,1522.5455713120612,918.844,9169.26341982189,6660.371072,6671.524136
2026-05-18 03:00:00+02:00,8018.332463315209,5768.702364,1253.3632459575808,858.226,9271.69570927279,6626.928363999999,6638.147647999999
2026-05-18 03:15:00+02:00,7992.538471316328,5845.657196,1231.5976790528905,788.583,9224.136150369219,6634.240196,6646.160976
2026-05-18 03:30:00+02:00,7945.9731830874025,5833.462376,1212.678553747829,728.802,9158.651736835232,6562.264376,6573.6811640000005
2026-05-18 03:45:00+02:00,7912.776948052998,5837.92076,1180.1900312444727,684.466,9092.966979297471,6522.38676,6533.733344
2026-05-18 04:00:00+02:00,8239.064789671736,5826.00896,991.8337655486362,620.43,9230.898555220372,6446.43896,6457.803156000001
2026-05-18 04:15:00+02:00,8228.9222043623,5833.680712,980.7539039971058,583.467,9209.676108359405,6417.147712,6428.546316
2026-05-18 04:30:00+02:00,8193.69579848565,5951.373656,974.826520699701,565.259,9168.522319185351,6516.632656,6528.238436
2026-05-18 04:45:00+02:00,8177.173055675576,6148.88128,963.227871207598,541.334,9140.400926883174,6690.215279999999,6702.609796
2026-05-18 05:00:00+02:00,8811.555841841016,6204.375028,1016.8051112749695,466.966,9828.360953115985,6671.341028000001,6690.881660000001
2026-05-18 05:15:00+02:00,8809.471863787327,6514.367944,1002.8619992784735,397.506,9812.3338630658,6911.873944,6996.290228
2026-05-18 05:30:00+02:00,8827.54674959912,6940.577192,952.2736032530331,392.852,9779.820352852154,7333.429192,7668.34222
2026-05-18 05:45:00+02:00,8825.256874163311,7103.14028,941.6515168483218,400.781,9766.908391011633,7503.92128,8357.002312
2026-05-18 06:00:00+02:00,9193.255534535385,7244.90906,945.3447850009754,409.838,10138.600319536361,7654.74706,9242.222228
2026-05-18 06:15:00+02:00,9117.258612593607,7405.7808,943.2455128211926,436.06,10060.5041254148,7841.840800000001,10403.926768
2026-05-18 06:30:00+02:00,9003.63301828869,7485.288884,940.0573168850444,465.663,9943.690335173735,7950.951884,11737.920808
2026-05-18 06:45:00+02:00,8884.158447500755,7457.931252,931.2243701647578,479.913,9815.382817665513,7937.844252000001,13181.754112
2026-05-18 07:00:00+02:00,8628.014687808098,7437.845572,1097.6289440806368,492.689,9725.643631888735,7930.534572,14892.790476
2026-05-18 07:15:00+02:00,8494.628125117853,7333.497204,1098.5960386235818,548.653,9593.224163741435,7882.150204,16863.9091
2026-05-18 07:30:00+02:00,8311.734599997835,7168.43502,1090.693030171263,615.137,9402.427630169099,7783.57202,18866.059608
2026-05-18 07:45:00+02:00,8090.807654465036,6848.744096,1086.8046378315025,706.629,9177.612292296539,7555.373096,20949.42296
2026-05-18 08:00:00+02:00,7050.430642677405,6473.939984,1116.6601780285882,801.23,8167.090820705993,7275.169984,23115.746596
2026-05-18 08:15:00+02:00,6777.452585880572,6147.431504,1129.743686493845,916.485,7907.196272374416,7063.916504,25511.892144
2026-05-18 08:30:00+02:00,6639.760129897216,5825.422544,1127.7473085119054,1021.404,7767.507438409121,6846.826544,27982.37544
2026-05-18 08:45:00+02:00,6587.819574038071,5657.320832,1130.2286270844365,980.521,7718.048201122507,6637.841832,30455.493316
2026-05-18 09:00:00+02:00,4387.680538651854,5563.144804,1142.236128896849,482.323,5529.916667548703,6045.467804,32465.44254
2026-05-18 09:15:00+02:00,4402.724228846417,5562.644856,1150.1058065369634,492.162,5552.83003538338,6054.806856,34810.797112
2026-05-18 09:30:00+02:00,4453.6204908572245,5546.935416,1140.1251339860366,521.405,5593.745624843261,6068.340416,36665.266352
2026-05-18 09:45:00+02:00,4524.303328656752,5579.855772,1139.6357004440513,493.542,5663.939029100803,6073.397772,38315.645164
2026-05-18 10:00:00+02:00,4769.499316961455,5499.632848,1321.9436662695857,758.63,6091.442983231042,6258.262848,40145.600244
2026-05-18 10:15:00+02:00,4794.227767875261,5422.2105,1302.2200889254207,784.544,6096.447856800682,6206.7545,41685.406536
2026-05-18 10:30:00+02:00,4833.027237747476,5526.672664,1272.444937501016,808.649,6105.472175248492,6335.321664,43260.913960000005
2026-05-18 10:45:00+02:00,4822.749017445966,5633.882204,1225.9484937859297,823.504,6048.697511231896,6457.386203999999,44580.858684
2026-05-18 11:00:00+02:00,5459.284187164661,5648.195104,1393.9561833633934,786.154,6853.240370528054,6434.349104000001,45639.44524
2026-05-18 11:15:00+02:00,5499.412878677915,5626.06186,1369.998189602104,734.275,6869.411068280018,6360.336859999999,46431.53991199999
2026-05-18 11:30:00+02:00,5501.143258418552,5654.898356,1365.4776087337943,752.414,6866.620867152346,6407.312355999999,47055.615676
2026-05-18 11:45:00+02:00,5515.995537118007,5699.501688,1357.9575497406684,903.08,6873.953086858675,6602.581688,47161.406764
2026-05-18 12:00:00+02:00,5545.901212689931,5827.880172,1781.780810741254,1287.754,7327.6820234311845,7115.634172,47699.665204
2026-05-18 12:15:00+02:00,5511.030489719326,5717.784852,1767.5367715701466,1353.604,7278.567261289473,7071.388852,47338.649928
2026-05-18 12:30:00+02:00,5532.177721034304,5556.757064,1771.7567267724835,1149.54,7303.934447806788,6706.297064,46728.167356
2026-05-18 12:45:00+02:00,5580.429669496569,5416.430264,1778.774300399971,993.314,7359.20396989654,6409.744264,46102.725252
2026-05-18 13:00:00+02:00,6722.675178875766,5274.515424,2223.1224454351136,979.707,8945.797624310879,6254.2224240000005,45292.263492
2026-05-18 13:15:00+02:00,6740.892672507465,5164.672256,2215.463342535908,975.669,8956.356015043373,6140.341256,44583.123892
2026-05-18 13:30:00+02:00,6796.307251044479,5078.97276,2212.2037652883228,805.571,9008.511016332803,5884.54376,43614.400028
2026-05-18 13:45:00+02:00,6848.294429867369,4946.480788,2211.1216746166156,722.383,9059.416104483986,5668.863788,42700.182400000005
2026-05-18 14:00:00+02:00,6120.432372281697,4818.081452,2575.536325378652,639.196,8695.968697660348,5457.277452,42085.827304
2026-05-18 14:15:00+02:00,6222.461706655356,4782.36228,2590.7173489774705,565.895,8813.179055632827,5348.25728,41548.501772
2026-05-18 14:30:00+02:00,6265.400416340791,4746.95528,2603.178827144686,521.21,8868.579243485477,5268.16528,40772.70938
2026-05-18 14:45:00+02:00,6313.1624500475655,4676.088276,2611.217792123894,538.387,8924.380242171459,5214.475276,39870.065076
2026-05-18 15:00:00+02:00,5038.650754767268,4565.249204,2175.0140601487888,665.733,7213.664814916057,5230.982204,39300.817796
2026-05-18 15:15:00+02:00,5127.470469581298,4273.291156,2198.3917493772874,784.36,7325.862218958586,5057.651156,38245.253124
2026-05-18 15:30:00+02:00,5204.480702846532,4111.816636,2212.5982478927367,698.817,7417.078950739269,4810.633636,37514.75008
2026-05-18 15:45:00+02:00,5280.950018814608,4006.318272,2231.3748221522233,605.145,7512.32484096683,4611.463272,36390.620448
2026-05-18 16:00:00+02:00,4963.569717122975,3876.092948,1829.0776255581638,535.904,6792.647342681139,4411.996948,34815.887256
2026-05-18 16:15:00+02:00,5144.81876229773,3977.32722,1833.9159615455096,493.781,6978.734723843239,4471.10822,33498.248388
2026-05-18 16:30:00+02:00,5265.196107783549,4104.031704,1855.5475144937366,445.998,7120.743622277286,4550.029704,31988.9479
2026-05-18 16:45:00+02:00,5352.281720382927,4396.085,1903.84346496292,439.453,7256.125185345847,4835.5380000000005,30589.637136
2026-05-18 17:00:00+02:00,5277.090510690009,4501.53716,1671.651458593998,448.516,6948.741969284007,4950.0531599999995,29476.56106
2026-05-18 17:15:00+02:00,5361.848049685284,4473.386516,1764.2828860310306,424.391,7126.130935716315,4897.777515999999,27665.356259999997
2026-05-18 17:30:00+02:00,5462.428941769025,4694.086572,1813.7487334427008,413.171,7276.177675211726,5107.257572,25696.103752000003
2026-05-18 17:45:00+02:00,5501.031816138919,4894.853044,1842.2291557144447,412.001,7343.260971853363,5306.854044000001,23803.562984
2026-05-18 18:00:00+02:00,5032.330151270899,5025.643132,1730.4198150607021,392.602,6762.749966331601,5418.245132,21877.248128
2026-05-18 18:15:00+02:00,5026.84254096097,5224.556848,1746.440046719323,402.268,6773.282587680293,5626.824848,19900.757692
2026-05-18 18:30:00+02:00,4981.995268177242,5315.803856,1792.2241755011341,400.64,6774.219443678376,5716.443856000001,17744.58726
2026-05-18 18:45:00+02:00,4913.663342211797,5530.292804,1805.0586151716495,371.253,6718.721957383446,5901.545803999999,15811.010268
2026-05-18 19:00:00+02:00,3757.2663940521443,5686.390992,1217.12798535952,364.462,4974.394379411664,6050.852992,13898.483348
2026-05-18 19:15:00+02:00,3640.8653458482613,5830.932536,1221.81133616455,377.432,4862.676682012811,6208.364536,12278.537648
2026-05-18 19:30:00+02:00,3485.4429145540753,5931.597592,1227.1169111833537,360.366,4712.5598257374295,6291.963592,10823.442108
2026-05-18 19:45:00+02:00,3318.1296726694686,5883.216416,1223.2526360339248,372.051,4541.382308703393,6255.267416000001,9519.22844
2026-05-18 20:00:00+02:00,3598.847568289148,5838.808432,946.1215415058596,499.632,4544.969109795007,6338.440431999999,8507.771308
2026-05-18 20:15:00+02:00,3658.42907015696,5903.771472,935.4436345648229,573.04,4593.872704721783,6476.811472,7839.85662
2026-05-18 20:30:00+02:00,3756.5897672880324,5867.932184,942.2360212557037,603.57,4698.825788543736,6471.502184,7219.284216
2026-05-18 20:45:00+02:00,3853.039308358625,6151.321964,944.0750034788259,582.337,4797.114311837451,6733.658964,7070.139204
2026-05-18 21:00:00+02:00,3286.9691651413086,6102.51112,794.7943149545068,560.236,4081.7634800958153,6662.74712,6867.116132
2026-05-18 21:15:00+02:00,3418.7892592891317,6042.080092,772.6119831790242,527.509,4191.401242468156,6569.589092,6642.1104000000005
2026-05-18 21:30:00+02:00,3539.7972205362444,6001.933964,765.544662873644,510.672,4305.341883409888,6512.605964,6537.942548
2026-05-18 21:45:00+02:00,3637.429806064378,5863.973392,770.3635502856972,518.701,4407.793356350076,6382.674392,6399.900324
2026-05-18 22:00:00+02:00,4122.167095272914,5628.750108,779.5204768459664,538.323,4901.68757211888,6167.0731080000005,6224.541872000001
2026-05-18 22:15:00+02:00,4232.191044259144,5649.081208,816.9491967531914,552.195,5049.1402410123355,6201.276207999999,6232.4367919999995
2026-05-18 22:30:00+02:00,4320.668204302804,5564.376648,832.7145120300296,561.883,5153.382716332833,6126.259648,6139.842832
2026-05-18 22:45:00+02:00,4376.477647740158,5523.414808,825.7230685695486,526.523,5202.200716309707,6049.937808000001,6071.102672000001
2026-05-18 23:00:00+02:00,5122.811370644014,5453.375488,737.2239100330373,500.146,5860.035280677051,5953.521487999999,5970.887615999999
2026-05-18 23:15:00+02:00,5146.449789066826,5263.0953,735.6528604203722,472.462,5882.1026494871985,5735.5573,5751.297948
2026-05-18 23:30:00+02:00,5142.079563370563,5047.893036,729.9882764614916,467.293,5872.067839832054,5515.186036,5531.4648720000005
2026-05-18 23:45:00+02:00,5143.477515472367,4844.264904,741.3349583713083,477.366,5884.8124738436745,5321.630904,5351.763448
2026-05-19 00:00:00+02:00,5543.814439807448,4684.805244,552.9521553854744,466.022,6096.766595192923,5150.827244,5218.684668
2026-05-19 00:15:00+02:00,5515.704319816196,4531.678872,531.7239067108376,425.155,6047.428226527034,4956.833872,4975.2074680000005
2026-05-19 00:30:00+02:00,5487.465691297972,4267.411292,514.3905427469238,405.811,6001.856234044895,4673.2222919999995,4684.014012
2026-05-19 00:45:00+02:00,5473.8367280557,4105.009244,508.1779798067961,385.309,5982.014707862497,4490.318244,4501.193312
2026-05-19 01:00:00+02:00,4297.869985410561,3991.536076,542.9860386482618,384.43,4840.856024058822,4375.966076,4392.995124
2026-05-19 01:15:00+02:00,4272.4255432006075,3842.335264,534.545784245391,375.19,4806.971327445998,4217.525264,4243.720436
2026-05-19 01:30:00+02:00,4245.081861822424,3670.766956,521.9141571432154,356.004,4766.996018965639,4026.770956,4043.868676
2026-05-19 01:45:00+02:00,4203.705964957158,3538.999004,500.7067098912956,336.373,4704.412674848454,3875.372004,3886.351984
2026-05-19 02:00:00+02:00,3076.9925320449006,3519.049448,510.6196571408088,307.462,3587.612189185709,3826.511448,3838.826388
2026-05-19 02:15:00+02:00,3036.4325009687286,3552.429456,477.3831157178391,317.963,3513.815616686568,3870.392456,3881.838696
2026-05-19 02:30:00+02:00,3000.774542883739,3516.62824,448.4508246806877,285.224,3449.2253675644265,3801.85224,3812.781544
2026-05-19 02:45:00+02:00,2972.313588804822,3520.493168,417.96304605247747,235.172,3390.2766348572995,3755.665168,3768.667372
2026-05-19 03:00:00+02:00,3142.980218918541,3536.654444,435.21162980488265,191.887,3578.191848723424,3728.541444,3742.15166
2026-05-19 03:15:00+02:00,3124.1770083161223,3473.432052,413.56988828720125,149.077,3537.7468966033234,3622.509052,3635.683132
2026-05-19 03:30:00+02:00,3081.641704141657,3453.084008,396.0077697710209,122.75,3477.649473912678,3575.834008,3589.175452
2026-05-19 03:45:00+02:00,3053.767622834206,3415.266296,365.14830976561177,101.94,3418.915932599818,3517.206296,3530.7731999999996
2026-05-19 04:00:00+02:00,3184.0772073133226,3364.784216,391.7639747663086,101.85,3575.841182079631,3466.634216,3479.674
2026-05-19 04:15:00+02:00,3178.054320163645,3265.87908,381.90288895884134,107.038,3559.9572091224863,3372.91708,3384.0895760000003
2026-05-19 04:30:00+02:00,3149.5553783908326,3183.478264,376.7855915485502,122.836,3526.340969939383,3306.3142639999996,3317.0731759999994
2026-05-19 04:45:00+02:00,3141.3585769185206,3135.444584,365.27242826944297,133.147,3506.6310051879636,3268.591584,3280.9199999999996
2026-05-19 05:00:00+02:00,3101.7628836062167,3050.912608,416.45176941602375,142.309,3518.2146530222403,3193.2216080000003,3225.5531960000003
2026-05-19 05:15:00+02:00,3109.5273756745073,3036.878936,402.2028721161979,171.932,3511.730247790705,3208.810936,3312.155668
2026-05-19 05:30:00+02:00,3140.289583506229,2989.390808,389.17369808690864,192.6,3529.4632815931377,3181.990808,3491.009172
2026-05-19 05:45:00+02:00,3143.541342890144,2855.656408,381.6477347273498,198.111,3525.1890776174937,3053.7674079999997,3827.330424
2026-05-19 06:00:00+02:00,3035.124891193353,2632.389748,408.5831656691763,215.981,3443.7080568625292,2848.3707480000003,4444.389832000001
2026-05-19 06:15:00+02:00,2964.1010569185814,2512.055796,407.85773801820375,233.219,3371.958794936785,2745.274796,5383.711128000001
2026-05-19 06:30:00+02:00,2854.0451877822497,2411.25694,403.89487180921475,229.469,3257.9400595914644,2640.7259400000003,6598.813892
2026-05-19 06:45:00+02:00,2737.6672296877437,2332.820304,390.9272629564432,261.72,3128.594492644187,2594.540304,8126.193504
2026-05-19 07:00:00+02:00,2371.6392701849904,2205.022356,469.42333445928284,308.166,2841.062604644273,2513.188356,9942.035676
2026-05-19 07:15:00+02:00,2237.9723892552743,2010.867664,470.21587293261695,343.201,2708.1882621878913,2354.0686640000004,11866.01896
2026-05-19 07:30:00+02:00,2035.99905181423,1800.035288,465.54307272360575,387.923,2501.5421245378357,2187.958288,14188.526648
2026-05-19 07:45:00+02:00,1796.9738950148662,1554.019028,463.1367117768114,398.175,2260.1106067916776,1952.194028,16784.776491999997
2026-05-19 08:00:00+02:00,1844.1176747343056,1308.25684,584.1696907909104,406.735,2428.287365525216,1714.99184,19386.273503999997
2026-05-19 08:15:00+02:00,1615.1458736982815,1104.741412,598.8838248123575,448.378,2214.029698510639,1553.119412,22255.079664
2026-05-19 08:30:00+02:00,1525.438674811464,961.985392,614.1157394850779,477.426,2139.554414296542,1439.411392,25253.486835999996
2026-05-19 08:45:00+02:00,1450.989845017937,869.533164,622.6922627906453,518.487,2073.6821078085823,1388.020164,28241.852208
2026-05-19 09:00:00+02:00,1284.1580688937433,828.185296,630.5605828195902,555.556,1914.7186517133337,1383.741296,31456.727412
2026-05-19 09:15:00+02:00,1302.5678166693067,819.499164,643.9671321892713,580.578,1946.534948858578,1400.0771639999998,34352.993032
2026-05-19 09:30:00+02:00,1357.5325720382698,865.04348,632.955498500412,622.555,1990.4880705386818,1487.59848,37239.13722
2026-05-19 09:45:00+02:00,1426.3352962735312,961.4682,630.6453328212936,674.651,2056.9806290948245,1636.1192,39912.68606
2026-05-19 10:00:00+02:00,1400.2377857093948,1085.096016,540.9479806710815,723.079,1941.1857663804763,1808.175016,41959.244512
2026-05-19 10:15:00+02:00,1435.9010640951255,1262.213212,516.1840594165955,747.171,1952.0851235117211,2009.384212,43634.039335999994
2026-05-19 10:30:00+02:00,1482.112761279459,1423.299644,491.39141017178594,691.241,1973.504171451245,2114.5406439999997,44703.470376
2026-05-19 10:45:00+02:00,1472.1117694324962,1584.485988,447.8319715422425,754.103,1919.9437409747388,2338.588988,46014.199636000005
2026-05-19 11:00:00+02:00,1639.100211656726,1827.602952,385.64143683722926,817.711,2024.7416484939554,2645.313952,47075.169996
2026-05-19 11:15:00+02:00,1691.393230738517,2094.5164,362.26673089514657,883.243,2053.6599616336634,2977.7594,47625.45432
2026-05-19 11:30:00+02:00,1708.5116074823557,2335.173032,355.3210143817627,953.813,2063.832621864118,3288.9860320000003,48135.000128
2026-05-19 11:45:00+02:00,1725.4639928640745,2541.973472,347.827144351916,1026.481,2073.2911372159906,3568.4544720000004,48586.265728
2026-05-19 12:00:00+02:00,2166.9597194178355,2777.70686,365.2897117927821,1108.184,2532.2494312106173,3885.890859999999,48752.250916
2026-05-19 12:15:00+02:00,2129.972356664329,3039.213332,350.3294278856151,1171.594,2480.301784549944,4210.807332,48733.79162
2026-05-19 12:30:00+02:00,2143.9558063255818,3209.713352,353.41606455072474,1270.223,2497.3718708763063,4479.936352000001,48603.232892
2026-05-19 12:45:00+02:00,2195.770378451405,3349.69256,363.14432480833335,1358.051,2558.9147032597384,4707.74356,48656.208144
2026-05-19 13:00:00+02:00,2239.250717825201,3402.960168,680.6585204715669,1447.688,2919.909238296768,4850.648168,48373.338672
2026-05-19 13:15:00+02:00,2252.356543430352,3499.131148,669.2789733617622,1520.813,2921.635516792114,5019.9441480000005,47742.602528
2026-05-19 13:30:00+02:00,2292.310785009785,3341.740632,663.0368393189734,1483.656,2955.3476243287582,4825.396632,46991.66438
2026-05-19 13:45:00+02:00,2332.1229235121505,3691.4062,665.7345753012203,1547.463,2997.8574988133705,5238.8692,46506.043304
2026-05-19 14:00:00+02:00,2478.4044439650024,4014.902508,697.1124361728653,1694.477,3175.5168801378677,5709.379508,46118.57316
2026-05-19 14:15:00+02:00,2576.813756644171,4180.740304,712.6370260959062,1805.496,3289.450782740077,5986.236304,45065.07044
2026-05-19 14:30:00+02:00,2612.7954946366203,4396.590304,721.4357154175608,1932.597,3334.2312100541812,6329.187304,44692.011348
2026-05-19 14:45:00+02:00,2650.2371057292985,4530.517204,732.6558439389868,2051.599,3382.8929496682854,6582.116204,43955.482568
2026-05-19 15:00:00+02:00,3599.0239943802208,4691.477484,964.0150058783578,2169.711,4563.039000258578,6861.188484,43178.950015999995
2026-05-19 15:15:00+02:00,3677.445959799501,4958.395544,983.1003815205819,2243.797,4660.546341320083,7202.1925439999995,42143.321211999995
2026-05-19 15:30:00+02:00,3745.008182417193,5401.139036,991.3661402195446,2314.782,4736.374322636738,7715.921036,41816.801184
2026-05-19 15:45:00+02:00,3824.87201668167,5506.080076,1017.2476470367371,2350.474,4842.1196637184075,7856.554076,40546.691196
2026-05-19 16:00:00+02:00,3366.2139097206514,5404.661176,1572.1254115355446,2379.765,4938.339321256196,7784.426175999999,38698.507104
2026-05-19 16:15:00+02:00,3562.939480658303,5393.654868,1572.3152039309432,2472.331,5135.254684589247,7865.985868,37192.141764
2026-05-19 16:30:00+02:00,3701.9648852269547,5471.711296,1583.6862890728403,2522.45,5285.6511742997955,7994.161296,35654.234448
2026-05-19 16:45:00+02:00,3795.7180788367987,5616.657272,1624.366234526725,2514.272,5420.0843133635235,8130.929272,34292.862984
2026-05-19 17:00:00+02:00,4198.684179111103,5754.059908,1803.1439966214675,2550.581,6001.82817573257,8304.640908000001,32319.332352
2026-05-19 17:15:00+02:00,4282.434519297212,5698.955592,1856.62295235645,2632.988,6139.057471653662,8331.943592,30198.85352
2026-05-19 17:30:00+02:00,4372.943489212677,5913.395276,1946.2894234542528,2760.815,6319.23291266693,8674.210276,28331.07654
2026-05-19 17:45:00+02:00,4403.15138183825,5675.195464,1959.3069132164492,2879.721,6362.458295054699,8554.916464,25926.151776
2026-05-19 18:00:00+02:00,4364.823857827258,5482.66002,2290.5978479168075,3115.128,6655.421705744066,8597.78802,23525.832208
2026-05-19 18:15:00+02:00,4353.222081570394,5505.362056,2315.189539268581,3560.804,6668.411620838975,9066.166056,21688.863668
2026-05-19 18:30:00+02:00,4311.158771352987,5479.5179,2326.6115194793983,3852.254,6637.770290832385,9331.7719,19847.822696
2026-05-19 18:45:00+02:00,4234.137511465152,5434.729264,2341.0363699049753,3996.054,6575.173881370127,9430.783264,18016.253036
2026-05-19 19:00:00+02:00,3644.652719492361,5267.238752,2016.068515424465,4197.43,5660.721234916826,9464.668752,16232.009004
2026-05-19 19:15:00+02:00,3523.8516202465266,5305.01962,2022.2591566217864,4389.986,5546.110776868313,9695.00562,14983.2317
2026-05-19 19:30:00+02:00,3368.8814359175,5488.933296,2023.7627084441956,4475.269,5392.644144361695,9964.202296,14018.981368
2026-05-19 19:45:00+02:00,3203.8559638787074,5621.692012,2016.919374660168,4507.525,5220.775338538875,10129.217012,13091.53656
2026-05-19 20:00:00+02:00,3512.8443708739533,5747.397264,2109.3334104815917,4376.515,5622.177781355545,10123.912264,12076.762052
2026-05-19 20:15:00+02:00,3574.5196147596853,5985.900212,2099.201841627031,4418.929,5673.721456386716,10404.829212,11523.991672
2026-05-19 20:30:00+02:00,3682.022109207277,6087.095404,2104.9336028181897,4642.381,5786.955712025467,10729.476404,11282.972504
2026-05-19 20:45:00+02:00,3780.064764741617,6499.689272,2104.371435133225,4768.688,5884.436199874843,11268.377272,11560.74468
2026-05-19 21:00:00+02:00,5539.080291260571,6822.991084,2611.691425518667,4691.997,8150.771716779238,11514.988084,11724.776168
2026-05-19 21:15:00+02:00,5664.937593785562,6714.8543,2592.7602764321127,4692.378,8257.697870217675,11407.2323,11514.5168
2026-05-19 21:30:00+02:00,5787.7976706742165,6850.270184,2587.395777474157,4785.666,8375.193448148373,11635.936184,11688.704076
2026-05-19 21:45:00+02:00,5891.136252394962,7390.286836,2594.569467745507,4921.061,8485.70572014047,12311.347836,12343.574820000002
2026-05-19 22:00:00+02:00,6551.380169462382,7540.362872,3312.873930950627,5003.599,9864.254100413009,12543.961872,12599.705316
2026-05-19 22:15:00+02:00,6668.291116300829,7871.621652,3350.3935573469776,5230.985,10018.684673647807,13102.606652,13126.228963999998
2026-05-19 22:30:00+02:00,6764.506053526327,8116.613032,3366.382068777935,5394.996,10130.888122304263,13511.609032,13531.061452
2026-05-19 22:45:00+02:00,6828.291354642061,8373.7705,3360.017977949703,5420.363,10188.309332591765,13794.1335,13822.556256
2026-05-19 23:00:00+02:00,10155.902899226458,8640.004148,4074.8246473064246,5358.332,14230.727546532882,13998.336148,14038.580132
2026-05-19 23:15:00+02:00,10186.706613183827,8745.7702,4073.5779360627994,5359.91,14260.284549246626,14105.6802,14128.78964
2026-05-19 23:30:00+02:00,10189.867666953038,8948.152392,4069.64653709194,5312.007,14259.514204044977,14260.159392,14278.34844
2026-05-19 23:45:00+02:00,10199.052942352339,9135.940364,4082.3545073822365,5364.74,14281.407449734575,14500.680364,14519.07116
2026-05-20 00:00:00+02:00,11238.957991580855,9196.399952,4874.619428019999,5498.224,16113.577419600853,14694.623952,14709.169352
2026-05-20 00:15:00+02:00,11209.054976771273,9256.98422,4854.182278061539,5528.261,16063.237254832813,14785.24522,14805.3518
2026-05-20 00:30:00+02:00,11176.797500303142,9283.409336,4839.184756619772,5338.285,16015.982256922915,14621.694336,14640.665376
2026-05-20 00:45:00+02:00,11156.64705604978,9348.993208,4832.086488154131,5147.111,15988.733544203911,14496.104208,14515.625436
2026-05-20 01:00:00+02:00,12135.979276468348,9435.272892,5433.452505343521,4889.337,17569.43178181187,14324.609892,14345.339104
2026-05-20 01:15:00+02:00,12105.950269593175,9554.479732,5426.492228082086,4711.328,17532.44249767526,14265.807732,14285.458836000002
2026-05-20 01:30:00+02:00,12074.797985011608,9708.900076,5414.705901300984,4571.875,17489.503886312592,14280.775076,14299.277592
2026-05-20 01:45:00+02:00,12029.825337458276,9787.885124,5392.850897293176,4542.118,17422.676234751452,14330.003124,14342.56248
2026-05-20 02:00:00+02:00,11886.008028319415,9664.818376,5288.686867970864,4582.573,17174.69489629028,14247.391376,14259.679092
2026-05-20 02:15:00+02:00,11843.57704987803,9615.744528,5255.676342740359,4628.171,17099.25339261839,14243.915528,14254.716012
2026-05-20 02:30:00+02:00,11805.12020761001,9567.849504,5225.241053968542,4664.055,17030.361261578553,14231.904504,14245.456316
2026-05-20 02:45:00+02:00,11770.377595390886,9584.50642,5192.671101766399,4736.116,16963.048697157286,14320.62242,14332.63632
2026-05-20 03:00:00+02:00,12919.981949738176,9744.998164,5105.344363670095,4759.051,18025.32631340827,14504.049164,14516.878996
2026-05-20 03:15:00+02:00,12891.48992898861,9836.189564,5084.852542840565,4900.133,17976.342471829175,14736.322564,14749.580972
2026-05-20 03:30:00+02:00,12842.367212636802,9948.755944,5065.966710972503,5018.741,17908.333923609305,14967.496944,14981.01428
2026-05-20 03:45:00+02:00,12809.011294298945,10107.638368,5032.3595610466455,5031.141,17841.37085534559,15138.779368,15151.926452
2026-05-20 04:00:00+02:00,13406.732637196537,10175.284868,4904.115904271368,5160.963,18310.848541467905,15336.247868,15349.028508
2026-05-20 04:15:00+02:00,13391.683037007015,10146.423168,4893.750176915139,5156.24,18285.43321392215,15302.663168,15313.879312
2026-05-20 04:30:00+02:00,13353.813758580289,10164.390988,4889.05309746923,5175.302,18242.86685604952,15339.692988,15350.208532
2026-05-20 04:45:00+02:00,13333.760315224348,10267.781576,4878.37998217567,5113.55,18212.14029740002,15381.331576,15393.096416
2026-05-20 05:00:00+02:00,12667.891472707095,10278.911492,4701.289543994789,5028.065,17369.181016701885,15306.976491999998,15322.945579999998
2026-05-20 05:15:00+02:00,12659.583478976447,10437.340364,4688.655687797373,4955.524,17348.23916677382,15392.864364,15439.330524
2026-05-20 05:30:00+02:00,12661.435770589107,10671.79248,4652.897854983955,4943.406,17314.33362557306,15615.19848,15785.630456
2026-05-20 05:45:00+02:00,12659.191888334857,10773.824252,4640.003592209943,4930.779,17299.1954805448,15704.603252,16161.817696
2026-05-20 06:00:00+02:00,12234.728690773281,10838.68224,4302.791694469724,4793.893,16537.520385243006,15632.57524,16562.27402
2026-05-20 06:15:00+02:00,12161.39423667317,10866.499412,4287.284620775326,4818.654,16448.678857448496,15685.153412,17224.64244
2026-05-20 06:30:00+02:00,12054.130054675425,10780.288576,4281.0131147595375,4936.732,16335.143169434963,15717.020576,17982.979924
2026-05-20 06:45:00+02:00,11932.206520771844,10668.891248,4268.571834141026,5082.36,16200.778354912869,15751.251248,18806.885476
2026-05-20 07:00:00+02:00,11795.078195090107,10563.899036,4187.499555795747,5017.944,15982.577750885855,15581.843036000002,19609.86286
2026-05-20 07:15:00+02:00,11648.91325416137,10328.252868,4190.749439418532,5089.064,15839.662693579903,15417.316868,20436.205544
2026-05-20 07:30:00+02:00,11427.87595716876,10223.211252,4188.012814672874,5218.974,15615.888771841634,15442.185252,21712.730132
2026-05-20 07:45:00+02:00,11194.042809787969,10075.480636,4184.685815268554,5388.333,15378.728625056523,15463.813636,23023.67992
2026-05-20 08:00:00+02:00,10503.052967190848,9943.499024,3792.7230116711225,5411.941,14295.77597886197,15355.440024,24320.260068
2026-05-20 08:15:00+02:00,10280.035410404602,9862.068792,3751.724559245234,5499.578,14031.759969649836,15361.646792,25772.75478
2026-05-20 08:30:00+02:00,10169.093042363802,9744.810088,3733.2404508022114,5605.843,13902.333493166014,15350.653088,27184.661952
2026-05-20 08:45:00+02:00,10102.568896513396,9782.830544,3737.0095450327135,5492.787,13839.57844154611,15275.617544,28761.848044
2026-05-20 09:00:00+02:00,9957.071873519511,9943.44456,3663.6578096532176,5659.202,13620.729683172729,15602.64656,30758.24552
2026-05-20 09:15:00+02:00,9971.776119443794,10216.385988,3670.3428207286206,5640.818,13642.118940172415,15857.203988,32559.086424
2026-05-20 09:30:00+02:00,10019.851898742016,10459.80048,3658.5695445022748,5773.073,13678.42144324429,16232.87348,34546.931876
2026-05-20 09:45:00+02:00,10091.15415683114,10610.543192,3656.267674809357,5581.866,13747.421831640497,16192.409192,36024.414244
2026-05-20 10:00:00+02:00,11930.99999190336,10776.692508,3456.2435581946474,5450.573,15387.243550098006,16227.265508,37575.364836
2026-05-20 10:15:00+02:00,11965.55729463653,10975.875248,3431.1256110029976,5337.911,15396.682905639527,16313.786248,39091.727532
2026-05-20 10:30:00+02:00,12006.245765083506,11511.070736,3403.7214236425566,5142.124,15409.967188726063,16653.194735999998,40443.313087999995
2026-05-20 10:45:00+02:00,11991.182489260467,11854.997888,3364.031535258478,5015.25,15355.214024518946,16870.247887999998,41730.663012
2026-05-20 11:00:00+02:00,13295.422577332369,12077.980656,3710.3609174041044,5017.712,17005.78349473647,17095.692656,42726.836692
2026-05-20 11:15:00+02:00,13335.049039197302,12508.962292,3691.2263855005326,5024.801,17026.275424697833,17533.763292,43943.213556
2026-05-20 11:30:00+02:00,13335.365265288374,13069.074384,3679.0414509120774,5105.432,17014.40671620045,18174.506384,45019.454979999995
2026-05-20 11:45:00+02:00,13340.994961251534,13402.55468,3673.471142958765,5106.827,17014.4661042103,18509.38168,46095.388708
2026-05-20 12:00:00+02:00,14517.89351646089,13587.675476,3555.039231471579,4971.15,18072.93274793247,18558.825476,47031.716084
2026-05-20 12:15:00+02:00,14461.656800043475,13776.695428,3540.3008238790853,4906.308,18001.95762392256,18683.003428,47805.423304
2026-05-20 12:30:00+02:00,14456.603463852629,13741.559228,3533.859666518501,4937.265,17990.46313037113,18678.824228,48725.227368
2026-05-20 12:45:00+02:00,14484.148098732065,13825.311984,3539.426614910529,4898.797,18023.574713642593,18724.108984,49401.85524
2026-05-20 13:00:00+02:00,14680.886347626838,13982.07954,3745.717324331973,4885.076,18426.603671958812,18867.15554,49575.677848
2026-05-20 13:15:00+02:00,14684.171548840128,14353.875972,3733.2890889886144,4944.41,18417.460637828743,19298.285972,50012.724132
2026-05-20 13:30:00+02:00,14727.403377404444,14596.715672,3722.9093976101535,4963.508,18450.312775014598,19560.223672,50458.677232
2026-05-20 13:45:00+02:00,14747.015388418607,14615.271252,3722.0913381143205,4863.598,18469.10672653293,19478.869252,50457.203508
2026-05-20 14:00:00+02:00,14513.70962212692,14860.779608,3249.588477662429,4745.137,17763.29809978935,19605.916608,50757.66912
2026-05-20 14:15:00+02:00,14598.081385262842,14781.873152,3263.103397219319,4573.087,17861.18478248216,19354.960152,50513.455936
2026-05-20 14:30:00+02:00,14627.302809404939,14766.898108,3267.544914808237,4292.777,17894.847724213178,19059.675108,50072.392476
2026-05-20 14:45:00+02:00,14653.10243415086,14946.161928,3274.3732315732514,4069.286,17927.475665724112,19015.447928,49222.110664
2026-05-20 15:00:00+02:00,15299.916339391775,15305.451692,3243.3632031554125,4065.751,18543.27954254719,19371.202692,48971.114808
2026-05-20 15:15:00+02:00,15352.301553341682,15230.843236,3263.4651011042083,4174.253,18615.76665444589,19405.096236,48564.407732
2026-05-20 15:30:00+02:00,15405.353331801669,15063.41472,3269.9674710430636,4126.181,18675.320802844733,19189.59572,47610.811636
2026-05-20 15:45:00+02:00,15455.093927374934,15028.897388,3295.002299092961,4033.159,18750.096226467896,19062.056388,46345.936700000006
2026-05-20 16:00:00+02:00,15019.591094430361,14537.04858,3303.773541736194,4044.08,18323.364636166556,18581.12858,44690.991376000005
2026-05-20 16:15:00+02:00,15306.893504758074,14000.818824,3304.473238497316,4003.87,18611.366743255392,18004.688824,42766.123612
2026-05-20 16:30:00+02:00,15463.557069351837,14041.30224,3312.15855488081,4018.978,18775.715624232645,18060.28024,41400.893144
2026-05-20 16:45:00+02:00,15542.75346943736,13972.666744,3357.476883876401,3902.188,18900.23035331376,17874.854744,40045.291012
2026-05-20 17:00:00+02:00,13506.501294924783,13745.81434,3269.8137097421213,3524.12,16776.315004666903,17269.93434,37779.805128
2026-05-20 17:15:00+02:00,13569.903837220316,13269.419376,3322.919864941259,3119.695,16892.823702161575,16389.114376,35508.898180000004
2026-05-20 17:30:00+02:00,13648.615110863126,12728.350616,3382.9162799538617,3042.088,17031.53139081699,15770.438616,33508.2192
2026-05-20 17:45:00+02:00,13675.8284647418,12441.46238,3390.5470073151023,2871.632,17066.3754720569,15313.09438,31319.388136
2026-05-20 18:00:00+02:00,11897.553863229636,12406.088996,2911.8418950757878,2851.501,14809.395758305423,15257.589996,29788.30062
2026-05-20 18:15:00+02:00,11895.327374996225,11961.812776,2937.291667654553,2853.808,14832.619042650778,14815.620776,27626.406744
2026-05-20 18:30:00+02:00,11859.963655758422,11297.446888,3021.388218640651,2778.057,14881.351874399072,14075.503888,25068.416212
2026-05-20 18:45:00+02:00,11803.588086419544,10647.964252,3028.3601936905866,2807.16,14831.948280110131,13455.124252,22665.608616
2026-05-20 19:00:00+02:00,9668.335293447146,10025.499016,2842.8246672978244,2818.01,12511.15996074497,12843.509016,20193.709816
2026-05-20 19:15:00+02:00,9562.1160939646,9344.340676,2848.0256874736842,2890.507,12410.141781438284,12234.847676,17967.320376
2026-05-20 19:30:00+02:00,9429.822085633252,8888.301904,2848.940781865836,2756.825,12278.762867499088,11645.126904,15976.412628000002
2026-05-20 19:45:00+02:00,9283.068765489028,8786.200504,2841.6675440962945,2570.312,12124.736309585322,11356.512504,14510.850288
2026-05-20 20:00:00+02:00,7357.540540174247,8940.904024,2779.3443064529897,2430.784,10136.884846627237,11371.688024,13498.063556
2026-05-20 20:15:00+02:00,7429.53330227506,8808.288688,2768.2516919326076,2501.803,10197.784994207668,11310.091688,12653.78328
2026-05-20 20:30:00+02:00,7556.970740552167,8169.92022,2772.1840525108532,2659.494,10329.15479306302,10829.41422,11556.43376
2026-05-20 20:45:00+02:00,7679.614049339538,7991.310008,2768.7360624125176,2782.112,10448.350111752055,10773.422008,11111.346576000002
2026-05-20 21:00:00+02:00,7471.317463719177,7884.23028,2459.010264907626,2624.268,9930.327728626802,10508.49828,10681.779804
2026-05-20 21:15:00+02:00,7605.127367485121,7391.269412,2440.648185214092,2283.411,10045.775552699213,9674.680412,9823.167168
2026-05-20 21:30:00+02:00,7728.659056275405,6970.084404,2436.252741735845,2090.911,10164.91179801125,9060.995404,9127.564160000002
2026-05-20 21:45:00+02:00,7830.271696564934,7109.016748,2443.482919414397,1889.7,10273.754615979331,8998.716748,9045.677848
2026-05-20 22:00:00+02:00,9071.281661897532,7120.427392,2361.7253319137826,1811.963,11433.006993811316,8932.390392,9056.16556
2026-05-20 22:15:00+02:00,9188.605993207599,7374.600376,2407.2139786279804,1876.383,11595.819971835579,9250.983376,9298.28358
2026-05-20 22:30:00+02:00,9277.055319127956,7574.8288,2425.247930688533,2002.182,11702.303249816488,9577.0108,9615.163864
2026-05-20 22:45:00+02:00,9334.75873564279,7783.859204,2418.1013197853167,2034.829,11752.860055428107,9818.688204,9834.660728
2026-05-20 23:00:00+02:00,9795.853591826659,7869.468956,2281.8626603960274,2222.427,12077.716252222686,10091.895956,10140.430028
2026-05-20 23:15:00+02:00,9823.767853690215,7964.614604,2282.0515849322724,2338.354,12105.819438622488,10302.968604,10329.706308
2026-05-20 23:30:00+02:00,9823.415307140256,8100.900464,2280.9842629306086,2324.198,12104.399570070866,10425.098464,10438.089944
2026-05-20 23:45:00+02:00,9830.035305314468,8293.862328,2298.223579203336,2281.931,12128.258884517803,10575.793328,10599.158536
2026-05-21 00:00:00+02:00,10235.251925407134,8324.517664,2587.7634766892047,2386.643,12823.015402096338,10711.160664,10724.065664000002
2026-05-21 00:15:00+02:00,10208.654815343478,8435.823176,2569.3965819046143,2426.143,12778.051397248091,10861.966176,10876.9872
2026-05-21 00:30:00+02:00,10175.010366170982,8514.677768,2551.1174342485647,2499.508,12726.127800419546,11014.185768,11036.365
2026-05-21 00:45:00+02:00,10155.120523562407,8590.031368,2541.2712265412247,2496.226,12696.391750103632,11086.257368,11097.972864
2026-05-21 01:00:00+02:00,10009.991759374567,8608.747524,2614.628360045756,2423.532,12624.620119420322,11032.279524,11043.649176
2026-05-21 01:15:00+02:00,9983.508507091155,8844.461184,2603.562107680338,2443.46,12587.070614771494,11287.921184,11298.519216
2026-05-21 01:30:00+02:00,9957.278358396774,9033.888932,2589.067770793458,2315.622,12546.346129190231,11349.510932,11360.326912
2026-05-21 01:45:00+02:00,9914.407937670174,9159.806408,2569.174456120401,2316.53,12483.582393790575,11476.336408,11486.92502
2026-05-21 02:00:00+02:00,11205.04317234527,9329.849484,2611.6899571717677,2559.641,13816.733129517037,11889.490484,11902.601716
2026-05-21 02:15:00+02:00,11162.34238671899,9517.118352,2578.3592493614606,2849.242,13740.701636080452,12366.360352,12377.250024
2026-05-21 02:30:00+02:00,11120.821002508106,9563.643976,2550.6388170506175,2990.695,13671.459819558724,12554.338976,12565.740444
2026-05-21 02:45:00+02:00,11081.91240890644,9557.092428,2521.6527297520797,2924.717,13603.56513865852,12481.809428,12494.81214
2026-05-21 03:00:00+02:00,11578.579071944328,9495.068868,2594.442776794647,2996.199,14173.021848738976,12491.267868,12505.199852000002
2026-05-21 03:15:00+02:00,11554.89839251902,9308.753856,2579.2275869370865,3048.108,14134.125979456107,12356.861856,12369.982468
2026-05-21 03:30:00+02:00,11512.480297578346,9330.669884,2569.5522252890078,3076.088,14082.032522867354,12406.757884,12420.254808
2026-05-21 03:45:00+02:00,11487.065959288062,9408.321708,2542.601914455464,3060.911,14029.667873743525,12469.232708,12482.211372
2026-05-21 04:00:00+02:00,11047.26528679008,9335.511504,2545.1940626049227,2960.976,13592.459349395001,12296.487504,12308.607748
2026-05-21 04:15:00+02:00,11032.829550236189,9322.914356,2535.731505681863,2933.27,13568.561055918051,12256.184356,12266.530408
2026-05-21 04:30:00+02:00,11000.608649063197,9225.387596,2531.2537448025128,2852.724,13531.86239386571,12078.111596,12089.375032
2026-05-21 04:45:00+02:00,10989.39111857331,9172.283628,2519.7846762640606,2696.857,13509.17579483737,11869.140628,11881.777268
2026-05-21 05:00:00+02:00,10680.178093036278,9045.424048,2483.6768946572756,2494.78,13163.854987693554,11540.204048,11567.388824
2026-05-21 05:15:00+02:00,10679.260029456993,9215.588916,2469.612601800776,2359.913,13148.87263125777,11575.501916,11685.320444
2026-05-21 05:30:00+02:00,10688.717942538817,9434.114516,2448.3915443292663,2168.199,13137.109486868083,11602.313516,11919.353596
2026-05-21 05:45:00+02:00,10689.027769364056,9483.337812,2435.089728323803,2164.238,13124.11749768786,11647.575812,12432.153987999998
2026-05-21 06:00:00+02:00,8788.806925836348,9449.8432,2217.413439349937,2006.278,11006.220365186286,11456.1212,12938.977328
2026-05-21 06:15:00+02:00,8719.149511322252,9212.9135,2220.9536853383433,1975.132,10940.103196660595,11188.0455,13605.039068
2026-05-21 06:30:00+02:00,8615.949710354182,8765.731564,2219.1622452943807,1967.643,10835.111955648563,10733.374564,14355.89886
2026-05-21 06:45:00+02:00,8505.398930565272,8235.201236,2209.3235411823935,1914.815,10714.722471747666,10150.016236,15189.295036
2026-05-21 07:00:00+02:00,6578.165204012032,7514.863732,1884.4585555071994,1874.074,8462.62375951923,9388.937732,16079.754932
2026-05-21 07:15:00+02:00,6428.904412842328,6770.75824,1890.106283740152,1933.269,8319.01069658248,8704.02724,17242.503048
2026-05-21 07:30:00+02:00,6242.439354756969,5987.988748,1898.7262217908544,1982.969,8141.165576547824,7970.957748,18669.814744
2026-05-21 07:45:00+02:00,6009.31360735117,5361.096884,1904.769917191111,1883.078,7914.08352454228,7244.174884,20364.50742
2026-05-21 08:00:00+02:00,4671.384900897794,4819.931644,1770.3105361051826,1780.666,6441.695437002976,6600.597644,22379.282072
2026-05-21 08:15:00+02:00,4424.951475529994,4446.721096,1786.4256761232114,1749.704,6211.377151653205,6196.425096,24839.488624
2026-05-21 08:30:00+02:00,4300.884819963032,4172.119956,1749.9578534001514,1617.097,6050.842673363183,5789.216955999999,27319.503852
2026-05-21 08:45:00+02:00,4228.692611678887,3965.305228,1751.5499851179216,1538.317,5980.242596796808,5503.622228,30066.410912
2026-05-21 09:00:00+02:00,3696.8367197109646,3909.596608,1584.6081387677873,1524.668,5281.4448584787515,5434.2646079999995,32781.971736
2026-05-21 09:15:00+02:00,3705.044350065062,3874.200732,1590.2920618482456,1569.176,5295.3364119133075,5443.376732,35448.952436
2026-05-21 09:30:00+02:00,3745.121388451634,3869.671816,1578.6441924040678,1545.636,5323.765580855702,5415.3078160000005,37800.17964
2026-05-21 09:45:00+02:00,3814.566593328767,4005.388604,1577.7864373687066,1462.291,5392.3530306974735,5467.679604,40188.127968
2026-05-21 10:00:00+02:00,3443.468120269505,4276.712064,1303.8038710790497,1106.289,4747.271991348554,5383.001064,42232.231772
2026-05-21 10:15:00+02:00,3478.3081487237905,4540.854292,1277.3948300819604,1051.256,4755.702978805751,5592.110292,44209.559428
2026-05-21 10:30:00+02:00,3517.3070990538545,4638.09138,1241.8618325496861,1065.094,4759.168931603541,5703.18538,45732.441376
2026-05-21 10:45:00+02:00,3507.2364416725895,4621.05988,1197.7158230710838,1041.877,4704.952264743673,5662.936879999999,46999.199396
2026-05-21 11:00:00+02:00,3345.815070510114,4865.007996,1167.8064343624796,1013.071,4513.6215048725935,5878.078996,47699.185196000006
2026-05-21 11:15:00+02:00,3390.643105535032,5145.028128,1152.674069650436,975.713,4543.317175185468,6120.741128,47898.761392
2026-05-21 11:30:00+02:00,3402.2145964539336,5429.292756,1146.821816531561,997.607,4549.036412985494,6426.899756,47841.0639
2026-05-21 11:45:00+02:00,3411.5230158065024,5637.420824,1143.7383569426397,1098.854,4555.2613727491425,6736.274824,47679.813644
2026-05-21 12:00:00+02:00,4309.7218762106195,5880.701676,1653.3165324562935,1476.163,5963.038408666913,7356.864675999999,48155.976904
2026-05-21 12:15:00+02:00,4260.122547357827,6265.413572,1648.310027465469,1404.554,5908.432574823296,7669.967572,47938.965488
2026-05-21 12:30:00+02:00,4258.685124585643,6359.35658,1652.3212112820981,1481.173,5911.006335867742,7840.529579999999,47632.023608
2026-05-21 12:45:00+02:00,4282.549467850279,6544.438532,1656.8748097943956,1666.052,5939.4242776446745,8210.490532,47452.6416
2026-05-21 13:00:00+02:00,4850.118054007486,6478.955528,1856.2430032206298,1850.293,6706.361057228116,8329.248528,47406.798548000006
2026-05-21 13:15:00+02:00,4851.20794276697,6425.797968,1846.5768157907853,1944.78,6697.784758557755,8370.577968,46800.22336
2026-05-21 13:30:00+02:00,4897.934858054305,6417.051816,1832.131461199499,1968.971,6730.066319253803,8386.022816,46402.607492
2026-05-21 13:45:00+02:00,4926.179016768172,6491.693572,1833.7628955482633,1860.433,6759.941912316435,8352.126572000001,46341.747996
2026-05-21 14:00:00+02:00,5555.595761658411,6563.74038,1783.0627947488895,1914.38,7338.6585564073,8478.12038,46487.497748
2026-05-21 14:15:00+02:00,5641.823439411739,6453.185648,1793.796874681571,1894.33,7435.62031409331,8347.515648,46012.202824
2026-05-21 14:30:00+02:00,5674.470659366896,6325.469452,1802.7308208824584,1887.979,7477.201480249354,8213.448452,45500.83302400001
2026-05-21 14:45:00+02:00,5709.66123664975,6188.829024,1813.298072667119,1872.911,7522.95930931687,8061.740024,45186.30484
2026-05-21 15:00:00+02:00,6179.21104160324,6140.217796,1842.8332836755344,1772.775,8022.0443252787745,7912.992796,44408.328596
2026-05-21 15:15:00+02:00,6245.644929572879,5989.19716,1865.7308456925343,1758.487,8111.375775265413,7747.68416,43647.646903999994
2026-05-21 15:30:00+02:00,6338.374357765082,5794.356516,1876.4114608252314,1770.366,8214.785818590313,7564.722516,42607.435528
2026-05-21 15:45:00+02:00,6396.715495754743,5717.7209,1908.244586443373,1816.708,8304.960082198115,7534.428900000001,41454.19962
2026-05-21 16:00:00+02:00,4377.167908908095,5746.754696,1915.8800523625036,1849.425,6293.0479612705985,7596.179696,40469.922028
2026-05-21 16:15:00+02:00,4543.889693585163,5810.350516,1919.2772441122402,1954.21,6463.166937697402,7764.560516,39560.467328
2026-05-21 16:30:00+02:00,4758.175594937759,5836.291212,1943.3009601571734,2022.498,6701.476555094932,7858.789212,38644.032904
2026-05-21 16:45:00+02:00,4846.783194195814,5909.496608,1992.069509869423,2363.12,6838.852704065237,8272.616608,37550.420468
2026-05-21 17:00:00+02:00,4753.032134329751,5953.343196,2110.5108911611533,2422.742,6863.543025490904,8376.085196,36266.277188
2026-05-21 17:15:00+02:00,4791.024294760797,5902.118956,2226.910499298463,2390.434,7017.93479405926,8292.552956,34306.210468000005
2026-05-21 17:30:00+02:00,4891.021301935277,5703.557724,2253.8353304467187,2450.605,7144.856632381996,8154.162724,32083.643043999997
2026-05-21 17:45:00+02:00,4905.336839684554,5492.141424,2259.6837419307785,2590.01,7165.020581615333,8082.151424000001,29753.179284
2026-05-21 18:00:00+02:00,4280.212455682111,5093.61656,2680.7303702216573,2640.782,6960.942825903769,7734.39856,27064.683892
2026-05-21 18:15:00+02:00,4283.570076011276,4669.369896,2780.5903475136756,2710.119,7064.1604235249515,7379.488896000001,24407.199148
2026-05-21 18:30:00+02:00,4256.614586140102,4250.992852,2803.7219466767115,2664.59,7060.336532816813,6915.5828520000005,21493.269304
2026-05-21 18:45:00+02:00,4201.510238316848,3974.185224,2801.709665713848,2590.72,7003.219904030696,6564.905224,18878.969016000003
2026-05-21 19:00:00+02:00,4146.971531952518,3755.37188,3422.110065659013,2523.833,7569.08159761153,6279.20488,16262.399688
2026-05-21 19:15:00+02:00,4052.971347730464,3464.7771,3432.192450495395,2498.128,7485.163798225859,5962.9051,13946.141556
2026-05-21 19:30:00+02:00,3949.3385000367,3251.66262,3437.43892223068,2521.653,7386.77742226738,5773.315619999999,11878.106639999998
2026-05-21 19:45:00+02:00,3828.125763702302,2962.634648,3432.5844201889145,2827.632,7260.710183891217,5790.266648000001,10335.407076
2026-05-21 20:00:00+02:00,2274.5283899295528,2746.504624,3668.7241781895923,2999.437,5943.2525681191455,5745.941624,8904.971440000001
2026-05-21 20:15:00+02:00,2348.659716264238,2517.471632,3655.4795624349626,3086.162,6004.1392786992,5603.633632,7681.530368
2026-05-21 20:30:00+02:00,2480.63403779945,2231.683796,3661.5742314092854,3161.44,6142.208269208735,5393.123796,6603.527124
2026-05-21 20:45:00+02:00,2611.3473654320196,2247.232448,3657.8649779478214,3105.442,6269.212343379841,5352.674448,5942.723099999999
2026-05-21 21:00:00+02:00,2266.415420866319,2348.586812,3098.725058231954,3054.207,5365.140479098272,5402.793812,5693.576848
2026-05-21 21:15:00+02:00,2395.045443156128,2301.55828,3079.1111859181856,2929.297,5474.156629074314,5230.85528,5425.196548
2026-05-21 21:30:00+02:00,2522.940547720606,2150.29618,3077.1175020293904,2740.61,5600.058049749996,4890.90618,5014.354016
2026-05-21 21:45:00+02:00,2640.5149246509727,2223.212952,3091.0191345573803,2542.101,5731.534059208353,4765.313952,4841.473048000001
2026-05-21 22:00:00+02:00,2246.1082875296993,2274.083424,2617.854147000874,2454.367,4863.962434530573,4728.450424000001,4865.849912000001
2026-05-21 22:15:00+02:00,2372.675229468404,2341.276172,2661.5492998499235,2376.832,5034.224529318328,4718.108172,4804.1041000000005
2026-05-21 22:30:00+02:00,2468.8578804976923,2392.228012,2687.3975196738647,2216.618,5156.255400171557,4608.846012,4662.091756
2026-05-21 22:45:00+02:00,2529.309341347403,2346.12634,2685.9004336592398,2100.571,5215.209775006642,4446.69734,4475.240804
2026-05-21 23:00:00+02:00,2510.0202788892743,2228.830708,2591.7227884176946,2081.486,5101.743067306968,4310.316708,4339.319488
2026-05-21 23:15:00+02:00,2541.7687724510056,2162.288412,2592.9136111221055,1941.288,5134.682383573111,4103.576412,4121.453332
2026-05-21 23:30:00+02:00,2550.8206437947133,2070.338016,2593.8112143444228,1767.463,5144.631858139136,3837.801016,3856.966028
2026-05-21 23:45:00+02:00,2565.898339521069,1962.55528,2612.906642732247,1748.877,5178.804982253316,3711.43228,3728.17484
2026-05-22 00:00:00+02:00,2237.529416504128,1843.51546,2294.250993605046,1710.971,4531.780410109174,3554.48646,3590.002744
2026-05-22 00:15:00+02:00,2223.7813128304365,1741.420676,2280.2698428471144,1588.895,4504.051155677551,3330.315676,3356.498836
2026-05-22 00:30:00+02:00,2197.2157327717164,1695.30884,2268.5813670511443,1513.463,4465.797099822861,3208.77184,3223.600352
2026-05-22 00:45:00+02:00,2181.370947767603,1649.303976,2264.651162953291,1377.572,4446.0221107208945,3026.875976,3039.7434759999996
2026-05-22 01:00:00+02:00,1839.4634100862236,1570.889236,1813.3792871309752,1264.02,3652.8426972171987,2834.909236,2847.24496
2026-05-22 01:15:00+02:00,1826.7809029066616,1491.282744,1808.0852022812524,1252.096,3634.866105187914,2743.378744,2754.930748
2026-05-22 01:30:00+02:00,1812.4307010976527,1430.801896,1792.9313869417729,1259.14,3605.3620880394255,2689.9418960000003,2701.7820880000004
2026-05-22 01:45:00+02:00,1782.3099992060202,1377.029968,1775.5608694162947,1180.162,3557.870868622315,2557.191968,2568.859132
2026-05-22 02:00:00+02:00,1654.6307877732365,1367.94142,1445.2756947088876,1211.369,3099.9064824821244,2579.31042,2593.429232
2026-05-22 02:15:00+02:00,1623.8816525482484,1323.61528,1429.4895751506428,1320.229,3053.3712276988913,2643.8442800000003,2655.2154680000003
2026-05-22 02:30:00+02:00,1590.6280977141805,1348.339616,1409.0275952230675,1369.605,2999.655692937248,2717.944616,2729.484188
2026-05-22 02:45:00+02:00,1554.806282324948,1372.374552,1383.4423571917373,1311.764,2938.248639516685,2684.138552,2698.097804
2026-05-22 03:00:00+02:00,1760.335399080771,1359.2677,1430.1830262351405,1338.046,3190.5184253159114,2697.3137,2711.314296
2026-05-22 03:15:00+02:00,1729.6300861943432,1335.134264,1426.0342792654033,1296.709,3155.6643654597465,2631.843264,2646.0609400000003
2026-05-22 03:30:00+02:00,1685.7772460049305,1342.423264,1423.327821850018,1180.995,3109.105067854948,2523.418264,2537.722232
2026-05-22 03:45:00+02:00,1662.5158149918118,1377.228688,1400.6476014450811,1114.212,3063.163416436893,2491.4406879999997,2505.3063199999997
2026-05-22 04:00:00+02:00,1980.7074952383407,1421.283232,1420.4527433642077,1019.188,3401.1602386025484,2440.471232,2454.46348
2026-05-22 04:15:00+02:00,1964.3037309887284,1442.90162,1412.4560166917447,934.205,3376.759747680473,2377.10662,2388.462324
2026-05-22 04:30:00+02:00,1927.585178603516,1504.386812,1409.042956820372,841.82,3336.628135423888,2346.206812,2360.17438
2026-05-22 04:45:00+02:00,1911.4731878875732,1605.930192,1397.2175315279642,786.446,3308.6907194155374,2392.376192,2409.77026
2026-05-22 05:00:00+02:00,2563.220203675277,1669.632696,1645.056146760921,730.667,4208.276350436197,2400.299696,2433.1616440000003
2026-05-22 05:15:00+02:00,2564.324937660333,1778.33182,1633.4928167227345,695.848,4197.817754383068,2474.1798200000003,2607.697504
2026-05-22 05:30:00+02:00,2577.427397892107,1968.448016,1618.0995528688172,730.604,4195.526950760925,2699.052016,3137.957588
2026-05-22 05:45:00+02:00,2574.7770493688213,2173.244192,1589.518135453254,715.868,4164.2951848220755,2889.112192,3971.469856
2026-05-22 06:00:00+02:00,2664.904776233668,2327.714808,1367.7502581412596,813.155,4032.6550343749277,3140.8698080000004,5119.540492
2026-05-22 06:15:00+02:00,2591.652633726793,2522.219168,1370.9544692877214,843.755,3962.607103014514,3365.974168,6524.812696000001
2026-05-22 06:30:00+02:00,2488.5685801283958,2554.776828,1369.2513587355018,912.475,3857.8199388638977,3467.251828,8077.679480000001
2026-05-22 06:45:00+02:00,2381.389323469796,2564.398224,1357.3944718530347,1001.665,3738.783795322831,3566.063224,10017.938864
2026-05-22 07:00:00+02:00,2376.8340756683833,2503.950344,1451.9339482859705,1091.224,3828.768023954354,3595.174344,12216.846648
2026-05-22 07:15:00+02:00,2229.223637409159,2394.20634,1460.4859693395554,1074.889,3689.7096067487146,3469.09534,14589.634492
2026-05-22 07:30:00+02:00,2052.609454220329,2290.187368,1470.3924788742681,1067.658,3523.001933094597,3357.845368,17284.375104
2026-05-22 07:45:00+02:00,1839.9755251909964,2095.749304,1475.327828445642,1079.811,3315.3033536366383,3175.5603039999996,20131.934728
2026-05-22 08:00:00+02:00,1819.4231760513499,1856.117416,1541.3952404501533,1045.273,3360.818416501503,2901.390416,23185.505016000003
2026-05-22 08:15:00+02:00,1658.2040273170308,1598.167084,1560.8915740097198,1060.095,3219.0956013267505,2658.262084,26146.014524
2026-05-22 08:30:00+02:00,1533.677570137569,1369.777904,1580.8964456462581,1109.456,3114.5740157838272,2479.2339039999997,29229.216032
2026-05-22 08:45:00+02:00,1462.8498927933963,1207.412104,1579.5118192740176,1127.366,3042.361712067414,2334.778104,32313.958832
2026-05-22 09:00:00+02:00,1049.6766032456633,1149.055396,1470.7948092497236,910.349,2520.471412495387,2059.404396,35176.860951999995
2026-05-22 09:15:00+02:00,1065.8219158069062,1153.99894,1475.374105236057,890.501,2541.1960210429634,2044.49994,38029.351504
2026-05-22 09:30:00+02:00,1108.403625273481,1164.647012,1469.9339824067195,850.623,2578.3376076802006,2015.270012,40433.297504
2026-05-22 09:45:00+02:00,1173.8430068965542,1203.552116,1465.911514741486,840.619,2639.7545216380404,2044.171116,42744.268616
2026-05-22 10:00:00+02:00,1102.747505657129,1257.128764,1183.8374629597654,755.84,2286.5849686168945,2012.968764,44827.095923999994
2026-05-22 10:15:00+02:00,1132.3068655370137,1323.303556,1158.2395231162081,755.152,2290.5463886532216,2078.455556,46821.753624
2026-05-22 10:30:00+02:00,1174.5185548045642,1365.99714,1116.1568804063852,871.875,2290.675435210949,2237.87214,48696.90012
2026-05-22 10:45:00+02:00,1168.0404627183223,1374.11726,1073.0225754042747,1056.733,2241.063038122597,2430.85026,50330.972832
2026-05-22 11:00:00+02:00,963.9492362052221,1373.96092,1039.6004908264706,999.49,2003.5497270316928,2373.45092,51448.662032
2026-05-22 11:15:00+02:00,1006.5445726649353,1364.385072,1024.4352148702405,969.064,2030.979787535176,2333.449072,52608.962292
2026-05-22 11:30:00+02:00,1028.1531287947205,1262.792848,1024.747012694044,920.914,2052.9001414887643,2183.706848,53156.086664
2026-05-22 11:45:00+02:00,1038.331006272664,1229.935552,1024.8470385034232,866.071,2063.178044776087,2096.006552,53821.560616
2026-05-22 12:00:00+02:00,991.8899729743474,1202.093184,1129.2534788888331,873.765,2121.1434518631804,2075.858184,54034.730639999994
2026-05-22 12:15:00+02:00,944.5265169661433,1165.903428,1126.2572469811712,827.815,2070.7837639473146,1993.718428,54459.29696
2026-05-22 12:30:00+02:00,934.2661917731198,1112.055472,1133.570287562499,787.626,2067.8364793356186,1899.681472,54735.613035999995
2026-05-22 12:45:00+02:00,953.7886107988068,1139.725164,1136.399108423286,855.296,2090.1877192220927,1995.021164,55306.437999999995
2026-05-22 13:00:00+02:00,628.2085300361896,1098.381612,1048.6152778539945,826.237,1676.823807890184,1924.618612,55361.244876
2026-05-22 13:15:00+02:00,631.4290155966147,1064.304764,1042.452810730822,824.506,1673.8818263274366,1888.810764,55199.040932
2026-05-22 13:30:00+02:00,679.5112912738865,960.062812,1030.1475044523938,890.56,1709.6587957262805,1850.622812,54821.19416
2026-05-22 13:45:00+02:00,706.560466850663,862.03408,1028.9652355660317,897.415,1735.5257024166947,1759.44908,54397.678448
2026-05-22 14:00:00+02:00,523.0921014872606,824.567828,969.8581687005263,941.805,1492.9502701877868,1766.372828,53881.3536
2026-05-22 14:15:00+02:00,600.2047228632628,776.755128,975.4176454429006,897.695,1575.6223683061635,1674.450128,53447.3175
2026-05-22 14:30:00+02:00,634.0030760957173,756.12928,975.0758303264382,826.769,1609.0789064221556,1582.89828,52466.290916
2026-05-22 14:45:00+02:00,673.4864076879634,716.403124,978.8755348351434,739.231,1652.3619425231068,1455.6341240000002,51498.936740000005
2026-05-22 15:00:00+02:00,826.839924454207,702.036444,886.556112900133,630.699,1713.39603735434,1332.735444,50357.669596
2026-05-22 15:15:00+02:00,893.110947851056,716.474488,912.1385383883127,642.793,1805.2494862393687,1359.267488,49346.63576
2026-05-22 15:30:00+02:00,951.5372875509421,740.061736,921.3922210325707,683.193,1872.9295085835129,1423.254736,48009.435312
2026-05-22 15:45:00+02:00,1010.6314763035464,741.587156,950.98642500664,669.395,1961.6179013101864,1410.982156,46724.560576
2026-05-22 16:00:00+02:00,826.3009931578507,681.594356,832.0174066428792,615.804,1658.3183998007298,1297.398356,44834.35738
2026-05-22 16:15:00+02:00,939.1274101537556,638.992692,834.5656897200295,614.039,1773.693099873785,1253.031692,43198.2354
2026-05-22 16:30:00+02:00,1001.9435139423609,601.669444,844.5940104540861,614.176,1846.537524396447,1215.845444,41379.245436
2026-05-22 16:45:00+02:00,1081.5680594474743,587.5424,879.9124806529226,583.474,1961.4805401003969,1171.0164,39192.45166
2026-05-22 17:00:00+02:00,1391.9376115696869,545.857764,952.1478381589856,536.284,2344.0854497286723,1082.141764,36514.810756
2026-05-22 17:15:00+02:00,1407.979133298194,502.254616,977.0729660892202,490.231,2385.0520993874143,992.485616,33676.489528
2026-05-22 17:30:00+02:00,1393.3311774521208,497.131524,1020.1543267155823,452.875,2413.485504167703,950.006524,30757.882556
2026-05-22 17:45:00+02:00,1395.6004729837607,488.31874,1016.8943379807641,435.819,2412.4948109645247,924.13774,27674.294916
2026-05-22 18:00:00+02:00,1755.250741220049,470.316164,925.2951542906943,412.074,2680.5458955107433,882.390164,24457.81094
2026-05-22 18:15:00+02:00,1743.0565728515567,477.095476,1006.5749599289514,368.656,2749.631532780508,845.751476,21130.1349
2026-05-22 18:30:00+02:00,1690.9513761001435,486.41154,1031.9687314441856,349.222,2722.920107544329,835.63354,17818.895244
2026-05-22 18:45:00+02:00,1623.5558966827048,502.779144,1029.5291942680817,345.374,2653.0850909507863,848.153144,14807.650136
2026-05-22 19:00:00+02:00,1845.7071097695202,549.699784,993.7190073650482,318.498,2839.4261171345684,868.197784,11860.348476
2026-05-22 19:15:00+02:00,1736.2539494105035,595.637292,1004.7050645656944,304.296,2740.959013976198,899.9332919999999,9343.712212
2026-05-22 19:30:00+02:00,1631.560078530969,659.45374,1003.9117032539789,293.832,2635.471781784948,953.28574,7246.599520000001
2026-05-22 19:45:00+02:00,1515.0185232133351,756.258192,991.001145720189,297.877,2506.0196689335244,1054.135192,5662.157652
2026-05-22 20:00:00+02:00,1960.479011295848,858.700812,1020.9967960683325,304.804,2981.4758073641806,1163.504812,4244.693096
2026-05-22 20:15:00+02:00,2014.260162504378,957.658032,1011.4846009190785,365.273,3025.744763423457,1322.931032,3333.4656999999997
2026-05-22 20:30:00+02:00,2115.4581593291146,1137.352284,1023.825627906675,438.715,3139.2837872357895,1576.067284,2753.247612
2026-05-22 20:45:00+02:00,2226.2207134445325,1420.187324,1023.6821048242643,502.519,3249.902818268797,1922.706324,2488.31758
2026-05-22 21:00:00+02:00,2342.4865575784984,1723.72468,1288.6186380642594,571.117,3631.1051956427577,2294.84168,2577.620592
2026-05-22 21:15:00+02:00,2436.6205982639026,1804.77696,1260.4419979963618,670.283,3697.0625962602644,2475.05996,2650.324504
2026-05-22 21:30:00+02:00,2539.2416205971435,1877.190456,1252.6378817717068,743.294,3791.8795023688504,2620.484456,2695.3199440000003
2026-05-22 21:45:00+02:00,2652.3182231413057,2153.545688,1260.7466682532247,857.352,3913.0648913945306,3010.897688,3049.94372
2026-05-22 22:00:00+02:00,3237.580186285285,2422.65126,1796.3680874399295,1003.671,5033.948273725215,3426.32226,3555.902396
2026-05-22 22:15:00+02:00,3363.2450061191826,2730.41226,1839.6701392207053,1190.243,5202.915145339888,3920.65526,3978.749568
2026-05-22 22:30:00+02:00,3460.9768166278486,3031.8197,1866.6655983317723,1434.247,5327.6424149596205,4466.0667,4498.721276
2026-05-22 22:45:00+02:00,3527.3397484862253,3310.690732,1867.5997592650385,1578.074,5394.939507751264,4888.764732,4903.46382
2026-05-22 23:00:00+02:00,3525.0494309969067,3552.171656,1862.3796683441321,1690.764,5387.429099341039,5242.935656,5277.743324
2026-05-22 23:15:00+02:00,3562.4084141419507,3826.53484,1867.8564910063574,1805.121,5430.264905148308,5631.655839999999,5658.086928
2026-05-22 23:30:00+02:00,3576.7051529150344,4030.354188,1870.8238810024018,2006.671,5447.529033917436,6037.025188,6052.024611999999
2026-05-22 23:45:00+02:00,3603.3114234961913,4267.385052,1890.5397376391845,2243.384,5493.851161135376,6510.769052,6525.669223999999
2026-05-23 00:00:00+02:00,3202.627269104268,4451.261604,2066.2486502054885,2411.779,5268.875919309757,6863.040604,6884.784324
2026-05-23 00:15:00+02:00,3195.74552305424,4665.731552,2049.453308182931,2631.651,5245.19883123717,7297.382552,7319.026168
2026-05-23 00:30:00+02:00,3178.250831790695,4813.423608,2037.0425456797136,2840.827,5215.293377470409,7654.250608,7669.376380000001
2026-05-23 00:45:00+02:00,3170.251402052626,4964.242376,2030.5564333011162,2989.221,5200.807835353742,7953.463376,7966.17272
2026-05-23 01:00:00+02:00,3461.0573828536126,5030.59696,2399.4607222382733,3165.406,5860.518105091885,8196.00296,8208.08588
2026-05-23 01:15:00+02:00,3458.935672639541,5013.763508,2395.0145645774314,3349.824,5853.950237216972,8363.587508,8375.003332
2026-05-23 01:30:00+02:00,3457.6898545884087,4956.897512,2379.6282183775197,3455.454,5837.318072965929,8412.351512,8423.970379999999
2026-05-23 01:45:00+02:00,3439.9586009186137,4919.207184,2358.572512733946,3553.526,5798.53111365256,8472.733184,8485.011812
2026-05-23 02:00:00+02:00,3632.865988190554,4865.89002,2625.51297497952,3565.533,6258.378963170075,8431.42302,8443.30368
2026-05-23 02:15:00+02:00,3610.4646023034843,4835.079008,2611.1818810806253,3484.767,6221.646483384109,8319.846008,8331.435296
2026-05-23 02:30:00+02:00,3587.1578103857714,4738.450016,2591.5702530758313,3498.445,6178.728063461603,8236.895016,8250.155496000001
2026-05-23 02:45:00+02:00,3560.19384018832,4640.755864,2565.890379202404,3592.228,6126.084219390724,8232.983864,8244.286876
2026-05-23 03:00:00+02:00,3891.6332265369206,4565.051052,2731.185189644139,3588.533,6622.81841618106,8153.584052,8164.9484
2026-05-23 03:15:00+02:00,3863.4306427714278,4451.655036,2728.025322741631,3617.617,6591.455965513059,8069.272036,8080.19908
2026-05-23 03:30:00+02:00,3822.690256846643,4348.354928,2724.616063044453,3658.522,6547.306319891096,8006.876928,8018.180587999999
2026-05-23 03:45:00+02:00,3805.003537970499,4293.78518,2702.934162903006,3881.774,6507.937700873505,8175.55918,8186.591812000001
2026-05-23 04:00:00+02:00,3559.7363119162105,4262.704696,2971.3294250605613,3935.03,6531.065736976772,8197.734696,8210.153704
2026-05-23 04:15:00+02:00,3544.876046281828,4295.416296,2963.1208667921273,4063.154,6507.9969130739555,8358.570296,8369.05042
2026-05-23 04:30:00+02:00,3511.5713713429154,4348.55956,2958.6730354845395,4091.932,6470.244406827454,8440.491559999999,8452.029819999998
2026-05-23 04:45:00+02:00,3499.7930918888824,4445.887812,2946.288374730812,4169.953,6446.081466619695,8615.840812,8629.924072
2026-05-23 05:00:00+02:00,3401.1508445587815,4564.663012,3052.0740202008765,4158.747,6453.224864759658,8723.410012,8763.913212
2026-05-23 05:15:00+02:00,3406.3838816155035,4831.216656,3042.1647792239874,4166.976,6448.548660839491,8998.192656,9161.180428
2026-05-23 05:30:00+02:00,3425.1673239668235,4969.528928,3024.940157826028,4166.388,6450.107481792851,9135.916928,9617.825491999998
2026-05-23 05:45:00+02:00,3431.0469312607006,4900.932244,3004.809184065964,4112.26,6435.856115326665,9013.192244,10165.412404
2026-05-23 06:00:00+02:00,3174.7931112280917,5043.884408,3116.9288264524507,4382.529,6291.721937680542,9426.413408,11533.511092
2026-05-23 06:15:00+02:00,3111.429549030793,5210.858312,3121.016186903648,4256.354,6232.4457359344415,9467.212312,12812.240208
2026-05-23 06:30:00+02:00,3015.3222814352953,5304.54776,3122.158496289748,4126.334,6137.4807777250435,9430.88176,14362.52236
2026-05-23 06:45:00+02:00,2919.227811582628,5268.084132,3112.6222345440856,4064.632,6031.850046126714,9332.716132,16280.72382
2026-05-23 07:00:00+02:00,2725.7455415878217,5007.821316,2943.2148448776015,4042.114,5668.960386465424,9049.935316,18533.235128
2026-05-23 07:15:00+02:00,2583.4893075769573,4555.430476,2950.748101864085,4066.311,5534.2374094410425,8621.741476000001,20935.035256000003
2026-05-23 07:30:00+02:00,2400.5067005018964,3999.88906,2960.10905263917,4106.522,5360.615753141066,8106.41106,23630.76386
2026-05-23 07:45:00+02:00,2202.411931479959,3361.99742,2965.5153118091825,4154.153,5167.927243289141,7516.15042,26417.814295999997
2026-05-23 08:00:00+02:00,2055.879146588024,2737.404456,2433.0797868518275,4155.152,4488.9589334398515,6892.556456,29418.409472
2026-05-23 08:15:00+02:00,1871.0389777481296,2146.646904,2451.09937644985,4145.361,4322.138354197979,6292.007904,32377.482236000003
2026-05-23 08:30:00+02:00,1765.5817302342366,1583.774692,2478.535034663537,3921.794,4244.1167648977735,5505.568692,35004.740544
2026-05-23 08:45:00+02:00,1713.7230264556893,1268.0551,2473.815028148212,3788.231,4187.538054603901,5056.2861,38035.026095999994
2026-05-23 09:00:00+02:00,775.230002415642,1086.728692,1760.7465856807955,3568.993,2535.976588096438,4655.721692,41137.110724
2026-05-23 09:15:00+02:00,795.9200356869812,969.229524,1761.893919420078,3327.059,2557.813955107059,4296.2885240000005,43854.297300000006
2026-05-23 09:30:00+02:00,833.8013217757483,876.202452,1756.508228967467,3035.159,2590.3095507432154,3911.361452,45865.933315999995
2026-05-23 09:45:00+02:00,894.0227305754186,844.57408,1747.9693297289696,2737.133,2641.9920603043884,3581.7070799999997,47883.796732
2026-05-23 10:00:00+02:00,774.1194079828002,830.959056,1642.5755793265096,1738.269,2416.69498730931,2569.228056,47789.390996
2026-05-23 10:15:00+02:00,796.6593381166961,858.5834,1609.9274315852067,1582.118,2406.586769701903,2440.7014,49694.305568
2026-05-23 10:30:00+02:00,832.127220109753,856.55472,1566.2788415658063,1365.441,2398.406061675559,2221.99572,51292.525184
2026-05-23 10:45:00+02:00,820.1282342612002,852.648448,1532.4006202453124,1032.329,2352.5288545065127,1884.977448,52653.184572
2026-05-23 11:00:00+02:00,1036.8933706469838,765.998204,1323.5830313400795,565.546,2360.4764019870636,1331.544204,52305.18922
2026-05-23 11:15:00+02:00,1073.0388127989327,697.114768,1309.4467187990574,226.01,2382.4855315979903,923.124768,52914.361576
2026-05-23 11:30:00+02:00,1102.1495597762475,722.351884,1309.0642343097722,253.222,2411.21379408602,975.573884,53507.593344
2026-05-23 11:45:00+02:00,1116.0388127434603,771.087544,1308.8580623791454,181.759,2424.8968751226057,952.846544,54258.433276
2026-05-23 12:00:00+02:00,1448.2680855355852,849.801056,626.361272482692,163.196,2074.6293580182773,1012.997056,54488.974836
2026-05-23 12:15:00+02:00,1421.9699464331275,889.32898,618.9208733458404,106.369,2040.8908197789679,995.69798,54954.352223999995
2026-05-23 12:30:00+02:00,1414.5547913085004,914.218224,627.5464023824183,143.747,2042.1011936909185,1057.965224,55418.084316
2026-05-23 12:45:00+02:00,1443.4570001905568,999.270824,634.3557728792971,207.844,2077.812773069854,1207.114824,55190.884508
2026-05-23 13:00:00+02:00,1753.2115679403603,894.16374,671.3948025069815,151.556,2424.6063704473418,1045.71974,54564.155292
2026-05-23 13:15:00+02:00,1750.5094781534433,801.204648,668.3411373938925,144.57,2418.850615547336,945.774648,53843.034576
2026-05-23 13:30:00+02:00,1796.1534124993204,799.598084,657.177013543241,250.764,2453.330426042561,1050.362084,53193.367336
2026-05-23 13:45:00+02:00,1823.6139997149742,911.363712,652.4159301210635,140.693,2476.029929836038,1052.056712,52490.769724
2026-05-23 14:00:00+02:00,1979.4355850533025,960.609424,693.8283232920602,121.972,2673.263908345363,1082.581424,52599.971664
2026-05-23 14:15:00+02:00,2041.231854056088,920.920544,696.6355322462723,127.183,2737.8673863023605,1048.103544,51924.495424
2026-05-23 14:30:00+02:00,2063.557138796904,1030.987892,692.3595184350527,266.969,2755.9166572319564,1297.9568920000002,51542.105748
2026-05-23 14:45:00+02:00,2096.5738987241875,1260.072936,693.9765124798399,311.079,2790.5504112040276,1571.151936,50208.644132
2026-05-23 15:00:00+02:00,1905.8055839982155,1399.893056,556.3565123041373,187.561,2462.162096302353,1587.4540559999998,48646.443356
2026-05-23 15:15:00+02:00,1957.41518610523,1711.226116,580.72939460506,160.977,2538.14458071029,1872.203116,47292.729152
2026-05-23 15:30:00+02:00,2006.402993094503,1620.366092,589.6557755378011,112.128,2596.0587686323042,1732.494092,45464.231276
2026-05-23 15:45:00+02:00,2050.9026131758737,1445.690168,618.2431979340715,111.119,2669.1458111099455,1556.809168,43842.757188
2026-05-23 16:00:00+02:00,2298.7536680091025,1251.43982,746.8942108178987,126.155,3045.6478788270015,1377.59482,43195.53672
2026-05-23 16:15:00+02:00,2426.6765175610108,984.96992,751.9371060759489,162.596,3178.61362363696,1147.56592,41743.522972
2026-05-23 16:30:00+02:00,2458.4484667705533,921.028928,762.3293885481552,126.78,3220.7778553187086,1047.808928,40323.616636
2026-05-23 16:45:00+02:00,2540.4691345489996,1042.04144,835.7024541864262,122.963,3376.1715887354258,1165.00444,38492.898952
2026-05-23 17:00:00+02:00,2830.0461745671987,1128.620536,889.0295369039351,232.022,3719.0757114711337,1360.6425359999998,37272.753372
2026-05-23 17:15:00+02:00,2831.392786696494,1105.644396,902.8104135445158,262.815,3734.2032002410097,1368.459396,34377.6769
2026-05-23 17:30:00+02:00,2826.977274110089,1085.501548,937.1059913257351,274.04,3764.083265435824,1359.541548,31406.259092
2026-05-23 17:45:00+02:00,2802.0217394999067,1087.814376,967.940891503072,329.483,3769.962631002979,1417.297376,28141.831096
2026-05-23 18:00:00+02:00,3088.046842668299,1066.213164,1055.887192525696,393.086,4143.934035193995,1459.299164,24861.178416
2026-05-23 18:15:00+02:00,3060.2664758898277,1015.481848,1076.0646564806466,398.599,4136.331132370475,1414.080848,21579.837816000003
2026-05-23 18:30:00+02:00,2997.5514490825567,972.302568,1106.8459989199032,391.826,4104.39744800246,1364.128568,18338.33442
2026-05-23 18:45:00+02:00,2927.2122327784678,927.187568,1102.6642923881961,481.106,4029.8765251666637,1408.293568,15309.446156000002
2026-05-23 19:00:00+02:00,2604.9894179335192,901.646064,1234.2618256185172,573.192,3839.2512435520366,1474.838064,12337.723948
2026-05-23 19:15:00+02:00,2490.945950657696,844.82928,1242.6899530833387,621.992,3733.635903741035,1466.82128,9908.230844
2026-05-23 19:30:00+02:00,2386.8747156033724,768.389464,1242.5671864558433,567.344,3629.441902059216,1335.733464,7666.63872
2026-05-23 19:45:00+02:00,2265.5505714005994,765.004928,1239.4558715411567,485.711,3505.006442941756,1250.715928,5829.924944
2026-05-23 20:00:00+02:00,2313.2530215009147,815.96928,1246.9206161767845,405.728,3560.173637677699,1221.69728,4371.37704
2026-05-23 20:15:00+02:00,2335.5562551251114,859.999816,1238.9700089622809,380.25,3574.5262640873925,1240.249816,3349.510624
2026-05-23 20:30:00+02:00,2414.736567642908,925.937076,1254.3661058876135,344.898,3669.1026735305213,1270.835076,2498.5553200000004
2026-05-23 20:45:00+02:00,2511.844233935746,1101.161748,1252.2160992026097,389.983,3764.060333138356,1491.144748,2123.511976
2026-05-23 21:00:00+02:00,2840.6450116615197,1194.801672,1220.9354670359833,384.649,4061.580478697503,1579.450672,1862.666064
2026-05-23 21:15:00+02:00,2909.870706000023,1186.136112,1190.3397895480437,321.483,4100.210495548066,1507.619112,1673.931968
2026-05-23 21:30:00+02:00,2986.367362562196,1048.468264,1174.7258083543825,311.38,4161.093170916578,1359.8482640000002,1481.5704800000003
2026-05-23 21:45:00+02:00,3081.7395771404817,1117.75982,1174.0691596274378,309.647,4255.80873676792,1427.40682,1496.758468
2026-05-23 22:00:00+02:00,3234.82346625578,1135.429764,1195.837700835557,288.674,4430.661167091337,1424.103764,1515.86112
2026-05-23 22:15:00+02:00,3349.789953235319,1231.962008,1234.0835566209626,292.113,4583.873509856281,1524.075008,1614.339596
2026-05-23 22:30:00+02:00,3437.962794187928,1279.17974,1254.83844753836,314.722,4692.801241726288,1593.90174,1639.878228
2026-05-23 22:45:00+02:00,3498.887122125932,1396.069788,1246.9243840958216,356.145,4745.811506221753,1752.214788,1773.934496
2026-05-23 23:00:00+02:00,3040.8211364510353,1521.707876,1243.154539304438,393.485,4283.975675755473,1915.192876,1955.069528
2026-05-23 23:15:00+02:00,3081.359441734738,1588.044472,1239.4726796897935,466.893,4320.832121424532,2054.937472,2088.51518
2026-05-23 23:30:00+02:00,3101.9357365488763,1633.713728,1232.6382976720956,578.199,4334.574034220972,2211.912728,2227.6042719999996
2026-05-23 23:45:00+02:00,3133.9090560292825,1691.602824,1250.2423613992312,675.956,4384.151417428514,2367.558824,2383.192844
2026-05-24 00:00:00+02:00,3222.283736190191,1725.04384,988.7737446067545,741.93,4211.057480796946,2466.97384,2484.372224
2026-05-24 00:15:00+02:00,3228.040001899515,1790.589068,978.105412044419,740.575,4206.145413943934,2531.164068,2549.841632
2026-05-24 00:30:00+02:00,3220.989158926489,1919.231696,972.8356767423461,755.196,4193.824835668835,2674.427696,2688.2417920000003
2026-05-24 00:45:00+02:00,3224.3158153497193,2043.814404,969.623602829234,836.402,4193.939418178953,2880.216404,2893.1034919999997
2026-05-24 01:00:00+02:00,2694.1108807657847,2162.997788,811.210028276389,871.352,3505.3209090421738,3034.349788,3047.82492
2026-05-24 01:15:00+02:00,2698.021679169889,2359.66946,813.6916143519909,809.151,3511.7132935218797,3168.82046,3181.096636
2026-05-24 01:30:00+02:00,2700.262635892508,2541.764872,802.9719750497715,722.53,3503.2346109422797,3264.2948720000004,3279.322144
2026-05-24 01:45:00+02:00,2683.454748810048,2755.379492,787.2207313436113,693.873,3470.675480153659,3449.252492,3463.574152
2026-05-24 02:00:00+02:00,3053.059362494574,3028.950436,694.8472067185289,743.489,3747.906569213103,3772.439436,3784.658712
2026-05-24 02:15:00+02:00,3030.6865064869207,3276.5298,682.04082783832,781.888,3712.727334325241,4058.4178,4072.379244
2026-05-24 02:30:00+02:00,3006.4407355961475,3410.328408,665.6474761502536,791.648,3672.088211746401,4201.9764079999995,4216.378024
2026-05-24 02:45:00+02:00,2980.3872716221304,3635.992092,644.0093459474368,861.266,3624.3966175695673,4497.258092,4510.959076
2026-05-24 03:00:00+02:00,3507.0009504348945,3837.155812,712.6624729057271,987.857,4219.663423340622,4825.012812,4839.12638
2026-05-24 03:15:00+02:00,3475.384597588465,4035.416724,708.6628271624181,1067.899,4184.047424750883,5103.315724,5117.159664
2026-05-24 03:30:00+02:00,3434.207909304974,4232.17316,706.4967546897735,1000.689,4140.7046639947475,5232.862160000001,5244.39292
2026-05-24 03:45:00+02:00,3414.331008524161,4415.013704,690.9624762445335,895.124,4105.293484768695,5310.137704,5324.218444
2026-05-24 04:00:00+02:00,3359.6780692550765,4472.392524,878.7773312210363,858.771,4238.455400476113,5331.163524,5344.800988
2026-05-24 04:15:00+02:00,3342.0990200274828,4608.969648,874.1129577198406,879.432,4216.2119777473235,5488.401648,5501.365244
2026-05-24 04:30:00+02:00,3307.2853905126967,4765.97368,869.2328648678691,892.696,4176.518255380566,5658.66968,5673.0050439999995
2026-05-24 04:45:00+02:00,3292.4517925938344,4875.483796,856.4373309193804,851.564,4148.889123513215,5727.047796000001,5743.8744560000005
2026-05-24 05:00:00+02:00,4039.803890028997,4879.886636,672.9507071204841,744.6,4712.754597149481,5624.4866360000005,5673.879536
2026-05-24 05:15:00+02:00,4048.9047726928134,5234.421208,661.1563933996264,693.646,4710.06116609244,5928.0672079999995,6140.12018
2026-05-24 05:30:00+02:00,4070.0292027186883,5399.28618,644.9754976806248,661.47,4715.004700399313,6060.75618,6647.620776000001
2026-05-24 05:45:00+02:00,4074.4775914585057,5238.98556,629.5567188960408,594.436,4704.0343103545465,5833.42156,7135.099056
2026-05-24 06:00:00+02:00,4283.5426265235155,5130.692812,707.8070099023145,528.265,4991.34963642583,5658.957812000001,7920.131660000001
2026-05-24 06:15:00+02:00,4222.937589557794,4942.689308,706.1439708965628,444.44,4929.081560454357,5387.129308,8915.916428
2026-05-24 06:30:00+02:00,4133.667582269897,4721.958684,704.2227006967977,408.395,4837.890282966695,5130.353684,10210.786668
2026-05-24 06:45:00+02:00,4043.9260687186024,4505.497404,689.3233727099308,402.407,4733.249441428533,4907.904404,11860.232488
2026-05-24 07:00:00+02:00,3320.04405326551,4153.022576,603.9780930607129,407.44,3924.022146326223,4560.462576,13728.427624
2026-05-24 07:15:00+02:00,3175.78188838304,3742.042896,606.8838827127784,431.741,3782.6657710958184,4173.783896,15878.155964
2026-05-24 07:30:00+02:00,3005.069342694625,3317.032144,612.4550159628986,408.905,3617.5243586575234,3725.937143999999,18359.944744
2026-05-24 07:45:00+02:00,2802.482732723145,2928.328564,614.2521978337379,426.727,3416.7349305568832,3355.055564,21113.11556
2026-05-24 08:00:00+02:00,2384.2687395514135,2591.004532,727.314011294921,416.966,3111.5827508463344,3007.970532,24198.206996
2026-05-24 08:15:00+02:00,2213.3884978903825,2220.957408,708.9210462500818,384.72,2922.3095441404644,2605.6774080000005,27043.454588
2026-05-24 08:30:00+02:00,2097.977614067533,1789.3802,676.3439039327855,388.472,2774.3215180003185,2177.8522000000003,29846.091472
2026-05-24 08:45:00+02:00,2051.5088848688247,1357.336888,672.4844480056232,428.964,2723.993332874448,1786.300888,32548.972064
2026-05-24 09:00:00+02:00,2242.2742771451617,1203.422704,735.2091626005681,239.41,2977.48343974573,1442.832704,34016.084268
2026-05-24 09:15:00+02:00,2276.585845241033,1174.774696,732.7620302111832,205.372,3009.347875452216,1380.146696,36424.242652
2026-05-24 09:30:00+02:00,2326.3010417205614,1149.780584,723.9256054261092,172.6,3050.2266471466705,1322.380584,38127.40894
2026-05-24 09:45:00+02:00,2390.3828414978884,1287.84794,715.6166314586849,213.158,3105.9994729565733,1501.00594,40424.90436
2026-05-24 10:00:00+02:00,2084.3003066698925,1396.579172,569.3824368896919,261.914,2653.682743559584,1658.493172,42988.527404
2026-05-24 10:15:00+02:00,2124.108520107243,1462.032528,544.5679502426452,270.672,2668.676470349888,1732.704528,45174.97682
2026-05-24 10:30:00+02:00,2163.0727061032303,1525.974588,517.152462960617,250.568,2680.2251690638473,1776.542588,45503.680956
2026-05-24 10:45:00+02:00,2151.669781493175,1695.060248,496.1212953884587,243.018,2647.7910768816337,1938.078248,46785.600664
2026-05-24 11:00:00+02:00,2449.795282230732,1720.248756,589.4696374769997,257.015,3039.2649197077317,1977.263756,47764.26898
2026-05-24 11:15:00+02:00,2490.3422129761993,1756.31406,577.8966309185118,135.951,3068.238843894711,1892.26506,48764.180768
2026-05-24 11:30:00+02:00,2517.4593396796954,1839.695856,589.4164573937186,135.742,3106.875797073414,1975.437856,49171.960071999994
2026-05-24 11:45:00+02:00,2532.1549546021606,1909.27364,597.4086735078289,153.304,3129.5636281099896,2062.57764,49598.107760000006
2026-05-24 12:00:00+02:00,2889.9260936962064,1732.256484,825.4177497960826,160.46,3715.343843492289,1892.716484,49512.861104
2026-05-24 12:15:00+02:00,2880.5081951688044,1730.049248,821.5767554151737,167.222,3702.084950583978,1897.271248,49839.84966
2026-05-24 12:30:00+02:00,2882.5080242398926,1743.886336,834.7353119468105,167.759,3717.2433361867033,1911.645336,49875.337268
2026-05-24 12:45:00+02:00,2916.40029474399,1774.537032,846.3274561876647,174.307,3762.7277509316546,1948.844032,49666.373128
2026-05-24 13:00:00+02:00,3907.2557681784533,1806.636036,917.3308967686673,159.801,4824.586664947121,1966.437036,49215.484796
2026-05-24 13:15:00+02:00,3916.88623953918,1751.791564,912.4915480133693,119.045,4829.377787552549,1870.836564,48806.77508
2026-05-24 13:30:00+02:00,3957.9578510913752,1713.404456,902.9329107484591,114.986,4860.890761839834,1828.390456,48200.531592
2026-05-24 13:45:00+02:00,3973.5787940199743,1765.617496,897.4951476068863,120.93,4871.073941626861,1886.547496,47757.468024
2026-05-24 14:00:00+02:00,4467.98181543368,1875.97268,939.9984676560686,125.46,5407.980283089749,2001.43268,47384.148092
2026-05-24 14:15:00+02:00,4512.956755730188,2069.518916,940.9515906570207,112.617,5453.908346387208,2182.135916,47316.200736
2026-05-24 14:30:00+02:00,4528.62616096068,2291.289992,933.4336002522305,163.328,5462.05976121291,2454.617992,46779.877844
2026-05-24 14:45:00+02:00,4549.316268985282,2453.33702,931.4446108029949,173.727,5480.760879788277,2627.06402,46318.50254
2026-05-24 15:00:00+02:00,4951.414537729814,2601.242196,905.0994690017882,197.596,5856.5140067316015,2798.838196,45704.278812
2026-05-24 15:15:00+02:00,4962.466166533096,2733.472004,929.8936954367462,208.676,5892.359861969842,2942.148004,44770.030884
2026-05-24 15:30:00+02:00,4981.847743364878,3057.259996,940.5218913830219,234.111,5922.3696347479,3291.3709959999996,44161.355319999995
2026-05-24 15:45:00+02:00,5008.518036970129,3457.183228,958.5267152614889,450.379,5967.044752231618,3907.562228,43116.70852
2026-05-24 16:00:00+02:00,4743.143748258639,4275.599084,779.9178864473337,518.774,5523.061634705972,4794.373084000001,42621.359747999995
2026-05-24 16:15:00+02:00,4880.062366809014,4953.683364,797.7186604609772,544.284,5677.781027269991,5497.967364,41486.284448000006
2026-05-24 16:30:00+02:00,4932.7545164019975,5149.823044,798.6962478784588,578.336,5731.4507642804565,5728.159044,40161.929312
2026-05-24 16:45:00+02:00,4989.411891289735,5414.79508,819.8210163472596,608.934,5809.232907636994,6023.72908,38787.43364
2026-05-24 17:00:00+02:00,5950.28848798316,5784.437176,816.950911786784,1188.602,6767.239399769944,6973.039176,39862.650932
2026-05-24 17:15:00+02:00,5929.543473517634,5838.573508,839.7531941831542,1278.501,6769.296667700788,7117.074508000001,38346.680472
2026-05-24 17:30:00+02:00,5922.556387355296,6276.913948,842.7492576986374,1355.86,6765.305645053933,7632.773948,36129.37796
2026-05-24 17:45:00+02:00,5869.4842907579205,6607.30684,848.3386410499123,1451.7,6717.822931807833,8059.00684,33724.349984
2026-05-24 18:00:00+02:00,5654.197042504147,6966.567036,762.9978141642648,1374.448,6417.194856668412,8341.015036,30981.83284
2026-05-24 18:15:00+02:00,5616.804616910408,7334.216072,777.7974201570298,1378.883,6394.602037067438,8713.099072,28406.197828
2026-05-24 18:30:00+02:00,5563.741372552852,7818.672996,770.7762969539293,1433.707,6334.517669506781,9252.379996,25911.354104
2026-05-24 18:45:00+02:00,5507.087536994415,7908.84976,763.5691934671298,1390.867,6270.656730461545,9299.71676,23059.118968
2026-05-24 19:00:00+02:00,5773.421898390971,7860.140192,569.8049118445432,1276.299,6343.226810235515,9136.439192,20234.753864
2026-05-24 19:15:00+02:00,5674.760281303084,7715.376528,580.339734552321,1172.95,6255.100015855405,8888.326528,17540.638488
2026-05-24 19:30:00+02:00,5591.017523659852,7633.37328,580.5544344386656,1160.275,6171.571958098517,8793.64828,15386.196772
2026-05-24 19:45:00+02:00,5484.79849544805,7437.875252,586.3399719869321,1143.318,6071.138467434982,8581.193252,13402.312324
2026-05-24 20:00:00+02:00,6613.226586015717,7248.9737,651.4214671182551,1060.265,7264.648053133972,8309.2387,11616.403788
2026-05-24 20:15:00+02:00,6608.534538646244,7046.961052,649.1665851502291,1031.492,7257.701123796473,8078.453052,10220.429564
2026-05-24 20:30:00+02:00,6674.833565400802,6796.566744,666.125533587335,1017.597,7340.959098988137,7814.163744,9077.920852
2026-05-24 20:45:00+02:00,6763.873108511622,6897.991448,664.8682323963463,958.999,7428.741340907969,7856.990448,8466.723672
2026-05-24 21:00:00+02:00,6591.476520501341,7141.39842,604.8174223860003,931.708,7196.2939428873415,8073.10642,8414.11504
2026-05-24 21:15:00+02:00,6646.369637918777,7235.12216,578.0754441811695,918.474,7224.445082099946,8153.59616,8321.638784
2026-05-24 21:30:00+02:00,6711.0362795393075,6984.924188,567.1248504505909,907.458,7278.161129989899,7892.382188,7970.448447999999
2026-05-24 21:45:00+02:00,6806.068955469559,7235.254876,574.6475920476672,925.84,7380.716547517226,8161.094876,8201.209684
2026-05-24 22:00:00+02:00,7391.5691116466405,7273.911556,566.8128100944499,900.412,7958.38192174109,8174.323556,8290.525664
2026-05-24 22:15:00+02:00,7504.8881109341155,7494.754668,609.479106735471,848.442,8114.367217669586,8343.196668,8391.20354
2026-05-24 22:30:00+02:00,7599.654758946545,7681.39972,641.4676231946205,792.33,8241.122382141166,8473.729720000001,8499.417132
2026-05-24 22:45:00+02:00,7675.334937128278,7743.30058,639.4389411704584,743.319,8314.773878298736,8486.61958,8507.437004000001
2026-05-24 23:00:00+02:00,7021.40783018305,7702.838456,552.3826216206639,669.258,7573.790451803714,8372.096456000001,8392.909944
2026-05-24 23:15:00+02:00,7063.096982739237,7592.196636,544.6272359602868,604.289,7607.7242186995245,8196.485636,8214.450084
2026-05-24 23:30:00+02:00,7090.233289908751,7428.521716,540.8187130194185,523.69,7631.05200292817,7952.211716,7969.553268
2026-05-24 23:45:00+02:00,7134.561359961191,7308.812392,564.4862559030134,441.013,7699.047615864204,7749.825392,7767.638808
2026-05-25 00:00:00+02:00,5869.358743672393,7075.53622,394.3708627782945,373.616,6263.729606450687,7449.15222,7481.410124
2026-05-25 00:15:00+02:00,5884.805602136248,6850.575944,381.34446109295857,350.513,6266.150063229206,7201.088944,7217.770552
2026-05-25 00:30:00+02:00,5885.370737362428,6539.047644,377.0662491425196,352.195,6262.436986504948,6891.242644,6903.754748
2026-05-25 00:45:00+02:00,5900.12533969784,6273.566312,373.5719878423483,362.195,6273.697327540188,6635.761312,6649.498635999999
2026-05-25 01:00:00+02:00,4307.641149640008,6002.908088,598.4952867818783,380.843,4906.136436421886,6383.751088,6396.426824
2026-05-25 01:15:00+02:00,4321.648686081886,5711.645944,601.4186447844212,376.954,4923.067330866307,6088.599944,6100.319815999999
2026-05-25 01:30:00+02:00,4340.218851592263,5411.030444,586.3047708904679,383.669,4926.52362248273,5794.699444,5807.05432
2026-05-25 01:45:00+02:00,4336.724563887449,5104.800304,567.7500797174883,379.485,4904.474643604937,5484.285304,5500.974256
2026-05-25 02:00:00+02:00,3228.2263000200905,4826.763932,603.8891945191042,399.048,3832.1154945391945,5225.811932,5238.299512
2026-05-25 02:15:00+02:00,3224.3623467964,4613.442748,587.7370664172671,402.044,3812.099413213667,5015.486748,5027.530912
2026-05-25 02:30:00+02:00,3212.3007248333247,4323.46228,570.6078934644995,394.77,3782.9086182978244,4718.23228,4735.857976
2026-05-25 02:45:00+02:00,3200.446265749045,4042.565424,557.1205381653177,402.666,3757.5668039143625,4445.231424,4463.768308
2026-05-25 03:00:00+02:00,2506.4383406989364,3838.581272,635.801217098597,413.403,3142.2395577975335,4251.984272,4297.109816
2026-05-25 03:15:00+02:00,2487.2404358714844,3592.330576,634.795955886966,411.774,3122.0363917584505,4004.104576,4044.019628
2026-05-25 03:30:00+02:00,2459.338652430293,3381.238924,632.4391258806573,421.634,3091.7777783109505,3802.872924,3841.602336
2026-05-25 03:45:00+02:00,2450.461581401954,3217.319472,618.8745400692248,465.639,3069.3361214711786,3682.958472,3695.988864
2026-05-25 04:00:00+02:00,1914.0339524289177,3080.314908,667.0919976540195,510.935,2581.1259500829374,3591.249908,3636.94802
2026-05-25 04:15:00+02:00,1901.3634722613137,2940.5342,662.0829353400196,586.127,2563.4464076013332,3526.6612,3550.344788
2026-05-25 04:30:00+02:00,1874.7828622626962,2861.12998,657.5309020595355,663.555,2532.3137643222317,3524.68498,3540.662824
2026-05-25 04:45:00+02:00,1868.0346291103708,2778.43666,648.7781664093538,748.645,2516.8127955197247,3527.08166,3560.79754
2026-05-25 05:00:00+02:00,1769.6229506729492,2664.26272,635.3634181235346,718.266,2404.986368796484,3382.52872,3433.950792
2026-05-25 05:15:00+02:00,1792.1635026901488,2610.6449,624.4373713684464,699.687,2416.6008740585953,3310.3318999999997,3523.2339119999997
2026-05-25 05:30:00+02:00,1823.1414638913557,2629.678556,604.3114062254706,720.398,2427.4528701168265,3350.076556,3919.485812
2026-05-25 05:45:00+02:00,1829.3077729321121,2518.345928,590.4016427162069,723.565,2419.709415648319,3241.910928,4546.542744
2026-05-25 06:00:00+02:00,1608.4479008525766,2397.897096,712.4338842278136,759.053,2320.8817850803903,3156.950096,5520.198784
2026-05-25 06:15:00+02:00,1552.1209057210444,2299.322792,708.7114208498848,813.64,2260.832326570929,3112.962792,6658.596932
2026-05-25 06:30:00+02:00,1469.8601574074555,2193.033676,706.143472467789,867.285,2176.0036298752448,3060.318676,8243.341896
2026-05-25 06:45:00+02:00,1385.8212850475563,2041.207176,676.147192054991,953.445,2061.9684771025472,2994.652176,10218.467924
2026-05-25 07:00:00+02:00,838.804555769778,1839.558264,526.4008416868725,1003.53,1365.2053974566504,2843.088264,12649.434832
2026-05-25 07:15:00+02:00,686.4290135397739,1614.834876,531.429610332997,1049.286,1217.8586238727707,2664.120876,15241.633396
2026-05-25 07:30:00+02:00,499.5193757773411,1345.377668,537.2961877862681,1081.542,1036.8155635636092,2426.919668,18121.57386
2026-05-25 07:45:00+02:00,297.0452399567389,1062.855968,539.398097964816,1148.298,836.4433379215549,2211.153968,21271.928936
2026-05-25 08:00:00+02:00,135.97593840746399,810.861156,801.9807197281643,1230.96,937.9566581356283,2041.821156,24833.153924
2026-05-25 08:15:00+02:00,0.0,602.218464,816.1008246478323,1258.475,816.1008246478323,1860.693464,28215.276448
2026-05-25 08:30:00+02:00,0.0,455.16622,827.0461370973467,1313.099,827.0461370973467,1768.26522,31699.207156
2026-05-25 08:45:00+02:00,0.0,363.761488,820.3744096338335,1408.042,820.3744096338335,1771.803488,35257.198191999996
2026-05-25 09:00:00+02:00,2.5267239965268686,324.229512,782.130137087223,1533.775,784.6568610837498,1858.004512,38730.990888
2026-05-25 09:15:00+02:00,36.20957175314796,314.54186,773.7312386378838,1620.424,809.9408103910318,1934.96586,41797.458188
2026-05-25 09:30:00+02:00,86.30165534886412,328.960348,757.5425458461514,1711.153,843.8442011950154,2040.113348,44305.852188
2026-05-25 09:45:00+02:00,151.86148074419313,363.762168,741.2049179399264,1758.812,893.0663986841196,2122.574168,47018.49704
2026-05-25 10:00:00+02:00,104.8975740575201,391.501596,666.7623399500972,1349.821,771.6599140076173,1741.322596,47230.187728
2026-05-25 10:15:00+02:00,144.54239655085783,448.671672,639.7809819981512,1318.453,784.323378549009,1767.124672,48870.549304
2026-05-25 10:30:00+02:00,185.8232120625782,523.197284,613.4547893134827,1203.026,799.278001376061,1726.223284,50659.040792
2026-05-25 10:45:00+02:00,181.2417173806979,611.101684,595.4905432066049,1255.509,776.7322605873028,1866.610684,52509.519328
2026-05-25 11:00:00+02:00,119.1118068838277,648.333692,592.5787612422711,1470.71,711.6905681260988,2119.043692,53875.199276
2026-05-25 11:15:00+02:00,161.99908694934481,729.456944,578.9255604148173,1389.355,740.9246473641621,2118.811944,55043.463908
2026-05-25 11:30:00+02:00,198.9422976760889,812.08854,594.4225828372967,1239.002,793.3648805133855,2051.09054,55281.70974
2026-05-25 11:45:00+02:00,217.71785165973216,873.016808,599.9977983494398,1193.958,817.7156500091719,2066.974808,56885.204532
2026-05-25 12:00:00+02:00,288.75466782812623,908.09562,686.6484407329156,592.843,975.4031085610418,1500.93862,56292.791288
2026-05-25 12:15:00+02:00,300.8408779661296,966.67616,687.1398357701617,364.191,987.9807137362912,1330.86716,56782.595616
2026-05-25 12:30:00+02:00,309.38155698741053,1044.986348,709.4170766541486,346.022,1018.798633641559,1391.0083479999998,56835.624468
2026-05-25 12:45:00+02:00,353.94351963176643,1077.523604,730.992890672532,263.954,1084.9364103042985,1341.477604,56492.27572
2026-05-25 13:00:00+02:00,208.7759810535141,1130.321844,925.6437903324385,233.887,1134.4197713859526,1364.208844,56397.282312
2026-05-25 13:15:00+02:00,223.62958076392692,1182.395644,928.115158478451,196.451,1151.7447392423778,1378.846644,56846.337876
2026-05-25 13:30:00+02:00,268.42662333880907,1205.425628,921.1019956113175,213.53,1189.5286189501267,1418.955628,55828.344916
2026-05-25 13:45:00+02:00,295.165481149973,1219.916156,913.9646284549075,203.303,1209.1301096048805,1423.219156,55589.951584
2026-05-25 14:00:00+02:00,227.6576534468922,1341.455216,1048.5248044518557,184.265,1276.182457898748,1525.7202160000002,55630.691388
2026-05-25 14:15:00+02:00,261.3506612055701,1455.018052,1049.7517904432736,387.226,1311.1024516488437,1842.244052,55502.555172
2026-05-25 14:30:00+02:00,277.7724041175605,1554.037572,1046.242994265265,412.562,1324.0153983828254,1966.599572,54934.780872
2026-05-25 14:45:00+02:00,294.1558601010854,1690.075884,1044.4060044973999,387.963,1338.5618645984853,2078.038884,54010.35152
2026-05-25 15:00:00+02:00,643.3541283235332,1833.339192,1549.588120332073,464.844,2192.9422486556064,2298.183192,52969.233728
2026-05-25 15:15:00+02:00,634.4465487134762,1929.381616,1572.4877073243695,554.617,2206.9342560378454,2483.998616,52076.428724
2026-05-25 15:30:00+02:00,634.5333031328696,1990.093724,1576.889623339226,575.59,2211.4229264720957,2565.683724,51135.60746
2026-05-25 15:45:00+02:00,641.653210636706,2019.410364,1590.0206333668004,543.57,2231.6738440035065,2562.980364,49615.791948000006
2026-05-25 16:00:00+02:00,724.613537590537,2112.657692,1730.077115086023,1397.157,2454.69065267656,3509.814692,48238.231832
2026-05-25 16:15:00+02:00,831.4988887352818,2179.28206,1692.0610045085398,1936.485,2523.5598932438215,4115.76706,46965.462867999995
2026-05-25 16:30:00+02:00,812.1070732646473,2153.21242,1706.6592909953622,1815.887,2518.7663642600096,3969.09942,44398.642456
2026-05-25 16:45:00+02:00,869.9842254959026,2201.69858,1721.7849444832539,1920.609,2591.7691699791567,4122.307580000001,42740.826576
2026-05-25 17:00:00+02:00,1314.5441956727805,2125.95516,1426.52533556153,2157.989,2741.0695312343105,4283.94416,42491.188436
2026-05-25 17:15:00+02:00,1280.2014030081027,2488.926548,1433.7182894821785,2302.796,2713.9196924902812,4791.722548,40611.019788
2026-05-25 17:30:00+02:00,1246.4482644568293,2609.366728,1471.2968995292551,2212.281,2717.7451639860847,4821.647728,37359.586992
2026-05-25 17:45:00+02:00,1187.7005881526422,2562.180408,1477.9280710334162,2087.2,2665.6286591860585,4649.380408,33716.276148
2026-05-25 18:00:00+02:00,2464.133284506025,2575.363704,1397.381379509486,1989.626,3861.514664015511,4564.989704,30068.54096
2026-05-25 18:15:00+02:00,2426.787018133974,2608.117992,1422.7757856098592,1899.762,3849.5628037438332,4507.879992,26473.739712
2026-05-25 18:30:00+02:00,2376.068622312157,2624.267224,1426.5302457566033,1854.814,3802.5988680687606,4479.0812240000005,22930.176276
2026-05-25 18:45:00+02:00,2320.203555163179,2656.81586,1430.1469691677826,1832.339,3750.3505243309614,4489.154860000001,19576.97718
2026-05-25 19:00:00+02:00,2695.724206940659,2668.061248,1440.3614276755006,1800.302,4136.08563461616,4468.363248,16332.293772
2026-05-25 19:15:00+02:00,2601.49294848992,2667.054368,1455.3999805955532,1794.833,4056.892929085473,4461.887368,13555.166784
2026-05-25 19:30:00+02:00,2497.6406930737307,2665.628968,1455.0104599147894,1823.045,3952.65115298852,4488.673968,11179.388612
2026-05-25 19:45:00+02:00,2402.0289535008887,2632.987752,1455.9360077923495,1875.647,3857.964961293238,4508.634752,9333.867924
2026-05-25 20:00:00+02:00,2635.2693134622855,2678.516084,1439.6779936655976,1946.783,4074.947307127883,4625.299084,7892.78474
2026-05-25 20:15:00+02:00,2617.0554047399296,2751.175284,1437.0994814719684,1973.089,4054.154886211898,4724.264284,6889.569904
2026-05-25 20:30:00+02:00,2674.2328960708073,2850.357336,1456.0010755986325,1971.886,4130.23397166944,4822.2433359999995,6141.999239999999
2026-05-25 20:45:00+02:00,2766.886101478794,3161.835096,1457.731899457196,1961.245,4224.6180009359905,5123.080096,5823.069528
2026-05-25 21:00:00+02:00,3186.0278106090773,3563.06264,1639.925985811097,1971.132,4825.9537964201745,5534.19464,5854.550824
2026-05-25 21:15:00+02:00,3235.476035569433,3823.179704,1614.483325070289,1989.216,4849.959360639722,5812.3957040000005,5975.60894
2026-05-25 21:30:00+02:00,3292.683572580936,3896.499912,1605.7034910230914,1981.074,4898.387063604027,5877.573912,5983.729224
2026-05-25 21:45:00+02:00,3383.2412692457597,4245.946604,1614.5340798522159,2005.725,4997.775349097976,6251.671603999999,6343.057628
2026-05-25 22:00:00+02:00,3423.8562124650953,4541.287644,1602.1023495896839,2044.251,5025.958562054779,6585.538644,6720.200756
2026-05-25 22:15:00+02:00,3538.615025004555,4810.016596,1643.3530649077923,2071.802,5181.968089912347,6881.818596000001,6938.949936000001
2026-05-25 22:30:00+02:00,3632.883656683978,5020.564532,1671.339511204663,2091.337,5304.223167888641,7111.901532,7152.3957439999995
2026-05-25 22:45:00+02:00,3708.6264289964092,5253.142656,1665.6993050405545,2126.57,5374.325734036964,7379.712656,7399.16646
2026-05-25 23:00:00+02:00,4516.250112779743,5431.488232,1668.0267681378834,2191.434,6184.276880917627,7622.922232,7638.073364
2026-05-25 23:15:00+02:00,4564.734841717245,5583.463772,1659.2685293623574,2238.587,6224.003371079602,7822.050772,7848.904172
2026-05-25 23:30:00+02:00,4602.491010087711,5754.88102,1654.8717495894439,2237.142,6257.362759677155,7992.02302,8007.526736
2026-05-25 23:45:00+02:00,4647.9920957651975,5869.22788,1676.8832215305877,2236.756,6324.875317295785,8105.98388,8120.265988
2026-05-26 00:00:00+02:00,5409.605515159884,5908.263572,1784.6775649002439,2223.678,7194.283080060128,8131.941572,8145.42504
2026-05-26 00:15:00+02:00,5418.602001796422,5888.2009,1772.5585842214768,2267.897,7191.160586017899,8156.0979,8171.280792
2026-05-26 00:30:00+02:00,5408.694499383005,5831.160456,1769.1627321874262,2275.016,7177.857231570431,8106.176455999999,8117.769232
2026-05-26 00:45:00+02:00,5413.792752208313,5799.271712,1765.570762100447,2278.151,7179.3635143087595,8077.422712,8088.869108
2026-05-26 01:00:00+02:00,4863.310509315642,5699.929492,1866.1084447251455,2265.951,6729.418954040788,7965.880492,7977.825040000001
2026-05-26 01:15:00+02:00,4872.4794498196425,5597.401692,1864.1847263188256,2267.962,6736.664176138468,7865.363692000001,7876.819008
2026-05-26 01:30:00+02:00,4876.814382505619,5533.593784,1846.3688134922888,2284.868,6723.183195997907,7818.461783999999,7830.083607999999
2026-05-26 01:45:00+02:00,4863.16506559665,5496.939604,1825.4254877778494,2315.745,6688.590553374499,7812.684604,7824.239564
2026-05-26 02:00:00+02:00,4368.275278438487,5448.779768,1739.8765470986716,2366.109,6108.151825537158,7814.888768000001,7826.228480000001
2026-05-26 02:15:00+02:00,4357.94552230149,5449.921708,1726.2467532323512,2417.996,6084.192275533842,7867.917708,7878.888368
2026-05-26 02:30:00+02:00,4334.576407655014,5462.252108,1707.8165109832921,2472.78,6042.392918638307,7935.032107999999,7946.393827999999
2026-05-26 02:45:00+02:00,4316.307588518886,5412.165804,1692.296108040965,2502.234,6008.603696559851,7914.399804000001,7925.366824000001
2026-05-26 03:00:00+02:00,4114.750127868588,5373.039608,1558.8248540241564,2473.273,5673.574981892744,7846.312608,7857.26368
2026-05-26 03:15:00+02:00,4087.543840241372,5300.825024,1555.741142312781,2454.944,5643.2849825541525,7755.769023999999,7765.958495999999
2026-05-26 03:30:00+02:00,4057.998007144076,5242.893968,1553.8247627600829,2406.977,5611.822769904159,7649.870968,7660.733168
2026-05-26 03:45:00+02:00,4042.561747526061,5194.650804,1542.6817718289883,2390.622,5585.243519355049,7585.272804,7595.782652
2026-05-26 04:00:00+02:00,3434.490078782813,5073.858556,1327.2578783341266,2372.735,4761.74795711694,7446.593556,7457.52512
2026-05-26 04:15:00+02:00,3421.2558601184737,4966.604632,1326.0062761039467,2375.981,4747.26213622242,7342.585632,7353.326716
2026-05-26 04:30:00+02:00,3393.923653428116,4954.789804,1321.2194350238685,2364.357,4715.143088451984,7319.146804,7330.422252
2026-05-26 04:45:00+02:00,3374.4189713233077,4946.137512,1311.9907845135058,2332.916,4686.409755836814,7279.053512,7295.192788
2026-05-26 05:00:00+02:00,2825.6815282181237,4868.132672,1273.2529781077317,2288.815,4098.934506325855,7156.947672,7215.803608
2026-05-26 05:15:00+02:00,2843.6143573250274,4879.768848,1255.777214273345,2290.979,4099.391571598372,7170.747847999999,7396.245223999999
2026-05-26 05:30:00+02:00,2866.3563844941195,4828.543936,1218.5304781644727,2338.612,4084.8868626585922,7167.155936,7765.336088
2026-05-26 05:45:00+02:00,2865.310832534009,4723.930368,1206.5432411998909,2390.647,4071.8540737339,7114.577368,8426.880476
2026-05-26 06:00:00+02:00,2630.239544306951,4691.626732,1181.4480586459888,2500.641,3811.6876029529394,7192.267732,9435.905456
2026-05-26 06:15:00+02:00,2572.191490884253,4650.4848,1176.8677265257934,2599.666,3749.0592174100466,7250.1508,10755.825304
2026-05-26 06:30:00+02:00,2487.212734235937,4500.10108,1178.7668110511192,2669.604,3665.9795452870567,7169.70508,12251.333528
2026-05-26 06:45:00+02:00,2393.166228656853,4251.153052,1169.5702758457928,2688.165,3562.736504502646,6939.318052,13967.358288
2026-05-26 07:00:00+02:00,1825.288710011195,3898.631484,996.3809116358178,2666.984,2821.6696216470127,6565.615484,16020.081884
2026-05-26 07:15:00+02:00,1670.090197383577,3529.044324,1003.295214426231,2797.041,2673.385411809808,6326.085324,18423.292164
2026-05-26 07:30:00+02:00,1470.6123024817623,3114.687988,1016.7337558974054,3031.917,2487.3460583791675,6146.604988,21224.548368
2026-05-26 07:45:00+02:00,1250.2160597218644,2700.849648,1026.3593941272372,3214.33,2276.575453849102,5915.179647999999,24218.333831999997
2026-05-26 08:00:00+02:00,1067.7863946814107,2316.857932,1398.1719330779192,3345.715,2465.95832775933,5662.572932,27420.510256
2026-05-26 08:15:00+02:00,889.2962425514836,1930.303932,1404.7238768219538,3530.736,2294.0201193734374,5461.039932,30612.701604
2026-05-26 08:30:00+02:00,747.4193616833106,1585.652532,1364.881795528848,3615.969,2112.3011572121586,5201.621532,33817.84604
2026-05-26 08:45:00+02:00,687.1469567925228,1300.520076,1354.7495063902343,3501.893,2041.896463182757,4802.413076,36673.414639999995
2026-05-26 09:00:00+02:00,607.464756560642,1210.974304,1760.0443246083123,3115.399,2367.5090811689543,4326.373304,39414.623464
2026-05-26 09:15:00+02:00,662.7186355814492,1249.658464,1751.729100604216,3470.857,2414.4477361856652,4720.515464,42882.916088
2026-05-26 09:30:00+02:00,717.9842612087522,1399.400368,1744.214560209397,3433.052,2462.1988214181492,4832.452368,45539.295252
2026-05-26 09:45:00+02:00,801.0352522802019,1601.91328,1734.0996192696293,3827.726,2535.134871549831,5429.63928,48620.834144
2026-05-26 10:00:00+02:00,602.7541506108963,1846.06842,2338.2781446857703,4605.57,2941.0322952966667,6451.638419999999,51970.86528
2026-05-26 10:15:00+02:00,655.9543848797041,2078.061512,2330.12447939824,4884.562,2986.0788642779444,6962.623512,54598.197499999995
2026-05-26 10:30:00+02:00,718.0084685049526,2231.458432,2301.9576470050697,4732.664,3019.966115510022,6964.122432,56318.641392000005
2026-05-26 10:45:00+02:00,752.0271211214794,2337.604844,2286.3191305295027,4800.065,3038.346251650982,7137.669844,57430.853403999994
2026-05-26 11:00:00+02:00,1039.976411900239,2629.739312,2682.143487626704,5277.061,3722.1198995269433,7906.800311999999,59550.75014
2026-05-26 11:15:00+02:00,1113.3364202753428,2910.135672,2676.240864372977,5407.553,3789.5772846483196,8317.688672,60882.0972
2026-05-26 11:30:00+02:00,1168.7702664011608,3226.514656,2691.440730897799,5420.728,3860.2109972989597,8647.242656,61554.176736
2026-05-26 11:45:00+02:00,1214.7842157390903,3553.146744,2705.0339941069133,5339.078,3919.818209846004,8892.224744000001,62942.646356
2026-05-26 12:00:00+02:00,2249.828034815052,3751.37392,2987.2139470379957,5311.657,5237.041981853048,9063.03092,63075.1257
2026-05-26 12:15:00+02:00,2283.640160445268,3949.104572,2989.2741679301225,5153.739,5272.914328375391,9102.843572,63142.306379999995
2026-05-26 12:30:00+02:00,2303.8472744764626,4264.738308,3012.4541562951504,5152.896,5316.301430771613,9417.634308,63543.996168
2026-05-26 12:45:00+02:00,2350.4151664196634,4407.378408,3030.8795989531072,4763.172,5381.294765372771,9170.550408,63620.62717199999
2026-05-26 13:00:00+02:00,2946.692069053017,4742.61852,3306.5770870193187,4637.425,6253.269156072336,9380.04352,63942.048228
2026-05-26 13:15:00+02:00,2973.091041915256,5016.371392,3316.380552030724,3589.03,6289.47159394598,8605.401392,63238.728432
2026-05-26 13:30:00+02:00,3007.486753787781,5326.261908,3309.0298287609658,3658.819,6316.516582548747,8985.080908,63320.35980400001
2026-05-26 13:45:00+02:00,3036.270788013294,5602.213712,3302.719642595679,3420.989,6338.990430608973,9023.202712,62569.785835999995
2026-05-26 14:00:00+02:00,3923.12417637643,6023.804224,3437.4899542674907,3121.408,7360.61413064392,9145.212224,62570.522684
2026-05-26 14:15:00+02:00,3964.6432735897497,6361.123528,3436.0911205938137,2757.997,7400.734394183563,9119.120528,62341.82256
2026-05-26 14:30:00+02:00,3992.0284353849834,6583.022572,3433.4735844164948,2434.433,7425.502019801478,9017.455572,61699.616308
2026-05-26 14:45:00+02:00,4007.8463740949915,6801.290568,3427.2230483299563,2226.539,7435.069422424947,9027.829568,61045.589636
2026-05-26 15:00:00+02:00,4450.086074613904,7056.661732,2635.668364977188,2244.584,7085.754439591092,9301.245732,60486.58826
2026-05-26 15:15:00+02:00,4440.305532502003,7269.702344,2653.0173198740504,2074.359,7093.322852376054,9344.061344,59488.838776
2026-05-26 15:30:00+02:00,4436.107981356616,7532.353016,2656.4672934064615,1842.502,7092.575274763078,9374.855016,57994.798576
2026-05-26 15:45:00+02:00,4427.220014915239,7667.245492,2683.8374027106984,1683.59,7111.057417625937,9350.835492,56917.37402
2026-05-26 16:00:00+02:00,5169.089141347107,7671.313836,1973.4328480813228,1543.151,7142.52198942843,9214.464836,55110.722496
2026-05-26 16:15:00+02:00,5228.454784427278,7868.80832,1940.520628810797,1351.157,7168.975413238075,9219.96532,53331.070108
2026-05-26 16:30:00+02:00,5203.3673437637135,8026.321732,1924.428972672261,1088.578,7127.796316435974,9114.899732,51128.531687999995
2026-05-26 16:45:00+02:00,5187.801421893645,7899.994212,1938.5630317861471,845.173,7126.364453679792,8745.167212,48400.223016
2026-05-26 17:00:00+02:00,5971.256089752421,7780.446972,1881.9674388354013,1170.2,7853.223528587822,8950.646972,45888.616084
2026-05-26 17:15:00+02:00,5902.031209315494,7622.19452,1869.5625106431137,1092.423,7771.593719958608,8714.61752,42698.049412
2026-05-26 17:30:00+02:00,5850.209998169468,7543.87778,1879.5781058759662,1007.068,7729.788104045434,8550.94578,39287.8743
2026-05-26 17:45:00+02:00,5775.59899703101,7406.297152,1886.205756673984,1081.006,7661.804753704994,8487.303152,35956.695456
2026-05-26 18:00:00+02:00,6096.899304519804,7250.768408,1926.6915414770174,1376.173,8023.590845996821,8626.941408,32718.871276
2026-05-26 18:15:00+02:00,6036.326347529411,7098.822356,1946.6267711458777,1520.355,7982.953118675288,8619.177356,29375.877864
2026-05-26 18:30:00+02:00,5975.212395608674,6962.657072,1971.3056155689956,1548.482,7946.51801117767,8511.139072,25992.552748
2026-05-26 18:45:00+02:00,5910.076351593179,6669.452852,1980.211818524278,1588.135,7890.288170117457,8257.587852,22646.096868
2026-05-26 19:00:00+02:00,6620.325069444831,6678.63684,2319.3811355994194,1802.55,8939.706205044251,8481.18684,19853.049488
2026-05-26 19:15:00+02:00,6522.615843804112,6499.263784,2331.4284675205963,1984.846,8854.04431132471,8484.109784,17266.11128
2026-05-26 19:30:00+02:00,6461.113569608396,6506.988476,2324.3904333699343,2093.059,8785.50400297833,8600.047476,15215.836364
2026-05-26 19:45:00+02:00,6388.50720242972,6496.778336,2325.1262787708765,2152.717,8713.633481200595,8649.495336,13518.295308
2026-05-26 20:00:00+02:00,7924.6200719596145,6474.909224,3057.265241972715,2316.912,10981.88531393233,8791.821224,12184.405048
2026-05-26 20:15:00+02:00,7885.265666354678,6629.086152,3052.010254257331,2405.654,10937.275920612008,9034.740152,11299.995012
2026-05-26 20:30:00+02:00,7940.2757414482285,6726.668112,3074.4344122048246,2734.792,11014.710153653054,9461.460112,10819.774476
2026-05-26 20:45:00+02:00,8026.563625486298,7091.848028,3081.176767769569,2937.565,11107.740393255866,10029.413028,10734.192364
2026-05-26 21:00:00+02:00,9017.51722075584,7813.007972,3262.1052608479986,3094.61,12279.62248160384,10907.617972,11269.913896
2026-05-26 21:15:00+02:00,9060.846389367589,8516.787368,3249.2979779443567,3131.88,12310.144367311947,11648.667368,11834.700911999998
2026-05-26 21:30:00+02:00,9112.504187684635,8888.760372,3238.0787400841714,3006.445,12350.582927768806,11895.205372,11957.406004
2026-05-26 21:45:00+02:00,9215.985785102976,9404.738768,3243.733474262647,2904.311,12459.719259365622,12309.049768,12348.470344
2026-05-26 22:00:00+02:00,12356.661364356687,9760.404076,3474.391462313024,2927.158,15831.052826669711,12687.562076,12775.97198
2026-05-26 22:15:00+02:00,12480.580282585639,10308.008256,3493.5830156075453,3184.162,15974.163298193183,13492.170256,13536.390836
2026-05-26 22:30:00+02:00,12592.044044827095,10653.433296,3513.576386218896,3128.535,16105.62043104599,13781.968296,13810.321396
2026-05-26 22:45:00+02:00,12677.67967764965,10901.33424,3508.751034377421,3075.903,16186.430712027071,13977.23724,14000.496088
2026-05-26 23:00:00+02:00,13575.519815683045,11014.892392,3561.4268636462643,3019.352,17136.94667932931,14034.244392,14056.488256
2026-05-26 23:15:00+02:00,13635.438947568982,11162.429672,3555.06140298663,2976.392,17190.500350555612,14138.821672,14151.389812
2026-05-26 23:30:00+02:00,13682.116228432855,11241.542048,3551.875448404725,3066.154,17233.99167683758,14307.696048,14319.653424
2026-05-26 23:45:00+02:00,13739.413334307012,11243.730216,3575.4921781800526,3076.748,17314.905512487065,14320.478216,14338.6301
2026-05-27 00:00:00+02:00,13996.469693905463,11224.826984,3703.00222939352,3018.088,17699.47192329898,14242.914984,14353.405732
2026-05-27 00:15:00+02:00,14029.336209783905,11312.09194,3699.2494127426767,2987.899,17728.58562252658,14299.99094,14316.409072
2026-05-27 00:30:00+02:00,14041.191293099379,11401.011004,3689.964362988803,3195.942,17731.15565608818,14596.953004,14610.55874
2026-05-27 00:45:00+02:00,14068.49217814703,11295.505596,3691.813766083256,3358.66,17760.305944230284,14654.165596,14665.62512
2026-05-27 01:00:00+02:00,13365.858930964449,11093.354348,3686.592499381594,3244.115,17052.451430346042,14337.469348,14349.98246
2026-05-27 01:15:00+02:00,13389.808899150792,11077.576072,3688.547294274038,3387.698,17078.35619342483,14465.274072,14476.337156
2026-05-27 01:30:00+02:00,13409.756975716311,11211.57664,3676.401093350236,3491.95,17086.158069066547,14703.52664,14715.144892
2026-05-27 01:45:00+02:00,13414.522236381827,11304.999336,3656.66181879768,3671.749,17071.184055179507,14976.748336,14987.940176
2026-05-27 02:00:00+02:00,12333.4006762194,11390.159928,3672.536001332652,3754.89,16005.936677552052,15145.049928,15156.484111999998
2026-05-27 02:15:00+02:00,12338.86400636472,11500.706664,3663.5261771847045,3706.931,16002.390183549425,15207.637664,15221.366944
2026-05-27 02:30:00+02:00,12329.476129063798,11542.700916,3650.0082750287024,3815.524,15979.4844040925,15358.224916,15370.924136
2026-05-27 02:45:00+02:00,12324.967072134965,11603.856664,3638.2603141803506,4047.535,15963.227386315315,15651.391664,15665.53764
2026-05-27 03:00:00+02:00,12179.554561978017,11775.922372,3731.3563558523215,4268.423,15910.910917830339,16044.345372,16058.423596
2026-05-27 03:15:00+02:00,12160.436365282852,11806.187148,3733.0960735652175,4362.615,15893.53243884807,16168.802148,16182.2493
2026-05-27 03:30:00+02:00,12141.472868755967,11806.682824,3736.648653562009,4294.182,15878.121522317975,16100.864824,16114.962488
2026-05-27 03:45:00+02:00,12137.552905318464,11800.026024,3730.761590950095,4293.753,15868.314496268558,16093.779024,16107.915492
2026-05-27 04:00:00+02:00,12203.91009004761,11839.478896,3753.9343390761305,4414.369,15957.84442912374,16253.847896,16268.127016
2026-05-27 04:15:00+02:00,12198.860450557164,11852.072212,3755.869444745292,4613.454,15954.729895302456,16465.526211999997,16477.095143999995
2026-05-27 04:30:00+02:00,12184.477144476903,11912.112204,3755.1540787923386,4693.179,15939.631223269242,16605.291204,16616.861884
2026-05-27 04:45:00+02:00,12177.202375623528,12145.093828,3751.7193288137364,4831.822,15928.921704437265,16976.915827999997,16994.091635999997
2026-05-27 05:00:00+02:00,12348.647165848583,12178.233332,3853.3752505406396,4973.281,16202.022416389222,17151.514332,17209.305064
2026-05-27 05:15:00+02:00,12382.68045328532,12402.911548,3845.3165813301835,5107.002,16227.997034615504,17509.913548,17739.294668000002
2026-05-27 05:30:00+02:00,12417.36407029299,12304.604692,3839.9737334545966,5194.187,16257.337803747587,17498.791692,18104.8088
2026-05-27 05:45:00+02:00,12424.979319928252,11891.390268,3835.680468542968,5112.399,16260.659788471221,17003.789268,18354.596408
2026-05-27 06:00:00+02:00,10659.947015852033,11646.942824,3836.1854822549103,5350.037,14496.132498106943,16996.979824000002,19264.098088
2026-05-27 06:15:00+02:00,10613.669190905679,11302.633976,3833.2418526585448,5215.365,14446.911043564223,16517.998976,19970.069968
2026-05-27 06:30:00+02:00,10542.773209389488,10966.567576,3842.0953615016633,5114.0,14384.86857089115,16080.567576,21035.099384
2026-05-27 06:45:00+02:00,10461.362670525697,10524.413076,3840.14779829504,5049.999,14301.510468820738,15574.412076,22345.357088
2026-05-27 07:00:00+02:00,8289.854485676806,10271.665712,3588.2997397411677,4829.359,11878.154225417973,15101.024712,24122.711632
2026-05-27 07:15:00+02:00,8149.179252444159,10309.229764,3603.622799425074,4773.368,11752.802051869232,15082.597764,26693.39914
2026-05-27 07:30:00+02:00,7947.293056322411,10187.603276,3626.741843505925,4806.276,11574.034899828335,14993.879276,29446.944956
2026-05-27 07:45:00+02:00,7749.913487732965,9843.31662,3642.0306169209443,4736.383,11391.94410465391,14579.69962,32152.777164
2026-05-27 08:00:00+02:00,6723.266993085781,9202.191712,3368.9596287242525,4153.311,10092.226621810034,13355.502712,34411.813691999996
2026-05-27 08:15:00+02:00,6463.882031337092,8553.10244,3384.047518886486,3974.869,9847.929550223578,12527.97144,36993.077116
2026-05-27 08:30:00+02:00,6311.136113583706,7788.464244,3273.570689622446,3909.302,9584.706803206152,11697.766244,39650.73598
2026-05-27 08:45:00+02:00,6248.635459496062,7071.299464,3266.0588249871794,3927.996,9514.694284483241,10999.295464,42347.280812
2026-05-27 09:00:00+02:00,5000.961060892352,6460.696656,3001.4019304767517,3933.23,8002.362991369104,10393.926656,44940.878295999995
2026-05-27 09:15:00+02:00,5058.253976594491,6022.968316,2997.247477143764,3837.151,8055.501453738256,9860.119316,47015.017592
2026-05-27 09:30:00+02:00,5115.3324743574,5779.279228,2997.3946852035792,3798.242,8112.72715956098,9577.521228,49645.87478
2026-05-27 09:45:00+02:00,5198.156940865591,5646.176788,2989.6840236666844,3856.272,8187.840964532275,9502.448788,52284.812996
2026-05-27 10:00:00+02:00,5383.308422446749,5560.312364,2835.1485918245226,4073.473,8218.457014271273,9633.785364,54827.829188
2026-05-27 10:15:00+02:00,5442.325350366319,5711.668132,2828.777017994599,3826.254,8271.102368360918,9537.922132,57112.407532
2026-05-27 10:30:00+02:00,5505.462099876612,5792.01002,2805.1082516296574,3808.145,8310.57035150627,9600.15502,59166.696696
2026-05-27 10:45:00+02:00,5543.501443438256,5404.229324,2789.9997975627966,3657.742,8333.501241001053,9061.971324,59512.736959999995
2026-05-27 11:00:00+02:00,5455.3278844997685,5491.281012,2590.9233913678395,2733.461,8046.251275867608,8224.742012,59072.669312000005
2026-05-27 11:15:00+02:00,5530.008405690667,5822.957592,2581.9405163994174,2663.984,8111.948922090085,8486.941592,59847.787144
2026-05-27 11:30:00+02:00,5588.870118473729,5891.521168,2591.7741661346126,2493.052,8180.644284608342,8384.573168,59981.623796
2026-05-27 11:45:00+02:00,5638.2062729755635,5899.1621,2603.5496573969817,2448.003,8241.755930372545,8347.1651,60790.820408
2026-05-27 12:00:00+02:00,6092.4735692841405,5810.070624,1963.8492505190197,2088.123,8056.32281980316,7898.193624,60554.72896
2026-05-27 12:15:00+02:00,6128.1327524202625,5961.556108,1959.4936305962692,1830.731,8087.626383016532,7792.287108,60821.052976
2026-05-27 12:30:00+02:00,6149.344304836664,6115.75494,1980.6459167562477,1787.518,8129.990221592912,7903.27294,60709.945284
2026-05-27 12:45:00+02:00,6194.390756698811,6481.010564,1995.218174965321,1807.384,8189.608931664132,8288.394564,60755.779484
2026-05-27 13:00:00+02:00,6745.738768042071,6615.111872,1821.6521790000033,1819.406,8567.390947042073,8434.517872,61138.825016
2026-05-27 13:15:00+02:00,6773.139132049474,6761.031624,1830.107367809741,1723.598,8603.246499859215,8484.629624000001,60535.6181
2026-05-27 13:30:00+02:00,6806.066463474283,6927.649332,1823.092864014462,1592.609,8629.159327488745,8520.258332,60535.800332
2026-05-27 13:45:00+02:00,6834.961716101905,7197.160444,1816.5718742080758,1631.396,8651.53359030998,8828.556444,60436.12304
2026-05-27 14:00:00+02:00,7677.558627393044,7430.255888,1704.3102269723752,1826.418,9381.868854365419,9256.673888,60629.879468
2026-05-27 14:15:00+02:00,7722.216832207725,7849.355424,1708.499739044073,1550.673,9430.716571251798,9400.028424,59982.768584000005
2026-05-27 14:30:00+02:00,7752.208196217901,8151.096424,1706.0768763030826,1202.776,9458.285072520983,9353.872424,59032.603332
2026-05-27 14:45:00+02:00,7772.792237827568,8271.687192,1699.1251745069846,1139.864,9471.917412334553,9411.551192,58036.3658
2026-05-27 15:00:00+02:00,8650.891785148695,8198.9067,1627.0908737132006,1223.608,10277.982658861896,9422.5147,56424.939988
2026-05-27 15:15:00+02:00,8649.989419165639,8249.153108,1646.1428408702648,1256.445,10296.132260035904,9505.598108,55332.833056
2026-05-27 15:30:00+02:00,8718.151798446239,8453.049324,1650.6159868185487,1578.908,10368.767785264787,10031.957324,54552.250755999994
2026-05-27 15:45:00+02:00,8823.945700666904,8663.057876,1677.2423035835714,1687.516,10501.188004250474,10350.573876,53550.278144
2026-05-27 16:00:00+02:00,9712.846151243171,9310.70048,1935.1218152748306,1705.073,11647.967966518001,11015.77348,53431.811740000005
2026-05-27 16:15:00+02:00,9857.109734323656,10516.629868,1914.1204419968133,1911.697,11771.230176320469,12428.326868,53374.62063600001
2026-05-27 16:30:00+02:00,10042.529035833177,11591.944872,1889.026672237175,2064.346,11931.555708070351,13656.290872,52736.69708
2026-05-27 16:45:00+02:00,10034.786796341501,12477.163288,1899.8255305936345,2221.234,11934.612326935136,14698.397288,52975.599976
2026-05-27 17:00:00+02:00,12436.738750200897,13557.437268,2023.1510995533088,2767.873,14459.889849754205,16325.310268,53442.331372
2026-05-27 17:15:00+02:00,12364.246708325754,13991.0088,2011.2745160028712,2655.788,14375.521224328626,16646.7968,50995.79806
2026-05-27 17:30:00+02:00,12324.333436048953,14117.13956,2017.7967479266897,2566.996,14342.130183975643,16684.13556,47814.08022
2026-05-27 17:45:00+02:00,12258.389516366651,14335.31338,2021.4473589856764,2602.518,14279.836875352328,16937.83138,44945.882972
2026-05-27 18:00:00+02:00,13287.479013607284,14520.1596,2343.641457155536,3086.965,15631.12047076282,17607.124600000003,42435.0395
2026-05-27 18:15:00+02:00,13223.992475769355,14475.461288,2351.5751250072635,3191.944,15575.56760077662,17667.405288,39426.844816
2026-05-27 18:30:00+02:00,13160.719129914267,14410.37808,2349.915611112805,3234.093,15510.634741027072,17644.47108,36056.852287999995
2026-05-27 18:45:00+02:00,13095.388430242907,14214.361292,2359.7249456632635,3263.876,15455.11337590617,17478.237291999998,32532.026963999997
2026-05-27 19:00:00+02:00,14205.924563918412,14050.215536,2526.997170915757,3272.323,16732.92173483417,17322.538536,29336.483304
2026-05-27 19:15:00+02:00,14111.068972860354,13909.409996,2540.5657590466026,3288.608,16651.634731906957,17198.017996000002,26507.988772000004
2026-05-27 19:30:00+02:00,13994.537892273023,13613.715584,2543.2726307116377,3150.364,16537.810522984662,16764.079584,23757.81004
2026-05-27 19:45:00+02:00,13925.882091365664,13109.445604,2546.6682218458886,2976.597,16472.550313211552,16086.042604,21193.87744
2026-05-27 20:00:00+02:00,14180.287495730052,12575.133032,2566.874773487402,2532.891,16747.162269217453,15108.024032,18607.723512
2026-05-27 20:15:00+02:00,14137.966043214674,12054.827432,2562.7176091065044,2370.596,16700.68365232118,14425.423432,16723.556936
2026-05-27 20:30:00+02:00,14192.086263133519,11626.439912,2585.25692026272,2252.869,16777.34318339624,13879.308912,15317.4697
2026-05-27 20:45:00+02:00,14287.440138842356,11430.552932,2592.833633659541,2214.696,16880.273772501896,13645.248932,14428.605008
2026-05-27 21:00:00+02:00,13262.652366892433,11745.767872,2782.2929811189956,2043.433,16044.945348011428,13789.200872,14156.099000000002
2026-05-27 21:15:00+02:00,13308.296650450196,12003.641092,2771.5788938465,2189.438,16079.875544296696,14193.079092,14370.648604
2026-05-27 21:30:00+02:00,13356.232824805309,11552.36818,2761.0746129551244,2296.014,16117.307437760433,13848.38218,13926.196336
2026-05-27 21:45:00+02:00,13462.842055279398,11526.345592,2767.2858193039124,2274.88,16230.12787458331,13801.225592,13835.148564
2026-05-27 22:00:00+02:00,13461.845841053,11443.401764,2740.934818540913,2424.973,16202.780659593913,13868.374764,13956.889116
2026-05-27 22:15:00+02:00,13589.198594387251,11483.808448,2759.4918509861964,2466.926,16348.690445373448,13950.734448,13970.354424
2026-05-27 22:30:00+02:00,13701.975805663154,11575.822912,2779.1058319391154,2459.174,16481.08163760227,14034.996912,14050.472731999998
2026-05-27 22:45:00+02:00,13791.623432491975,11735.035988,2776.1201020697877,2410.409,16567.743534561763,14145.444988,14159.958808
2026-05-27 23:00:00+02:00,12036.836911068562,11582.416264,2453.629414160783,2931.006,14490.466325229345,14513.422264,14526.958379999998
2026-05-27 23:15:00+02:00,12100.247653192326,11365.773068,2448.324788395915,2865.499,14548.572441588241,14231.272068,14243.453856
2026-05-27 23:30:00+02:00,12149.037963424023,10975.296964,2444.593141212608,2746.519,14593.631104636632,13721.815964,13733.913684
2026-05-27 23:45:00+02:00,12207.048275624451,10657.588116,2467.4216241614336,2633.093,14674.469899785885,13290.681116,13317.832884
2026-05-28 00:00:00+02:00,10525.77510818403,10502.010656,2239.0596887707934,2516.012,12764.834796954823,13018.022656,13032.754320000002
2026-05-28 00:15:00+02:00,10561.672606139826,10286.658832,2234.9724024091333,2465.425,12796.64500854896,12752.083832,12767.507972
2026-05-28 00:30:00+02:00,10577.280827753204,10006.473216,2231.594411092036,2452.662,12808.87523884524,12459.135216,12471.329056
2026-05-28 00:45:00+02:00,10601.386621040298,9731.226512,2236.7773509626313,2244.221,12838.163972002929,11975.447512,11988.761836
2026-05-28 01:00:00+02:00,8173.349947780805,9333.769188,1770.3181401532534,2032.604,9943.668087934058,11366.373188,11377.663408
2026-05-28 01:15:00+02:00,8198.23073503952,9097.063324,1775.6650152700279,1866.963,9973.895750309548,10964.026324,10977.116784
2026-05-28 01:30:00+02:00,8223.202809034896,8864.063228,1766.132529792351,1688.641,9989.335338827246,10552.704228,10564.04254
2026-05-28 01:45:00+02:00,8231.500236321932,8546.483568,1751.187706919389,1544.655,9982.68794324132,10091.138568,10102.296336
2026-05-28 02:00:00+02:00,7115.29959016743,8047.571428,1397.004403718914,1535.098,8512.303993886344,9582.669428,9596.320812000002
2026-05-28 02:15:00+02:00,7124.269238335756,7549.152892,1386.8753508639202,1582.453,8511.144589199677,9131.605892,9155.040064
2026-05-28 02:30:00+02:00,7117.160287086176,7112.140264,1376.7874299298542,1555.715,8493.94771701603,8667.855264,8710.610672
2026-05-28 02:45:00+02:00,7115.0727175526345,6775.024592,1371.0596417515562,1634.66,8486.13235930419,8409.684592,8429.274792
2026-05-28 03:00:00+02:00,5574.961209747892,6567.139304,1349.7283813588758,1655.266,6924.689591106768,8222.405304,8237.914356
2026-05-28 03:15:00+02:00,5557.4684298949605,6397.245372,1354.9418616377252,1644.046,6912.410291532686,8041.291372000001,8054.705164000001
2026-05-28 03:30:00+02:00,5540.405490486259,6297.867968,1357.2670451828965,1628.322,6897.672535669155,7926.189968,7937.378596
2026-05-28 03:45:00+02:00,5538.8738683931915,6255.828256,1351.9193135193373,1576.514,6890.793181912529,7832.342256,7845.211012
2026-05-28 04:00:00+02:00,4678.77106337124,6254.87918,1043.4900494232868,1509.059,5722.261112794527,7763.93818,7777.032492
2026-05-28 04:15:00+02:00,4676.021581236219,6245.631192,1051.5009948012857,1480.013,5727.522576037505,7725.644192,7738.464188
2026-05-28 04:30:00+02:00,4665.535495642649,6304.017096,1053.824394343359,1403.317,5719.359889986008,7707.334096,7722.297767999999
2026-05-28 04:45:00+02:00,4666.568273138625,6290.086228,1054.335594851046,1273.982,5720.903867989671,7564.068228,7584.207168
2026-05-28 05:00:00+02:00,3947.9220254921606,6193.682464,943.2211630954815,1243.817,4891.143188587642,7437.499464,7516.815336000001
2026-05-28 05:15:00+02:00,3987.9015727195306,6118.841636,939.2290073284386,1254.182,4927.1305800479695,7373.023636,7640.67274
2026-05-28 05:30:00+02:00,4020.2524859857594,5972.58702,931.3299489384497,1248.401,4951.582434924209,7220.98802,7903.178808
2026-05-28 05:45:00+02:00,4017.4600677920716,5707.245252,925.3068688237431,1175.728,4942.766936615815,6882.973252,8335.62052
2026-05-28 06:00:00+02:00,3078.7637918866276,5400.810584,804.829548106957,1148.825,3883.593339993585,6549.635584,8999.538924
2026-05-28 06:15:00+02:00,3023.419911214989,5032.541692,797.9859550455624,1097.287,3821.405866260551,6129.828692,9906.27548
2026-05-28 06:30:00+02:00,2944.1324787791145,4567.009456,803.7400941948918,1052.821,3747.8725729740063,5619.830456,11054.959828
2026-05-28 06:45:00+02:00,2851.1300380383336,3991.003308,797.5055334985299,972.873,3648.6355715368636,4963.876308,12461.86372
2026-05-28 07:00:00+02:00,2352.189346547337,3241.1591,576.156211095366,910.2,2928.345557642703,4151.3591,14070.339564
2026-05-28 07:15:00+02:00,2213.195158799822,2540.293972,588.4104802837737,889.477,2801.6056390835956,3429.770972,16104.154608
2026-05-28 07:30:00+02:00,2046.7928066241795,1996.903964,611.1620670842343,870.73,2657.9548737084137,2867.633964,18658.872484
2026-05-28 07:45:00+02:00,1823.003893851062,1787.51766,624.7037736006546,847.61,2447.7076674517166,2635.12766,21786.315124
2026-05-28 08:00:00+02:00,1277.8194537772538,1655.066424,623.000974958643,662.758,1900.8204287358967,2317.8244240000004,24945.571028
2026-05-28 08:15:00+02:00,1067.0187080809458,1547.335964,633.9785142333435,565.731,1700.9972223142893,2113.066964,28194.49018
2026-05-28 08:30:00+02:00,886.3819698549003,1456.7973,626.5655934855697,547.506,1512.94756334047,2004.3033,31555.447344
2026-05-28 08:45:00+02:00,808.3978962375595,1402.618028,625.6837328256157,537.734,1434.0816290631751,1940.352028,34964.006952
2026-05-28 09:00:00+02:00,1111.3475992841313,1351.515656,563.1032116486339,537.48,1674.4508109327653,1888.995656,37918.24148
2026-05-28 09:15:00+02:00,1166.8488141970363,1319.3832,568.4626276176342,516.788,1735.3114418146706,1836.1712,40550.758632
2026-05-28 09:30:00+02:00,1228.0851907469541,1299.255024,567.0658349989519,491.856,1795.151025745906,1791.111024,43329.121783999995
2026-05-28 09:45:00+02:00,1315.4262407377728,1191.107256,569.8126671754649,434.142,1885.2389079132377,1625.249256,45558.78454
2026-05-28 10:00:00+02:00,1131.5089618101022,1138.891388,526.7718726898638,128.506,1658.280834499966,1267.397388,47633.226104
2026-05-28 10:15:00+02:00,1193.1618049981007,1132.329412,527.6652544473949,104.923,1720.8270594454957,1237.252412,49878.491168
2026-05-28 10:30:00+02:00,1257.2559009851877,1150.069648,499.5906162427534,75.326,1756.8465172279411,1225.395648,51823.129216
2026-05-28 10:45:00+02:00,1295.4152277560243,1239.006468,485.23250684903223,60.089,1780.6477346050565,1299.095468,53694.796832
2026-05-28 11:00:00+02:00,1190.702091415466,1319.855684,479.84214568799786,187.357,1670.5442371034637,1507.212684,55616.326624
2026-05-28 11:15:00+02:00,1268.7240917421975,1275.51098,474.79512239554055,171.81,1743.5192141377381,1447.32098,56907.236136
2026-05-28 11:30:00+02:00,1331.7208027764386,1257.643156,484.69073443349953,127.691,1816.4115372099382,1385.334156,57804.134556
2026-05-28 11:45:00+02:00,1386.4502558354689,1206.182016,493.8680115383759,103.649,1880.3182673738447,1309.831016,58443.91813599999
2026-05-28 12:00:00+02:00,1299.5611602906024,1127.735952,445.88860097525856,90.911,1745.449761265861,1218.646952,59151.643368000005
2026-05-28 12:15:00+02:00,1339.959314416235,1068.733576,437.1371404761735,95.417,1777.0964548924085,1164.150576,59376.146244
2026-05-28 12:30:00+02:00,1369.770630749018,944.75224,457.6019235088409,97.971,1827.3725542578588,1042.72324,59010.305296
2026-05-28 12:45:00+02:00,1417.7084726265248,1021.44746,460.8818108859704,119.292,1878.5902835124953,1140.73946,59230.645531999995
2026-05-28 13:00:00+02:00,1213.7356557064127,1074.457216,428.6031315461746,92.702,1642.3387872525873,1167.159216,59403.144044
2026-05-28 13:15:00+02:00,1246.7300962693398,1096.8483,407.78404545904607,93.279,1654.5141417283858,1190.1273,58719.081496
2026-05-28 13:30:00+02:00,1285.873638345942,1012.432648,402.98487196086387,99.868,1688.8585103068058,1112.300648,58288.420159999994
2026-05-28 13:45:00+02:00,1319.2465309673426,1007.748716,389.8026183245545,110.082,1709.049149291897,1117.830716,58006.44921599999
2026-05-28 14:00:00+02:00,1460.1591352082105,1032.166596,470.41454870510535,128.246,1930.5736839133158,1160.412596,58364.34268
2026-05-28 14:15:00+02:00,1510.4023336445935,1114.324324,463.4800286022841,164.318,1973.8823622468776,1278.642324,58693.95488
2026-05-28 14:30:00+02:00,1542.6516901017972,1153.529496,449.98184272135757,172.288,1992.6335328231548,1325.817496,58060.482256
2026-05-28 14:45:00+02:00,1567.03560738843,1228.966316,435.7386798517847,187.386,2002.7742872402146,1416.352316,57209.244027999994
2026-05-28 15:00:00+02:00,1703.5230245693454,1292.601064,492.0474151513084,212.208,2195.5704397206537,1504.809064,55993.917752
2026-05-28 15:15:00+02:00,1705.964225982478,1297.362968,504.71050079397656,225.971,2210.6747267764545,1523.333968,54823.689816
2026-05-28 15:30:00+02:00,1719.0953322006258,1250.365492,502.3344060930905,240.662,2221.429738293716,1491.027492,53396.986068
2026-05-28 15:45:00+02:00,1716.2768514252768,1214.575704,514.6994848533271,265.943,2230.976336278604,1480.518704,51435.498652
2026-05-28 16:00:00+02:00,1743.5305584426628,1326.605416,486.5126704512551,308.884,2230.043228893918,1635.489416,49883.036435999995
2026-05-28 16:15:00+02:00,1757.0446555016247,1535.642544,461.1858854830222,306.448,2218.2305409846467,1842.090544,47935.337159999995
2026-05-28 16:30:00+02:00,1808.7384920226302,1686.7985,431.230661130243,301.238,2239.9691531528733,1988.0365,45743.946364
2026-05-28 16:45:00+02:00,1790.8593802417968,1749.758296,437.06604905297274,323.57,2227.9254292947694,2073.328296,43221.6902
2026-05-28 17:00:00+02:00,2061.95147300974,1781.437944,634.9165003004896,755.708,2696.8679733102294,2537.145944,40994.353908000005
2026-05-28 17:15:00+02:00,1991.7692200990243,1792.360984,622.7132746141999,634.819,2614.4824947132242,2427.179984,37946.519992
2026-05-28 17:30:00+02:00,1948.6820991177901,1740.696664,619.7833082601383,540.1,2568.4654073779284,2280.796664,34604.250192
2026-05-28 17:45:00+02:00,1881.1804956320643,1692.920156,637.0096002280113,523.76,2518.1900958600754,2216.680156,31285.878776
2026-05-28 18:00:00+02:00,2290.2339466478447,1665.801688,769.8262807172428,530.358,3060.0602273650875,2196.1596879999997,28141.3272
2026-05-28 18:15:00+02:00,2219.569445937484,1650.31632,783.4923355606788,549.816,3003.061781498163,2200.1323199999997,24902.303572
2026-05-28 18:30:00+02:00,2148.062750276886,1593.97692,782.2900261023461,569.938,2930.352776379232,2163.91492,21279.985056
2026-05-28 18:45:00+02:00,2068.340908624943,1552.9556,793.0804639112548,605.728,2861.421372536198,2158.6836,17833.566232
2026-05-28 19:00:00+02:00,2504.2854614133607,1479.38012,932.139265750184,610.472,3436.424727163545,2089.85212,14491.967812
2026-05-28 19:15:00+02:00,2394.80761380798,1393.912776,949.6056944825325,555.521,3344.4133082905128,1949.433776,11505.8204
2026-05-28 19:30:00+02:00,2317.9198384938295,1349.205148,954.741989623204,506.267,3272.6618281170336,1855.472148,8960.028544
2026-05-28 19:45:00+02:00,2241.6459547218615,1304.153788,957.9548685796731,429.934,3199.6008233015345,1734.087788,6895.731656
2026-05-28 20:00:00+02:00,2282.603629662876,1294.509404,1156.995418226469,404.215,3439.5990478893445,1698.7244039999998,5320.3916
2026-05-28 20:15:00+02:00,2229.1115018146206,1249.727752,1151.317003002728,382.952,3380.4285048173488,1632.679752,4062.8241
2026-05-28 20:30:00+02:00,2268.6243944636367,1220.247296,1179.1820636942489,368.74,3447.8064581578856,1588.987296,3117.685736
2026-05-28 20:45:00+02:00,2364.556441041206,1329.532348,1188.5579301626276,393.67,3553.114371203834,1723.202348,2566.309452
2026-05-28 21:00:00+02:00,2339.069779699373,1452.547456,1248.4455867929878,446.317,3587.515366492361,1898.864456,2322.752884
2026-05-28 21:15:00+02:00,2381.146885100842,1479.834024,1232.8777243508175,544.719,3614.0246094516597,2024.553024,2254.523
2026-05-28 21:30:00+02:00,2415.1805745725796,1492.271784,1214.0312917645504,633.28,3629.2118663371302,2125.551784,2255.241312
2026-05-28 21:45:00+02:00,2512.889752134875,1543.220288,1213.4295779543988,710.986,3726.3193300892735,2254.206288,2310.7470679999997
2026-05-28 22:00:00+02:00,2266.8501705897525,1612.038356,1371.1692538591835,713.769,3638.0194244489358,2325.8073560000003,2437.979024
2026-05-28 22:15:00+02:00,2391.3515132602406,1644.4802,1395.519672442858,745.001,3786.8711857030985,2389.4812,2467.8282360000003
2026-05-28 22:30:00+02:00,2496.0399894026154,1677.111308,1411.7412658222888,825.678,3907.7812552249043,2502.789308,2535.430336
2026-05-28 22:45:00+02:00,2573.612318539316,1721.334172,1405.443654285221,892.722,3979.055972824537,2614.056172,2631.49104
2026-05-28 23:00:00+02:00,2206.5986452467814,1753.58164,1145.7721417408445,1003.731,3352.370786987626,2757.31264,2783.605632
2026-05-28 23:15:00+02:00,2255.2904153151826,1824.059436,1138.7536769950311,1072.913,3394.0440923102137,2896.972436,2920.038388
2026-05-28 23:30:00+02:00,2292.828099736209,1824.577388,1138.07817461251,992.113,3430.9062743487193,2816.690388,2841.2657
2026-05-28 23:45:00+02:00,2338.017973619961,1806.251748,1159.2399283586476,986.941,3497.257901978609,2793.192748,2822.432504
2026-05-29 00:00:00+02:00,2106.7457410350075,1807.89818,1307.7749521027404,1044.314,3414.520693137748,2852.21218,2874.127092
2026-05-29 00:15:00+02:00,2133.4932020634874,1825.864668,1301.1267798046138,1097.209,3434.619981868101,2923.073668,2944.02168
2026-05-29 00:30:00+02:00,2134.4488647381145,1811.375384,1300.259364561086,1127.593,3434.7082292992004,2938.968384,2952.4441079999997
2026-05-29 00:45:00+02:00,2143.4595750604844,1850.573296,1299.6569416473383,1194.206,3443.1165167078225,3044.7792959999997,3057.5475559999995
2026-05-29 01:00:00+02:00,2246.725677221317,1910.713264,2178.214880521616,1244.557,4424.940557742933,3155.270264,3168.399168
2026-05-29 01:15:00+02:00,2264.0938394724208,2043.492756,2181.1196427782193,1335.442,4445.21348225064,3378.934756,3391.231356
2026-05-29 01:30:00+02:00,2279.589496980112,2214.837536,2170.96113729881,1445.814,4450.550634278922,3660.651536,3673.002828
2026-05-29 01:45:00+02:00,2277.9244509908117,2412.672076,2154.4619266848167,1537.835,4432.386377675628,3950.507076,3962.711256
2026-05-29 02:00:00+02:00,2649.421350901283,2606.406064,2722.4761539719225,1788.89,5371.897504873205,4395.296064,4410.621224
2026-05-29 02:15:00+02:00,2649.212318331813,2699.792664,2714.7020278912623,1921.426,5363.914346223075,4621.218664,4636.054804
2026-05-29 02:30:00+02:00,2633.4521486530966,2747.90164,2706.704666836418,2027.448,5340.156815489514,4775.34964,4792.078488
2026-05-29 02:45:00+02:00,2623.4186934747286,2858.268976,2706.1740555663646,2184.896,5329.592749041093,5043.164976,5058.1176080000005
2026-05-29 03:00:00+02:00,3194.0912643740517,2978.105496,3583.3358607960604,2400.392,6777.427125170112,5378.497496,5400.4367839999995
2026-05-29 03:15:00+02:00,3170.652331579259,3134.291156,3589.6689006364427,2687.764,6760.3212322157015,5822.055156,5837.857096000001
2026-05-29 03:30:00+02:00,3148.909591089984,3339.264272,3592.599225941634,2972.932,6741.508817031618,6312.196271999999,6324.093816
2026-05-29 03:45:00+02:00,3145.221918709446,3550.24152,3587.6132048589375,3283.607,6732.835123568384,6833.84852,6847.186151999999
2026-05-29 04:00:00+02:00,4029.0356427578877,3656.474584,3944.375818337986,3603.804,7973.411461095873,7260.278584,7273.406064
2026-05-29 04:15:00+02:00,4023.0626046806387,3752.886276,3950.0768633568896,4055.464,7973.139468037529,7808.350276,7819.252252
2026-05-29 04:30:00+02:00,4008.6321540213858,3914.5273,3949.5068004109235,4392.491,7958.138954432309,8307.0183,8318.313696
2026-05-29 04:45:00+02:00,4005.654123713827,4057.631244,3942.4385704300166,4354.901,7948.092694143844,8412.532244,8430.962872
2026-05-29 05:00:00+02:00,4312.618306318282,4235.038476,4228.022147038044,4332.566,8540.640453356325,8567.604476,8642.027332
2026-05-29 05:15:00+02:00,4343.758442435401,4712.042976,4220.305988683514,4437.412,8564.064431118915,9149.454976,9426.306476000002
2026-05-29 05:30:00+02:00,4363.274344495758,5021.036524,4210.138562922504,4464.643,8573.412907418262,9485.679524,10201.058536
2026-05-29 05:45:00+02:00,4347.343560126998,5095.099884,4197.957010388119,4268.245,8545.300570515117,9363.344884,10877.4295
2026-05-29 06:00:00+02:00,4855.917031246218,5326.879128,5016.572028479555,4347.321,9872.489059725773,9674.200128,12171.676504
2026-05-29 06:15:00+02:00,4793.56548651528,5384.183828,5005.329522006848,4584.682,9798.895008522128,9968.865828,13761.359568
2026-05-29 06:30:00+02:00,4715.665759944701,5506.335372,4992.995635362282,4495.324,9708.661395306983,10001.659371999998,15483.949392
2026-05-29 06:45:00+02:00,4622.2449067280395,5496.049912,4979.345335756206,4635.248,9601.590242484246,10131.297912,17664.003072
2026-05-29 07:00:00+02:00,4492.386365677642,5229.028468,4950.983242401378,4745.486,9443.369608079021,9974.514468,19950.000844
2026-05-29 07:15:00+02:00,4354.098238231584,4924.030848,4965.8190326070235,4622.822,9319.917270838607,9546.852848,22264.917828
2026-05-29 07:30:00+02:00,4174.405875802544,4503.460576,4993.704398187212,4666.544,9168.110273989756,9170.004576,24941.741796
2026-05-29 07:45:00+02:00,4004.4771035795966,4089.401044,5010.397278989912,4747.716,9014.87438256951,8837.117044,27936.4478
2026-05-29 08:00:00+02:00,3405.3095967782265,3415.795112,4741.5283046871355,4360.168,8146.837901465362,7775.963112,30351.722627999996
2026-05-29 08:15:00+02:00,3212.9865883123207,2977.178084,4750.506986155028,4159.878,7963.493574467349,7137.056084,33111.567356
2026-05-29 08:30:00+02:00,3067.2093476344585,2692.407568,4763.217350496019,4234.965,7830.426698130477,6927.372568000001,36146.320524
2026-05-29 08:45:00+02:00,2990.4993009844534,2548.894784,4764.613572245131,4447.287,7755.112873229584,6996.181784,39276.219668000005
2026-05-29 09:00:00+02:00,2072.783755985237,2603.829732,4690.289771836299,4688.828,6763.073527821536,7292.657732000001,41611.294092
2026-05-29 09:15:00+02:00,2117.7337757496803,2666.657672,4691.608711387714,4699.486,6809.342487137394,7366.143672,43769.559868
2026-05-29 09:30:00+02:00,2177.9606422307916,2541.317888,4688.426345351829,4670.428,6866.38698758262,7211.745888,46100.692608
2026-05-29 09:45:00+02:00,2256.418944469239,2406.094304,4692.010427551331,4431.221,6948.42937202057,6837.315304,48256.942744
2026-05-29 10:00:00+02:00,1757.847991517783,2268.764504,4540.608927998146,4274.352,6298.456919515929,6543.116504,49898.370464
2026-05-29 10:15:00+02:00,1819.7889106591795,2316.033708,4535.075991286914,3992.409,6354.864901946094,6308.4427080000005,51842.268432
2026-05-29 10:30:00+02:00,1885.5615233599767,2429.62392,4505.511893052457,3808.942,6391.073416412433,6238.56592,53725.96518
2026-05-29 10:45:00+02:00,1901.0637020912866,2565.69124,4487.4251475770025,3639.43,6388.488849668289,6205.12124,55072.37898
2026-05-29 11:00:00+02:00,1968.1507593298575,2659.300088,4062.517394840257,3446.308,6030.668154170115,6105.608088,56595.0323
2026-05-29 11:15:00+02:00,2040.7321079571118,2681.368492,4055.4084189951136,3199.103,6096.140526952226,5880.471492000001,57501.760364
2026-05-29 11:30:00+02:00,2107.28418209918,2643.12948,4061.867519371126,2987.991,6169.151701470306,5631.12048,57704.411499999995
2026-05-29 11:45:00+02:00,2148.774806574698,2535.321664,4069.6645256773495,2761.579,6218.439332252047,5296.900664000001,57955.80746
2026-05-29 12:00:00+02:00,2404.8117122681288,2775.295264,2948.948490346239,2606.151,5353.760202614368,5381.446264,58406.709535999995
2026-05-29 12:15:00+02:00,2441.194565833506,2856.93734,2934.392695443197,2436.47,5375.587261276703,5293.40734,58609.599667999995
2026-05-29 12:30:00+02:00,2471.937816655204,2941.282308,2952.7992159358782,2196.152,5424.737032591082,5137.434308,58824.970096000005
2026-05-29 12:45:00+02:00,2529.370047574147,3242.114616,2956.0314864678726,1942.139,5485.401534042019,5184.253616,59401.516832
2026-05-29 13:00:00+02:00,2445.838895767604,3237.503412,1785.5883321811789,1756.469,4231.427227948783,4993.972412,59307.829064000005
2026-05-29 13:15:00+02:00,2470.7730586569237,3309.069004,1766.4603249671804,1415.478,4237.233383624104,4724.547004,59022.865836
2026-05-29 13:30:00+02:00,2516.8850021731832,3267.119032,1758.902271508238,1456.272,4275.7872736814215,4723.3910319999995,58573.204528
2026-05-29 13:45:00+02:00,2571.3844585896904,3335.103788,1746.4828195776727,1555.066,4317.867278167363,4890.169788,59188.175368
2026-05-29 14:00:00+02:00,2915.7492978272635,3144.502088,1238.7028916758131,1608.239,4154.452189503077,4752.741088000001,58412.655748000005
2026-05-29 14:15:00+02:00,2965.429505470561,3276.929784,1221.3756170799172,1680.955,4186.805122550478,4957.884784,57998.257736
2026-05-29 14:30:00+02:00,2997.1400111711127,3447.672004,1192.957684872942,1989.053,4190.097696044055,5436.725004,58116.44066
2026-05-29 14:45:00+02:00,3017.4937310757373,3447.676644,1177.8779663940977,1712.964,4195.3716974698345,5160.640644,56729.674
2026-05-29 15:00:00+02:00,2896.125687199432,3910.758568,731.6600720078369,1762.073,3627.7857592072687,5672.8315680000005,56277.665556
2026-05-29 15:15:00+02:00,2889.188689885501,4398.577032,744.7517380669063,1659.412,3633.9404279524074,6057.989032,55395.288684
2026-05-29 15:30:00+02:00,2890.831206503297,4819.069164,752.4808015671423,1362.049,3643.3120080704393,6181.1181639999995,53724.535596
2026-05-29 15:45:00+02:00,2878.359690190279,5111.7416,772.3241321952427,1209.071,3650.6838223855216,6320.8126,52026.828171999994
2026-05-29 16:00:00+02:00,4576.838017916831,5117.676832,567.8161220996699,1594.3,5144.654140016501,6711.976832,50444.69022
2026-05-29 16:15:00+02:00,4621.690392818394,5009.658224,549.5390102461266,1823.35,5171.229403064521,6833.008223999999,48347.931732
2026-05-29 16:30:00+02:00,4643.042165490101,4541.615676,530.6198465446761,2214.697,5173.662012034777,6756.3126760000005,45760.914984
2026-05-29 16:45:00+02:00,4667.333878847049,4229.86076,537.8027591917169,2105.971,5205.136638038766,6335.831759999999,42269.585972
2026-05-29 17:00:00+02:00,5910.264231176986,4265.646776,753.0313432785262,1764.315,6663.295574455512,6029.961776,39213.719944
2026-05-29 17:15:00+02:00,5826.062557664496,4616.519372,724.0914898946961,1578.066,6550.154047559192,6194.585372,36145.233388
2026-05-29 17:30:00+02:00,5767.645872366845,4954.22618,721.617571091382,1556.989,6489.263443458227,6511.215179999999,33255.555219999995
2026-05-29 17:45:00+02:00,5686.744388195921,5401.583876,747.106687470035,1366.62,6433.851075665956,6768.203876,30103.712352
2026-05-29 18:00:00+02:00,8029.969046624467,6100.61774,1358.2444826539136,1050.884,9388.21352927838,7151.50174,27546.60646
2026-05-29 18:15:00+02:00,7953.117510003396,6433.683456,1368.032267117225,1064.813,9321.149777120621,7498.496456,25078.062484
2026-05-29 18:30:00+02:00,7874.151466631138,6372.69466,1378.6864403398763,1113.181,9252.837906971014,7485.87566,21962.404332
2026-05-29 18:45:00+02:00,7783.50013540917,6291.139752,1387.294928274055,1041.243,9170.795063683225,7332.382752,19063.926116
2026-05-29 19:00:00+02:00,8558.334298916096,6695.190752,1534.4724224005588,973.641,10092.806721316654,7668.831752,16867.789124000003
2026-05-29 19:15:00+02:00,8449.792689472577,7283.589908,1549.469024168087,1027.303,9999.261713640664,8310.892908,15430.201132
2026-05-29 19:30:00+02:00,8372.905273548486,7263.178076,1549.2157703559367,1339.245,9922.121043904423,8602.423076,13936.007999999998
2026-05-29 19:45:00+02:00,8302.141893223852,8044.603464,1546.0739029407273,1626.849,9848.215796164579,9671.452464,13496.440844
2026-05-29 20:00:00+02:00,6499.845314723783,8628.95156,1567.0862804011215,1915.396,8066.931595124905,10544.34756,13135.326556
2026-05-29 20:15:00+02:00,6420.191754906564,8336.635744,1557.5198464848993,2199.386,7977.711601391463,10536.021744,12129.519976
2026-05-29 20:30:00+02:00,6425.259500904452,8450.20554,1580.8207557402693,2188.179,8006.080256644721,10638.38454,11529.240464
2026-05-29 20:45:00+02:00,6500.364379279384,8333.466356,1588.460012601241,2143.136,8088.824391880625,10476.602356,10932.852820000002
2026-05-29 21:00:00+02:00,6532.480058514407,8856.355876,1494.594927849801,2081.761,8027.074986364208,10938.116876,11174.300276
2026-05-29 21:15:00+02:00,6568.389726054391,9022.963832,1482.5056334080139,2150.839,8050.8953594624045,11173.802832,11317.816288
2026-05-29 21:30:00+02:00,6581.524857141101,9196.020164,1465.6115180689203,2135.498,8047.1363752100215,11331.518164,11442.580064
2026-05-29 21:45:00+02:00,6668.678045290943,10416.142676,1464.4326634591746,2042.066,8133.110708750118,12458.208676,12530.778124
2026-05-29 22:00:00+02:00,8565.811256751744,11750.420316,1395.1695689143917,1861.063,9960.980825666134,13611.483316,13738.485876
2026-05-29 22:15:00+02:00,8693.160467263095,13635.935156,1422.984577136641,1636.777,10116.145044399736,15272.712156,15365.68796
2026-05-29 22:30:00+02:00,8794.098787654017,14914.367148,1442.0622019335688,1532.382,10236.160989587584,16446.749148,16491.504992
2026-05-29 22:45:00+02:00,8867.382433973597,15455.558264,1438.8019021198756,1632.084,10306.184336093473,17087.642264,17104.820315999998
2026-05-29 23:00:00+02:00,8736.035459033337,15243.393864,2169.8164391224263,1845.065,10905.851898155765,17088.458864,17124.37078
2026-05-29 23:15:00+02:00,8781.070999159469,15398.598956,2164.7524778521033,2039.248,10945.823477011572,17437.846956,17464.416800000003
2026-05-29 23:30:00+02:00,8809.61932526139,15589.736104,2164.8314634597737,2268.174,10974.450788721164,17857.910104,17871.611708
2026-05-29 23:45:00+02:00,8850.107255388124,15402.126528,2187.1146628193674,2379.202,11037.221918207491,17781.328528000002,17795.973364
2026-05-30 00:00:00+02:00,8365.761425691975,15128.19164,2415.964545819688,2406.76,10781.725971511663,17534.95164,17597.575355999998
2026-05-30 00:15:00+02:00,8393.612524646216,14945.454328,2418.919093447807,2369.766,10812.531618094023,17315.220328,17346.650532
2026-05-30 00:30:00+02:00,8395.89755611586,14561.054724,2425.900808805754,2183.933,10821.798364921615,16744.987724,16757.64652
2026-05-30 00:45:00+02:00,8411.860778071636,14612.254248,2432.444491574563,2144.82,10844.305269646198,16757.074248,16780.125356
2026-05-30 01:00:00+02:00,8510.284881921732,14404.47856,2534.446701447479,2248.198,11044.731583369212,16652.67656,16682.821644
2026-05-30 01:15:00+02:00,8535.56741906592,14183.326204,2545.0965253254412,2436.503,11080.663944391361,16619.829204,16672.161024
2026-05-30 01:30:00+02:00,8561.003337951179,13860.726716,2542.48191438173,2614.241,11103.485252332908,16474.967716,16509.273667999998
2026-05-30 01:45:00+02:00,8573.370123414334,13871.137556,2531.840517115897,2773.43,11105.210640530231,16644.567555999998,16659.097407999998
2026-05-30 02:00:00+02:00,8692.323505206654,13940.065068,2886.9066658165557,2764.305,11579.23017102321,16704.370068,16750.1065
2026-05-30 02:15:00+02:00,8702.774064120216,13716.187052,2882.9574128842382,2719.316,11585.731477004454,16435.503052,16476.597832
2026-05-30 02:30:00+02:00,8693.786484420087,13298.630272,2881.161033281466,2629.409,11574.947517701552,15928.039272,15954.49672
2026-05-30 02:45:00+02:00,8692.642838859054,12871.34812,2887.661191159806,2555.716,11580.30403001886,15427.06412,15465.277556
2026-05-30 03:00:00+02:00,8744.613446826133,12328.966888,3381.1834864332213,2367.034,12125.796933259355,14696.000888,14725.484252
2026-05-30 03:15:00+02:00,8734.001777870875,11942.124804,3396.586536551586,2429.015,12130.58831442246,14371.139804,14391.1089
2026-05-30 03:30:00+02:00,8727.733331261757,11634.963728,3407.367448283536,2492.985,12135.100779545293,14127.948728,14145.061768
2026-05-30 03:45:00+02:00,8735.23184668095,11600.908044,3411.340975373552,2403.861,12146.572822054502,14004.769044,14016.882752
2026-05-30 04:00:00+02:00,8445.364456086538,11774.831316,3510.462146310727,2400.98,11955.826602397265,14175.811316,14206.362631999998
2026-05-30 04:15:00+02:00,8443.103922094766,11731.181588,3528.940967774024,2478.525,11972.04488986879,14209.706588,14223.371099999998
2026-05-30 04:30:00+02:00,8436.204157721793,11796.229704,3540.2451950486857,2726.089,11976.44935277048,14522.318704,14534.380436
2026-05-30 04:45:00+02:00,8439.350287994619,11905.073052,3533.8054396276602,2854.079,11973.15572762228,14759.152052,14773.652796
2026-05-30 05:00:00+02:00,8352.457702996266,11905.26354,2954.7838362828015,2857.193,11307.241539279068,14762.45654,14821.538388
2026-05-30 05:15:00+02:00,8398.830547545045,11974.745728,2952.505319151294,2725.914,11351.33586669634,14700.659728,14898.176828
2026-05-30 05:30:00+02:00,8430.628807576813,11946.908228,2947.8446468981097,2620.04,11378.473454474923,14566.948228,15118.026456
2026-05-30 05:45:00+02:00,8424.950714669085,11692.070812,2927.113078634671,2563.06,11352.063793303756,14255.130812,15426.77498
2026-05-30 06:00:00+02:00,7489.47681109825,11447.271612,2643.328194786333,2469.751,10132.805005884584,13917.022612,15880.629628
2026-05-30 06:15:00+02:00,7443.452010352013,11221.03262,2638.6716532499913,2443.779,10082.123663602004,13664.81162,16615.354872
2026-05-30 06:30:00+02:00,7391.258929362713,10699.294884,2638.8121717579875,2319.996,10030.0711011207,13019.290884000002,17166.231924
2026-05-30 06:45:00+02:00,7320.722693422748,10171.53034,2642.230287207473,2276.536,9962.952980630222,12448.06634,18079.8625
2026-05-30 07:00:00+02:00,5354.729821154969,9967.68428,1798.2122513688919,2385.837,7152.942072523861,12353.52128,19628.849944
2026-05-30 07:15:00+02:00,5236.46957797414,9548.296888,1808.7550792645502,2299.884,7045.22465723869,11848.180888,20948.660064000003
2026-05-30 07:30:00+02:00,5099.850584694356,8812.449188,1836.457104989804,2266.854,6936.30768968416,11079.303188,22237.729004
2026-05-30 07:45:00+02:00,4959.751712513587,8395.60676,1854.7429174347337,2258.158,6814.494629948321,10653.76476,24050.038132
2026-05-30 08:00:00+02:00,4213.0333975077365,8292.624232,1742.3687880478685,2145.112,5955.402185555605,10437.736232,26481.315735999997
2026-05-30 08:15:00+02:00,4096.561992883367,8245.836872,1746.0735171719987,2244.837,5842.635510055366,10490.673872,29222.006832
2026-05-30 08:30:00+02:00,4006.1895779194024,8238.861132,1771.072637404683,2336.146,5777.262215324085,10575.007132,32159.69694
2026-05-30 08:45:00+02:00,3939.54107434112,8275.904696,1748.8635485110601,2114.007,5688.40462285218,10389.911696,34611.162836
2026-05-30 09:00:00+02:00,4549.028429872444,8331.453632,1728.7853118850946,1856.292,6277.813741757538,10187.745632,37320.275608
2026-05-30 09:15:00+02:00,4582.923306604335,8229.939048,1728.9225416089175,1579.554,6311.845848213253,9809.493048,39858.368888
2026-05-30 09:30:00+02:00,4625.1751060708675,8506.628976,1725.1213877556404,1433.608,6350.296493826508,9940.236976,42524.102060000005
2026-05-30 09:45:00+02:00,4677.413060518981,8781.710216,1727.6518627299092,1436.272,6405.06492324889,10217.982216,44851.951776
2026-05-30 10:00:00+02:00,5313.890823318576,8850.251196,1753.2015205417956,1372.985,7067.092343860371,10223.236196,46573.985732
2026-05-30 10:15:00+02:00,5373.269444156109,8893.866668,1746.6639190520873,1311.537,7119.933363208196,10205.403668,48160.05606
2026-05-30 10:30:00+02:00,5426.7296168799085,9106.575536,1715.9067033052097,1329.894,7142.636320185118,10436.469536,50164.47461999999
2026-05-30 10:45:00+02:00,5445.543854431809,9245.75566,1697.4317945600012,1278.795,7142.975648991811,10524.55066,51718.8332
2026-05-30 11:00:00+02:00,6144.116662433148,9241.090724,1810.7968581330795,1286.298,7954.913520566228,10527.388724,52461.330140000005
2026-05-30 11:15:00+02:00,6218.071582560759,9530.34532,1802.7174561406364,1324.834,8020.789038701396,10855.17932,53929.909952
2026-05-30 11:30:00+02:00,6287.922390696384,9381.798628,1807.8824154949125,1345.119,8095.804806191297,10726.917628,53897.166260000005
2026-05-30 11:45:00+02:00,6338.836082074956,9603.073852,1814.8949176051392,1341.287,8153.730999680095,10944.360852,55183.623672
2026-05-30 12:00:00+02:00,7255.886091942142,9658.739548,1639.260780649549,1408.768,8895.146872591691,11067.507548,55651.286152
2026-05-30 12:15:00+02:00,7301.82268647092,9387.241764,1624.7573846568268,1472.642,8926.580071127748,10859.883764,55859.786664
2026-05-30 12:30:00+02:00,7328.260824181991,9453.197336,1642.5426145830897,1479.051,8970.80343876508,10932.248336,56081.630659999995
2026-05-30 12:45:00+02:00,7393.030649365478,9104.0,1646.4114399460593,1450.099,9039.442089311537,10554.099,55355.722748
2026-05-30 13:00:00+02:00,7317.759555485159,8845.635492,1075.0777533082726,1330.184,8392.83730879343,10175.819492,54328.081588
2026-05-30 13:15:00+02:00,7347.0838661801245,8475.924156,1056.4397070897812,1202.564,8403.523573269906,9678.488156,53808.99438
2026-05-30 13:30:00+02:00,7385.007548713389,8397.471808,1048.9059894514785,1164.259,8433.913538164867,9561.730808,53256.040752
2026-05-30 13:45:00+02:00,7440.628532267652,8307.764816,1036.7490548626042,1116.819,8477.377587130257,9424.583816,52451.353776
2026-05-30 14:00:00+02:00,9299.554770750932,8427.217932,1210.3292952489817,1143.356,10509.884065999913,9570.573932,52292.2743
2026-05-30 14:15:00+02:00,9344.843758646732,8687.167496,1194.4561429106816,1216.643,10539.299901557413,9903.810496,52676.634732
2026-05-30 14:30:00+02:00,9367.216661696959,8907.29022,1166.2431154574745,1242.237,10533.459777154434,10149.52722,52459.038883999994
2026-05-30 14:45:00+02:00,9403.364914863007,8923.143916,1151.8521052182275,1222.524,10555.217020081234,10145.667916,51657.594616
2026-05-30 15:00:00+02:00,8687.793037012874,9238.692888,1082.833239369921,1301.679,9770.626276382794,10540.371888,51570.745476
2026-05-30 15:15:00+02:00,8673.233346446772,9597.19212,1090.106446273413,1358.561,9763.339792720184,10955.75312,51149.056572
2026-05-30 15:30:00+02:00,8660.922131344252,9516.187444,1098.0822826120468,1450.497,9759.0044139563,10966.684444,50070.322212
2026-05-30 15:45:00+02:00,8630.068310785668,9074.13616,1128.6531625677194,1556.122,9758.721473353387,10630.25816,48630.8131
2026-05-30 16:00:00+02:00,9316.906829482643,8746.085432,1031.6759494908033,1565.343,10348.582778973447,10311.428432,48252.652796
2026-05-30 16:15:00+02:00,9283.973929565422,9318.023752,1014.2652866502499,1518.936,10298.239216215672,10836.959752,47623.06702
2026-05-30 16:30:00+02:00,9377.029794904476,9126.24958,991.3070300873349,1593.506,10368.336824991811,10719.75558,45869.830632
2026-05-30 16:45:00+02:00,9349.380554555642,9316.538716,996.7422488382864,1648.38,10346.12280339393,10964.918716,44308.894228
2026-05-30 17:00:00+02:00,8904.782594022783,10109.00084,1045.3889151138483,1590.108,9950.171509136631,11699.10884,42975.21444
2026-05-30 17:15:00+02:00,8796.788959510852,10476.068068,1010.2064731591732,1567.144,9806.995432670024,12043.212068,40830.787764
2026-05-30 17:30:00+02:00,8725.602671214105,10214.033708,1032.8524381537138,1528.342,9758.455109367818,11742.375708,37998.855576
2026-05-30 17:45:00+02:00,8649.888144112405,9772.007348,1035.597324571006,1519.447,9685.485468683411,11291.454348,35065.577252
2026-05-30 18:00:00+02:00,8513.017815410796,9228.958408,989.7697569413674,1480.402,9502.787572352163,10709.360408,31961.536048
2026-05-30 18:15:00+02:00,8435.77009869635,8747.46294,987.2566756769834,1458.121,9423.026774373333,10205.58394,29135.970232
2026-05-30 18:30:00+02:00,8350.706001458522,8332.374512,1005.8323288741359,1496.819,9356.538330332658,9829.193512,25987.090896
2026-05-30 18:45:00+02:00,8261.202609681692,7751.157232,1009.721142040841,1511.496,9270.923751722532,9262.653232,22724.1575
2026-05-30 19:00:00+02:00,7145.906318317233,7100.895356,966.5478286452121,1499.993,8112.4541469624455,8600.888356,19457.608484
2026-05-30 19:15:00+02:00,7045.457248617461,6465.990516,975.5492861319976,1425.849,8021.006534749458,7891.839516,16481.805915999998
2026-05-30 19:30:00+02:00,6903.180872377454,5806.759808,969.3370677718389,1362.345,7872.517940149292,7169.104808,13728.012916
2026-05-30 19:45:00+02:00,6846.558001310554,5293.98796,959.6455760019002,1342.261,7806.2035773124535,6636.248960000001,11516.745124
2026-05-30 20:00:00+02:00,4482.939174692536,4848.865448,981.9956239472184,1376.538,5464.934798639754,6225.403447999999,9490.722912
2026-05-30 20:15:00+02:00,4390.737942814568,4404.280344,970.0119537055606,1346.845,5360.7498965201285,5751.125344,7867.550408
2026-05-30 20:30:00+02:00,4371.176139890147,3990.223944,991.4998818099308,1288.165,5362.676021700078,5278.388944,6537.833584
2026-05-30 20:45:00+02:00,4439.353248036548,3648.895556,998.184765621048,1189.188,5437.538013657597,4838.083556,5531.47478
2026-05-30 21:00:00+02:00,3855.342057369722,3500.69274,866.5947102804556,1058.425,4721.936767650178,4559.11774,4916.189531999999
2026-05-30 21:15:00+02:00,3879.3785432331442,3381.982248,858.1447792837452,1022.597,4737.5233225168895,4404.579248,4626.807376
2026-05-30 21:30:00+02:00,3887.2616914613063,3104.703884,844.1241497926999,1011.419,4731.385841254007,4116.122884,4272.104088
2026-05-30 21:45:00+02:00,3969.525833091354,2983.568384,843.5295879043239,971.592,4813.055420995678,3955.160384,4011.38048
2026-05-30 22:00:00+02:00,3429.2997370803687,2989.677572,729.411116069489,918.241,4158.710853149858,3907.918572,4039.640664
2026-05-30 22:15:00+02:00,3550.51915207478,3037.962524,756.6809098515664,885.344,4307.200061926346,3923.306524,3999.063316
2026-05-30 22:30:00+02:00,3647.443923500593,3140.419684,776.9927898612181,910.862,4424.436713361811,4051.281684,4085.8096
2026-05-30 22:45:00+02:00,3720.4022270938676,3214.092336,775.7781309221191,899.512,4496.180358015987,4113.604336,4133.902088000001
2026-05-30 23:00:00+02:00,3729.5565670093965,3244.93298,851.7227725348473,830.1,4581.279339544244,4075.03298,4121.25502
2026-05-30 23:15:00+02:00,3776.818722654665,3262.62496,853.2401873079439,854.948,4630.058909962609,4117.57296,4143.089044
2026-05-30 23:30:00+02:00,3806.0265004219364,3207.590872,854.9345065408663,820.01,4660.9610069628025,4027.600872,4051.911564
2026-05-30 23:45:00+02:00,3847.0562748084735,3139.069572,879.3316845381008,801.921,4726.3879593465745,3940.990572,3955.347764
2026-05-31 00:00:00+02:00,4697.011669049779,3116.941064,946.4078247078937,798.526,5643.419493757672,3915.467064,3969.578688
2026-05-31 00:15:00+02:00,4719.479725493329,3262.622512,950.6425077284297,803.227,5670.1222332217585,4065.849512,4100.2444399999995
2026-05-31 00:30:00+02:00,4712.673904385898,3398.18936,955.3432058799523,847.402,5668.0171102658505,4245.59136,4268.1026
2026-05-31 00:45:00+02:00,4729.308378808461,3577.215036,964.1762971996358,879.664,5693.484676008097,4456.879036,4473.976684
2026-05-31 01:00:00+02:00,3748.8885853810643,3576.414792,924.4030165466125,847.524,4673.291601927677,4423.938792,4449.14332
2026-05-31 01:15:00+02:00,3771.1119755704417,3597.063376,941.7334385222333,823.401,4712.845414092675,4420.464376,4438.776816
2026-05-31 01:30:00+02:00,3791.6668713272566,3628.571724,944.4789938100993,752.399,4736.145865137356,4380.970724,4397.158719999999
2026-05-31 01:45:00+02:00,3810.452123443999,3698.7472,938.7731145525092,691.117,4749.225237996508,4389.8642,4401.18694
2026-05-31 02:00:00+02:00,3735.6855914811804,3717.836588,732.4483264028194,641.715,4468.133917884,4359.551588,4371.836816
2026-05-31 02:15:00+02:00,3746.6953385837724,3485.175072,730.7326914674906,567.631,4477.428030051263,4052.806072,4068.728188
2026-05-31 02:30:00+02:00,3737.1600974439184,3053.24974,728.2185364958758,504.339,4465.378633939794,3557.58874,3580.7433760000004
2026-05-31 02:45:00+02:00,3736.079775844576,2804.63752,732.6982347298664,453.181,4468.778010574442,3257.8185200000003,3274.3047560000005
2026-05-31 03:00:00+02:00,3324.0929216244604,2619.175376,751.2826220419737,434.986,4075.375543666434,3054.161376,3066.806952
2026-05-31 03:15:00+02:00,3313.360142986618,2505.79252,771.7103949556819,477.45,4085.0705379423,2983.24252,2996.8494159999996
2026-05-31 03:30:00+02:00,3307.0736886782233,2298.643644,785.3024052221053,452.601,4092.3760939003287,2751.2446440000003,2763.2579960000003
2026-05-31 03:45:00+02:00,3318.8992151611646,2174.360028,787.16175027635,374.768,4106.060965437515,2549.128028,2560.0043800000003
2026-05-31 04:00:00+02:00,2444.1681926551164,2025.2311,864.9534491877071,329.692,3309.1216418428235,2354.9231,2366.377312
2026-05-31 04:15:00+02:00,2444.977760981979,1938.093024,883.9730204481463,308.567,3328.950781430125,2246.660024,2256.8938519999997
2026-05-31 04:30:00+02:00,2443.410307502355,2021.741752,903.1156639064858,310.078,3346.5259714088406,2331.819752,2343.052448
2026-05-31 04:45:00+02:00,2452.5870709332453,1951.099764,902.0149190538149,327.593,3354.6019899870603,2278.692764,2302.1176
2026-05-31 05:00:00+02:00,2625.9108102946348,1974.689628,808.8999392476339,357.24,3434.8107495422687,2331.929628,2425.0732319999997
2026-05-31 05:15:00+02:00,2674.8365595149135,2206.640072,806.2769227379096,364.05,3481.113482252823,2570.6900720000003,2879.726536
2026-05-31 05:30:00+02:00,2708.352604746587,2581.702004,801.8264608662878,341.14,3510.179065612875,2922.842004,3676.867552
2026-05-31 05:45:00+02:00,2697.1032652161293,2875.219336,784.2586528619162,309.35,3481.3619180780456,3184.569336,4761.449076
2026-05-31 06:00:00+02:00,4107.638205233807,3155.975804,577.7677603668336,282.525,4685.40596560064,3438.500804,6021.351068
2026-05-31 06:15:00+02:00,4055.7964966868126,3194.313556,574.020935393439,247.192,4629.817432080252,3441.505556,7233.093096
2026-05-31 06:30:00+02:00,3999.178866743183,3271.204104,571.5650623790236,224.093,4570.743929122206,3495.297104,8720.121516
2026-05-31 06:45:00+02:00,3924.4558113127187,3457.2019,543.414567354222,195.689,4467.87037866694,3652.8909,10407.202564
2026-05-31 07:00:00+02:00,3770.5587453085277,3754.346628,833.9157583455491,186.838,4604.474503654077,3941.184628,12453.106432
2026-05-31 07:15:00+02:00,3650.4143768311114,4178.625596,842.0283257412498,170.333,4492.442702572362,4348.9585959999995,14784.662895999998
2026-05-31 07:30:00+02:00,3485.041488696951,4553.44944,869.1096331515927,136.114,4354.151121848544,4689.56344,17182.413072
2026-05-31 07:45:00+02:00,3347.272295095614,4760.691704,887.7577325169847,104.842,4235.030027612599,4865.5337039999995,19609.155516
2026-05-31 08:00:00+02:00,2632.1303407648375,4841.037832,1089.624288766929,91.957,3721.7546295317666,4932.994832,21848.850512
2026-05-31 08:15:00+02:00,2549.9916224454755,4842.220832,1083.4719605914959,101.392,3633.4635830369716,4943.612832,24050.706832
2026-05-31 08:30:00+02:00,2343.3819539577376,4781.540484,1080.6204546379677,111.146,3424.002408595705,4892.686484,26007.476256
2026-05-31 08:45:00+02:00,2276.196952444311,4709.583924,1086.2487390854144,130.704,3362.4456915297255,4840.287923999999,28173.977916
2026-05-31 09:00:00+02:00,3969.1564404704523,4585.938076,969.438924161592,164.204,4938.595364632044,4750.142076,29897.537496
2026-05-31 09:15:00+02:00,3988.189727465462,4262.991488,968.7531883114098,110.517,4956.942915776872,4373.5084879999995,30974.068996
2026-05-31 09:30:00+02:00,4014.3888204953487,3935.53558,963.7197914519941,79.52,4978.108611947343,4015.05558,32655.483592
2026-05-31 09:45:00+02:00,4052.2084290506027,3742.860884,958.5043021101224,69.941,5010.7127311607255,3812.801884,33759.85976
2026-05-31 10:00:00+02:00,4344.7377900203865,3776.695464,919.2684076887725,25.233,5264.006197709159,3801.928464,34672.908299999996
2026-05-31 10:15:00+02:00,4393.79856913242,3983.589956,904.8748353215718,23.563,5298.673404453992,4007.152956,35971.782672
2026-05-31 10:30:00+02:00,4447.909816486708,4124.701856,869.9710680672508,16.26,5317.880884553959,4140.961856,37106.6488
2026-05-31 10:45:00+02:00,4473.6385022118575,4165.547792,845.938068864215,18.346,5319.5765710760725,4183.893792,37837.101328
2026-05-31 11:00:00+02:00,4694.179392738245,4067.993664,887.848125650456,39.418,5582.027518388701,4107.411664,38174.196048
2026-05-31 11:15:00+02:00,4767.5970584886445,4346.109088,870.3660576086703,38.118,5637.963116097315,4384.227088000001,38745.581716
2026-05-31 11:30:00+02:00,4844.000803662113,4683.919532,870.9404168950513,23.297,5714.941220557164,4707.2165319999995,39427.831392
2026-05-31 11:45:00+02:00,4892.76226396238,5067.809484,875.0993487188401,12.033,5767.861612681219,5079.842484000001,40184.880028
2026-05-31 12:00:00+02:00,5853.192013887511,5283.98906,724.7030151137145,51.932,6577.895029001225,5335.92106,41083.104224
2026-05-31 12:15:00+02:00,5909.795431043716,5426.24002,705.8671996700418,42.59,6615.662630713758,5468.83002,41775.499816
2026-05-31 12:30:00+02:00,5942.446789715529,5365.337444,716.4931600654722,26.73,6658.939949781001,5392.067443999999,41462.780612
2026-05-31 12:45:00+02:00,6022.4316139169,5511.2014,713.2555779654904,21.72,6735.68719188239,5532.9214,40606.098316
2026-05-31 13:00:00+02:00,5774.515254894854,5507.64022,745.5903150375634,20.78,6520.105569932417,5528.42022,39513.110868
2026-05-31 13:15:00+02:00,5814.244788920554,5484.786108,717.6280759146307,15.37,6531.872864835184,5500.156108,38799.404724
2026-05-31 13:30:00+02:00,5845.70329046134,5480.826524,711.0295597510571,12.07,6556.732850212396,5492.896524,38516.569019999995
2026-05-31 13:45:00+02:00,5903.801947072056,5576.045256,701.229768663716,11.09,6605.031715735771,5587.1352560000005,38225.184644
2026-05-31 14:00:00+02:00,6600.253309647651,5870.209904,688.9005837378136,7.56,7289.1538933854645,5877.769904000001,38290.545004
2026-05-31 14:15:00+02:00,6642.460956851079,6103.8361,675.9593644890933,10.48,7318.420321340172,6114.3161,38357.146096
2026-05-31 14:30:00+02:00,6659.405273773951,6432.671824,656.9712777794124,10.67,7316.376551553363,6443.341824,38644.203036
2026-05-31 14:45:00+02:00,6674.813685942042,6562.100692,635.4185448915418,11.06,7310.232230833584,6573.160692,38217.667824
2026-05-31 15:00:00+02:00,7523.459468377575,6661.961708,632.4903884609818,10.126,8155.949856838557,6672.087708,37693.432504
2026-05-31 15:15:00+02:00,7512.820798308051,6781.17176,634.0266649527933,10.86,8146.847463260844,6792.03176,37143.23802
2026-05-31 15:30:00+02:00,7494.655624452004,7065.928236,632.7962055160323,12.722,8127.451829968037,7078.6502359999995,36530.184144
2026-05-31 15:45:00+02:00,7470.903399028088,7417.300836,637.1003102302213,12.199,8108.003709258309,7429.499836,35406.483572
2026-05-31 16:00:00+02:00,8439.639149128081,7651.634236,909.4906377423334,14.047,9349.129786870415,7665.681235999999,33762.602144
2026-05-31 16:15:00+02:00,8422.193702234576,7865.70924,900.4766162196997,16.963,9322.670318454275,7882.67224,32556.850784
2026-05-31 16:30:00+02:00,8414.105623818372,7976.44748,880.2921748713298,14.886,9294.397798689703,7991.33348,31160.492568
2026-05-31 16:45:00+02:00,8400.378965888924,7998.219452,874.0196555467161,8.663,9274.39862143564,8006.882452,29556.603868
2026-05-31 17:00:00+02:00,10346.06724537154,8169.506976,977.798275797252,6.534,11323.865521168791,8176.040975999999,27996.375088
2026-05-31 17:15:00+02:00,10230.427472229536,8299.853548,938.6039680582531,5.456,11169.031440287788,8305.309548,26323.066328
2026-05-31 17:30:00+02:00,10179.772715928377,8974.822936,939.8642376283342,21.813,11119.63695355671,8996.635936,25293.631816
2026-05-31 17:45:00+02:00,10125.42329004418,9418.948116,943.5320511017749,25.169,11068.955341145955,9444.117116,23918.037252
2026-05-31 18:00:00+02:00,11158.075221482799,9305.461812,1117.9674332985396,27.425,12276.042654781339,9332.886812,21941.173464
2026-05-31 18:15:00+02:00,11091.85686327968,9065.114852,1134.3661201840043,38.807,12226.222983463684,9103.921852,19860.608836
2026-05-31 18:30:00+02:00,11008.183498624892,8780.650356,1133.9300389450193,37.363,12142.113537569912,8818.013356,17883.301672
2026-05-31 18:45:00+02:00,10923.876404286939,8894.324824,1134.9282015322344,37.491,12058.804605819174,8931.815824,16424.094484
2026-05-31 19:00:00+02:00,11801.736724277476,8991.225604,1058.5499182582762,36.286,12860.286642535753,9027.511604,15079.38866
2026-05-31 19:15:00+02:00,11729.689904730016,8905.236252,1068.6773558482575,29.089,12798.367260578274,8934.325252,13721.783696
2026-05-31 19:30:00+02:00,11695.586382017435,8714.378276,1071.2950191316258,22.228,12766.881401149061,8736.606275999999,12408.510987999998
2026-05-31 19:45:00+02:00,11679.176506724729,8639.56556,1070.2547068789743,16.076,12749.431213603702,8655.641559999998,11468.028379999998
2026-05-31 20:00:00+02:00,9516.60811818017,8607.398832,1343.7013465859109,18.712,10860.30946476608,8626.110832,10668.084312
2026-05-31 20:15:00+02:00,9410.072357546309,8452.278808,1339.742060126138,12.696,10749.814417672447,8464.974807999999,9854.304008
2026-05-31 20:30:00+02:00,9374.006439276302,8108.118396,1358.8989966307558,10.262,10732.905435907058,8118.380396,8989.605468
2026-05-31 20:45:00+02:00,9429.120200363363,7810.023528,1363.5288930993286,12.055,10792.64909346269,7822.078528,8342.89198
2026-05-31 21:00:00+02:00,10329.384537095266,7734.732008,1251.7966325352795,11.366,11581.181169630545,7746.098008,8066.895764
2026-05-31 21:15:00+02:00,10346.536497516834,7727.405812,1243.465203558021,8.22,11590.001701074854,7735.625812,7885.806456
2026-05-31 21:30:00+02:00,10350.6655202045,7419.16144,1223.1325430546724,5.206,11573.798063259173,7424.36744,7510.126536
2026-05-31 21:45:00+02:00,10449.586054518693,7097.39602,1215.3072777946422,6.277,11664.893332313335,7103.67302,7152.509244
2026-05-31 22:00:00+02:00,11142.383623899712,6729.450792,1240.97746953658,8.299,12383.361093436291,6737.749792,6865.292444
2026-05-31 22:15:00+02:00,11304.811717625067,6705.909756,1259.3986949135344,7.032,12564.210412538601,6712.941756,6802.76716
2026-05-31 22:30:00+02:00,11429.768941352073,6622.543184,1274.49587013962,6.389,12704.264811491692,6628.932184,6668.608624
2026-05-31 22:45:00+02:00,11512.743913423328,6483.91882,1273.1179187780815,10.166,12785.86183220141,6494.08482,6522.928536
2026-05-31 23:00:00+02:00,10811.62234723618,6196.485156,1265.264441101771,26.523,12076.88678833795,6223.008156,6280.7500279999995
2026-05-31 23:15:00+02:00,10861.136205221901,5980.72398,1266.0899396179486,57.167,12127.22614483985,6037.89098,6067.931064
2026-05-31 23:30:00+02:00,10891.739212368442,5918.845688,1270.4935519703506,95.216,12162.232764338793,6014.061688000001,6053.836912000001
2026-05-31 23:45:00+02:00,10925.702914809859,6019.104576,1295.317048127315,104.427,12221.019962937175,6123.531575999999,6171.754091999999
2026-06-01 00:00:00+02:00,8635.43021105171,6209.83776,991.7775599604296,102.321,9627.20777101214,6312.15876,6312.28176
2026-06-01 00:15:00+02:00,8663.88879598262,6344.20258,994.2602080251565,109.682,9658.149004007777,6453.88458,6453.99658
2026-06-01 00:30:00+02:00,8664.269649145863,6554.51984,1000.3336104306125,137.51,9664.603259576475,6692.02984,6692.14284
2026-06-01 00:45:00+02:00,8690.251949995556,6335.0668,1008.6666083314282,163.238,9698.918558326985,6498.3048,6498.4148
2026-06-01 01:00:00+02:00,8143.664852997168,6141.92951,1026.1788857530628,170.559,9169.84373875023,6312.48851,6312.58451
2026-06-01 01:15:00+02:00,8164.2583693775,5982.72675,1042.8197486338638,178.616,9207.078118011363,6161.34275,6161.43275
2026-06-01 01:30:00+02:00,8185.0874254318405,5933.70361,1047.5759275006762,181.164,9232.663352932517,6114.867609999999,6114.964609999999
2026-06-01 01:45:00+02:00,8205.912528991796,5868.28958,1046.6667941925007,224.312,9252.579323184296,6092.60158,6092.689579999999
2026-06-01 02:00:00+02:00,8117.173958012122,5780.71122,1165.2633173676516,270.889,9282.437275379774,6051.60022,6051.6862200000005
2026-06-01 02:15:00+02:00,8123.2550177379335,5612.28423,1167.7624930323022,294.08,9291.017510770236,5906.36423,5906.45423
2026-06-01 02:30:00+02:00,8107.639859837796,5521.90075,1169.2631043488757,348.317,9276.902964186673,5870.21775,5870.30675
2026-06-01 02:45:00+02:00,8105.873437288256,5436.80163,1176.7783685052473,409.807,9282.651805793503,5846.60863,5846.68963
2026-06-01 03:00:00+02:00,8897.088608685448,5369.58767,1140.736505770139,446.347,10037.825114455587,5815.93467,5816.01667
2026-06-01 03:15:00+02:00,8885.707631880661,5386.81248,1166.2006366422006,483.756,10051.908268522862,5870.56848,5870.65248
2026-06-01 03:30:00+02:00,8875.5034595685,5420.16224,1181.1496766878604,528.378,10056.65313625636,5948.540239999999,5948.625239999999
2026-06-01 03:45:00+02:00,8885.13107418981,5482.3267,1182.3962634717986,534.586,10067.52733766161,6016.9127,6016.9937
2026-06-01 04:00:00+02:00,8573.58974071088,5442.872,1472.7217867592433,496.881,10046.311527470123,5939.753000000001,5939.826000000001
2026-06-01 04:15:00+02:00,8574.713612532054,5452.19194,1494.2487824686648,474.258,10068.962395000719,5926.4499399999995,5926.53494
2026-06-01 04:30:00+02:00,8579.401985207667,5406.9215,1515.2106175557076,517.764,10094.612602763375,5924.6855000000005,5925.9385
2026-06-01 04:45:00+02:00,8592.034742569036,5404.24073,1516.640638273354,516.155,10108.67538084239,5920.39573,5934.42573
2026-06-01 05:00:00+02:00,8482.294141639202,5351.65991,1282.3059872298777,497.716,9764.60012886908,5849.375910000001,5920.666910000001
2026-06-01 05:15:00+02:00,8537.258025454446,5503.85496,1282.0094165433627,532.005,9819.267441997808,6035.85996,6254.87396
2026-06-01 05:30:00+02:00,8581.49917855438,5457.79479,1254.8417257435624,529.988,9836.340904297944,5987.78279,6500.3377900000005
2026-06-01 05:45:00+02:00,8580.034030625375,5190.23586,1238.1916054047924,474.763,9818.225636030167,5664.99886,6753.30386
2026-06-01 06:00:00+02:00,7196.380657741834,5040.75877,1014.5566013212082,402.647,8210.937259063041,5443.40577,7323.15877
2026-06-01 06:15:00+02:00,7151.961187113895,4868.87493,1009.8949736666793,362.801,8161.856160780574,5231.67593,8055.14993
2026-06-01 06:30:00+02:00,7106.540616974739,4572.5608,1006.1775551539611,298.27,8112.718172128701,4870.8308,8822.737799999999
2026-06-01 06:45:00+02:00,7040.507073608821,4193.36028,1005.2491875262749,244.013,8045.756261135096,4437.37328,9680.52528
2026-06-01 07:00:00+02:00,5791.74852375929,3724.62218,813.8362388928184,196.345,6605.584762652108,3920.96718,10638.89818
2026-06-01 07:15:00+02:00,5685.673066429649,3275.86504,820.1128654098095,172.253,6505.7859318394585,3448.1180400000003,11810.692040000002
2026-06-01 07:30:00+02:00,5566.415165583976,2756.42691,845.64044071987,162.952,6412.055606303846,2919.3789100000004,13233.56691
2026-06-01 07:45:00+02:00,5390.788571704759,2317.6579,861.1246548197253,159.478,6251.913226524484,2477.1359,14972.405900000002
2026-06-01 08:00:00+02:00,4190.58032519995,2058.18397,912.8854526447996,135.868,5103.465777844749,2194.05197,16803.34597
2026-06-01 08:15:00+02:00,4129.758585645616,1928.47871,920.3448582440031,116.65,5050.1034438896195,2045.12871,18899.28371
2026-06-01 08:30:00+02:00,3995.555064271268,1874.59743,959.1770134781966,78.998,4954.732077749464,1953.59543,21177.30243
2026-06-01 08:45:00+02:00,3942.239567249809,1827.56584,960.2579986238435,62.506,4902.497565873653,1890.07184,23463.23684
2026-06-01 09:00:00+02:00,4030.9704745948266,1799.59887,930.2125185876473,41.314,4961.182993182474,1840.91287,25641.77887
2026-06-01 09:15:00+02:00,4057.2751817874514,1833.73958,925.904217062197,39.937,4983.179398849648,1873.67658,27832.65958
2026-06-01 09:30:00+02:00,4090.039109208896,1813.09162,917.2639997614161,62.767,5007.303108970313,1875.85862,29805.49462
2026-06-01 09:45:00+02:00,4130.969543865496,1841.70233,913.5525854343543,110.607,5044.52212929985,1952.30933,32228.58033
2026-06-01 10:00:00+02:00,4668.470807473015,1814.34391,796.9555005202446,148.538,5465.42630799326,1962.88191,34245.94491
2026-06-01 10:15:00+02:00,4714.147818263329,1822.35112,790.1476952971723,181.12,5504.295513560502,2003.47112,36278.165120000005
2026-06-01 10:30:00+02:00,4781.845398978637,1786.83945,766.0383369578436,205.004,5547.883735936481,1991.84345,38049.70545
2026-06-01 10:45:00+02:00,4823.969811393827,1760.03008,744.4312628828466,230.211,5568.401074276673,1990.24108,40008.15008
2026-06-01 11:00:00+02:00,5102.658585296721,1795.83767,977.5994199258108,288.844,6080.258005222532,2084.68167,41345.18567
2026-06-01 11:15:00+02:00,5184.393416304987,1810.93832,962.3060664986933,308.265,6146.69948280368,2119.20332,42614.83932
2026-06-01 11:30:00+02:00,5267.3912988733655,1815.78509,962.5890199397257,335.984,6229.980318813091,2151.76909,43836.06409
2026-06-01 11:45:00+02:00,5329.052817378912,1889.74386,968.8611020467688,312.505,6297.91391942568,2202.24886,44675.80186
2026-06-01 12:00:00+02:00,5468.933593492236,1964.28244,1008.6355446763837,304.367,6477.569138168619,2268.64944,45365.89644
2026-06-01 12:15:00+02:00,5516.74526749309,2053.57344,992.2007801971092,309.666,6508.9460476901995,2363.2394400000003,45936.84444
2026-06-01 12:30:00+02:00,5548.314919538641,2087.65797,1000.405169514509,296.846,6548.72008905315,2384.50397,46472.24797
2026-06-01 12:45:00+02:00,5617.558048071506,2144.42524,996.8705869361371,326.644,6614.428635007644,2471.06924,46533.44124
2026-06-01 13:00:00+02:00,5885.945454110991,2198.22453,933.4573855936217,396.247,6819.402839704612,2594.47153,47100.08053
2026-06-01 13:15:00+02:00,5913.023141075653,2249.11053,900.5423910428866,432.329,6813.5655321185395,2681.43953,47184.142530000005
2026-06-01 13:30:00+02:00,5941.237135092471,2355.10327,892.2621948711379,461.838,6833.499329963609,2816.9412700000003,47150.59827
2026-06-01 13:45:00+02:00,5997.397985845946,2437.29793,880.9473900956732,511.58,6878.345375941619,2948.87793,46970.20693
2026-06-01 14:00:00+02:00,5695.969870051451,2495.26548,819.5971724261917,538.879,6515.567042477643,3034.14448,46778.59848
2026-06-01 14:15:00+02:00,5745.717649951721,2585.83693,807.6260157149001,540.1,6553.343665666621,3125.93693,46494.87693
2026-06-01 14:30:00+02:00,5767.407410880999,2567.25437,788.5605675420037,528.502,6555.967978423003,3095.75637,46090.72837
2026-06-01 14:45:00+02:00,5780.435197140717,2616.68693,762.1682268883028,498.613,6542.603424029019,3115.2999299999997,45123.93493
2026-06-01 15:00:00+02:00,5454.067662368741,2559.74427,768.2337792457272,416.668,6222.301441614469,2976.4122700000003,44292.54827
2026-06-01 15:15:00+02:00,5456.30384614514,2576.6231,771.8483059030733,392.207,6228.152152048213,2968.8300999999997,43295.2611
2026-06-01 15:30:00+02:00,5436.332073451862,2495.98545,769.8450061407943,396.074,6206.177079592657,2892.05945,41696.17845
2026-06-01 15:45:00+02:00,5397.590842349943,2454.99539,776.1009381718702,415.991,6173.691780521814,2870.98639,40245.43339
2026-06-01 16:00:00+02:00,4878.401682800025,2339.4865,839.9217779803648,420.997,5718.32346078039,2760.4835,38587.2105
2026-06-01 16:15:00+02:00,4864.774394080976,2240.75053,822.4691780947264,388.159,5687.243572175703,2628.90953,37411.03353
2026-06-01 16:30:00+02:00,4862.671594504693,2078.39059,794.3081421188599,356.258,5656.9797366235525,2434.64859,35362.138589999995
2026-06-01 16:45:00+02:00,4823.569481119194,1963.58881,763.8543521609461,329.549,5587.423833280141,2293.13781,33255.07181
2026-06-01 17:00:00+02:00,4320.360030078695,1775.40055,749.653710144002,325.507,5070.0137402226965,2100.90755,30945.68255
2026-06-01 17:15:00+02:00,4222.839350673601,1604.1501,710.3374329306274,318.326,4933.176783604228,1922.4761,28681.6521
2026-06-01 17:30:00+02:00,4157.644649173816,1465.73094,685.7935586662554,331.959,4843.438207840071,1797.68994,26250.94194
2026-06-01 17:45:00+02:00,4088.390802918223,1301.28026,674.3264800172734,326.503,4762.717282935497,1627.78326,23787.67926
2026-06-01 18:00:00+02:00,3291.84324485575,1159.36659,662.8733550599756,351.765,3954.7165999157255,1511.13159,21460.57459
2026-06-01 18:15:00+02:00,3208.4318351566662,1039.4581,675.531757565916,354.742,3883.9635927225822,1394.2001,18705.797100000003
2026-06-01 18:30:00+02:00,3120.339153856559,897.09443,693.9627930657706,383.427,3814.3019469223295,1280.52143,16172.60443
2026-06-01 18:45:00+02:00,3025.7906894698453,809.15753,697.3493957033329,451.894,3723.1400851731782,1261.05153,13784.90253
2026-06-01 19:00:00+02:00,2248.153180150333,738.83554,621.1647301083577,490.645,2869.3179102586905,1229.48054,11501.59154
2026-06-01 19:15:00+02:00,2165.940420698932,653.09526,631.7059995698323,499.445,2797.6464202687644,1152.54026,9486.34826
2026-06-01 19:30:00+02:00,2122.746485115021,550.99921,632.8881874838435,541.93,2755.6346725988647,1092.9292099999998,7672.772209999999
2026-06-01 19:45:00+02:00,2101.3102456177858,476.59508,633.6605832525914,615.356,2734.9708288703773,1091.95108,6112.41908
2026-06-01 20:00:00+02:00,1993.5157308446016,460.08498,768.9894930364535,685.578,2762.505223881055,1145.66298,4777.15398
2026-06-01 20:15:00+02:00,1863.1108393147094,461.15874,765.4574378734673,748.442,2628.5682771881766,1209.60074,3695.43374
2026-06-01 20:30:00+02:00,1789.7524551089432,478.86397,784.6149022528402,844.226,2574.3673573617834,1323.08997,2855.4709700000003
2026-06-01 20:45:00+02:00,1820.7710247854777,554.77469,786.972407103894,959.295,2607.743431889372,1514.0696899999998,2300.7626899999996
2026-06-01 21:00:00+02:00,1886.9996181845877,666.54058,990.3816604405888,1017.986,2877.3812786251765,1684.52658,1996.50858
2026-06-01 21:15:00+02:00,1874.6204590653217,799.33798,984.8417439861679,1027.621,2859.4622030514897,1826.95898,1918.85998
2026-06-01 21:30:00+02:00,1845.4255926304684,869.58972,969.1335537656815,1030.598,2814.55914639615,1900.18772,1916.35372
2026-06-01 21:45:00+02:00,1911.3235701708054,902.86558,961.1057855937427,1035.744,2872.429355764548,1938.60958,1943.0175799999995
2026-06-01 22:00:00+02:00,2386.5352992476655,1087.63076,1093.8134482987077,996.047,3480.3487475463735,2083.67776,2084.26176
2026-06-01 22:15:00+02:00,2527.0078722936873,1327.15114,1111.1261585702002,945.385,3638.1340308638873,2272.53614,2272.76514
2026-06-01 22:30:00+02:00,2636.957786451961,1618.46806,1127.7770375560394,933.482,3764.7348240080005,2551.95006,2552.1560600000003
2026-06-01 22:45:00+02:00,2706.3234517690444,1901.15173,1126.1108766713353,991.949,3832.4343284403794,2893.10073,2893.28773
2026-06-01 23:00:00+02:00,3477.67912832417,2271.75984,1583.31496367664,1041.806,5060.99409200081,3313.56584,3313.7538400000003
2026-06-01 23:15:00+02:00,3512.2736005647084,2684.63904,1583.4327388078175,1153.9,5095.706339372526,3838.53904,3838.69904
2026-06-01 23:30:00+02:00,3528.7676718178027,3142.14738,1586.2819109854977,1264.952,5115.0495828033,4407.09938,4407.249379999999
2026-06-01 23:45:00+02:00,3552.4538021673843,3577.06739,1608.8466066769445,1375.092,5161.300408844329,4952.159390000001,4952.288390000001
2026-06-02 00:00:00+02:00,4327.962836182403,4031.78253,2061.8794833158395,1134.616,6389.842319498242,5166.39853,5166.52353
2026-06-02 00:15:00+02:00,4353.950963524091,4493.4963,2063.5349359541833,1493.36,6417.485899478274,5986.8562999999995,5986.9743
2026-06-02 00:30:00+02:00,4357.943420748532,4943.55603,2068.83643297169,1723.075,6426.779853720222,6666.63103,6666.74803
2026-06-02 00:45:00+02:00,4376.142833339051,5384.23185,2077.2854921096387,2043.232,6453.42832544869,7427.46385,7427.57585
2026-06-02 01:00:00+02:00,6133.1590032248005,5760.75426,2678.496444087227,2157.968,8811.655447312027,7918.72226,7918.83026
2026-06-02 01:15:00+02:00,6144.74424618203,6211.77967,2691.7957208496664,2233.673,8836.539967031697,8445.452669999999,8445.560669999999
2026-06-02 01:30:00+02:00,6157.942660275075,6568.513,2693.752221932821,2290.379,8851.694882207896,8858.892,8858.989
2026-06-02 01:45:00+02:00,6169.682708355632,6900.25529,2690.195864555824,2289.997,8859.878572911455,9190.25229,9190.34729
2026-06-02 02:00:00+02:00,8506.694573857749,7203.51916,3248.1597390971388,2309.941,11754.854312954887,9513.46016,9513.556159999998
2026-06-02 02:15:00+02:00,8508.428961048588,7531.46445,3252.9006030984656,2377.495,11761.329564147054,9908.95945,9909.04545
2026-06-02 02:30:00+02:00,8489.861039789277,7825.92979,3257.932370820222,2401.084,11747.793410609498,10227.01379,10227.10279
2026-06-02 02:45:00+02:00,8485.743073593212,8061.31074,3260.549864162517,2337.838,11746.29293775573,10399.14874,10399.23174
2026-06-02 03:00:00+02:00,8947.86455760641,8272.27723,3662.7182302878896,2231.98,12610.5827878943,10504.25723,10504.33723
2026-06-02 03:15:00+02:00,8937.293130539885,8337.38009,3693.321508047659,2287.988,12630.614638587544,10625.36809,10625.44609
2026-06-02 03:30:00+02:00,8930.68457220186,8349.38142,3711.64063688242,2356.425,12642.32520908428,10705.80642,10705.88442
2026-06-02 03:45:00+02:00,8939.259011449174,8340.94351,3712.4067310348983,2426.691,12651.665742484072,10767.63451,10767.70851
2026-06-02 04:00:00+02:00,9870.027562752695,8343.58087,3569.2952632518163,2468.916,13439.32282600451,10812.49687,10812.57487
2026-06-02 04:15:00+02:00,9868.765772016228,8428.44285,3587.00767699326,2531.988,13455.773449009488,10960.43085,10960.516849999998
2026-06-02 04:30:00+02:00,9871.164871076111,8587.65398,3607.7228249613327,2485.982,13478.887696037444,11073.63598,11074.47898
2026-06-02 04:45:00+02:00,9881.50377662417,8756.88671,3607.673374804277,2430.293,13489.177151428446,11187.17971,11198.12371
2026-06-02 05:00:00+02:00,10094.694284580584,8900.93426,3705.2085452226934,2446.034,13799.902829803277,11346.96826,11428.10526
2026-06-02 05:15:00+02:00,10149.877758518252,9184.34541,3706.7502398976503,2543.608,13856.627998415903,11727.95341,12048.07341
2026-06-02 05:30:00+02:00,10189.948624300412,9308.5718,3702.65536723152,2655.474,13892.603991531932,11964.0458,12833.9228
2026-06-02 05:45:00+02:00,10174.53303347221,9265.53849,3681.372583448716,2684.853,13855.905616920925,11950.391490000002,13680.20949
2026-06-02 06:00:00+02:00,10054.415133168448,9352.87562,3575.4894142645253,2722.277,13629.904547432972,12075.15262,14809.461620000002
2026-06-02 06:15:00+02:00,10020.266422449897,9338.16299,3570.692911182905,2751.826,13590.959333632802,12089.988990000002,16020.60199
2026-06-02 06:30:00+02:00,9978.880477241695,9337.04684,3564.978747703609,2719.838,13543.859224945303,12056.88484,17387.69284
2026-06-02 06:45:00+02:00,9907.11385012447,9267.65037,3575.0345185393508,2660.575,13482.14836866382,11928.22537,18867.64837
2026-06-02 07:00:00+02:00,9320.797930557896,8949.86597,3053.183429109082,2598.385,12373.981359666977,11548.25097,20255.637970000003
2026-06-02 07:15:00+02:00,9213.205776121584,8518.8028,3060.861400252653,2555.121,12274.067176374236,11073.9238,21651.4438
2026-06-02 07:30:00+02:00,9074.96392101238,8034.05877,3086.32377999657,2467.354,12161.28770100895,10501.41277,23221.363769999996
2026-06-02 07:45:00+02:00,8975.316385157348,7355.49774,3101.2325886981916,2420.351,12076.54897385554,9775.84874,24809.26074
2026-06-02 08:00:00+02:00,7774.021377394971,6590.69173,3020.880562533549,2476.464,10794.90193992852,9067.15573,26452.95873
2026-06-02 08:15:00+02:00,7717.923839347907,5842.01701,3030.8450816594327,2513.922,10748.76892100734,8355.93901,28200.144010000004
2026-06-02 08:30:00+02:00,7731.742723538414,5219.91752,3072.862858798074,2543.094,10804.605582336488,7763.01152,30167.43252
2026-06-02 08:45:00+02:00,7710.997716995151,4817.90286,3080.382202762498,2513.032,10791.379919757648,7330.93486,32079.25586
2026-06-02 09:00:00+02:00,5111.461608356203,4615.49456,3032.3589060099816,2462.105,8143.820514366185,7077.599560000001,34085.65156
2026-06-02 09:15:00+02:00,5137.942283165654,4486.18153,3026.6658377376457,2479.403,8164.6081209033,6965.58453,36161.77053
2026-06-02 09:30:00+02:00,5169.97861877021,4614.22653,3034.3358234085044,2460.504,8204.314442178715,7074.73053,38217.21753
2026-06-02 09:45:00+02:00,5210.239066228304,4792.18849,3030.012536257756,2362.854,8240.25160248606,7155.04249,39843.49049
2026-06-02 10:00:00+02:00,4314.844234059758,4963.1337,3014.001150760133,2163.043,7328.845384819891,7126.1767,41500.64169999999
2026-06-02 10:15:00+02:00,4377.232920013833,5205.75848,3015.5491620464672,2021.896,7392.7820820603,7227.65448,42954.75348
2026-06-02 10:30:00+02:00,4454.579735188471,5534.55208,2967.5739815729903,2026.633,7422.1537167614615,7561.18508,44465.53308
2026-06-02 10:45:00+02:00,4496.374979109714,5987.43388,2954.9758352317112,1962.672,7451.350814341426,7950.105879999999,45308.80387999999
2026-06-02 11:00:00+02:00,5011.927500047565,6580.96001,2473.932441701821,1935.231,7485.859941749386,8516.19101,45691.57501
2026-06-02 11:15:00+02:00,5098.131199330878,7158.51276,2461.3808581205835,1814.152,7559.512057451462,8972.66476,46659.38576
2026-06-02 11:30:00+02:00,5187.5467626978425,7559.30382,2465.2173937100756,1801.316,7652.764156407919,9360.61982,47185.10482
2026-06-02 11:45:00+02:00,5261.29803290854,7993.37297,2469.2001730248403,1790.36,7730.498205933381,9783.73297,48224.431970000005
2026-06-02 12:00:00+02:00,5645.046476122614,8204.65791,2082.566701044151,1754.664,7727.613177166765,9959.32191,49019.89691
2026-06-02 12:15:00+02:00,5698.587690799041,8712.26327,2067.463045545671,1773.468,7766.050736344712,10485.73127,50082.31427
2026-06-02 12:30:00+02:00,5728.38805038779,8204.12831,2070.1073868974177,1789.549,7798.495437285208,9993.67731,49556.82131
2026-06-02 12:45:00+02:00,5805.0368724116715,8252.61646,2063.165590956318,1780.197,7868.202463367989,10032.81346,49142.39746
2026-06-02 13:00:00+02:00,5379.484638223201,8175.45105,1754.5912402998829,2063.42,7134.075878523084,10238.87105,49571.40805
2026-06-02 13:15:00+02:00,5402.642017195851,8609.3296,1722.887944666026,2132.726,7125.5299618618765,10742.0556,49752.5956
2026-06-02 13:30:00+02:00,5431.2816876990255,8880.18765,1716.6298643257091,2300.478,7147.911552024734,11180.66565,49838.64865
2026-06-02 13:45:00+02:00,5491.769169282682,8787.7313,1713.638324674794,2321.155,7205.407493957476,11108.8863,48915.478299999995
2026-06-02 14:00:00+02:00,5951.034878522698,8411.3457,1470.5352816801048,2313.152,7421.570160202803,10724.4977,48179.9677
2026-06-02 14:15:00+02:00,5993.821052461526,8604.82075,1459.8856564181629,2455.138,7453.706708879688,11059.958750000002,48106.299750000006
2026-06-02 14:30:00+02:00,6017.347341910971,8814.03571,1436.0986490802493,2478.951,7453.44599099122,11292.98671,47141.54971000001
2026-06-02 14:45:00+02:00,6024.858924127243,9364.55807,1404.9113586148217,2335.945,7429.770282742064,11700.50307,46152.89807
2026-06-02 15:00:00+02:00,6061.91232078999,9497.71136,1554.6556831484013,2069.745,7616.5680039383915,11567.45636,44806.19035999999
2026-06-02 15:15:00+02:00,6060.522116008348,9693.79932,1556.5865647479743,2056.511,7617.108680756322,11750.31032,43080.64532
2026-06-02 15:30:00+02:00,6048.745696123047,9565.19159,1543.3063225645317,1992.812,7592.052018687579,11558.00359,41313.93459
2026-06-02 15:45:00+02:00,6046.448387793143,9481.0644,1540.903854238706,1856.804,7587.3522420318495,11337.8684,39523.5784
2026-06-02 16:00:00+02:00,5262.524759141259,9654.60039,1695.688303237429,1935.585,6958.213062378688,11590.18539,38308.70839
2026-06-02 16:15:00+02:00,5278.374972922573,9706.57945,1686.251850830089,1825.11,6964.626823752662,11531.68945,36460.40845
2026-06-02 16:30:00+02:00,5252.064233480483,9498.50929,1665.298030234543,1750.846,6917.3622637150265,11249.35529,33992.74929
2026-06-02 16:45:00+02:00,5219.972436604454,9603.5409,1638.354423611963,1698.255,6858.326860216417,11301.7959,31551.6209
2026-06-02 17:00:00+02:00,6149.109862153807,9938.37512,1920.0872553809102,1729.649,8069.197117534717,11668.02412,29670.18512
2026-06-02 17:15:00+02:00,6066.9075945701,10060.23759,1875.5437572110402,1744.139,7942.45135178114,11804.37659,27889.66259
2026-06-02 17:30:00+02:00,6033.412935055037,10370.66569,1886.1330847407908,1727.323,7919.546019795828,12097.98869,26188.17769
2026-06-02 17:45:00+02:00,5988.297806399963,10848.70046,1904.6415593501447,1804.572,7892.939365750108,12653.27246,24898.88446
2026-06-02 18:00:00+02:00,8466.239429200617,11330.53298,2080.373374646396,2040.791,10546.612803847012,13371.32398,24005.22798
2026-06-02 18:15:00+02:00,8388.421564891714,11499.03894,2129.149923895326,2314.173,10517.57148878704,13813.21194,22757.74494
2026-06-02 18:30:00+02:00,8443.059302365384,11565.95019,2125.6116811224124,2243.571,10568.670983487797,13809.52119,21339.36119
2026-06-02 18:45:00+02:00,8361.87822410415,11634.46356,2122.2958745436267,2336.239,10484.174098647776,13970.70256,20140.38556
2026-06-02 19:00:00+02:00,9184.028355454315,11698.6521,2192.9386385438415,2260.684,11376.966993998156,13959.3361,18971.6731
2026-06-02 19:15:00+02:00,9103.522180403583,12321.96825,2204.7876684401267,2270.265,11308.30984884371,14592.23325,18523.18825
2026-06-02 19:30:00+02:00,9059.05194289738,12887.16488,2209.7691271052026,2418.809,11268.821070002583,15305.97388,18382.13588
2026-06-02 19:45:00+02:00,9040.542392796746,13402.97528,2219.0727582841696,2413.843,11259.615151080916,15816.81828,18189.87628
2026-06-02 20:00:00+02:00,12220.040373518026,12806.01067,2132.587544442315,2438.339,14352.62791796034,15244.34967,16975.93267
2026-06-02 20:15:00+02:00,12089.428743138295,12857.4165,2130.8833846110033,2373.511,14220.312127749297,15230.9275,16400.0815
2026-06-02 20:30:00+02:00,12002.94309125591,13044.99117,2149.243891503305,2215.959,14152.186982759215,15260.95017,15991.68017
2026-06-02 20:45:00+02:00,12018.777889527035,13530.56399,2155.5268989842816,2081.941,14174.304788511316,15612.50499,15991.926990000002
2026-06-02 21:00:00+02:00,14633.381822703035,13613.76204,2149.116149046661,2060.766,16782.497971749697,15674.52804,15818.85804
2026-06-02 21:15:00+02:00,14612.000639026975,13611.62305,2144.331549719859,2007.668,16756.332188746834,15619.29105,15666.77605
2026-06-02 21:30:00+02:00,14557.05516407749,14299.68183,2131.3330739603607,2028.715,16688.38823803785,16328.39683,16338.42883
2026-06-02 21:45:00+02:00,14601.04696024647,14607.20079,2125.514602530626,2165.419,16726.561562777097,16772.61979,16777.12379
2026-06-02 22:00:00+02:00,14963.35240834437,14772.49502,2023.1171223783479,2161.004,16986.46953072272,16933.49902,16934.19602
2026-06-02 22:15:00+02:00,15085.649087405447,15489.06169,2039.4378933628486,2127.741,17125.086980768298,17616.80269,17616.99969
2026-06-02 22:30:00+02:00,15179.605248752157,15872.02991,2053.2819281334205,2263.302,17232.88717688558,18135.33191,18135.50391
2026-06-02 22:45:00+02:00,15236.084328223704,16154.0157,2049.566213584067,2502.891,17285.650541807772,18656.9067,18657.0787
2026-06-02 23:00:00+02:00,17943.38380530853,16319.36349,2818.4439296123523,2616.888,20761.827734920884,18936.25149,18936.39249
2026-06-02 23:15:00+02:00,17973.288893476558,16330.45806,2816.9319261967066,2814.292,20790.220819673264,19144.75006,19144.881060000003
2026-06-02 23:30:00+02:00,17986.49320841423,16626.42017,2820.2491467147456,2930.486,20806.742355128976,19556.90617,19557.02917
2026-06-02 23:45:00+02:00,18003.697165632082,16798.0494,2841.2870155563837,2854.579,20844.984181188465,19652.6284,19652.7294
2026-06-03 00:00:00+02:00,18844.51712674431,16587.36162,2711.4877089558277,2905.494,21556.00483570014,19492.85562,19492.95062
2026-06-03 00:15:00+02:00,18883.110874227183,16444.6686,2723.2692882242422,3009.547,21606.380162451424,19454.2156,19454.3036
2026-06-03 00:30:00+02:00,18897.528340244742,16489.74777,2734.811302521861,3098.885,21632.3396427666,19588.632770000004,19588.720770000004
2026-06-03 00:45:00+02:00,18925.813691923715,16338.65062,2752.0930364005503,3054.634,21677.906728324266,19393.28462,19393.37162
2026-06-03 01:00:00+02:00,17341.92337526733,16168.49452,2440.7205649748203,2989.272,19782.643940242153,19157.76652,19157.85152
2026-06-03 01:15:00+02:00,17366.14032929891,15502.12531,2456.5862300197264,2980.124,19822.726559318635,18482.24931,18482.32931
2026-06-03 01:30:00+02:00,17386.344815700213,14842.72575,2462.5084892438645,3015.353,19848.853304944078,17858.07875,17858.16275
2026-06-03 01:45:00+02:00,17402.923646258212,14550.26186,2466.154218523208,2886.804,19869.07786478142,17437.065860000002,17437.154860000002
2026-06-03 02:00:00+02:00,16071.591507625379,14540.22881,2360.0243866773917,2664.936,18431.61589430277,17205.164810000002,17205.243810000004
2026-06-03 02:15:00+02:00,16082.535725246813,14490.82893,2365.7898939255538,2501.601,18448.325619172367,16992.42993,16992.50593
2026-06-03 02:30:00+02:00,16081.505612816763,14483.81701,2375.5835204970235,2433.145,18457.089133313788,16916.96201,16917.03901
2026-06-03 02:45:00+02:00,16086.315956012677,14516.625,2388.745699271346,2405.164,18475.061655284022,16921.789,16921.858
2026-06-03 03:00:00+02:00,16655.759282629762,14639.81558,2491.984736314471,2358.909,19147.744018944235,16998.724580000002,16998.79058
2026-06-03 03:15:00+02:00,16652.7625407821,14599.07883,2525.5194894458464,2385.361,19178.282030227947,16984.43983,16984.503829999998
2026-06-03 03:30:00+02:00,16652.835972710713,14449.27017,2545.719692884736,2380.582,19198.55566559545,16829.85217,16829.921169999998
2026-06-03 03:45:00+02:00,16667.025086329853,14252.2406,2548.5298075635674,2389.756,19215.554893893423,16641.9966,16642.061599999997
2026-06-03 04:00:00+02:00,17740.233917002744,14219.1483,2500.8551194892602,2401.696,20241.089036492005,16620.8443,16620.906300000002
2026-06-03 04:15:00+02:00,17739.427687397143,14381.96777,2519.994198658866,2485.928,20259.42188605601,16867.89577,16867.978769999998
2026-06-03 04:30:00+02:00,17745.309125387306,14385.81081,2538.7759898745635,2563.282,20284.08511526187,16949.092810000002,16949.68081
2026-06-03 04:45:00+02:00,17762.28221661756,14202.72441,2536.921766177133,2625.869,20299.203982794694,16828.59341,16839.61141
2026-06-03 05:00:00+02:00,16807.258820115512,14139.98014,2559.566571747215,2890.041,19366.825391862727,17030.02114,17103.93714
2026-06-03 05:15:00+02:00,16865.3409653229,14246.99357,2563.2395016549817,3092.472,19428.58046697788,17339.46557,17507.15457
2026-06-03 05:30:00+02:00,16913.76820950252,14493.69334,2562.1056744672806,3210.166,19475.873883969798,17703.85934,18079.62734
2026-06-03 05:45:00+02:00,16897.481917970043,14539.84118,2542.1438405248946,3211.088,19439.625758494938,17750.92918,18574.43018
2026-06-03 06:00:00+02:00,14261.883059877702,14505.6956,2579.4718238796527,3251.988,16841.354883757354,17757.6836,19176.4456
2026-06-03 06:15:00+02:00,14222.923896243514,14120.30448,2578.5618891969452,3350.463,16801.485785440458,17470.767480000002,19581.131480000004
2026-06-03 06:30:00+02:00,14178.970733156035,13725.03322,2574.711941858746,3417.518,16753.68267501478,17142.55122,20005.69222
2026-06-03 06:45:00+02:00,14104.459156447516,13071.49819,2563.4500983046664,3348.213,16667.909254752183,16419.71119,20175.60319
2026-06-03 07:00:00+02:00,12374.358307198625,12919.75178,2657.8599902014553,3305.247,15032.21829740008,16224.99878,20979.58178
2026-06-03 07:15:00+02:00,12253.740574352707,12833.15001,2663.437168588285,3408.33,14917.177742940992,16241.48001,22085.63201
2026-06-03 07:30:00+02:00,12100.413936008123,12762.73541,2685.602297920828,3330.238,14786.01623392895,16092.97341,22976.75341
2026-06-03 07:45:00+02:00,11943.564817215558,12696.88365,2698.5810427849583,3270.052,14642.145860000517,15966.93565,24018.76565
2026-06-03 08:00:00+02:00,12945.563316010655,12718.80658,2612.0382712464702,3149.617,15557.601587257126,15868.42358,25210.07658
2026-06-03 08:15:00+02:00,12906.360453091764,13109.69808,2621.196482388441,3198.357,15527.556935480205,16308.05508,27060.72908
2026-06-03 08:30:00+02:00,12950.811834274857,13415.2233,2652.761668801242,3286.355,15603.573503076099,16701.5783,28868.4793
2026-06-03 08:45:00+02:00,12936.84441410597,13632.3657,2658.2958778046213,3233.078,15595.140291910591,16865.4437,30378.4197
2026-06-03 09:00:00+02:00,13244.391024583232,14029.26336,2775.4745901337556,3302.193,16019.865614716988,17331.45636,32429.34736
2026-06-03 09:15:00+02:00,13282.379124690277,14453.81929,2768.750927066936,3245.939,16051.130051757213,17699.758289999998,34227.549289999995
2026-06-03 09:30:00+02:00,13316.39792634438,14747.83148,2761.2942728616827,3159.749,16077.692199206063,17907.58048,36178.94948
2026-06-03 09:45:00+02:00,13361.751609313442,14907.80495,2757.7146674992737,3132.189,16119.466276812716,18039.99395,37971.12195
2026-06-03 10:00:00+02:00,14515.386666992505,15022.02643,3206.62196966004,3358.129,17722.008636652543,18380.15543,40084.68343
2026-06-03 10:15:00+02:00,14572.651100592078,15175.98575,3208.072225140322,3586.427,17780.7233257324,18762.41275,41970.11575
2026-06-03 10:30:00+02:00,14644.915936221767,15417.10922,3183.587303100656,3697.319,17828.503239322425,19114.42822,43971.65122
2026-06-03 10:45:00+02:00,14684.966033499963,15591.31581,3163.8894985715156,3476.076,17848.855532071477,19067.39181,45308.41981
2026-06-03 11:00:00+02:00,15444.673454707945,15636.01272,3620.708261884233,3401.623,19065.38171659218,19037.63572,46833.98172
2026-06-03 11:15:00+02:00,15517.673290041885,15743.92666,3606.519710597056,3365.208,19124.19300063894,19109.13466,48144.52566
2026-06-03 11:30:00+02:00,15594.084966085851,15683.2383,3609.8826105192766,3278.967,19203.96757660513,18962.2053,49177.7613
2026-06-03 11:45:00+02:00,15660.035596260364,15982.80734,3613.5034841207435,3233.607,19273.53908038111,19216.41434,50438.37934
2026-06-03 12:00:00+02:00,16058.81454188946,15850.86241,3822.645630669261,3422.354,19881.46017255872,19273.21641,51220.56541
2026-06-03 12:15:00+02:00,16105.357405349458,15456.92236,3807.7693066046922,3402.195,19913.12671195415,18859.11736,51401.62936
2026-06-03 12:30:00+02:00,16130.58319212576,15275.58515,3808.6243130787175,3407.503,19939.20750520448,18683.08815,51027.152149999994
2026-06-03 12:45:00+02:00,16195.921477478634,15293.05099,3801.7264780363316,3540.727,19997.647955514967,18833.77799,51421.45099
2026-06-03 13:00:00+02:00,15860.846982337662,15001.9708,3676.350603873398,3446.259,19537.19758621106,18448.2298,51462.6588
2026-06-03 13:15:00+02:00,15883.388394810856,14850.06131,3645.2947287788716,3608.226,19528.683123589726,18458.28731,51776.22231
2026-06-03 13:30:00+02:00,15898.700232487497,14807.25808,3639.520681436396,3716.263,19538.220913923895,18523.52108,52349.59108
2026-06-03 13:45:00+02:00,15945.294696750703,14697.91218,3632.300270989761,3945.915,19577.594967740464,18643.82718,52296.20618
2026-06-03 14:00:00+02:00,14992.38953689655,14643.64086,3631.2800326980946,4058.59,18623.669569594644,18702.23086,52548.00186
2026-06-03 14:15:00+02:00,15025.599714912774,14474.28423,3621.000204862671,4113.793,18646.599919775446,18588.07723,51928.217229999995
2026-06-03 14:30:00+02:00,15030.778048395885,14217.51865,3598.027002991596,4108.297,18628.80505138748,18325.81565,51764.09665000001
2026-06-03 14:45:00+02:00,15026.555741331025,14106.22088,3566.7344805442017,3929.036,18593.290221875228,18035.25688,51045.82588
2026-06-03 15:00:00+02:00,15553.765847843517,13739.40795,3614.6160040318496,3634.25,19168.381851875365,17373.65795,49343.80395
2026-06-03 15:15:00+02:00,15540.150424227948,13966.11793,3617.3672848960473,3518.501,19157.517709123997,17484.61893,48731.76593
2026-06-03 15:30:00+02:00,15511.586328497766,14214.41227,3604.975795809495,3513.612,19116.56212430726,17728.02427,48353.421270000006
2026-06-03 15:45:00+02:00,15474.243200094566,13863.40934,3603.549577634536,3532.97,19077.792777729104,17396.37934,47382.02834
2026-06-03 16:00:00+02:00,14997.246676881321,13615.80282,2622.548009324241,3604.666,17619.79468620556,17220.468820000002,46213.30682
2026-06-03 16:15:00+02:00,14987.267501090719,13489.13866,2612.227518293056,3374.322,17599.495019383776,16863.46066,44894.10766
2026-06-03 16:30:00+02:00,15101.750516234682,13308.95594,2590.6127331727066,3077.693,17692.36324940739,16386.64894,43152.58094
2026-06-03 16:45:00+02:00,15082.093236809897,13738.72121,2562.8434104110347,2999.546,17644.93664722093,16738.267209999998,42250.40420999999
2026-06-03 17:00:00+02:00,11876.678134824602,13597.4142,2412.2395001548152,3433.828,14288.917634979418,17031.2422,40929.9122
2026-06-03 17:15:00+02:00,11801.315946657023,13624.47282,2368.1412646456447,3763.715,14169.457211302668,17388.18782,39745.99482
2026-06-03 17:30:00+02:00,11796.232261323492,13609.47377,2348.8847740050373,3938.188,14145.117035328529,17547.66177,38417.93077
2026-06-03 17:45:00+02:00,11752.470323603717,13532.91539,2338.703165610149,3774.329,14091.173489213867,17307.24439,36404.70739
2026-06-03 18:00:00+02:00,10514.429236557546,13636.80512,2153.8795000807727,3653.831,12668.308736638319,17290.636120000003,34342.70212
2026-06-03 18:15:00+02:00,10430.189114905083,13477.39085,2193.4445466707243,3785.144,12623.633661575806,17262.53485,32303.41585
2026-06-03 18:30:00+02:00,10365.358666783162,13436.61257,2189.020964697296,3853.31,12554.379631480459,17289.92257,30436.40657
2026-06-03 18:45:00+02:00,10274.202557374718,13662.71321,2186.342614282464,3794.302,12460.545171657182,17457.01521,28575.954210000004
2026-06-03 19:00:00+02:00,8859.308739364407,13092.19761,2239.0782545067955,3386.685,11098.386993871203,16478.88261,25816.91861
2026-06-03 19:15:00+02:00,8792.31944709006,12596.58017,2245.657182804026,2819.897,11037.976629894085,15416.477169999998,22913.13117
2026-06-03 19:30:00+02:00,8749.820471942694,12414.81573,2245.056856764843,2469.916,10994.877328707536,14884.73173,20663.52573
2026-06-03 19:45:00+02:00,8729.394825437652,12148.1584,2248.1228761486186,2369.553,10977.51770158627,14517.7114,18845.8064
2026-06-03 20:00:00+02:00,9814.517824249038,12357.01606,2091.787729935709,2459.884,11906.305554184748,14816.90006,17925.97406
2026-06-03 20:15:00+02:00,9697.210799930072,12558.21454,2086.8552961274704,2618.102,11784.066096057542,15176.31654,17214.90554
2026-06-03 20:30:00+02:00,9618.939551415044,13217.6248,2103.0858426957034,2978.931,11722.025394110748,16196.5558,17380.9528
2026-06-03 20:45:00+02:00,9645.090129504551,13987.44245,2107.601037899785,3411.046,11752.691167404337,17398.48845,17980.76045
2026-06-03 21:00:00+02:00,12231.589443474084,15071.33777,2636.6624490842096,3931.61,14868.251892558294,19002.94777,19204.31877
2026-06-03 21:15:00+02:00,12216.819888295267,16192.17341,2631.112057755871,4592.496,14847.931946051138,20784.66941,20834.46941
2026-06-03 21:30:00+02:00,12164.832342547474,16869.64178,2611.317675605029,5322.532,14776.150018152503,22192.17378,22201.33278
2026-06-03 21:45:00+02:00,12212.0012438511,17880.89732,2596.3216698363176,5874.628,14808.322913687418,23755.52532,23759.34532
2026-06-03 22:00:00+02:00,13636.663685562029,18426.75387,4113.6252257531005,6261.068,17750.28891131513,24687.82187,24688.48587
2026-06-03 22:15:00+02:00,13750.834150221428,19376.30455,4124.51959079059,6583.918,17875.35374101202,25960.22255,25960.39055
2026-06-03 22:30:00+02:00,13842.144724462012,20310.30954,4129.700869123289,6778.835,17971.8455935853,27089.14454,27089.301539999997
2026-06-03 22:45:00+02:00,13898.65411700072,21177.16683,4124.884431567379,6921.322,18023.5385485681,28098.48883,28098.625829999997
2026-06-03 23:00:00+02:00,17718.612024045964,21944.89206,4725.15257590755,6918.669,22443.764599953516,28863.56106,28863.69306
2026-06-03 23:15:00+02:00,17759.770168202187,22564.47363,4736.296746180059,6859.896,22496.066914382245,29424.36963,29424.49863
2026-06-03 23:30:00+02:00,17788.81490025672,23307.95165,4749.540539914344,6659.3,22538.355440171064,29967.25165,29967.369649999997
2026-06-03 23:45:00+02:00,17816.376074452946,24438.94871,4767.336480369319,6639.689,22583.712554822265,31078.637710000003,31078.76071
2026-06-04 00:00:00+02:00,21804.276803129967,25345.32563,5294.606260331023,6748.332,27098.88306346099,32093.65763,32093.78063
2026-06-04 00:15:00+02:00,21849.282874609587,25797.33705,5309.984115164007,7109.516,27159.266989773594,32906.85305,32906.964049999995
2026-06-04 00:30:00+02:00,21872.90819636289,26284.13064,5323.937608148056,7108.443,27196.845804510944,33392.57364,33392.67164
2026-06-04 00:45:00+02:00,21890.199805410663,26636.81708,5343.182825854335,6942.364,27233.382631264998,33579.18108,33579.27308
2026-06-04 01:00:00+02:00,22942.954193528767,27011.30945,5507.501061936757,6994.387,28450.455255465524,34005.69645,34005.774450000004
2026-06-04 01:15:00+02:00,22939.1514358682,27172.76864,5527.995172770514,6501.268,28467.146608638715,33674.03664,33674.115639999996
2026-06-04 01:30:00+02:00,22934.937196586707,27254.80183,5536.935465701543,6410.325,28471.87266228825,33665.12683,33665.20083
2026-06-04 01:45:00+02:00,22944.260643834637,27224.07299,5539.538570313641,6418.103,28483.79921414828,33642.17599,33642.24799
2026-06-04 02:00:00+02:00,23156.661639372294,27095.32419,5572.990238458382,6703.036,28729.651877830678,33798.36019,33798.41919
2026-06-04 02:15:00+02:00,23177.93405749531,26909.21493,5577.507755597195,6416.631,28755.441813092504,33325.845929999996,33325.90592999999
2026-06-04 02:30:00+02:00,23184.920257705522,26621.91091,5589.164332848319,6576.026,28774.08459055384,33197.93691,33197.994909999994
2026-06-04 02:45:00+02:00,23200.99478395557,26293.17458,5600.624827638122,6680.579,28801.619611593695,32973.75358,32973.81058
2026-06-04 03:00:00+02:00,22737.988720014448,26046.05052,5434.647556507985,6964.057,28172.636276522433,33010.10752,33010.15952
2026-06-04 03:15:00+02:00,22745.786946658638,25673.29465,5470.642919970138,7145.039,28216.429866628776,32818.33365,32818.39265
2026-06-04 03:30:00+02:00,22749.919377855887,25435.59824,5494.379190522101,7100.349,28244.298568377988,32535.94724,32536.01624
2026-06-04 03:45:00+02:00,22766.295493757945,25498.48645,5497.553763743748,6818.935,28263.849257501694,32317.42145,32317.48845
2026-06-04 04:00:00+02:00,21049.059529387905,25213.63946,5567.446038843951,6550.433,26616.505568231856,31764.07246,31764.13146
2026-06-04 04:15:00+02:00,21059.033526221203,24748.47822,5591.345593134696,6260.95,26650.3791193559,31009.42822,31009.56722
2026-06-04 04:30:00+02:00,21077.042082600954,24398.47899,5614.120336270157,6180.004,26691.16241887111,30578.48299,30579.87599
2026-06-04 04:45:00+02:00,21098.760334984538,24153.81461,5614.735620637568,6125.334,26713.495955622107,30279.14861,30301.10761
2026-06-04 05:00:00+02:00,20893.858987665142,24192.12577,5616.9942277851105,6126.822,26510.853215450254,30318.94777,30427.028769999997
2026-06-04 05:15:00+02:00,20964.715664989708,23693.51394,5626.667564898961,6170.242,26591.38322988867,29863.755940000003,30119.69794
2026-06-04 05:30:00+02:00,21031.589662843217,23241.28282,5629.181320317468,6149.279,26660.770983160684,29390.561820000003,30066.760820000003
2026-06-04 05:45:00+02:00,21024.40200782463,22841.74725,5613.398168028528,6208.886,26637.800175853157,29050.63325,30406.72225
2026-06-04 06:00:00+02:00,20563.89028040907,23163.45534,5395.215396133198,5910.136,25959.105676542265,29073.59134,31271.30334
2026-06-04 06:15:00+02:00,20527.918036501374,22912.81997,5402.616541838832,6103.216,25930.534578340208,29016.03597,32186.94997
2026-06-04 06:30:00+02:00,20479.991765496605,22709.75111,5403.620939473089,6341.33,25883.612704969695,29051.08111,33332.91811
2026-06-04 06:45:00+02:00,20393.590635025175,21981.59854,5399.480763394761,6404.202,25793.071398419936,28385.80054,33886.27454
2026-06-04 07:00:00+02:00,20952.440013329815,21470.53093,5539.148986353762,6073.467,26491.588999683576,27543.99793,34567.41293
2026-06-04 07:15:00+02:00,20836.01038193203,20769.77879,5544.523599239993,6389.268,26380.533981172022,27159.04679,35887.39479
2026-06-04 07:30:00+02:00,20716.760002927014,20167.31725,5561.353526863735,6561.618,26278.11352979075,26728.93525,37235.987250000006
2026-06-04 07:45:00+02:00,20609.19327254248,20036.7855,5570.868859030246,6586.17,26180.062131572726,26622.955500000004,38983.0195
2026-06-04 08:00:00+02:00,19254.78248110995,20034.88342,5251.412989281978,6646.67,24506.195470391925,26681.553419999997,40825.094419999994
2026-06-04 08:15:00+02:00,19212.182817388188,19843.09831,5261.2206522782635,6640.488,24473.403469666453,26483.58631,42506.722310000005
2026-06-04 08:30:00+02:00,19178.23652962633,19447.45064,5265.461029126484,6601.226,24443.697558752814,26048.67664,43796.77963999999
2026-06-04 08:45:00+02:00,19156.04156056179,19667.93405,5269.099533812097,6661.461,24425.14109437389,26329.39505,45804.42805
2026-06-04 09:00:00+02:00,19589.433338877923,19844.70107,4898.825130248925,6699.609,24488.25846912685,26544.31007,47722.879069999995
2026-06-04 09:15:00+02:00,19625.346296601056,19445.78741,4892.138517789266,6621.728,24517.484814390322,26067.51541,49167.53641
2026-06-04 09:30:00+02:00,19664.23214383152,19167.86657,4885.762535262941,6210.032,24549.99467909446,25377.89857,49717.71557
2026-06-04 09:45:00+02:00,19715.318083729886,19378.4188,4882.607129865326,6319.103,24597.925213595212,25697.5218,51116.6848
2026-06-04 10:00:00+02:00,19725.958320083748,19230.62693,4681.6540161211815,6279.606,24407.61233620493,25510.23293,51893.36393
2026-06-04 10:15:00+02:00,19787.867204966056,19134.98986,4678.753208525734,6338.494,24466.62041349179,25473.48386,52794.34886
2026-06-04 10:30:00+02:00,19862.780816226983,19733.88241,4627.029257306218,6199.548,24489.8100735332,25933.430409999997,53862.26341
2026-06-04 10:45:00+02:00,19910.445886785932,19561.23567,4612.567822363651,6236.488,24523.013709149585,25797.72367,54186.22967
2026-06-04 11:00:00+02:00,21831.32987745495,19773.52118,4354.118042163256,6001.862,26185.447919618207,25775.38318,54254.99118
2026-06-04 11:15:00+02:00,21918.676407946405,19210.75324,4337.852903857458,5700.314,26256.52931180386,24911.067239999997,54029.92324
2026-06-04 11:30:00+02:00,22002.08991889662,18831.09968,4336.912754744976,5554.492,26339.002673641597,24385.59168,53646.44468
2026-06-04 11:45:00+02:00,22076.559497827704,19501.42685,4336.967026957408,5437.7,26413.526524785113,24939.12685,54354.08685
2026-06-04 12:00:00+02:00,21369.15750664984,19970.6605,4339.66781921119,5610.362,25708.82532586103,25581.022500000003,55136.0385
2026-06-04 12:15:00+02:00,21425.460663067468,20000.8158,4324.744299954281,5497.274,25750.204963021748,25498.0898,54666.950800000006
2026-06-04 12:30:00+02:00,21436.950368708047,19954.18145,4324.244801253085,5372.869,25761.19516996113,25327.05045,54399.84345
2026-06-04 12:45:00+02:00,21499.99596851399,20290.65599,4316.508984615318,5618.617,25816.504953129308,25909.27299,55616.78298999999
2026-06-04 13:00:00+02:00,22998.587090321867,21157.68275,4368.5600504874,5708.972,27367.14714080927,26866.65475,55657.85475
2026-06-04 13:15:00+02:00,23031.681136478575,21713.74454,4339.706067922024,5620.46,27371.3872044006,27334.20454,55262.61754
2026-06-04 13:30:00+02:00,23054.137721948235,21622.56368,4338.567578877896,5772.584,27392.705300826132,27395.14768,55050.55068
2026-06-04 13:45:00+02:00,23095.864218002236,21198.92749,4332.152306290058,5384.704,27428.016524292296,26583.63149,53857.93549
2026-06-04 14:00:00+02:00,24135.56506251678,20593.00611,4691.804966370331,5120.338,28827.37002888711,25713.34411,52677.13411
2026-06-04 14:15:00+02:00,24175.283214164025,20128.51395,4681.572930339816,5055.733,28856.85614450384,25184.24695,51537.59495
2026-06-04 14:30:00+02:00,24185.477828464576,20270.11387,4658.584980850758,4721.42,28844.062809315335,24991.53387,50456.52487
2026-06-04 14:45:00+02:00,24201.453601709694,20711.38773,4623.596877552675,4255.941,28825.05047926237,24967.328729999997,49748.22073
2026-06-04 15:00:00+02:00,25376.39531508321,21919.72245,4553.4209312405,4273.957,29929.81624632371,26193.679450000003,50469.01645
2026-06-04 15:15:00+02:00,25369.248673868882,22300.13809,4552.9666476676075,3726.859,29922.21532153649,26026.99709,49077.16309
2026-06-04 15:30:00+02:00,25340.72840092969,23099.23509,4537.974913200556,3739.237,29878.703314130245,26838.47209,48741.41409
2026-06-04 15:45:00+02:00,25305.917479422915,23597.8595,4531.6261053603275,3997.575,29837.54358478324,27595.4345,48042.9845
2026-06-04 16:00:00+02:00,24763.731320209474,23372.93943,4428.124947913529,4200.62,29191.856268123003,27573.55943,47038.70843
2026-06-04 16:15:00+02:00,24768.269017864954,23272.37165,4417.154168760388,4318.356,29185.42318662534,27590.72765,46089.29865
2026-06-04 16:30:00+02:00,24748.245824632035,23006.81434,4420.327274643584,4018.989,29168.573099275618,27025.80334,44400.297340000005
2026-06-04 16:45:00+02:00,24714.946376483047,24000.80492,4409.99885271181,3897.729,29124.94522919486,27898.53392,44087.50892
2026-06-04 17:00:00+02:00,26533.54489600562,23665.77256,4698.3097011624295,3604.764,31231.85459716805,27270.53656,42150.48056
2026-06-04 17:15:00+02:00,26489.56023478204,24686.75936,4667.444094114548,3462.121,31157.004328896586,28148.88036,41910.626359999995
2026-06-04 17:30:00+02:00,26476.612288253476,25622.94032,4627.875133863006,3809.828,31104.487422116483,29432.768320000003,41680.53332
2026-06-04 17:45:00+02:00,26450.72934945688,25632.01457,4618.863581332598,3770.983,31069.592930789477,29402.99757,40113.369569999995
2026-06-04 18:00:00+02:00,20537.399929571275,25645.78197,4806.822602445752,3849.872,25344.222532017026,29495.65397,39034.71797
2026-06-04 18:15:00+02:00,20498.67618119896,25322.22409,4816.872569640073,4179.062,25315.548750839032,29501.28609,37955.69609
2026-06-04 18:30:00+02:00,20412.399598901553,24620.18519,4835.728650297537,3972.407,25248.12824919909,28592.59219,35924.68019
2026-06-04 18:45:00+02:00,20317.59791403394,24600.81625,4836.9727382458905,4271.317,25154.570652279832,28872.13325,35273.37325
2026-06-04 19:00:00+02:00,18343.457359311713,24583.3714,5068.791937133069,4521.273,23412.24929644478,29104.6444,34454.7194
2026-06-04 19:15:00+02:00,18289.94288287894,23830.67998,5076.0586429720415,4440.076,23366.00152585098,28270.75598,32616.277980000003
2026-06-04 19:30:00+02:00,18253.054915613015,23397.57351,5080.2052057774645,4786.24,23333.260121390478,28183.81351,31649.99051
2026-06-04 19:45:00+02:00,18239.56356514584,22976.92641,5085.326443078917,5067.446,23324.890008224756,28044.37241,30752.68441
2026-06-04 20:00:00+02:00,19139.521558318334,22528.41865,5232.824166120734,5352.732,24372.345724439067,27881.15065,29888.45465
2026-06-04 20:15:00+02:00,19033.976241693756,21915.73876,5226.097397752015,5288.618,24260.07363944577,27204.35676,28609.59876
2026-06-04 20:30:00+02:00,18969.667981965715,21548.41924,5238.29726153568,5155.697,24207.965243501396,26704.11624,27665.48224
2026-06-04 20:45:00+02:00,19021.63824690757,21190.55732,5239.723834587897,4962.624,24261.362081495467,26153.18132,26725.39732
2026-06-04 21:00:00+02:00,20658.994045634146,20837.07062,5540.8159997614775,4934.566,26199.810045395625,25771.636619999997,26074.827619999996
2026-06-04 21:15:00+02:00,20649.247566588896,21153.75234,5535.245024888434,4901.527,26184.49259147733,26055.27934,26176.19334
2026-06-04 21:30:00+02:00,20618.31132869839,21112.37474,5517.307706887873,5219.999,26135.619035586264,26332.37374,26354.32174
2026-06-04 21:45:00+02:00,20672.142088434022,20986.6797,5506.488194631869,5847.035,26178.63028306589,26833.7147,26837.4697
2026-06-04 22:00:00+02:00,20280.937571445927,20823.31066,5530.762789209835,5724.542,25811.700360655763,26547.85266,26548.83966
2026-06-04 22:15:00+02:00,20411.52686452056,21025.95991,5541.203418200999,5904.912,25952.73028272156,26930.87191,26931.07791
2026-06-04 22:30:00+02:00,20507.142521498285,21187.84256,5549.627152126967,6049.881,26056.76967362525,27237.72356,27237.89656
2026-06-04 22:45:00+02:00,20568.706960108564,21421.3001,5552.824415884522,6214.145,26121.531375993087,27635.4451,27635.6001
2026-06-04 23:00:00+02:00,20868.337864292625,21773.91602,5547.897362369764,6316.62,26416.23522666239,28090.53602,28090.67302
2026-06-04 23:15:00+02:00,20914.853077856736,21961.73752,5567.021330775402,6217.965,26481.87440863214,28179.70252,28179.81352
2026-06-04 23:30:00+02:00,20956.29622610519,22140.69172,5585.404431289175,6186.709,26541.700657394365,28327.40072,28327.520719999997
2026-06-04 23:45:00+02:00,20988.984063131822,22248.1647,5601.286021766452,5910.533,26590.270084898275,28158.6977,28158.8197
2026-06-05 00:00:00+02:00,21496.711579726227,22522.88301,5844.324278535578,5492.824,27341.035858261806,28015.70701,28015.819010000003
2026-06-05 00:15:00+02:00,21554.897608152172,23131.47404,5868.57974272799,5417.129,27423.477350880163,28548.60304,28548.70304
2026-06-05 00:30:00+02:00,21593.841359281978,23484.60933,5881.481231563241,5204.691,27475.32259084522,28689.30033,28689.39533
2026-06-05 00:45:00+02:00,21621.470410623973,23378.51471,5894.910477539541,5135.455,27516.380888163512,28513.96971,28514.069709999996
2026-06-05 01:00:00+02:00,21965.358590007265,23223.18108,5742.634921884724,5532.147,27707.99351189199,28755.32808,28755.42008
2026-06-05 01:15:00+02:00,21967.53275297772,23193.60674,5748.924779394137,5601.174,27716.457532371856,28794.78074,28794.86674
2026-06-05 01:30:00+02:00,21967.96335139768,23079.48581,5754.549206420155,5777.144,27722.512557817834,28856.62981,28856.710809999997
2026-06-05 01:45:00+02:00,21977.250647617107,23219.77411,5757.221364116574,5299.932,27734.47201173368,28519.70611,28519.77511
2026-06-05 02:00:00+02:00,21469.80729727973,23250.1463,6035.619847184305,5757.18,27505.427144464036,29007.3263,29007.3873
2026-06-05 02:15:00+02:00,21483.68450776033,23133.07369,6031.608127316382,6003.858,27515.29263507671,29136.93169,29136.99469
2026-06-05 02:30:00+02:00,21479.530183256094,22869.78209,6045.950641023759,6248.118,27525.480824279854,29117.900090000003,29117.970090000003
2026-06-05 02:45:00+02:00,21482.932447512194,22747.68384,6059.702970606383,6026.39,27542.635418118578,28774.07384,28774.135840000003
2026-06-05 03:00:00+02:00,20784.755455266302,22471.55469,5797.019047316567,6168.52,26581.77450258287,28640.07469,28640.134690000003
2026-06-05 03:15:00+02:00,20779.517652541097,21967.98856,5834.936312454724,5959.947,26614.45396499582,27927.93556,27927.995560000003
2026-06-05 03:30:00+02:00,20775.80372337099,21529.9635,5855.390639121105,5726.913,26631.194362492097,27256.8765,27256.938500000004
2026-06-05 03:45:00+02:00,20792.316968273433,21160.44619,5850.442242860778,5650.892,26642.75921113421,26811.33819,26811.39719
2026-06-05 04:00:00+02:00,19018.05034339054,20918.44869,5902.255964704521,5678.702,24920.30630809506,26597.15069,26597.211690000004
2026-06-05 04:15:00+02:00,19014.50859379922,20642.79537,5916.190625467361,5667.124,24930.69921926658,26309.91937,26310.00837
2026-06-05 04:30:00+02:00,19021.052570944663,20389.18732,5934.388882512366,5696.082,24955.441453457028,26085.26932,26085.65032
2026-06-05 04:45:00+02:00,19035.29185768226,19958.47882,5932.204500870229,5598.029,24967.49635855249,25556.50782,25561.72482
2026-06-05 05:00:00+02:00,18243.529054997198,19472.45863,5819.027619313987,5601.663,24062.556674311185,25074.12163,25105.269630000003
2026-06-05 05:15:00+02:00,18299.291023698683,19264.56588,5828.456508646948,5575.832,24127.74753234563,24840.397879999997,24953.434879999997
2026-06-05 05:30:00+02:00,18352.170806234037,18819.17849,5832.346875979243,5476.508,24184.517682213278,24295.68649,24623.13849
2026-06-05 05:45:00+02:00,18332.04019367886,18139.58713,5813.290616978113,5252.014,24145.33081065697,23391.60113,24156.19113
2026-06-05 06:00:00+02:00,17492.811115572375,17902.72555,5561.359712450031,5105.21,23054.170828022405,23007.93555,24334.715549999997
2026-06-05 06:15:00+02:00,17449.601926735897,17595.52379,5573.181318831628,5063.992,23022.783245567523,22659.51579,24682.351789999997
2026-06-05 06:30:00+02:00,17395.18243361517,17181.37502,5581.26128728995,5087.928,22976.443720905118,22269.30302,25067.01602
2026-06-05 06:45:00+02:00,17289.855466094985,16533.39644,5580.077830251902,5022.546,22869.933296346888,21555.94244,25242.35244
2026-06-05 07:00:00+02:00,16996.57144616505,15993.94217,5277.473906189033,4310.803,22274.045352354082,20304.74517,24971.16917
2026-06-05 07:15:00+02:00,16865.58909959686,15537.03403,5291.730456861969,4094.63,22157.319556458828,19631.66403,25378.07403
2026-06-05 07:30:00+02:00,16734.615197432235,14877.14003,5313.485545232403,4296.469,22048.10074266464,19173.60903,26238.83303
2026-06-05 07:45:00+02:00,16621.788230693215,14391.65206,5323.802080461416,4493.245,21945.590311154632,18884.89706,27279.367059999997
2026-06-05 08:00:00+02:00,16304.38884225799,14086.66305,4676.198787199801,4334.43,20980.58762945779,18421.09305,28280.851049999997
2026-06-05 08:15:00+02:00,16278.567805945402,13801.31922,4683.554625179588,4156.642,20962.12243112499,17957.961219999997,29333.16822
2026-06-05 08:30:00+02:00,16232.58328765794,13426.39627,4667.19233329295,4088.042,20899.77562095089,17514.43827,30692.13427
2026-06-05 08:45:00+02:00,16210.498248266775,13338.65147,4670.281458834286,3944.699,20880.77970710106,17283.35047,32374.380470000004
2026-06-05 09:00:00+02:00,15966.254627006496,13304.26989,4427.570459448998,3844.489,20393.825086455494,17148.75889,34336.36389
2026-06-05 09:15:00+02:00,16009.96410722257,13274.385,4419.797674430821,3733.777,20429.76178165339,17008.162,36259.621
2026-06-05 09:30:00+02:00,16055.035127461442,13381.4715,4411.454316926269,3707.879,20466.489444387713,17089.3505,38532.7205
2026-06-05 09:45:00+02:00,16107.68879155492,13380.54389,4408.942062009122,3642.9,20516.630853564042,17023.443890000002,40459.80789
2026-06-05 10:00:00+02:00,14807.545538567463,13176.88313,4069.4629548148646,3546.086,18877.008493382327,16722.96913,41989.31113
2026-06-05 10:15:00+02:00,14869.751786009467,13223.53654,4074.3139147276347,3418.378,18944.0657007371,16641.914539999998,43861.60054
2026-06-05 10:30:00+02:00,14946.993023422316,13113.72124,4057.7675489055523,3336.668,19004.76057232787,16450.38924,46011.99824
2026-06-05 10:45:00+02:00,14996.752916284568,13203.91547,4031.092484648359,3232.487,19027.845400932925,16436.40247,47869.53547
2026-06-05 11:00:00+02:00,14625.203936617909,13142.91968,4074.850967420673,3225.146,18700.05490403858,16368.065680000002,49029.19868
2026-06-05 11:15:00+02:00,14711.988591528754,13096.77732,4057.984796046934,3276.456,18769.973387575687,16373.23332,50377.21232
2026-06-05 11:30:00+02:00,14787.025233139839,12956.94044,4054.927877281426,3175.48,18841.953110421266,16132.42044,50841.21044
2026-06-05 11:45:00+02:00,14864.824831291566,12981.41206,4053.8216288427825,3092.95,18918.646460134347,16074.36206,51553.67806
2026-06-05 12:00:00+02:00,13279.11441517022,13118.05502,4158.025877586327,3028.99,17437.140292756547,16147.04502,52043.82202
2026-06-05 12:15:00+02:00,13320.928381821785,13121.39908,4141.979774165681,2971.164,17462.908155987465,16092.56308,52690.06508
2026-06-05 12:30:00+02:00,13325.849109833818,13302.85015,4140.846537354856,2785.222,17466.695647188673,16088.07215,53020.21115
2026-06-05 12:45:00+02:00,13386.749959314395,13144.40188,4135.8375851320525,2646.743,17522.587544446447,15791.14488,52632.07588
2026-06-05 13:00:00+02:00,12514.048007329055,13262.36357,4109.073912836019,2588.868,16623.121920165075,15851.23157,52575.399569999994
2026-06-05 13:15:00+02:00,12539.603345701717,13246.05438,4084.088561307734,2632.42,16623.691907009452,15878.47438,52644.39838
2026-06-05 13:30:00+02:00,12560.04269881239,13148.2667,4085.9094115006396,2658.977,16645.952110313032,15807.2437,52412.4087
2026-06-05 13:45:00+02:00,12595.257549113532,12483.58203,4085.580660580295,2619.9,16680.838209693826,15103.48203,51433.92303
2026-06-05 14:00:00+02:00,11500.35755723848,11996.13603,4052.6836567803507,2553.23,15553.041214018831,14549.36603,50719.76803
2026-06-05 14:15:00+02:00,11532.688868427125,11318.38364,4047.965932233791,2453.573,15580.654800660915,13771.95664,49783.16064
2026-06-05 14:30:00+02:00,11533.669305389067,10829.98926,4025.2930503825564,2461.432,15558.962355771622,13291.42126,49121.69426
2026-06-05 14:45:00+02:00,11543.301253580541,10611.03058,3985.0430028761257,2480.202,15528.344256456667,13091.23258,48677.77258
2026-06-05 15:00:00+02:00,10554.88604739639,10502.90731,3857.8985307827625,2373.119,14412.784578179153,12876.02631,48177.19531
2026-06-05 15:15:00+02:00,10554.081623018801,10175.26245,3854.9776463584444,2260.04,14409.059269377245,12435.30245,47451.33145
2026-06-05 15:30:00+02:00,10529.912396175154,9663.97958,3840.5462840041255,2131.979,14370.45868017928,11795.95858,45931.73958
2026-06-05 15:45:00+02:00,10481.307320677399,9493.60369,3833.168682182516,1984.234,14314.476002859916,11477.83769,44593.37969
2026-06-05 16:00:00+02:00,11607.274803814573,9192.3182,3212.6112432734462,1815.987,14819.886047088019,11008.3052,42842.8172
2026-06-05 16:15:00+02:00,11593.497695586226,8812.32074,3195.1981661508275,1643.975,14788.695861737053,10456.29574,40737.23774
2026-06-05 16:30:00+02:00,11528.537028791494,8467.09833,3168.5577363011857,1476.323,14697.09476509268,9943.42133,39031.55133
2026-06-05 16:45:00+02:00,11512.801433943434,7933.36939,3143.7976574469494,1325.826,14656.599091390384,9259.19539,36538.87339
2026-06-05 17:00:00+02:00,10489.883959135299,7543.04836,2485.6983538045383,1196.499,12975.582312939838,8739.54736,34350.28136
2026-06-05 17:15:00+02:00,10433.552109726006,7491.75268,2457.1767851523964,1079.899,12890.728894878403,8571.651679999999,32435.97868
2026-06-05 17:30:00+02:00,10419.71456754291,7080.31998,2445.8898962709036,967.12,12865.604463813812,8047.43998,30457.15598
2026-06-05 17:45:00+02:00,10394.496479578202,6626.81322,2434.6024652522665,859.957,12829.098944830468,7486.77022,27852.49022
2026-06-05 18:00:00+02:00,8625.198255517049,6567.22566,1705.521960856045,768.306,10330.720216373094,7335.531660000001,25558.48366
2026-06-05 18:15:00+02:00,8542.4853579963,6326.139,1729.344504519902,674.659,10271.829862516202,7000.798,23330.504
2026-06-05 18:30:00+02:00,8456.025010473997,6164.3713,1729.54164584775,619.553,10185.566656321747,6783.9243,21377.2303
2026-06-05 18:45:00+02:00,8366.916716088983,5830.3141,1726.3878434906924,580.802,10093.304559579676,6411.116099999999,18959.4971
2026-06-05 19:00:00+02:00,5675.857905661074,5306.33975,1387.3105231956645,527.163,7063.1684288567385,5833.50275,16367.76375
2026-06-05 19:15:00+02:00,5607.88263914599,4753.48004,1380.1227864609857,512.649,6988.005425606975,5266.129040000001,13912.87604
2026-06-05 19:30:00+02:00,5560.447312820326,4420.17605,1376.7393500449589,496.07,6937.186662865285,4916.24605,11746.59705
2026-06-05 19:45:00+02:00,5544.287544361079,4014.45393,1379.2417463711306,448.646,6923.52929073221,4463.09993,9681.35893
2026-06-05 20:00:00+02:00,3858.3341630989335,3521.24783,1214.1866532056408,449.417,5072.5208163045745,3970.66483,7796.420829999999
2026-06-05 20:15:00+02:00,3761.8680050343282,3205.95429,1210.8731244341975,497.219,4972.741129468526,3703.17329,6348.96229
2026-06-05 20:30:00+02:00,3719.6588887440694,2774.84734,1231.7583761648984,509.492,4951.417264908968,3284.33934,4922.70034
2026-06-05 20:45:00+02:00,3794.4762997696753,2563.47728,1241.8633470322666,497.687,5036.339646801942,3061.16428,3949.56128
2026-06-05 21:00:00+02:00,2725.157949597153,2465.84535,1019.5212997196189,482.581,3744.6792493167723,2948.42635,3315.10035
2026-06-05 21:15:00+02:00,2745.662642506609,2320.99078,1031.4503478341871,477.355,3777.112990340796,2798.34578,2914.48978
2026-06-05 21:30:00+02:00,2733.749931180103,2137.02956,1033.5206754566502,497.453,3767.270606636753,2634.48256,2661.47856
2026-06-05 21:45:00+02:00,2812.2618461654474,1856.26163,1036.0426268778565,492.252,3848.304473043304,2348.51363,2353.34763
2026-06-05 22:00:00+02:00,2587.9556911712207,1740.84156,921.764285228832,504.499,3509.7199764000525,2245.34056,2247.32556
2026-06-05 22:15:00+02:00,2737.99332088687,1635.359,933.2504222449253,515.215,3671.2437431317953,2150.574,2150.809
2026-06-05 22:30:00+02:00,2852.4146815398203,1594.66716,941.387325101388,493.923,3793.802006641208,2088.5901599999997,2088.77416
2026-06-05 22:45:00+02:00,2932.263261304788,1546.06695,943.9497335610102,457.395,3876.2129948657985,2003.46195,2003.62495
2026-06-05 23:00:00+02:00,2461.3142455688057,1478.45391,779.2846469757128,442.044,3240.5988925445185,1920.49791,1920.65191
2026-06-05 23:15:00+02:00,2519.4546563182203,1400.04914,800.0536326355792,476.043,3319.5082889537994,1876.09214,1876.25014
2026-06-05 23:30:00+02:00,2578.4156174864393,1378.99218,811.9876285248743,493.004,3390.4032460113135,1871.99618,1872.13918
2026-06-05 23:45:00+02:00,2638.6045038986745,1384.46294,822.7278908667345,478.035,3461.332394765409,1862.49794,1862.63794
2026-06-06 00:00:00+02:00,2040.5638888390527,1379.57179,696.4152563079248,440.819,2736.9791451469773,1820.39079,1820.52479
2026-06-06 00:15:00+02:00,2111.5084315843073,1392.11178,714.3636495178413,418.353,2825.8720811021485,1810.46478,1810.60778
2026-06-06 00:30:00+02:00,2153.3169244472138,1409.96501,716.9488295035562,418.283,2870.26575395077,1828.24801,1828.37101
2026-06-06 00:45:00+02:00,2172.5914150539797,1417.25346,727.7389691956735,406.418,2900.3303842496534,1823.67146,1823.78946
2026-06-06 01:00:00+02:00,2447.854156607583,1408.33418,660.7579476432975,382.393,3108.6121042508803,1790.72718,1790.84218
2026-06-06 01:15:00+02:00,2440.9908626808615,1395.8147,666.5583394717224,369.72,3107.549202152584,1765.5347,1765.6446999999998
2026-06-06 01:30:00+02:00,2430.8147962289718,1365.13546,677.9277895799195,321.009,3108.7425858088914,1686.14446,1686.23846
2026-06-06 01:45:00+02:00,2432.650051397412,1325.00055,671.157426271186,306.629,3103.807477668598,1631.62955,1631.71655
2026-06-06 02:00:00+02:00,2376.483341786473,1270.29263,737.5208742387574,338.52,3114.0042160252306,1608.81263,1608.90663
2026-06-06 02:15:00+02:00,2376.439248536714,1220.37358,739.5601680255274,269.4,3115.999416562241,1489.77358,1489.86258
2026-06-06 02:30:00+02:00,2354.7560789859376,1209.52321,757.7922846232501,291.122,3112.5483636091876,1500.64521,1500.7282100000002
2026-06-06 02:45:00+02:00,2348.1541703882253,1195.23627,764.5658603192528,255.863,3112.720030707478,1451.0992700000002,1451.1822700000002
2026-06-06 03:00:00+02:00,2245.1643969392167,1195.92987,737.8618040689662,343.108,2983.026201008183,1539.03787,1539.11987
2026-06-06 03:15:00+02:00,2220.9262591669712,1178.28926,765.5934891674453,347.723,2986.5197483344164,1526.01226,1526.09426
2026-06-06 03:30:00+02:00,2202.6948286816996,1143.12741,776.5630692091092,371.67,2979.2578978908086,1514.79741,1514.86741
2026-06-06 03:45:00+02:00,2202.6498828905255,1155.74122,767.475152331284,396.41,2970.1250352218094,1552.1512200000002,1552.2152200000005
2026-06-06 04:00:00+02:00,2259.6952744416917,1170.06905,748.0197125963338,408.196,3007.7149870380254,1578.26505,1578.33305
2026-06-06 04:15:00+02:00,2243.7148728682523,1176.03919,759.8463299889395,411.129,3003.561202857192,1587.16819,1587.28419
2026-06-06 04:30:00+02:00,2234.978255799988,1201.8082,776.1968907546417,400.265,3011.1751465546295,1602.0731999999998,1603.9431999999997
2026-06-06 04:45:00+02:00,2227.6302221902597,1275.46406,768.754691064088,409.938,2996.384913254348,1685.40206,1708.24006
2026-06-06 05:00:00+02:00,2079.0402817795252,1330.97281,750.5467340378002,439.039,2829.5870158173257,1770.01181,1881.88881
2026-06-06 05:15:00+02:00,2124.7307066103413,1510.37996,758.3779326412252,456.426,2883.1086392515663,1966.80596,2331.85396
2026-06-06 05:30:00+02:00,2162.1095869340966,1712.37457,759.0199305046681,476.155,2921.1295174387647,2188.5295699999997,3165.4155699999997
2026-06-06 05:45:00+02:00,2115.806681514513,1791.91075,739.3836785693194,525.53,2855.1903600838323,2317.44075,4278.12175
2026-06-06 06:00:00+02:00,2314.3665224744645,1849.60258,792.0511137271795,543.487,3106.417636201644,2393.08958,5479.98658
2026-06-06 06:15:00+02:00,2263.943759083983,1911.36054,801.568433784263,605.257,3065.512192868246,2516.6175399999997,6974.457539999999
2026-06-06 06:30:00+02:00,2202.1565426992815,1961.42292,812.0839201049282,674.646,3014.2404628042095,2636.0689199999997,8696.48892
2026-06-06 06:45:00+02:00,2086.430660813675,1970.05328,806.2090459619751,702.775,2892.6397067756498,2672.82828,10617.66928
2026-06-06 07:00:00+02:00,2373.7090674307524,2003.18177,872.7084616053085,734.125,3246.417529036061,2737.30677,12781.22577
2026-06-06 07:15:00+02:00,2240.47230167678,1908.6941,881.7735111431539,764.907,3122.2458128199337,2673.6011,15082.2731
2026-06-06 07:30:00+02:00,2100.8693286168736,1792.39753,910.7673590645317,766.475,3011.6366876814054,2558.87253,17534.98853
2026-06-06 07:45:00+02:00,1984.845540442417,1595.05137,926.7401615174331,745.879,2911.5857019598498,2340.93037,19997.777370000003
2026-06-06 08:00:00+02:00,1969.1574006101348,1408.43472,1025.1587501082768,680.376,2994.3161507184113,2088.81072,22537.18872
2026-06-06 08:15:00+02:00,1876.0256560668226,1256.84033,1029.2543576869425,622.221,2905.280013753765,1879.06133,25122.65933
2026-06-06 08:30:00+02:00,1891.3468616290506,1101.05752,1067.5357310586705,582.355,2958.882592687721,1683.41252,27739.96452
2026-06-06 08:45:00+02:00,1875.9216340199735,1029.61135,1077.7396907399093,521.227,2953.6613247598825,1550.83835,30349.18035
2026-06-06 09:00:00+02:00,1932.2049538312622,1027.40681,909.9632856347704,259.415,2842.1682394660324,1286.82181,32478.33681
2026-06-06 09:15:00+02:00,1966.5103805871133,1010.09105,902.9725123821887,194.834,2869.482892969302,1204.92505,34597.48905
2026-06-06 09:30:00+02:00,2000.788910044986,998.76143,885.356102959707,165.255,2886.1450130046933,1164.01643,36481.513430000006
2026-06-06 09:45:00+02:00,2057.2697598722757,1106.35267,886.7602488205797,190.72,2944.0300086928555,1297.07267,38412.982670000005
2026-06-06 10:00:00+02:00,1642.7491914904895,1083.73852,885.8367708054847,203.44,2528.5859622959742,1287.1785200000002,39521.31052
2026-06-06 10:15:00+02:00,1700.6742250667924,1089.93067,891.3177247680127,231.672,2591.991949834805,1321.60267,40302.20967
2026-06-06 10:30:00+02:00,1793.4851120876087,1139.32433,859.7074464292705,280.455,2653.192558516879,1419.7793299999998,41484.784329999995
2026-06-06 10:45:00+02:00,1835.6636572155503,1182.8804,838.2348366359411,291.363,2673.8984938514914,1474.2434,42696.4614
2026-06-06 11:00:00+02:00,2239.664454121633,1256.97736,879.7011423415053,307.35,3119.365596463138,1564.3273600000002,43642.18836
2026-06-06 11:15:00+02:00,2311.125887410359,1322.53108,853.1236969412703,343.694,3164.2495843516294,1666.22508,44288.65908
2026-06-06 11:30:00+02:00,2373.5686924161982,1367.69893,844.0226107727716,372.358,3217.59130318897,1740.05693,44810.74593
2026-06-06 11:45:00+02:00,2473.598540107223,1442.63043,837.7274362550615,394.739,3311.3259763622846,1837.36943,45021.60343
2026-06-06 12:00:00+02:00,3065.4830864897685,1510.64938,907.1392418813189,418.156,3972.6223283710874,1928.80538,44826.01638
2026-06-06 12:15:00+02:00,3108.660929119973,1663.05646,885.5780074331695,449.112,3994.2389365531426,2112.16846,44465.28046
2026-06-06 12:30:00+02:00,3114.7691330307744,1807.94383,878.5147620660385,462.333,3993.283895096813,2270.27683,44511.01083
2026-06-06 12:45:00+02:00,3191.155278218942,1878.38464,881.5157306874878,481.783,4072.67100890643,2360.16764,44160.71464
2026-06-06 13:00:00+02:00,3757.8289758058245,1994.43884,1009.3043288423568,489.672,4767.133304648181,2484.1108400000003,44474.04184
2026-06-06 13:15:00+02:00,3801.037488672156,2009.53297,981.5017193805429,466.233,4782.539208052699,2475.76597,43942.95297
2026-06-06 13:30:00+02:00,3818.7244437726604,2154.50604,982.2782470818127,482.884,4801.002690854473,2637.39004,43187.33204
2026-06-06 13:45:00+02:00,3844.418579339007,2228.73854,967.9916612974516,504.996,4812.410240636458,2733.73454,42633.44354
2026-06-06 14:00:00+02:00,4136.072953884922,2237.56958,905.0579790405989,486.166,5041.130932925521,2723.73558,42378.05658
2026-06-06 14:15:00+02:00,4158.468789375135,2326.8718,896.7887095162492,483.714,5055.257498891385,2810.5858,42785.7598
2026-06-06 14:30:00+02:00,4166.797496867399,2391.16814,862.9219764495016,488.41,5029.719473316901,2879.57814,42012.73314
2026-06-06 14:45:00+02:00,4193.754391252856,2521.98848,802.1018645893881,505.83,4995.8562558422445,3027.81848,40889.49948
2026-06-06 15:00:00+02:00,4690.202595918221,3184.32059,986.3944078395922,527.253,5676.597003757814,3711.57359,41068.28459
2026-06-06 15:15:00+02:00,4700.981067953595,3805.65736,964.7612590057337,633.625,5665.742326959328,4439.28236,40852.67036
2026-06-06 15:30:00+02:00,4703.6871894268525,4218.30975,950.8013397332373,603.948,5654.4885291600895,4822.257750000001,39599.98975000001
2026-06-06 15:45:00+02:00,4685.0991186822,4620.24076,951.6913162169989,559.069,5636.790434899199,5179.30976,38286.56576
2026-06-06 16:00:00+02:00,5898.112660430569,4715.53838,858.4316598444099,628.457,6756.544320274979,5343.99538,36418.86838
2026-06-06 16:15:00+02:00,5942.586701333808,5041.97891,845.861196232741,677.237,6788.44789756655,5719.21591,34841.77291
2026-06-06 16:30:00+02:00,5898.407370306596,5041.53761,811.3468386677501,691.068,6709.7542089743465,5732.6056100000005,32784.92661
2026-06-06 16:45:00+02:00,5902.697001281207,5086.23739,782.8435668514604,707.39,6685.540568132667,5793.627390000001,30667.00639
2026-06-06 17:00:00+02:00,5441.827160350697,5271.06955,1049.428735388085,723.859,6491.255895738783,5994.9285500000005,28523.97055
2026-06-06 17:15:00+02:00,5415.691581917545,5208.85361,1010.4595907526732,667.752,6426.151172670217,5876.6056100000005,26198.76261
2026-06-06 17:30:00+02:00,5414.704405460707,5191.43674,1008.3445327118945,678.494,6423.048938172601,5869.93074,23923.90474
2026-06-06 17:45:00+02:00,5389.470089201329,5395.36843,1020.2937991203619,796.222,6409.7638883216905,6191.59043,22236.52543
2026-06-06 18:00:00+02:00,6050.11778735389,5339.7881,1363.4435576896562,697.963,7413.561345043547,6037.7510999999995,20034.2391
2026-06-06 18:15:00+02:00,5974.3916407570305,5245.40489,1389.9079647378942,624.95,7364.299605494924,5870.35489,18056.72689
2026-06-06 18:30:00+02:00,5866.7080505826325,5495.44974,1376.410681097422,631.892,7243.118731680054,6127.34174,16584.597739999997
2026-06-06 18:45:00+02:00,5776.350711883526,5658.22188,1377.5315599812584,762.171,7153.882271864784,6420.39288,15408.70288
2026-06-06 19:00:00+02:00,6967.1193898655865,5859.17593,1444.7873650006723,875.554,8411.906754866259,6734.72993,14124.41293
2026-06-06 19:15:00+02:00,6878.122056930982,5695.36746,1436.7652665312737,1266.561,8314.887323462255,6961.92846,12922.24146
2026-06-06 19:30:00+02:00,6817.751459999461,5503.72095,1446.437474051079,1628.516,8264.18893405054,7132.23695,11864.98295
2026-06-06 19:45:00+02:00,6789.839480178107,5463.70105,1459.9295044265323,1715.569,8249.76898460464,7179.270049999999,10848.25405
2026-06-06 20:00:00+02:00,7351.942760233411,5482.60961,1898.8431137311134,1669.455,9250.785873964523,7152.06461,9878.55161
2026-06-06 20:15:00+02:00,7242.582516061748,5758.65577,1895.437781339831,1687.625,9138.02029740158,7446.28077,9300.51177
2026-06-06 20:30:00+02:00,7189.539132004091,6204.67603,1912.5334558594282,1819.361,9102.072587863518,8024.03703,9187.75403
2026-06-06 20:45:00+02:00,7250.576756552733,6722.84059,1916.9573589623024,2000.59,9167.534115515035,8723.43059,9309.45059
2026-06-06 21:00:00+02:00,7830.669750145121,7219.00233,3134.912175272197,2002.169,10965.581925417318,9221.17133,9442.57833
2026-06-06 21:15:00+02:00,7865.768746549314,7793.97873,3153.4771906216115,2064.501,11019.245937170925,9858.47973,9921.36073
2026-06-06 21:30:00+02:00,7855.362411792338,8065.69846,3171.505418393373,2088.998,11026.86783018571,10154.69646,10170.16446
2026-06-06 21:45:00+02:00,7932.775070813191,7925.35489,3196.343763442283,2126.033,11129.118834255474,10051.38789,10055.10889
2026-06-06 22:00:00+02:00,9161.372907862942,7782.26398,3373.847946494704,2274.895,12535.220854357645,10057.15898,10059.17998
2026-06-06 22:15:00+02:00,9315.567452340933,8076.87594,3392.5623080875284,2408.285,12708.129760428461,10485.16094,10485.40594
2026-06-06 22:30:00+02:00,9435.15594478082,8186.3261,3406.9236131040043,2576.318,12842.079557884823,10762.6441,10762.8291
2026-06-06 22:45:00+02:00,9524.451725290162,8397.4274,3415.3950503363862,2693.368,12939.846775626549,11090.7954,11090.950400000002
2026-06-06 23:00:00+02:00,10945.006124994316,8955.9634,4195.30583242426,2647.184,15140.311957418577,11603.147400000002,11603.2974
2026-06-06 23:15:00+02:00,11006.177044204223,9591.28109,4215.422907332858,2687.321,15221.599951537082,12278.60209,12278.75109
2026-06-06 23:30:00+02:00,11066.929554853554,10269.5345,4227.6065419916185,2661.028,15294.536096845171,12930.5625,12930.7005
2026-06-06 23:45:00+02:00,11131.541378674337,10895.94028,4232.619196026479,2524.991,15364.160574700816,13420.93128,13421.04128
2026-06-07 00:00:00+02:00,12233.05395704528,11504.83851,4361.08714531669,2567.448,16594.14110236197,14072.28651,14072.39951
2026-06-07 00:15:00+02:00,12300.614218286553,12192.56382,4381.742674097407,2679.184,16682.35689238396,14871.74782,14871.85982
2026-06-07 00:30:00+02:00,12341.51698411631,13192.33022,4386.645102770696,2766.6,16728.162086887005,15958.93022,15959.03222
2026-06-07 00:45:00+02:00,12361.248587903528,13750.07689,4399.169304452008,3063.495,16760.417892355537,16813.57189,16813.66189
2026-06-07 01:00:00+02:00,13151.949881473292,13903.98826,4672.774086793273,3758.147,17824.723968266568,17662.13526,17662.22926
2026-06-07 01:15:00+02:00,13147.901461257048,13571.61486,4679.655208392522,4331.107,17827.55666964957,17902.721859999998,17902.81786
2026-06-07 01:30:00+02:00,13135.936884791463,13711.51415,4692.2231325757975,4361.565,17828.16001736726,18073.07915,18073.17015
2026-06-07 01:45:00+02:00,13138.771684929587,13615.07544,4686.227016126414,4091.422,17824.998701056,17706.49744,17706.57544
2026-06-07 02:00:00+02:00,14948.312303492905,13310.88686,4844.225218580811,3900.929,19792.537522073715,17211.815860000002,17211.89686
2026-06-07 02:15:00+02:00,14949.641628912828,13111.06025,4848.262585194225,3908.083,19797.904214107053,17019.14325,17019.220250000002
2026-06-07 02:30:00+02:00,14927.620468848878,13236.92842,4869.36882832679,4101.764,19796.989297175667,17338.69242,17338.76342
2026-06-07 02:45:00+02:00,14918.736468389374,13387.29833,4875.622289957504,4136.939,19794.358758346876,17524.23733,17524.31233
2026-06-07 03:00:00+02:00,15484.312442287715,13528.54995,5290.624789415407,4278.154,20774.937231703123,17806.703950000003,17806.774950000003
2026-06-07 03:15:00+02:00,15457.115826260864,13812.27106,5316.627214339129,4535.365,20773.74304059999,18347.636059999997,18347.700059999996
2026-06-07 03:30:00+02:00,15437.037720735787,14287.94472,5327.484918950564,4795.264,20764.52263968635,19083.20872,19083.27472
2026-06-07 03:45:00+02:00,15438.537477547372,14741.47527,5320.7019051915095,4983.464,20759.23938273888,19724.939270000003,19725.011270000003
2026-06-07 04:00:00+02:00,17122.79407589194,15186.31143,5680.006046544912,4959.377,22802.800122436853,20145.68843,20145.77043
2026-06-07 04:15:00+02:00,17109.31450780436,15591.78995,5691.447104433392,5222.599,22800.76161223775,20814.38895,20814.52195
2026-06-07 04:30:00+02:00,17103.7276230095,16209.02388,5706.103519309249,5160.957,22809.83114231875,21369.980880000003,21370.969880000004
2026-06-07 04:45:00+02:00,17099.762483559123,16664.33834,5698.883034205945,5154.118,22798.645517765068,21818.456339999997,21827.581339999997
2026-06-07 05:00:00+02:00,18176.892697816278,17088.99991,5919.246446586263,5269.114,24096.139144402543,22358.11391,22410.70491
2026-06-07 05:15:00+02:00,18229.598740224534,17408.64765,5928.562467001938,5240.754,24158.161207226472,22649.40165,22849.26765
2026-06-07 05:30:00+02:00,18273.655175776417,17574.90039,5933.023718625194,5273.19,24206.67889440161,22848.09039,23449.77139
2026-06-07 05:45:00+02:00,18228.283905707347,17547.14879,5917.930378078051,5286.974,24146.214283785397,22834.12279,24075.65479
2026-06-07 06:00:00+02:00,18487.68183944238,17979.5467,5393.4020720650515,5363.521,23881.08391150743,23343.0677,25392.2407
2026-06-07 06:15:00+02:00,18446.15144200816,17986.56175,5407.919022459292,5393.453,23854.07046446745,23380.01475,26350.88375
2026-06-07 06:30:00+02:00,18388.652633155347,17835.65035,5421.245571633393,5088.618,23809.89820478874,22924.26835,26994.11035
2026-06-07 06:45:00+02:00,18279.295688759194,17744.32717,5421.061830402824,5048.303,23700.35751916202,22792.63017,28217.95917
2026-06-07 07:00:00+02:00,15941.071132378473,17432.04291,4841.276785923816,4655.781,20782.347918302286,22087.82391,29065.82791
2026-06-07 07:15:00+02:00,15813.668092377193,16848.097,4853.51517617346,4485.761,20667.183268550652,21333.858,30101.774
2026-06-07 07:30:00+02:00,15678.071106406353,16845.66209,4883.086065351906,4326.859,20561.15717175826,21172.52109,31844.39809
2026-06-07 07:45:00+02:00,15561.6922412886,16643.32454,4898.870624988751,4115.822,20460.562866277352,20759.14654,33175.27354
2026-06-07 08:00:00+02:00,16076.064601077236,15958.99916,4953.914519150335,2789.642,21029.97912022757,18748.64116,32513.07016
2026-06-07 08:15:00+02:00,16029.105937481752,16118.35242,4956.848627881799,2685.721,20985.95456536355,18804.07342,34458.21542
2026-06-07 08:30:00+02:00,15991.810175043414,15482.1984,4991.422169536586,2616.396,20983.23234458,18098.5944,35877.990399999995
2026-06-07 08:45:00+02:00,15956.180830121577,15133.69391,4997.9697424353835,2334.814,20954.15057255696,17468.50791,37139.16791
2026-06-07 09:00:00+02:00,16696.899182613506,15417.92248,4662.232321131981,2698.421,21359.131503745488,18116.34348,39713.43448
2026-06-07 09:15:00+02:00,16726.946602994863,15780.9698,4654.12666176168,2507.142,21381.073264756546,18288.1118,41318.3778
2026-06-07 09:30:00+02:00,16763.512959325533,15554.12596,4636.119725255441,2400.062,21399.632684580974,17954.18796,42355.66696
2026-06-07 09:45:00+02:00,16819.73537895184,15274.78788,4636.580591340572,2349.627,21456.31597029241,17624.41488,43813.05888
2026-06-07 10:00:00+02:00,18185.310290284906,14399.48879,4026.362522274299,2308.649,22211.672812559205,16708.13779,44494.98279
2026-06-07 10:15:00+02:00,18244.278284355267,13940.19543,4005.3956873078073,2384.681,22249.673971663073,16324.87643,44152.55043
2026-06-07 10:30:00+02:00,18334.951747941766,13763.65699,3983.5025430428905,2093.109,22318.454290984657,15856.76599,44522.04099
2026-06-07 10:45:00+02:00,18378.602598499463,13608.39047,3959.206824123835,2121.236,22337.809422623297,15729.62647,45077.26647
2026-06-07 11:00:00+02:00,19556.03687517125,13307.85292,3831.7819264854334,2402.681,23387.818801656682,15710.53392,45346.74192
2026-06-07 11:15:00+02:00,19625.28897069408,13427.61547,3807.0822467699363,2106.266,23432.371217464017,15533.88147,45724.80147
2026-06-07 11:30:00+02:00,19682.094709910296,13516.57547,3795.102610069168,2092.938,23477.197319979463,15609.51347,46918.45947
2026-06-07 11:45:00+02:00,19783.547684218913,13563.67816,3786.524914830568,2498.48,23570.07259904948,16062.15816,48209.10516
2026-06-07 12:00:00+02:00,20557.871060813824,13205.46098,3518.412290489864,2516.503,24076.28335130369,15721.96398,48414.82698
2026-06-07 12:15:00+02:00,20598.13732807948,12975.18846,3495.3305183433513,2112.379,24093.46784642283,15087.567459999998,48239.47346
2026-06-07 12:30:00+02:00,20610.609682543647,12226.84793,3482.826457267821,1973.72,24093.436139811467,14200.56793,47431.235929999995
2026-06-07 12:45:00+02:00,20683.188033461505,11756.04263,3482.4337343865086,1695.564,24165.621767848013,13451.60663,46683.34663
2026-06-07 13:00:00+02:00,20758.762627519693,11434.82193,3213.3147227134937,1594.697,23972.077350233187,13029.51893,47212.70293
2026-06-07 13:15:00+02:00,20799.88785074773,10659.04799,3187.3011712248735,1700.588,23987.189021972605,12359.63599,46807.615990000006
2026-06-07 13:30:00+02:00,20816.005258960377,9665.25186,3184.628932058938,1621.335,24000.634191019315,11286.58686,45315.25386
2026-06-07 13:45:00+02:00,20825.348033908234,9475.77616,3169.276849748242,1677.077,23994.624883656477,11152.85316,45475.82116
2026-06-07 14:00:00+02:00,20340.48079279352,9375.69781,2884.3542907699616,1703.269,23224.835083563485,11078.96681,45340.78481
2026-06-07 14:15:00+02:00,20350.796696665173,9052.67888,2873.547855026207,1838.175,23224.344551691378,10890.85388,45272.031879999995
2026-06-07 14:30:00+02:00,20353.51036747677,8997.87516,2840.2908842174243,1983.436,23193.801251694196,10981.31116,45167.11816
2026-06-07 14:45:00+02:00,20379.44676502579,8843.54115,2780.8186633230052,1906.46,23160.265428348794,10750.00115,44420.655150000006
2026-06-07 15:00:00+02:00,19426.727249538417,9378.39959,2659.4566625061043,1787.842,22086.183912044522,11166.24159,44852.96059
2026-06-07 15:15:00+02:00,19433.43549825257,9757.81369,2634.133634621882,1686.128,22067.56913287445,11443.94169,44358.31269
2026-06-07 15:30:00+02:00,19428.909505333544,10080.49595,2617.2567825247434,1550.88,22046.166287858287,11631.37595,43716.86795
2026-06-07 15:45:00+02:00,19405.6974758193,10721.19412,2614.4544851472538,1526.153,22020.151960966552,12247.34712,43381.79512
2026-06-07 16:00:00+02:00,15766.642689012248,11001.80521,2589.3961594742755,1566.639,18356.03884848652,12568.44421,43127.56621
2026-06-07 16:15:00+02:00,15849.379557494554,10759.45367,2572.9909973960152,1561.364,18422.37055489057,12320.81767,41894.58967
2026-06-07 16:30:00+02:00,15859.858660592174,11294.14088,2556.3802504851988,2016.987,18416.238911077373,13311.12788,41809.97588
2026-06-07 16:45:00+02:00,15870.407468239759,11846.17785,2546.9598130110585,2284.824,18417.367281250816,14131.00185,41630.79785
2026-06-07 17:00:00+02:00,15118.822851475965,13663.18853,2884.786045662678,2314.829,18003.60889713864,15978.01753,42840.92153
2026-06-07 17:15:00+02:00,15101.023547981527,14926.3449,2845.529173775175,2855.71,17946.552721756703,17782.0549,42805.6999
2026-06-07 17:30:00+02:00,15193.362444544373,14893.79556,2821.3379344670407,2913.155,18014.700379011414,17806.95056,41412.87656
2026-06-07 17:45:00+02:00,15161.757677819884,15648.26905,2806.439194080502,3272.866,17968.196871900385,18921.13505,40894.175050000005
2026-06-07 18:00:00+02:00,14941.44638369996,16180.90869,3399.7160437698076,4856.858,18341.162427469768,21037.76669,41432.846690000006
2026-06-07 18:15:00+02:00,14854.78003050192,15934.25329,3416.782324337375,4936.325,18271.562354839294,20870.57829,38879.707290000006
2026-06-07 18:30:00+02:00,14752.81472301391,14927.98118,3402.1045369086655,4599.354,18154.919259922575,19527.33518,35033.065180000005
2026-06-07 18:45:00+02:00,14661.05125445046,14284.51384,3402.1429578311845,4154.988,18063.194212281644,18439.50184,31701.00284
2026-06-07 19:00:00+02:00,13687.590596853554,13795.57497,3669.7347588298585,4078.207,17357.325355683413,17873.78197,28909.91397
2026-06-07 19:15:00+02:00,13587.233096580805,13111.55832,3661.237043869001,3830.075,17248.470140449805,16941.63332,25961.60532
2026-06-07 19:30:00+02:00,13513.33038134735,12112.38675,3670.6907259587842,3700.781,17184.021107306136,15813.16775,22862.01275
2026-06-07 19:45:00+02:00,13475.547587391962,11391.92506,3683.3084008910464,3612.171,17158.85598828301,15004.09606,20382.92806
2026-06-07 20:00:00+02:00,11842.224266418598,10522.18916,3626.764631004705,3687.593,15468.988897423304,14209.78216,18104.64616
2026-06-07 20:15:00+02:00,11732.910894478075,9629.99306,3624.6481345132365,3720.354,15357.55902899131,13350.34706,16036.67306
2026-06-07 20:30:00+02:00,11670.52100705118,8737.05801,3641.5267594581396,3789.553,15312.04776650932,12526.61101,14194.36901
2026-06-07 20:45:00+02:00,11723.739697850031,7954.50468,3644.9691151761463,3852.993,15368.708813026176,11807.49768,12687.54968
2026-06-07 21:00:00+02:00,9219.01116608891,7550.37091,3492.5934026493865,3752.42,12711.604568738298,11302.79091,11668.22891
2026-06-07 21:15:00+02:00,9252.072035839632,7150.05966,3511.426106991215,3666.955,12763.498142830847,10817.01466,10922.39966
2026-06-07 21:30:00+02:00,9236.981969989965,6541.61139,3530.2434864502243,3567.646,12767.22545644019,10109.25739,10135.24439
2026-06-07 21:45:00+02:00,9301.86682391824,5796.04918,3554.799368528417,3424.506,12856.666192446657,9220.55518,9225.72718
2026-06-07 22:00:00+02:00,8147.927709673952,5304.50224,3405.9126542249564,3413.988,11553.84036389891,8718.49024,8721.220239999999
2026-06-07 22:15:00+02:00,8295.174220852376,5086.66678,3424.8977232003544,3432.016,11720.07194405273,8518.68278,8518.939779999999
2026-06-07 22:30:00+02:00,8409.075189931546,5030.26703,3438.250248657218,3433.795,11847.325438588763,8464.062030000001,8464.28203
2026-06-07 22:45:00+02:00,8495.365474864071,4850.69931,3444.840626375651,3280.236,11940.206101239723,8130.93531,8131.11731
2026-06-07 23:00:00+02:00,6670.54643978249,4676.1142,2989.9722380397134,3056.134,9660.518677822203,7732.2482,7732.4302
2026-06-07 23:15:00+02:00,6725.29700225794,4574.64943,3010.7387303687306,2950.375,9736.035732626671,7525.02443,7525.18843
2026-06-07 23:30:00+02:00,6781.642638253276,4489.51598,3023.1356233375836,3070.494,9804.77826159086,7560.009980000001,7560.15598
2026-06-07 23:45:00+02:00,6844.675620461869,4222.95127,3026.7927444777197,3214.895,9871.468364939588,7437.84627,7437.98927
2026-06-08 00:00:00+02:00,4605.584004200153,4024.39163,2231.273753862546,3316.975,6836.857758062699,7341.36663,7341.497630000001
2026-06-08 00:15:00+02:00,4688.443958347366,3859.33824,2253.117753105779,3179.561,6941.561711453145,7038.899240000001,7039.008240000001
2026-06-08 00:30:00+02:00,4752.85735965862,3679.71329,2258.800363521276,3066.385,7011.6577231798965,6746.09829,6746.19929
2026-06-08 00:45:00+02:00,4785.610355575678,3553.51465,2277.8545022074522,3116.305,7063.46485778313,6669.8196499999995,6669.917649999999
2026-06-08 01:00:00+02:00,4305.465812966516,3407.19083,2363.539985147314,3160.302,6669.00579811383,6567.49283,6567.60083
2026-06-08 01:15:00+02:00,4289.175982585655,3209.40755,2385.2114814495744,3207.548,6674.38746403523,6416.95555,6417.05555
2026-06-08 01:30:00+02:00,4279.231468354133,2994.19649,2398.3535444646,3215.609,6677.585012818732,6209.80549,6209.90749
2026-06-08 01:45:00+02:00,4278.456456214776,2899.01793,2383.794359255158,3212.801,6662.2508154699335,6111.818929999999,6111.91893
2026-06-08 02:00:00+02:00,3421.981937370707,2765.51756,2353.960374633327,3299.422,5775.942312004034,6064.93956,6065.03956
2026-06-08 02:15:00+02:00,3415.9442566281,2666.40524,2356.963206727415,3115.3,5772.907463355516,5781.70524,5781.805240000001
2026-06-08 02:30:00+02:00,3395.741685175392,2556.39631,2382.205536692246,2891.701,5777.947221867638,5448.09731,5448.18331
2026-06-08 02:45:00+02:00,3388.7075899110027,2494.29807,2389.3328383926555,2727.41,5778.040428303659,5221.70807,5221.79707
2026-06-08 03:00:00+02:00,2873.0718844098506,2563.73618,2556.204748959504,2754.714,5429.276633369354,5318.45018,5318.53218
2026-06-08 03:15:00+02:00,2853.048907387497,2654.59429,2589.7623415203784,2845.076,5442.811248907876,5499.67029,5499.74529
2026-06-08 03:30:00+02:00,2844.1541413844147,2805.11127,2609.842383931484,2933.871,5453.996525315899,5738.98227,5739.05227
2026-06-08 03:45:00+02:00,2855.0705360212373,2994.78682,2609.834162735102,3051.01,5464.90469875634,6045.79682,6045.875819999999
2026-06-08 04:00:00+02:00,2926.7302085431807,3214.12894,2582.111827470281,3078.502,5508.842036013461,6292.63094,6292.70294
2026-06-08 04:15:00+02:00,2922.9080040195186,3550.8427,2602.0336949087914,3081.519,5524.94169892831,6632.3616999999995,6632.5237
2026-06-08 04:30:00+02:00,2930.9760692250234,3880.21782,2616.1613082658264,3053.005,5547.13737749085,6933.22282,6935.70482
2026-06-08 04:45:00+02:00,2936.3578321247996,4220.04506,2609.6838830301253,3109.741,5546.0417151549245,7329.78606,7355.00306
2026-06-08 05:00:00+02:00,3533.1421144528563,4514.97582,2560.4979375710313,3163.796,6093.640052023888,7678.77182,7802.73482
2026-06-08 05:15:00+02:00,3591.957936549701,5062.40024,2568.934262360653,3286.941,6160.892198910355,8349.34124,8760.45524
2026-06-08 05:30:00+02:00,3636.461907313676,5324.54977,2574.2276736647705,3583.448,6210.689580978446,8907.99777,10015.23277
2026-06-08 05:45:00+02:00,3586.133979537814,5457.16605,2559.659116102168,3677.017,6145.793095639981,9134.18305,11147.78105
2026-06-08 06:00:00+02:00,4651.132011695118,5647.58288,2635.9465455271356,3658.848,7287.078557222254,9306.43088,12406.59088
2026-06-08 06:15:00+02:00,4611.167194167709,5744.7478,2649.9342733474055,3604.564,7261.101467515115,9349.3118,13741.0438
2026-06-08 06:30:00+02:00,4549.259670921137,5793.51558,2653.473777719572,3443.364,7202.733448640709,9236.87958,15178.12058
2026-06-08 06:45:00+02:00,4437.797697187017,5773.41631,2650.9027147225797,3405.374,7088.700411909596,9178.79031,16943.57231
2026-06-08 07:00:00+02:00,4142.1222800306905,5572.33255,2490.0493283896485,3526.656,6632.171608420339,9098.98855,19034.27755
2026-06-08 07:15:00+02:00,4005.7479705396486,5235.22632,2496.6774938846092,3588.914,6502.425464424257,8824.14032,21125.12332
2026-06-08 07:30:00+02:00,3881.2451052092997,4761.75683,2520.2526356834055,3606.901,6401.497740892705,8368.65783,23296.96283
2026-06-08 07:45:00+02:00,3767.5793099793887,4297.90596,2529.2010520375716,3627.603,6296.78036201696,7925.50896,25477.87096
2026-06-08 08:00:00+02:00,2422.5802507666544,3737.43155,2748.160108944626,3664.955,5170.740359711281,7402.386549999999,27725.83555
2026-06-08 08:15:00+02:00,2367.2775735611444,3219.70018,2748.503299801534,3706.625,5115.780873362679,6926.32518,30113.47218
2026-06-08 08:30:00+02:00,2302.7758214043224,2805.84923,2830.1491288924444,3724.482,5132.924950296767,6530.33123,32533.48823
2026-06-08 08:45:00+02:00,2278.932273868709,2501.84309,2833.6864032583785,3617.834,5112.618677127088,6119.677089999999,34826.529089999996
2026-06-08 09:00:00+02:00,1524.5090653395548,2427.11671,2900.9163445183704,3399.89,4425.425409857925,5827.00671,36716.27471
2026-06-08 09:15:00+02:00,1545.4950477766006,2438.84483,2887.4638211606316,3428.96,4432.958868937232,5867.80483,38653.70983
2026-06-08 09:30:00+02:00,1573.8533286208856,2515.81762,2867.3760944974747,3340.332,4441.2294231183605,5856.14962,40791.496620000005
2026-06-08 09:45:00+02:00,1622.4833047335085,2678.85545,2868.229200383781,3322.054,4490.71250511729,6000.90945,42917.95745
2026-06-08 10:00:00+02:00,2571.1290707803537,2741.71907,2482.835731071628,3282.099,5053.964801851982,6023.81807,44724.34607
2026-06-08 10:15:00+02:00,2618.7068702720667,2760.45894,2483.426387587848,3100.064,5102.133257859914,5860.52294,46339.72394
2026-06-08 10:30:00+02:00,2699.7580973466365,2764.01682,2458.5167931566707,2929.914,5158.274890503308,5693.93082,47371.08182
2026-06-08 10:45:00+02:00,2736.221400290228,2779.56152,2433.1757123846237,2759.069,5169.397112674851,5538.630520000001,48447.83352
2026-06-08 11:00:00+02:00,2836.012496047948,2809.87441,1898.764165837365,2564.019,4734.776661885313,5373.89341,48950.82541
2026-06-08 11:15:00+02:00,2901.6897807163537,2857.71814,1874.441598888857,2418.656,4776.131379605211,5276.37414,49557.92014
2026-06-08 11:30:00+02:00,2955.349770600452,2947.53892,1861.6439206137652,2238.753,4816.993691214217,5186.29192,49896.79892
2026-06-08 11:45:00+02:00,3053.5046165843423,2937.9063,1852.592524606362,1951.026,4906.097141190705,4888.9323,50019.4263
2026-06-08 12:00:00+02:00,3422.146256794452,3063.94368,1866.0768640614383,1698.975,5288.22312085589,4762.91868,49854.70868
2026-06-08 12:15:00+02:00,3472.1605068087474,3130.30105,1844.0663291644394,1491.627,5316.226835973187,4621.92805,49717.77105
2026-06-08 12:30:00+02:00,3484.8653114268373,3105.94155,1830.9566209786396,1373.928,5315.821932405477,4479.86955,49517.99955
2026-06-08 12:45:00+02:00,3546.5044393645285,3172.89251,1829.8528520300636,1387.354,5376.357291394592,4560.24651,49402.181509999995
2026-06-08 13:00:00+02:00,4495.040297090945,3287.41603,1579.6911713747477,1318.626,6074.731468465693,4606.04203,49038.00103
2026-06-08 13:15:00+02:00,4533.7304096910475,3370.87776,1553.5399445685434,1270.739,6087.270354259591,4641.61676,48406.428759999995
2026-06-08 13:30:00+02:00,4551.632494431332,3470.73055,1556.061610416928,1178.695,6107.69410484826,4649.42555,47852.54655
2026-06-08 13:45:00+02:00,4561.639517580447,3622.17075,1540.9170547144054,1006.396,6102.556572294852,4628.56675,46745.96875
2026-06-08 14:00:00+02:00,5193.396570363172,3778.68302,894.638191894505,863.49,6088.034762257677,4642.17302,46035.40802
2026-06-08 14:15:00+02:00,5207.695262219793,3991.32122,884.3685088934458,769.101,6092.0637711132385,4760.4222199999995,45111.75122
2026-06-08 14:30:00+02:00,5213.431842616076,4306.77059,852.7545087804272,718.181,6066.186351396504,5024.951590000001,43965.25259
2026-06-08 14:45:00+02:00,5243.223378937934,4562.48789,795.8589090543625,663.747,6039.082287992297,5226.234890000001,42479.86489
2026-06-08 15:00:00+02:00,5927.613098898984,4764.03713,1004.0055979149342,613.318,6931.618696813919,5377.35513,40626.68513
2026-06-08 15:15:00+02:00,5951.262021014911,5035.20817,985.3393065075569,582.888,6936.601327522468,5618.09617,38951.88817
2026-06-08 15:30:00+02:00,5957.534052996931,5217.86755,966.8298422875079,625.542,6924.3638952844385,5843.40955,37250.46055
2026-06-08 15:45:00+02:00,5950.379875868838,5405.47044,962.0285126693661,593.48,6912.408388538204,5998.9504400000005,35605.91844
2026-06-08 16:00:00+02:00,7708.524510366746,5523.70155,1136.6144461909328,509.737,8845.13895655768,6033.43855,33727.125550000004
2026-06-08 16:15:00+02:00,7712.395646471754,5641.88072,1124.0225170616172,414.23,8836.418163533372,6056.110720000001,31723.20272
2026-06-08 16:30:00+02:00,7651.295757553191,5821.39695,1088.6925300164896,364.347,8739.98828756968,6185.74395,29912.23995
2026-06-08 16:45:00+02:00,7649.2408072443095,6021.15637,1060.0683123832791,363.716,8709.30911962759,6384.87237,28188.20837
2026-06-08 17:00:00+02:00,7704.7491903915015,6322.33614,1204.7926557537628,299.03,8909.541846145265,6621.36614,26394.807139999997
2026-06-08 17:15:00+02:00,7692.563511218188,6551.7882,1169.7509593910122,321.835,8862.3144706092,6873.6232,24730.008199999997
2026-06-08 17:30:00+02:00,7709.178614063694,6461.10892,1161.0731253862766,384.518,8870.25173944997,6845.62692,23004.31992
2026-06-08 17:45:00+02:00,7686.842625431256,6618.36894,1153.318077045742,421.385,8840.160702476998,7039.7539400000005,21453.46194
2026-06-08 18:00:00+02:00,7219.122434694819,6730.95725,1762.6420345049048,374.353,8981.764469199725,7105.31025,19963.26125
2026-06-08 18:15:00+02:00,7132.908289452276,6775.19472,1776.011163571964,297.681,8908.91945302424,7072.87572,18403.424720000003
2026-06-08 18:30:00+02:00,7035.399739987595,6841.2506,1757.9546775031538,218.288,8793.35441749075,7059.5386,16807.062599999997
2026-06-08 18:45:00+02:00,6949.0577629086465,7045.36992,1758.2920060627555,177.262,8707.349768971402,7222.63192,15426.02592
2026-06-08 19:00:00+02:00,7502.4038443002055,7384.64691,1453.6986135447714,151.512,8956.102457844976,7536.15891,14269.18391
2026-06-08 19:15:00+02:00,7395.2029462547935,7640.47838,1452.059992573061,169.244,8847.262938827855,7809.722379999999,13233.646379999998
2026-06-08 19:30:00+02:00,7320.545447240126,7497.78167,1468.0913111726138,183.626,8788.63675841274,7681.40767,11941.002670000002
2026-06-08 19:45:00+02:00,7279.42116347157,7585.36481,1478.9622658677695,183.482,8758.38342933934,7768.84681,11008.65781
2026-06-08 20:00:00+02:00,8327.476768163197,7945.47133,1405.3471627250403,479.609,9732.823930888237,8425.08033,10758.656330000002
2026-06-08 20:15:00+02:00,8232.243885896707,8790.01424,1399.7515282643944,773.675,9631.995414161102,9563.68924,11170.72024
2026-06-08 20:30:00+02:00,8173.690316048952,9480.32299,1415.28463145425,694.702,9588.974947503202,10175.02499,11174.98799
2026-06-08 20:45:00+02:00,8225.694804769095,9989.43466,1419.7042025360329,645.338,9645.399007305128,10634.77266,11160.35066
2026-06-08 21:00:00+02:00,10291.529274947356,10599.13122,1681.6607771511426,575.331,11973.190052098498,11174.46222,11368.55222
2026-06-08 21:15:00+02:00,10334.411734541707,11430.38789,1697.7384343168717,493.851,12032.15016885858,11924.23889,11982.08189
2026-06-08 21:30:00+02:00,10320.408744101906,12307.09466,1715.7181756375508,494.278,12036.126919739456,12801.37266,12815.635660000002
2026-06-08 21:45:00+02:00,10341.029756379183,12798.74229,1743.5122073608247,542.609,12084.541963740008,13341.35129,13346.27529
2026-06-08 22:00:00+02:00,12253.485828207897,12990.39343,2151.407254201051,661.51,14404.893082408948,13651.90343,13654.54243
2026-06-08 22:15:00+02:00,12402.119473802593,13704.5131,2173.6909491711926,1039.792,14575.810422973786,14744.3051,14744.5131
2026-06-08 22:30:00+02:00,12518.228840847542,14520.62253,2190.3566433567485,1395.485,14708.58548420429,15916.10753,15916.27453
2026-06-08 22:45:00+02:00,12605.387672189705,15470.47312,2200.6114633250177,1759.955,14805.999135514723,17230.42812,17230.578120000002
2026-06-08 23:00:00+02:00,14262.019077850577,15951.46341,1778.7012126057532,2171.703,16040.72029045633,18123.16641,18123.316410000003
2026-06-08 23:15:00+02:00,14332.993012397981,16375.34399,1801.903385032783,2221.08,16134.896397430764,18596.42399,18596.57099
2026-06-08 23:30:00+02:00,14409.663259150284,16470.51665,1812.4618984646115,2028.089,16222.125157614895,18498.60565,18498.73165
2026-06-08 23:45:00+02:00,14491.774466772196,16503.70994,1812.622753269102,1773.636,16304.397220041299,18277.34594,18277.46294
2026-06-09 00:00:00+02:00,15379.383925953347,16568.51189,1630.6862071734513,1773.818,17010.0701331268,18342.32989,18342.42689
2026-06-09 00:15:00+02:00,15455.089978071404,16861.24583,1646.3089902549166,2011.293,17101.39896832632,18872.53883,18872.62983
2026-06-09 00:30:00+02:00,15515.902163977014,17046.76623,1647.7874331392486,2374.155,17163.689597116263,19420.92123,19421.00723
2026-06-09 00:45:00+02:00,15548.393344979631,17471.14578,1666.4598927122045,2265.524,17214.853237691837,19736.66978,19736.75578
2026-06-09 01:00:00+02:00,16034.699591887507,17709.79056,2034.682752629387,2268.009,18069.382344516893,19977.79956,19977.88856
2026-06-09 01:15:00+02:00,16016.250477493764,18097.5424,2060.4697948683597,2624.217,18076.720272362123,20721.7594,20721.8374
2026-06-09 01:30:00+02:00,16004.011454880852,18225.58246,2078.267796826724,3082.609,18082.279251707576,21308.19146,21308.26146
2026-06-09 01:45:00+02:00,16003.085327408568,18250.33685,2069.5239393585716,3440.46,18072.60926676714,21690.79685,21690.87185
2026-06-09 02:00:00+02:00,17761.697944433334,18287.81114,2298.706784434038,3813.982,20060.404728867372,22101.79314,22101.86614
2026-06-09 02:15:00+02:00,17755.660705328017,18497.28319,2303.203542173686,4319.977,20058.864247501704,22817.260189999997,22817.32119
2026-06-09 02:30:00+02:00,17737.26966918907,17846.58007,2328.1770841367143,4732.613,20065.446753325785,22579.19307,22579.26107
2026-06-09 02:45:00+02:00,17733.430173471817,17438.9854,2336.1524126108047,4823.264,20069.582586082623,22262.2494,22262.3134
2026-06-09 03:00:00+02:00,17147.953074317433,17238.84179,2636.046964942826,5125.371,19784.00003926026,22364.21279,22364.26879
2026-06-09 03:15:00+02:00,17136.233391927886,17261.99887,2674.752513338651,5394.806,19810.985905266538,22656.80487,22656.86087
2026-06-09 03:30:00+02:00,17135.62069966363,17221.0843,2700.124748108752,5381.596,19835.74544777238,22602.6803,22602.7433
2026-06-09 03:45:00+02:00,17154.715020687298,16982.52509,2705.2126533204364,5373.147,19859.927674007733,22355.67209,22355.74509
2026-06-09 04:00:00+02:00,18440.30983532757,17136.04147,3332.201468045727,5489.774,21772.5113033733,22625.81547,22625.89147
2026-06-09 04:15:00+02:00,18449.856926191802,17456.4533,3352.295022747044,5839.284,21802.151948938845,23295.7373,23295.8523
2026-06-09 04:30:00+02:00,18491.370201720598,17885.91676,3365.6059962465933,6056.176,21856.97619796719,23942.09276,23943.25676
2026-06-09 04:45:00+02:00,18507.360435449275,17936.8699,3361.510762772148,5924.343,21868.871198221423,23861.2129,23873.0879
2026-06-09 05:00:00+02:00,18655.68541243108,18459.53185,3534.628826715228,5980.148,22190.314239146308,24439.67985,24492.78485
2026-06-09 05:15:00+02:00,18725.551209390156,19207.05486,3546.918074747924,6022.912,22272.469284138082,25229.96686,25384.15486
2026-06-09 05:30:00+02:00,18772.65226075236,19497.04443,3559.966154530974,6263.332,22332.618415283334,25760.376430000004,26128.620430000003
2026-06-09 05:45:00+02:00,18723.82426905628,19247.8998,3549.347335324676,5930.056,22273.171604380957,25177.9558,25920.3658
2026-06-09 06:00:00+02:00,18551.65517570598,19507.47317,3700.441645555736,5667.678,22252.096821261715,25175.15117,26399.57617
2026-06-09 06:15:00+02:00,18516.77636780957,19533.86124,3713.6345731494844,5364.568,22230.410940959053,24898.42924,26688.70424
2026-06-09 06:30:00+02:00,18455.9279137996,19518.67492,3714.3421802012726,5138.273,22170.270094000873,24656.94792,27059.10692
2026-06-09 06:45:00+02:00,18345.097843661526,19608.56689,3709.5167480293367,5028.553,22054.614591690864,24637.11989,27647.70989
2026-06-09 07:00:00+02:00,16497.155195268122,19296.69979,3317.52325572995,4967.329,19814.67845099807,24264.028789999997,27958.853789999997
2026-06-09 07:15:00+02:00,16358.909952284066,18932.70135,3326.575405194253,4944.412,19685.48535747832,23877.11335,28354.60635
2026-06-09 07:30:00+02:00,16232.765349511854,18430.41877,3271.7360765619956,4579.4,19504.50142607385,23009.81877,28355.258769999997
2026-06-09 07:45:00+02:00,16123.12712112284,18115.93142,3281.2692235626973,4344.429,19404.396344685538,22460.36042,28657.75942
2026-06-09 08:00:00+02:00,15258.18167793297,17850.91833,2664.673489759018,4701.338,17922.85516769199,22552.25633,29604.32133
2026-06-09 08:15:00+02:00,15229.287850470726,17879.50785,2666.4445530411513,4656.132,17895.732403511876,22535.63985,30638.69585
2026-06-09 08:30:00+02:00,15137.96115881413,18325.8614,2657.861630514434,3983.613,17795.822789328566,22309.474400000003,31464.1854
2026-06-09 08:45:00+02:00,15106.124360866146,18683.06624,2653.2606851592777,3798.469,17759.385046025425,22481.53524,32820.41624
2026-06-09 09:00:00+02:00,14970.791280367615,19152.41874,2512.9754964794975,4028.373,17483.766776847115,23180.79174,34652.23474
2026-06-09 09:15:00+02:00,14999.827498090928,19644.42447,2498.6139108949465,3609.655,17498.441408985876,23254.07947,36116.98647
2026-06-09 09:30:00+02:00,15020.23440348412,19819.97637,2475.366436007692,3430.239,17495.600839491814,23250.21537,37538.696370000005
2026-06-09 09:45:00+02:00,15059.186407191673,20360.12944,2475.167069831735,3592.859,17534.353477023407,23952.98844,39875.75044
2026-06-09 10:00:00+02:00,14910.874238146092,20346.1354,3178.0314447585256,4017.684,18088.905682904617,24363.8194,42162.1604
2026-06-09 10:15:00+02:00,14942.632187898274,20717.70188,3180.455421242332,3983.306,18123.087609140606,24701.00788,44127.348880000005
2026-06-09 10:30:00+02:00,15014.262554510258,21004.93261,3171.9779864903803,3983.728,18186.24054100064,24988.66061,46136.95561
2026-06-09 10:45:00+02:00,15046.852144920738,21131.74837,3160.4680525340095,3756.881,18207.32019745475,24888.62937,47585.018370000005
2026-06-09 11:00:00+02:00,15887.670952469067,21518.54316,3151.740900493446,3467.101,19039.411852962512,24985.64416,49067.996159999995
2026-06-09 11:15:00+02:00,15954.709045761978,21569.86171,3118.8278228844,3657.063,19073.536868646377,25226.92471,50291.63571
2026-06-09 11:30:00+02:00,16007.940897951175,21461.66154,3104.4813137939122,3483.152,19112.422211745088,24944.813540000003,50901.67054000001
2026-06-09 11:45:00+02:00,16105.268325347351,21325.94164,3106.190795301556,2996.755,19211.459120648906,24322.69664,51292.26664
2026-06-09 12:00:00+02:00,17329.499159386694,22006.74755,3092.211431851198,2164.915,20421.710591237894,24171.66255,52100.22555
2026-06-09 12:15:00+02:00,17372.6990814608,21828.18219,3059.301187389976,2112.167,20432.000268850774,23940.34919,52899.23419
2026-06-09 12:30:00+02:00,17364.95738962951,21833.5719,3041.2959220528633,2302.129,20406.253311682376,24135.7009,54037.7619
2026-06-09 12:45:00+02:00,17411.775217916264,21820.95292,3032.7820764941166,3128.347,20444.55729441038,24949.29992,55774.87992000001
2026-06-09 13:00:00+02:00,18083.145195906498,20270.96626,3054.4229094436464,3740.957,21137.568105350143,24011.92326,55424.039260000005
2026-06-09 13:15:00+02:00,18096.631982422652,19817.50637,3031.7864840578177,3955.361,21128.41846648047,23772.86737,55751.071370000005
2026-06-09 13:30:00+02:00,18087.591737582665,20191.91746,3031.8932323659524,2358.524,21119.48496994862,22550.44146,54515.14946
2026-06-09 13:45:00+02:00,18093.67445418898,20707.57027,3018.392596175449,1726.99,21112.06705036443,22434.56027,54684.83927
2026-06-09 14:00:00+02:00,16694.886774324714,20786.41551,2682.714069476405,2108.668,19377.60084380112,22895.08351,55548.46251
2026-06-09 14:15:00+02:00,16699.758480803273,20348.08453,2676.22409510416,2354.942,19375.982575907434,22703.02653,55912.380529999995
2026-06-09 14:30:00+02:00,16705.055475642293,19014.40092,2649.6817745960793,2461.446,19354.737250238373,21475.84692,54613.13592
2026-06-09 14:45:00+02:00,16731.78968600263,18624.17879,2592.977957865443,2569.638,19324.767643868072,21193.81679,54533.93179
2026-06-09 15:00:00+02:00,17495.02158800905,17723.18466,2797.811923651996,2432.604,20292.833511661047,20155.78866,53924.81966
2026-06-09 15:15:00+02:00,17531.3094906913,17845.2024,2774.3659098274647,2446.832,20305.675400518765,20292.034399999997,53731.2844
2026-06-09 15:30:00+02:00,17552.577801187574,17909.18319,2754.530769227551,2175.923,20307.108570415126,20085.10619,53009.26719
2026-06-09 15:45:00+02:00,17560.169672736865,17812.49787,2750.2867835359193,2263.372,20310.456456272783,20075.86987,52263.15487
2026-06-09 16:00:00+02:00,15897.466184857587,17895.17854,2947.477819363645,3590.204,18844.94400422123,21485.38254,52436.48354
2026-06-09 16:15:00+02:00,15896.118535339758,17957.24191,2956.398377404225,3931.032,18852.516912743984,21888.27391,51579.76891
2026-06-09 16:30:00+02:00,15902.711448348962,17951.0868,2936.1865811474004,4152.128,18838.898029496362,22103.2148,50434.7478
2026-06-09 16:45:00+02:00,15916.747444180432,17835.29329,2915.919790757034,4015.558,18832.667234937464,21850.85129,49010.75829
2026-06-09 17:00:00+02:00,14820.779634637596,17974.24118,3142.978865575133,4799.207,17963.75850021273,22773.44818,48018.27618
2026-06-09 17:15:00+02:00,14842.50027687609,17935.83055,3159.2065477785395,4868.746,18001.70682465463,22804.57655,46640.33455
2026-06-09 17:30:00+02:00,14845.939696663418,18348.15758,3148.5190291677263,4687.831,17994.458725831144,23035.988579999997,45611.94458
2026-06-09 17:45:00+02:00,14843.62023695134,18009.17446,3145.516320050954,4505.739,17989.136557002294,22514.913459999996,43153.91146
2026-06-09 18:00:00+02:00,13434.797636036918,17362.07144,3109.37783830444,4825.935,16544.17547434136,22188.00644,40849.72344
2026-06-09 18:15:00+02:00,13340.51125215414,16400.03159,3119.4307595766168,4303.68,16459.942011730756,20703.71159,37279.51459
2026-06-09 18:30:00+02:00,13214.052870563297,15036.00292,3093.336050677882,3908.314,16307.38892124118,18944.31692,33573.37992
2026-06-09 18:45:00+02:00,13109.041845831336,14235.96719,3082.5676707261287,3922.585,16191.609516557464,18158.55219,30684.03719
2026-06-09 19:00:00+02:00,10407.019669939878,13317.59104,2913.58431378373,3913.022,13320.60398372361,17230.61304,27747.52504
2026-06-09 19:15:00+02:00,10281.022260040858,12378.60225,2905.383425650131,3844.323,13186.405685690988,16222.92525,24801.18025
2026-06-09 19:30:00+02:00,10176.006835460506,11662.89008,2917.45317659688,4070.547,13093.460012057387,15733.43708,22519.72808
2026-06-09 19:45:00+02:00,10110.919592556202,11229.19859,2925.876164589059,4473.755,13036.79575714526,15702.95359,20917.69859
2026-06-09 20:00:00+02:00,9004.192467773488,11154.77626,2313.266579674996,4149.717,11317.459047448483,15304.49326,19251.29326
2026-06-09 20:15:00+02:00,8882.868782541616,11128.76042,2309.4354120673693,3812.097,11192.304194608985,14940.85742,17806.80442
2026-06-09 20:30:00+02:00,8793.333230467162,10772.8704,2326.5163421015404,3439.645,11119.849572568703,14212.5154,16109.4984
2026-06-09 20:45:00+02:00,8811.664491802949,10579.97676,2332.552340330845,3230.937,11144.216832133794,13810.91376,14944.03076
2026-06-09 21:00:00+02:00,8878.591716690167,10353.53406,2390.3857410590113,3420.165,11268.977457749179,13773.69906,14313.55906
2026-06-09 21:15:00+02:00,8902.362888616586,10451.2925,2401.591879436025,3751.028,11303.954768052612,14202.3205,14391.0465
2026-06-09 21:30:00+02:00,8861.388571672225,10525.72246,2414.1009482381205,4187.602,11275.489519910345,14713.32446,14759.09546
2026-06-09 21:45:00+02:00,8881.78270764992,10701.10675,2435.521848370816,4456.785,11317.304556020736,15157.89175,15166.87575
2026-06-09 22:00:00+02:00,8306.109765547752,10693.20063,2558.7672888315246,4805.667,10864.877054379276,15498.86763,15502.30863
2026-06-09 22:15:00+02:00,8433.725952150566,10771.35746,2578.092452848151,4950.56,11011.818404998718,15721.91746,15722.16946
2026-06-09 22:30:00+02:00,8538.832204563594,10470.69271,2594.069267685854,4747.867,11132.901472249448,15218.55971,15218.73171
2026-06-09 22:45:00+02:00,8614.278992370453,10969.03147,2600.8672400185847,4766.153,11215.146232389037,15735.18447,15735.32447
2026-06-09 23:00:00+02:00,9110.086364138066,11438.73683,3146.5060057637925,4689.449,12256.592369901859,16128.18583,16128.308829999998
2026-06-09 23:15:00+02:00,9174.017518068376,11596.0803,3165.193626056426,4482.142,12339.211144124802,16078.2223,16078.3303
2026-06-09 23:30:00+02:00,9246.319226469273,11622.62613,3178.104873081173,4268.329,12424.424099550446,15890.95513,15891.07113
2026-06-09 23:45:00+02:00,9321.126916231286,11608.38452,3183.3969078657633,4113.931,12504.523824097048,15722.31552,15722.43852
2026-06-10 00:00:00+02:00,9348.86787958801,11831.91243,3407.2165728207283,5477.876,12756.084452408737,17309.78843,17309.91843
2026-06-10 00:15:00+02:00,9430.129148019118,12242.47586,3427.4825648651668,5675.744,12857.611712884285,17918.21986,17918.349860000002
2026-06-10 00:30:00+02:00,9500.231884267658,12676.07105,3438.7851376657427,5331.673,12939.0170219334,18007.74405,18007.86705
2026-06-10 00:45:00+02:00,9547.832315649715,12943.45311,3453.789150122563,5558.991,13001.621465772278,18502.44411,18502.56011
2026-06-10 01:00:00+02:00,11173.499375950398,13103.44476,3624.9801499042337,5778.213,14798.479525854631,18881.65776,18881.75776
2026-06-10 01:15:00+02:00,11171.507426518661,13329.19091,3659.223930205916,5645.123,14830.731356724576,18974.313909999997,18974.420909999997
2026-06-10 01:30:00+02:00,11170.070847251018,13415.6476,3687.988997005059,5651.449,14858.059844256077,19067.0966,19067.2096
2026-06-10 01:45:00+02:00,11177.956437386456,13442.03197,3689.3530725478763,5854.479,14867.309509934332,19296.51097,19296.61997
2026-06-10 02:00:00+02:00,12997.004053177421,13266.29311,3673.5723415309635,5659.672,16670.576394708383,18925.96511,18926.07011
2026-06-10 02:15:00+02:00,13001.819169141303,13167.70418,3691.9974399178795,5263.808,16693.816609059184,18431.51218,18431.61918
2026-06-10 02:30:00+02:00,12971.70976305818,13054.53118,3728.873078417705,5217.183,16700.582841475883,18271.71418,18271.81218
2026-06-10 02:45:00+02:00,12960.779380855345,13068.43833,3740.069241277993,5071.634,16700.848622133337,18140.072330000003,18140.15633
2026-06-10 03:00:00+02:00,13070.882180001432,13072.09026,3947.8069523634204,5212.559,17018.689132364852,18284.64926,18284.73126
2026-06-10 03:15:00+02:00,13065.032998173145,13096.58239,3991.348712207855,5399.707,17056.381710381,18496.28939,18496.372389999997
2026-06-10 03:30:00+02:00,13066.652290975358,12898.45032,4014.2966682650595,5515.528,17080.948959240417,18413.97832,18414.06732
2026-06-10 03:45:00+02:00,13083.424107107267,12676.61892,4017.3566510708174,5409.758,17100.780758178083,18086.37692,18086.45892
2026-06-10 04:00:00+02:00,12616.088660182513,12621.45418,4077.322088909019,5486.549,16693.410749091534,18108.00318,18108.08318
2026-06-10 04:15:00+02:00,12636.068039194359,12411.72069,4103.869246346151,5434.093,16739.93728554051,17845.81369,17846.27769
2026-06-10 04:30:00+02:00,12670.898232388583,12274.47121,4119.214612612931,5457.06,16790.112845001513,17731.53121,17735.40321
2026-06-10 04:45:00+02:00,12690.654852461032,12095.17726,4111.849680923776,5305.904,16802.504533384807,17401.08126,17426.59926
2026-06-10 05:00:00+02:00,11121.927783953059,11912.75764,4178.219511542338,5303.798,15300.147295495397,17216.55564,17337.745639999997
2026-06-10 05:15:00+02:00,11213.188529248882,11630.07684,4188.065019867484,5153.206,15401.253549116365,16783.28284,17138.50584
2026-06-10 05:30:00+02:00,11268.997385810462,11040.58785,4206.662141723876,5212.325,15475.659527534339,16252.91285,17049.347850000002
2026-06-10 05:45:00+02:00,11215.161907087522,10537.78181,4187.322462430347,5248.533,15402.484369517868,15786.31481,17226.43581
2026-06-10 06:00:00+02:00,10298.746025988296,10281.78122,4082.067487108815,5666.219,14380.81351309711,15948.000220000002,18201.92322
2026-06-10 06:15:00+02:00,10266.97618206243,9797.14177,4084.0426771557395,5641.97,14351.01885921817,15439.11177,18689.56977
2026-06-10 06:30:00+02:00,10206.28863427739,9090.51487,4075.802913249802,5470.642,14282.091547527192,14561.15687,18926.04487
2026-06-10 06:45:00+02:00,10097.473774325725,8207.78217,4063.174233291873,5082.746,14160.648007617598,13290.52817,19023.25217
2026-06-10 07:00:00+02:00,8287.756542637331,7376.49444,4089.7348430554266,5132.04,12377.491385692758,12508.53444,19746.03044
2026-06-10 07:15:00+02:00,8141.566502825757,6743.3254,4093.556298540563,5318.897,12235.12280136632,12062.2224,20885.8834
2026-06-10 07:30:00+02:00,8003.904727440188,6043.7011,4107.0408616759,5384.065,12110.945589116087,11427.7661,22000.1881
2026-06-10 07:45:00+02:00,7889.579132135245,5750.88914,4107.111695331312,5284.483,11996.690827466558,11035.37214,23412.54714
2026-06-10 08:00:00+02:00,7167.599039300893,5597.02632,4066.8044317273266,5435.867,11234.40347102822,11032.89332,25278.66432
2026-06-10 08:15:00+02:00,7134.407640973374,5537.30867,4058.1616638976916,5383.869,11192.569304871065,10921.17767,27193.49067
2026-06-10 08:30:00+02:00,6989.500301282916,5653.51556,4010.0081869929736,5452.079,10999.50848827589,11105.59456,29358.79956
2026-06-10 08:45:00+02:00,6953.047124547056,5949.08025,3996.8842410415496,5258.914,10949.931365588605,11207.99425,31668.43825
2026-06-10 09:00:00+02:00,7339.15602584469,5850.41509,3872.423653024199,4711.309,11211.57967886889,10561.72409,32577.43509
2026-06-10 09:15:00+02:00,7370.45191555047,5705.02809,3857.8710758814277,4695.28,11228.322991431898,10400.30809,34398.762090000004
2026-06-10 09:30:00+02:00,7396.527046971761,5932.96025,3831.153045692403,4732.225,11227.680092664163,10665.18525,36048.39325
2026-06-10 09:45:00+02:00,7438.757381943918,6342.85294,3827.37508068386,4639.323,11266.132462627778,10982.17594,38251.41394
2026-06-10 10:00:00+02:00,7842.927457037932,6819.54092,3891.686689803117,4320.087,11734.61414684105,11139.62792,39544.54992
2026-06-10 10:15:00+02:00,7872.62990027979,7220.77346,3884.5144447562243,4070.805,11757.144345036013,11291.57846,41157.46846
2026-06-10 10:30:00+02:00,7938.771271592604,7829.6444,3852.4054739367475,4000.895,11791.176745529352,11830.5394,42428.5214
2026-06-10 10:45:00+02:00,7969.795383069973,8082.09495,3823.6245734158983,3869.289,11793.419956485872,11951.38395,43517.67595
2026-06-10 11:00:00+02:00,8613.492997003123,8613.87495,3584.2919415997617,3457.919,12197.784938602885,12071.79395,44331.86095
2026-06-10 11:15:00+02:00,8678.212020340994,8788.49966,3545.1111859209173,3354.095,12223.323206261912,12142.59466,44896.78866
2026-06-10 11:30:00+02:00,8731.054363616102,9071.81742,3524.238351423661,3273.816,12255.292715039763,12345.633419999998,45677.72142
2026-06-10 11:45:00+02:00,8826.312942117978,9345.03655,3515.2308256284787,3166.463,12341.543767746458,12511.49955,46056.27355
2026-06-10 12:00:00+02:00,9415.993503193638,9265.51167,3563.2978138869657,2856.744,12979.291317080604,12122.25567,45643.94167
2026-06-10 12:15:00+02:00,9461.852945755609,9215.62988,3526.3470964956514,2802.685,12988.200042251261,12018.31488,45582.11388
2026-06-10 12:30:00+02:00,9452.870213364438,8933.41492,3504.599853235396,2887.513,12957.470066599835,11820.927919999998,45401.102920000005
2026-06-10 12:45:00+02:00,9496.962077226572,9151.67433,3495.3003763769307,2859.423,12992.262453603502,12011.09733,45568.05733
2026-06-10 13:00:00+02:00,9398.991167575557,9192.68884,3423.0394771401566,3555.166,12822.030644715715,12747.85484,45927.42584
2026-06-10 13:15:00+02:00,9410.041267529388,8831.07869,3402.230367842306,3817.548,12812.271635371693,12648.62669,45090.70569
2026-06-10 13:30:00+02:00,9404.56947288984,9312.47076,3400.0386985715736,3510.41,12804.608171461414,12822.88076,44165.16976
2026-06-10 13:45:00+02:00,9414.165069458702,9593.42287,3384.2921875686775,3355.231,12798.45725702738,12948.65387,43356.39687
2026-06-10 14:00:00+02:00,9067.854066902455,10036.05324,2643.008003725052,3026.064,11710.862070627507,13062.11724,42443.52924
2026-06-10 14:15:00+02:00,9073.200014937462,9981.38473,2638.821157605055,2793.452,11712.021172542516,12774.83673,41081.42873
2026-06-10 14:30:00+02:00,9082.916051407034,9442.56804,2610.4008797497927,2603.963,11693.316931156827,12046.53104,39858.90004
2026-06-10 14:45:00+02:00,9111.778069053187,8950.10628,2563.781063289932,2413.342,11675.559132343118,11363.44828,38549.35528
2026-06-10 15:00:00+02:00,8318.177387092524,8670.48484,2188.83072846054,2268.206,10507.008115553064,10938.69084,37291.40884
2026-06-10 15:15:00+02:00,8355.429359207461,8307.99791,2174.203579143225,2136.73,10529.632938350685,10444.72791,35550.68091
2026-06-10 15:30:00+02:00,8381.814650146503,7958.66463,2156.1651360236606,2022.586,10537.979786170165,9981.25063,34393.02463
2026-06-10 15:45:00+02:00,8392.344508825343,7900.45549,2150.9864862913937,1879.441,10543.330995116736,9779.89649,33314.708490000005
2026-06-10 16:00:00+02:00,7720.697002713332,8150.34409,2091.3650136240954,1767.695,9812.062016337428,9918.03909,32777.90809
2026-06-10 16:15:00+02:00,7698.2543148322775,8255.07374,2075.675920280246,1585.138,9773.930235112522,9840.21174,31731.65574
2026-06-10 16:30:00+02:00,7720.981383323246,8400.41418,2058.7804975681715,1455.888,9779.761880891418,9856.30218,30958.44318
2026-06-10 16:45:00+02:00,7738.613226812449,8346.53205,2041.1489121412508,1350.918,9779.7621389537,9697.45005,29737.45305
2026-06-10 17:00:00+02:00,8963.95851975577,8096.60976,1311.4733225156529,1133.065,10275.431842271422,9229.67476,28050.42376
2026-06-10 17:15:00+02:00,8970.485194559787,8160.25175,1287.1340085096795,1053.103,10257.619203069467,9213.35475,26823.48375
2026-06-10 17:30:00+02:00,8952.296749846228,8134.95799,1270.6204883891292,962.336,10222.917238235357,9097.29399,25331.30699
2026-06-10 17:45:00+02:00,8945.330078939081,8172.20564,1269.5614674134636,839.736,10214.891546352545,9011.94164,23878.58064
2026-06-10 18:00:00+02:00,9453.371264745123,7807.31328,1097.9990645885146,759.536,10551.370329333637,8566.84928,22010.61928
2026-06-10 18:15:00+02:00,9362.263839966006,7573.16282,1112.734544418513,675.015,10474.998384384518,8248.177819999999,20221.05682
2026-06-10 18:30:00+02:00,9235.502480186902,7079.07789,1087.2915527442897,595.072,10322.794032931191,7674.14989,18233.25789
2026-06-10 18:45:00+02:00,9132.152560076778,6820.72313,1077.2994044032193,521.701,10209.451964479998,7342.42413,16581.71313
2026-06-10 19:00:00+02:00,7769.90608536775,6365.46792,833.7608931967975,480.81,8603.666978564548,6846.27792,14685.39692
2026-06-10 19:15:00+02:00,7648.702501905061,6254.66811,827.3235508296141,521.436,8476.026052734675,6776.104109999999,13246.71211
2026-06-10 19:30:00+02:00,7540.462802279623,6021.50862,841.8287926170015,540.646,8382.291594896626,6562.154619999999,11675.79362
2026-06-10 19:45:00+02:00,7478.343475458042,5830.30558,854.3205583549843,435.87,8332.664033813027,6266.17558,10245.29958
2026-06-10 20:00:00+02:00,6639.920621507686,5908.03362,689.3472077315937,388.964,7329.267829239279,6296.99762,9313.65462
2026-06-10 20:15:00+02:00,6544.154456384944,5988.06206,697.0327153173931,367.489,7241.187171702337,6355.55106,8519.36406
2026-06-10 20:30:00+02:00,6468.413044572142,5816.96421,710.7804108577918,322.673,7179.193455429934,6139.63721,7579.81221
2026-06-10 20:45:00+02:00,6482.759275037346,5698.19143,716.1722903786388,423.238,7198.931565415985,6121.42943,6956.62943
2026-06-10 21:00:00+02:00,5865.616616085002,5597.32248,578.4220544345815,601.259,6444.038670519583,6198.58148,6615.44448
2026-06-10 21:15:00+02:00,5917.11881833913,5731.00601,590.3641893270351,836.147,6507.483007666165,6567.15301,6725.49501
2026-06-10 21:30:00+02:00,5894.752363806897,5775.0522,605.9028499680222,1065.683,6500.6552137749195,6840.7352,6880.6562
2026-06-10 21:45:00+02:00,5931.530877810826,5444.91605,628.9529132677401,1311.992,6560.483791078565,6756.90805,6761.84205
2026-06-10 22:00:00+02:00,5664.809801890058,5006.34449,578.5326435277229,889.943,6243.342445417781,5896.287490000001,5897.588490000001
2026-06-10 22:15:00+02:00,5813.217746809554,4843.55793,610.3953736845897,545.772,6423.613120494144,5389.32993,5389.69593
2026-06-10 22:30:00+02:00,5942.988313138358,4788.19956,638.1839696298192,509.838,6581.172282768177,5298.03756,5298.25256
2026-06-10 22:45:00+02:00,6047.0178517773065,4722.42124,657.9641841222183,570.239,6704.982035899525,5292.660239999999,5292.839239999999
2026-06-10 23:00:00+02:00,4696.734442608573,4717.52893,870.7244957436831,467.467,5567.458938352256,5184.99593,5185.16793
2026-06-10 23:15:00+02:00,4773.695225005039,4734.41739,893.4702248058865,319.042,5667.165449810926,5053.45939,5053.60739
2026-06-10 23:30:00+02:00,4848.771387662997,4807.09375,903.3697919733951,306.086,5752.141179636392,5113.17975,5113.31275
2026-06-10 23:45:00+02:00,4923.663480120877,5040.20787,904.1027560234611,315.817,5827.766236144338,5356.02487,5356.15087
2026-06-11 00:00:00+02:00,5501.545991622625,5168.97339,1273.8280462482626,306.813,6775.374037870887,5475.78639,5475.92439
2026-06-11 00:15:00+02:00,5594.626689318912,5203.13553,1300.4150177471176,261.019,6895.04170706603,5464.15453,5464.27053
2026-06-11 00:30:00+02:00,5677.2411112429,5197.95012,1304.1395517222577,261.041,6981.380662965157,5458.991120000001,5459.099120000001
2026-06-11 00:45:00+02:00,5734.702070627152,5348.88869,1326.585525801293,251.3,7061.287596428445,5600.18869,5600.30369
2026-06-11 01:00:00+02:00,6202.121021375485,5490.64545,1073.1800604160176,267.232,7275.301081791502,5757.87745,5757.98445
2026-06-11 01:15:00+02:00,6205.278514118576,5727.65515,1103.9938239968994,251.043,7309.272338115476,5978.698149999999,5978.813149999999
2026-06-11 01:30:00+02:00,6207.717110107968,5946.71344,1133.757718878625,198.676,7341.474828986593,6145.389440000001,6145.498440000001
2026-06-11 01:45:00+02:00,6217.5170681982045,6116.68691,1140.191960273365,209.475,7357.70902847157,6326.161910000001,6326.247910000001
2026-06-11 02:00:00+02:00,7391.238332505163,6258.80275,1196.841220849064,298.537,8588.079553354228,6557.33975,6557.42475
2026-06-11 02:15:00+02:00,7390.670296057106,6408.20404,1202.9155077174885,390.437,8593.585803774595,6798.6410399999995,6798.721039999999
2026-06-11 02:30:00+02:00,7357.315045227638,6549.29352,1237.30516350891,478.396,8594.620208736547,7027.68952,7027.76852
2026-06-11 02:45:00+02:00,7344.022818272659,6612.1232,1244.9016386920257,479.116,8588.924456964683,7091.2392,7091.3132
2026-06-11 03:00:00+02:00,7803.069744495198,6772.6514,1200.229364819219,446.793,9003.299109314417,7219.444399999999,7219.509399999999
2026-06-11 03:15:00+02:00,7794.885371947277,6888.90115,1248.6821285607807,355.4,9043.567500508057,7244.301149999999,7244.37415
2026-06-11 03:30:00+02:00,7785.613018011466,6976.13444,1273.5173057251461,382.364,9059.130323736612,7358.498439999999,7358.57044
2026-06-11 03:45:00+02:00,7790.288338250328,7082.08238,1273.7084211994245,413.063,9063.996759449752,7495.14538,7495.22038
2026-06-11 04:00:00+02:00,8690.088606197405,7125.9359,1165.3668488959281,424.153,9855.455455093334,7550.088900000001,7550.1589
2026-06-11 04:15:00+02:00,8701.880984030067,7233.77883,1189.4031059864014,310.091,9891.284090016468,7543.869830000001,7544.06583
2026-06-11 04:30:00+02:00,8729.902972918879,7625.31498,1204.4514132418806,237.85,9934.35438616076,7863.16498,7864.45398
2026-06-11 04:45:00+02:00,8741.836138358896,7867.755,1192.7335042203165,213.13,9934.569642579212,8080.885,8090.657
2026-06-11 05:00:00+02:00,9456.91687783231,7928.42104,1163.7789023055363,271.438,10620.695780137845,8199.85904,8258.179039999999
2026-06-11 05:15:00+02:00,9531.104226573905,8029.62572,1167.7708325130327,339.435,10698.875059086939,8369.06072,8597.86572
2026-06-11 05:30:00+02:00,9562.622292187034,7989.22959,1185.4808332023624,304.73,10748.103125389396,8293.95959,8949.721590000001
2026-06-11 05:45:00+02:00,9488.894181976397,7875.16201,1166.3878414280373,256.434,10655.282023404434,8131.59601,9413.30201
2026-06-11 06:00:00+02:00,8576.391912618652,7575.37068,1219.028047925342,228.872,9795.419960543994,7804.24268,9870.70268
2026-06-11 06:15:00+02:00,8534.283920890088,7281.35987,1218.6129649928755,256.413,9752.896885882963,7537.772870000001,10554.57387
2026-06-11 06:30:00+02:00,8453.501937190136,6956.76482,1204.0084791920835,258.609,9657.51041638222,7215.373820000001,11421.67582
2026-06-11 06:45:00+02:00,8323.30010280809,6589.23852,1182.8885755721767,240.212,9506.188678380267,6829.45052,12418.037520000002
2026-06-11 07:00:00+02:00,6281.622252326855,5904.43915,1218.832847986098,238.566,7500.455100312953,6143.00515,13327.38315
2026-06-11 07:15:00+02:00,6122.410574551228,5107.50779,1226.500047562563,192.629,7348.910622113791,5300.13679,14294.85279
2026-06-11 07:30:00+02:00,5965.513484174218,4453.43819,1226.3497790774704,142.289,7191.863263251689,4595.72719,15440.72919
2026-06-11 07:45:00+02:00,5824.044127268415,4034.7868,1220.2937134596682,106.152,7044.337840728083,4140.9388,17010.2008
2026-06-11 08:00:00+02:00,4737.26555911096,3925.05783,1146.352960035035,103.915,5883.6185191459945,4028.97283,18983.61283
2026-06-11 08:15:00+02:00,4640.570369139805,3805.55921,1131.0909954245296,151.905,5771.661364564335,3957.46421,20922.575210000003
2026-06-11 08:30:00+02:00,4620.620407941975,3801.2991,1073.01433233574,202.312,5693.634740277715,4003.6111,23048.195099999997
2026-06-11 08:45:00+02:00,4591.318575461155,3808.15201,1047.2917246665888,245.336,5638.610300127744,4053.48801,25087.38201
2026-06-11 09:00:00+02:00,4523.584315895462,3898.87312,1133.0019752986016,293.3,5656.586291194064,4192.17312,27229.24212
2026-06-11 09:15:00+02:00,4558.240457407945,3987.47092,1100.1860450947306,346.86,5658.426502502675,4334.33092,29531.29592
2026-06-11 09:30:00+02:00,4581.157581040266,4107.51775,1068.3555164153183,378.866,5649.513097455585,4486.38375,31215.41975
2026-06-11 09:45:00+02:00,4624.032535992172,4345.98552,1067.3571702133902,383.684,5691.389706205562,4729.66952,33154.84552
2026-06-11 10:00:00+02:00,4809.675210128037,4504.54658,1191.4589089676954,382.805,6001.134119095733,4887.3515800000005,34969.90358
2026-06-11 10:15:00+02:00,4842.383204993049,4725.83296,1179.6325593164522,413.483,6022.015764309501,5139.31596,36993.49796
2026-06-11 10:30:00+02:00,4905.286581567014,5012.7362,1139.2040132827885,453.3,6044.490594849803,5466.0362000000005,38492.9732
2026-06-11 10:45:00+02:00,4933.070448406485,5408.38881,1093.8838058821736,473.122,6026.954254288659,5881.510810000001,40244.98681
2026-06-11 11:00:00+02:00,6049.341794531204,5885.68207,1083.5064403962472,482.064,7132.848234927451,6367.74607,41856.40907
2026-06-11 11:15:00+02:00,6107.237583769363,6356.03408,1040.9151717954624,515.9,7148.1527555648245,6871.93408,43671.15708
2026-06-11 11:30:00+02:00,6150.058564358997,6872.32117,1005.650898497459,559.743,7155.7094628564555,7432.064170000001,44749.21917
2026-06-11 11:45:00+02:00,6230.763381901268,7297.15922,976.1638033784131,550.627,7206.927185279681,7847.78622,45289.39522
2026-06-11 12:00:00+02:00,7477.7942682208395,7718.78224,1007.3768676335128,544.409,8485.171135854353,8263.19124,46176.51824
2026-06-11 12:15:00+02:00,7506.241010367669,7664.15257,961.9679296720387,563.125,8468.208940039709,8227.27757,45951.405569999995
2026-06-11 12:30:00+02:00,7484.757465169512,7153.76312,934.9612051919075,598.664,8419.71867036142,7752.427119999999,45587.33512
2026-06-11 12:45:00+02:00,7512.793710685149,7725.41624,942.9406580722205,672.103,8455.734368757368,8397.51924,46809.99124
2026-06-11 13:00:00+02:00,8738.59970654087,7672.38448,1031.9732347676988,718.89,9770.572941308568,8391.27448,47103.39848
2026-06-11 13:15:00+02:00,8714.725105361906,7697.01629,1011.7370187470144,768.123,9726.46212410892,8465.13929,47381.18429
2026-06-11 13:30:00+02:00,8699.988111590357,7624.87875,967.8228248862652,868.113,9667.810936476622,8492.99175,47538.70075
2026-06-11 13:45:00+02:00,8708.787470339597,7934.10684,938.9979238338586,851.999,9647.785394173456,8786.10584,47637.37684
2026-06-11 14:00:00+02:00,9742.584735786255,8920.99227,1146.9406085088167,904.323,10889.52534429507,9825.31527,48457.15627
2026-06-11 14:15:00+02:00,9720.680093954621,9785.70849,1141.9344028978712,970.23,10862.614496852493,10755.93849,49319.72549
2026-06-11 14:30:00+02:00,9680.111671232662,10669.63298,1128.7893484682752,999.096,10808.901019700937,11668.72898,49771.53598
2026-06-11 14:45:00+02:00,9678.519827045198,11632.8876,1087.5584176079055,1041.663,10766.078244653105,12674.5506,50385.9486
2026-06-11 15:00:00+02:00,11108.118096424545,11669.04468,1499.956459035699,1211.85,12608.074555460244,12880.89468,49875.89168
2026-06-11 15:15:00+02:00,11149.924110809292,11181.08425,1493.0773156863331,1262.227,12643.001426495624,12443.31125,48719.88325
2026-06-11 15:30:00+02:00,11173.177167991946,11087.86172,1470.0026263568113,1270.394,12643.179794348756,12358.25572,47489.11572
2026-06-11 15:45:00+02:00,11173.141088502103,11369.97083,1464.9927941181659,1236.202,12638.13388262027,12606.17283,46367.74983
2026-06-11 16:00:00+02:00,12410.607717545494,11470.48105,2319.1726683674065,1261.668,14729.7803859129,12732.14905,45508.33005
2026-06-11 16:15:00+02:00,12429.611147710997,11476.00125,2314.526796108248,1313.415,14744.137943819245,12789.416249999998,43760.35225
2026-06-11 16:30:00+02:00,12436.65278513672,11511.59776,2318.1328361645783,1327.159,14754.785621301296,12838.75676,42264.70376
2026-06-11 16:45:00+02:00,12449.960061961503,11161.09138,2306.327608838814,1437.848,14756.287670800317,12598.93938,40365.65238
2026-06-11 17:00:00+02:00,10856.601889393476,10703.49336,2922.418334697785,1547.462,13779.020224091262,12250.95536,38524.57436
2026-06-11 17:15:00+02:00,10875.493727212805,10550.84659,2908.6465367430706,1730.81,13784.140263955875,12281.65659,36518.54259
2026-06-11 17:30:00+02:00,10894.753338282511,9976.3241,2887.3725710629747,1871.279,13782.125909345486,11847.6031,33903.807100000005
2026-06-11 17:45:00+02:00,10875.784919069016,9812.7075,2887.214133675408,2046.704,13762.999052744424,11859.4115,31414.1405
2026-06-11 18:00:00+02:00,10265.388361103154,9908.01861,2633.34274995394,2031.589,12898.731111057094,11939.60761,29074.72661
2026-06-11 18:15:00+02:00,10157.3092769577,9555.01076,2633.944895537229,1932.885,12791.25417249493,11487.89576,26485.27876
2026-06-11 18:30:00+02:00,9999.305999962444,9417.7571,2602.7904122379014,1836.943,12602.096412200346,11254.7001,24277.4431
2026-06-11 18:45:00+02:00,9885.317168911677,8945.01321,2598.473667271192,1650.869,12483.790836182869,10595.88221,21631.97221
2026-06-11 19:00:00+02:00,9193.429235180427,8784.53372,2288.636448815364,1499.726,11482.065683995792,10284.25972,19535.90472
2026-06-11 19:15:00+02:00,9071.62855236728,8339.67857,2280.6004396445014,1364.853,11352.22899201178,9704.53157,17103.18357
2026-06-11 19:30:00+02:00,8963.997657593482,8041.09306,2302.55743462763,1255.606,11266.555092221111,9296.69906,15054.85306
2026-06-11 19:45:00+02:00,8902.383193880176,7686.09613,2323.7758082564233,1184.27,11226.1590021366,8870.36613,13202.19713
2026-06-11 20:00:00+02:00,7283.016160096664,7244.51123,2291.4957270056293,1290.0,9574.511887102293,8534.51123,11727.52423
2026-06-11 20:15:00+02:00,7203.904690836471,6838.82758,2288.2261139390366,1512.453,9492.130804775508,8351.28058,10546.41558
2026-06-11 20:30:00+02:00,7120.796378281236,6286.80596,2289.749959181665,1621.541,9410.5463374629,7908.34696,9250.10996
2026-06-11 20:45:00+02:00,7116.994212872897,6204.89617,2285.3442240318154,1518.549,9402.338436904713,7723.44517,8426.65417
2026-06-11 21:00:00+02:00,9071.651740850222,6449.1147,3199.394107870606,1681.858,12271.045848720829,8130.9727,8427.985700000001
2026-06-11 21:15:00+02:00,9118.471741420868,6641.9605,3218.943987349597,1495.904,12337.415728770466,8137.8645,8248.2015
2026-06-11 21:30:00+02:00,9102.553291662765,6564.34027,3240.909996128322,1018.879,12343.463287791088,7583.21927,7609.72027
2026-06-11 21:45:00+02:00,9144.361850742172,6466.15377,3261.215075843115,772.389,12405.576926585287,7238.54277,7243.39977
2026-06-11 22:00:00+02:00,9662.717702973014,6538.43463,3771.8155760512004,721.692,13434.533279024214,7260.12663,7261.13863
2026-06-11 22:15:00+02:00,9807.668502956625,6892.47324,3800.11375123229,828.575,13607.782254188915,7721.04824,7721.41824
2026-06-11 22:30:00+02:00,9921.024550294296,7361.50564,3820.0346741813078,1089.198,13741.059224475604,8450.70364,8450.878639999999
2026-06-11 22:45:00+02:00,10032.879103510066,7548.08555,3843.7088267548615,1434.867,13876.587930264926,8982.95255,8983.10455
2026-06-11 23:00:00+02:00,9968.582373528705,7873.63982,4006.5952214895547,1771.203,13975.17759501826,9644.84282,9644.98082
2026-06-11 23:15:00+02:00,10040.444734757622,8312.7384,4018.7911691010377,1917.722,14059.23590385866,10230.4604,10230.6074
2026-06-11 23:30:00+02:00,10110.008924154448,8947.55649,4017.5805310422334,2185.25,14127.589455196681,11132.80649,11132.94949
2026-06-11 23:45:00+02:00,10174.345983896455,9686.4082,4012.4343530832557,2508.399,14186.780336979711,12194.8072,12194.9222
2026-06-12 00:00:00+02:00,10011.735357324282,10193.87264,3940.096696556001,2915.166,13951.832053880284,13109.03864,13109.13964
2026-06-12 00:15:00+02:00,10094.883714098622,10805.43692,3966.309583844849,3095.218,14061.193297943471,13900.65492,13900.75192
2026-06-12 00:30:00+02:00,10166.850727392593,11353.97501,3976.073705425535,3079.333,14142.924432818128,14433.30801,14433.41101
2026-06-12 00:45:00+02:00,10221.963806659973,11691.81235,3995.16937027773,3058.571,14217.133176937703,14750.38335,14750.48135
2026-06-12 01:00:00+02:00,10930.458712074133,12044.54356,4351.263638726409,3096.766,15281.72235080054,15141.30956,15141.40356
2026-06-12 01:15:00+02:00,10941.721627838138,12453.17639,4379.321631825536,3047.367,15321.043259663675,15500.54339,15500.63039
2026-06-12 01:30:00+02:00,10944.24766694543,12941.68936,4402.296467418279,3124.029,15346.544134363709,16065.71836,16065.80036
2026-06-12 01:45:00+02:00,10958.607276273464,13227.47916,4405.12098144985,3467.534,15363.728257723313,16695.013160000002,16695.088160000003
2026-06-12 02:00:00+02:00,11237.259281796463,13504.69986,4565.465770234292,3876.607,15802.725052030755,17381.30686,17381.37986
2026-06-12 02:15:00+02:00,11233.462088440365,13830.78019,4582.310321113606,4154.323,15815.77240955397,17985.10319,17985.18719
2026-06-12 02:30:00+02:00,11195.949635313049,14176.25852,4623.696107485855,4307.248,15819.645742798904,18483.50652,18483.58252
2026-06-12 02:45:00+02:00,11177.235809305708,14472.10689,4633.078777553076,4362.225,15810.314586858785,18834.33189,18834.40689
2026-06-12 03:00:00+02:00,12005.74716992978,14572.09919,4857.174673512452,4384.969,16862.921843442233,18957.06819,18957.15319
2026-06-12 03:15:00+02:00,11993.455919448083,14787.08253,4896.272053353369,4328.135,16889.72797280145,19115.21753,19115.30053
2026-06-12 03:30:00+02:00,11981.729645685338,15116.11797,4916.114118537799,4192.364,16897.843764223137,19308.48197,19308.55097
2026-06-12 03:45:00+02:00,11980.761487767304,15251.25194,4916.16699252224,4062.601,16896.928480289545,19313.85294,19313.92994
2026-06-12 04:00:00+02:00,12698.240563551506,15157.95508,4963.948635677481,3939.431,17662.18919922899,19097.38608,19097.46008
2026-06-12 04:15:00+02:00,12709.328797386213,15216.40439,4983.975730217618,4000.932,17693.304527603832,19217.33639,19217.83339
2026-06-12 04:30:00+02:00,12748.327293736458,15320.6147,4995.7416674522965,4139.256,17744.068961188754,19459.8707,19471.4257
2026-06-12 04:45:00+02:00,12772.020771157831,15320.4113,4985.122981567439,4026.044,17757.14375272527,19346.4553,19395.999300000003
2026-06-12 05:00:00+02:00,14143.689990253983,15530.32791,4954.556283551963,3758.444,19098.246273805948,19288.77191,19418.49791
2026-06-12 05:15:00+02:00,14219.897891669198,15493.93287,4963.246108732397,3459.943,19183.144000401597,18953.87587,19229.28387
2026-06-12 05:30:00+02:00,14249.861430778325,15428.31834,4979.501060036315,3208.491,19229.362490814638,18636.80934,19180.09634
2026-06-12 05:45:00+02:00,14180.706090968271,15438.00946,4956.101219683316,2778.092,19136.807310651588,18216.10146,19126.54846
2026-06-12 06:00:00+02:00,14482.255531133458,15673.08647,4665.688737293458,2539.14,19147.944268426916,18212.22647,19545.56247
2026-06-12 06:15:00+02:00,14440.03487095015,15533.30449,4666.894332176438,2371.568,19106.929203126587,17904.87249,19725.146490000003
2026-06-12 06:30:00+02:00,14364.281750799651,15362.08342,4651.471468373306,2229.333,19015.75321917296,17591.41642,19979.549420000003
2026-06-12 06:45:00+02:00,14232.03818715524,15315.42844,4620.887903165652,2101.88,18852.926090320892,17417.30844,20440.49444
2026-06-12 07:00:00+02:00,13991.003870258666,15218.39964,4289.714749749799,1919.386,18280.718620008465,17137.78564,20850.548639999997
2026-06-12 07:15:00+02:00,13822.613007624184,14839.18569,4294.456322830495,1897.755,18117.06933045468,16736.94069,21262.86069
2026-06-12 07:30:00+02:00,13656.612191654134,14541.48194,4303.030507114206,1906.858,17959.64269876834,16448.339939999998,21882.55894
2026-06-12 07:45:00+02:00,13517.654831809703,14236.41093,4294.052735310191,2037.78,17811.707567119895,16274.19093,22597.66793
2026-06-12 08:00:00+02:00,11464.327997099332,13982.48505,3692.185506786772,2208.308,15156.513503886104,16190.79305,23469.27805
2026-06-12 08:15:00+02:00,11365.072587275605,14060.3809,3675.52635173006,2391.952,15040.598939005664,16452.3329,24699.0689
2026-06-12 08:30:00+02:00,11321.763784715647,14134.96006,3689.0181367120813,2421.204,15010.78192142773,16556.16406,25666.098059999997
2026-06-12 08:45:00+02:00,11299.489730921508,14052.92146,3661.487251242691,2343.495,14960.9769821642,16396.41646,26292.24946
2026-06-12 09:00:00+02:00,12800.878546640186,14095.89739,4123.250661303831,2326.063,16924.129207944017,16421.96039,27097.12439
2026-06-12 09:15:00+02:00,12826.963276176355,14263.82829,4095.2385268404523,2283.835,16922.201803016807,16547.66329,27897.42329
2026-06-12 09:30:00+02:00,12850.14007716213,14216.67473,4068.513839516295,2215.488,16918.653916678424,16432.16273,28473.425730000003
2026-06-12 09:45:00+02:00,12888.252603095249,14259.9573,4070.187881909364,2333.544,16958.440485004612,16593.5013,29196.4913
2026-06-12 10:00:00+02:00,14333.878057955899,14222.49704,4099.692756606734,2345.819,18433.570814562634,16568.31604,29760.234040000003
2026-06-12 10:15:00+02:00,14375.110715015659,14234.56322,4091.2396042926102,2308.125,18466.35031930827,16542.68822,30401.576220000003
2026-06-12 10:30:00+02:00,14441.362333344567,14321.22376,4063.152371478615,2249.019,18504.51470482318,16570.24276,30806.26376
2026-06-12 10:45:00+02:00,14471.545053524458,14401.80741,4016.1376087946883,2196.709,18487.682662319145,16598.51641,31276.28841
2026-06-12 11:00:00+02:00,14883.341930797997,14595.27189,4200.191290133608,2016.596,19083.533220931604,16611.86789,31666.15589
2026-06-12 11:15:00+02:00,14949.94989117063,14730.8595,4163.878324114075,1928.699,19113.828215284706,16659.5585,32248.0335
2026-06-12 11:30:00+02:00,14994.582168864676,14894.92979,4128.903364384254,1917.346,19123.48553324893,16812.27579,32732.869789999997
2026-06-12 11:45:00+02:00,15081.76195814261,15112.86049,4098.603328763862,1948.014,19180.36528690647,17060.87449,33101.90449
2026-06-12 12:00:00+02:00,16000.711043367017,15266.24084,4149.5485345938505,2177.257,20150.259577960867,17443.49784,33507.90584
2026-06-12 12:15:00+02:00,16013.0708797787,15522.03388,4112.421229399616,2377.447,20125.492109178314,17899.480880000003,33894.73088
2026-06-12 12:30:00+02:00,15973.72572558157,16130.69227,4094.587358610319,2581.539,20068.31308419189,18712.23127,35050.50727
2026-06-12 12:45:00+02:00,15999.106469435786,16659.08892,4097.139783103554,3023.885,20096.246252539342,19682.973919999997,36530.60292
2026-06-12 13:00:00+02:00,17958.29138427058,17103.41086,4052.404700647098,3163.995,22010.696084917676,20267.40586,37579.78286
2026-06-12 13:15:00+02:00,17922.545534103145,17565.43013,4039.5822023954306,2988.635,21962.127736498576,20554.065130000003,38461.884130000006
2026-06-12 13:30:00+02:00,17909.048198190314,18418.92367,3992.201120687981,3150.488,21901.249318878294,21569.41167,39701.70867
2026-06-12 13:45:00+02:00,17913.22048637142,19269.30313,3958.885401863787,3182.612,21872.105888235208,22451.91513,40734.13613
2026-06-12 14:00:00+02:00,19260.868365866958,19771.28332,3764.6542694062405,3467.817,23025.5226352732,23239.10032,41315.82631999999
2026-06-12 14:15:00+02:00,19235.018940440874,20197.0179,3755.877743396238,3753.044,22990.896683837113,23950.0619,41992.2669
2026-06-12 14:30:00+02:00,19183.55560346326,20327.96535,3742.4409723736344,4087.429,22925.996575836896,24415.39435,42258.18335
2026-06-12 14:45:00+02:00,19172.49094463701,20800.45204,3701.4488025884966,4438.998,22873.939747225508,25239.45004,42956.03004
2026-06-12 15:00:00+02:00,20104.167211305845,21872.04508,3886.443829370013,4458.57,23990.61104067586,26330.61508,44120.22308
2026-06-12 15:15:00+02:00,20134.14185276247,22180.16504,3878.322767950759,4146.021,24012.46462071323,26326.18604,43825.61604
2026-06-12 15:30:00+02:00,20146.362672204697,23038.97834,3854.0576316247943,4321.069,24000.42030382949,27360.04734,44726.85734
2026-06-12 15:45:00+02:00,20152.920525203306,23130.95371,3849.3048573368665,4173.308,24002.22538254017,27304.26171,44202.00971
2026-06-12 16:00:00+02:00,20565.23671073682,23768.26986,4308.887190128045,3962.921,24874.123900864863,27731.19086,44131.69186
2026-06-12 16:15:00+02:00,20575.209478551285,24515.84367,4305.84832111833,4071.28,24881.057799669616,28587.123669999997,44632.754669999995
2026-06-12 16:30:00+02:00,20569.757982801235,25301.2118,4295.935634573326,3883.276,24865.69361737456,29184.487800000003,44691.1658
2026-06-12 16:45:00+02:00,20597.069387638505,25975.63557,4282.505702099397,3836.288,24879.575089737904,29811.92357,44870.83457
2026-06-12 17:00:00+02:00,19656.119816669427,26078.90311,3990.0439524011535,4545.999,23646.16376907058,30624.90211,44636.68411
2026-06-12 17:15:00+02:00,19698.038735640937,26444.42393,3972.2177309964036,4548.455,23670.25646663734,30992.87893,44073.85193
2026-06-12 17:30:00+02:00,19691.483786169123,25998.38907,3954.1180776239344,4463.989,23645.601863793057,30462.37807,42377.15707
2026-06-12 17:45:00+02:00,19671.57275817283,25777.79073,3942.173674574947,4189.63,23613.74643274778,29967.42073,40790.76673
2026-06-12 18:00:00+02:00,17565.773055562127,25572.88195,3521.2461190287904,3760.786,21087.019174590918,29333.66795,39004.17795
2026-06-12 18:15:00+02:00,17461.28604504144,25741.57073,3516.002239550323,3432.609,20977.288284591763,29174.17973,37818.27073
2026-06-12 18:30:00+02:00,17326.352918309014,26075.95978,3486.309309668036,3146.411,20812.66222797705,29222.37078,36885.25278
2026-06-12 18:45:00+02:00,17239.65176574768,25910.64853,3486.856259111123,2768.843,20726.508024858802,28679.49153,35348.43153
2026-06-12 19:00:00+02:00,15416.458020142729,25435.86134,3528.07363744724,2282.029,18944.53165758997,27717.89034,33329.427339999995
2026-06-12 19:15:00+02:00,15313.654778953412,25133.65242,3516.059179743361,2029.944,18829.713958696775,27163.59642,31786.20142
2026-06-12 19:30:00+02:00,15220.46728350791,24420.43275,3536.4813365767045,1820.274,18756.948620084615,26240.70675,29896.929750000003
2026-06-12 19:45:00+02:00,15173.786149162699,23610.90822,3552.5258241653723,1689.717,18726.311973328073,25300.62522,28163.47722
2026-06-12 20:00:00+02:00,15898.101942617353,22887.28703,3713.1233994942336,1419.997,19611.225342111586,24307.28403,26419.00603
2026-06-12 20:15:00+02:00,15830.646836292834,21839.31647,3705.9907689641977,1571.327,19536.63760525703,23410.643470000003,24863.08647
2026-06-12 20:30:00+02:00,15742.013488459204,21201.58795,3702.8594598698664,1747.367,19444.87294832907,22948.95495,23888.27395
2026-06-12 20:45:00+02:00,15726.957582749847,20903.8743,3705.267634257812,1818.525,19432.225217007657,22722.3993,23262.7153
2026-06-12 21:00:00+02:00,17150.245683000994,20348.47697,3906.201514046561,1921.497,21056.447197047557,22269.97397,22539.98697
2026-06-12 21:15:00+02:00,17197.331549636,19902.18762,3939.07823600346,1848.693,21136.409785639462,21750.88062,21859.71462
2026-06-12 21:30:00+02:00,17176.93700752434,19679.40376,3973.4338583438252,1816.602,21150.370865868164,21496.00576,21529.56276
2026-06-12 21:45:00+02:00,17204.607622460975,19456.92237,4002.7547561263386,1829.06,21207.362378587313,21285.98237,21295.61837
2026-06-12 22:00:00+02:00,18168.65909122884,19117.97057,4084.2523352664853,1809.366,22252.911426495328,20927.33657,20928.33157
2026-06-12 22:15:00+02:00,18292.500234004136,19439.70482,4096.974180675238,1830.811,22389.474414679375,21270.51582,21270.95282
2026-06-12 22:30:00+02:00,18381.753996548934,19553.90576,4107.899619324534,1984.403,22489.653615873467,21538.30876,21538.51076
2026-06-12 22:45:00+02:00,18485.80205467504,19806.24733,4133.095877923222,2242.182,22618.897932598265,22048.42933,22048.58933
2026-06-12 23:00:00+02:00,19093.86911191598,19799.29255,3888.1435576983095,2439.043,22982.01266961429,22238.33555,22238.48055
2026-06-12 23:15:00+02:00,19151.34563603104,19729.11718,3894.461982172956,2416.75,23045.807618204,22145.86718,22145.99718
2026-06-12 23:30:00+02:00,19211.594802372878,19583.09483,3899.035071700381,2340.902,23110.62987407326,21923.996829999996,21924.118829999996
2026-06-12 23:45:00+02:00,19028.175752466526,19469.28481,3835.866697109588,2433.61,22864.042449576114,21902.89481,21903.01781
2026-06-13 00:00:00+02:00,19621.308141073394,19387.15105,3864.8684461567727,2411.259,23486.176587230166,21798.41005,21798.546049999997
2026-06-13 00:15:00+02:00,19705.677847088813,19438.23375,3893.3589277259725,2595.428,23599.036774814784,22033.66175,22033.77975
2026-06-13 00:30:00+02:00,19788.63513114158,19405.90385,3899.5467649803522,2785.106,23688.181896121932,22191.00985,22191.12985
2026-06-13 00:45:00+02:00,20474.93887535513,19280.43547,3950.19883729631,3079.039,24425.137712651438,22359.47447,22359.58247
2026-06-13 01:00:00+02:00,21062.512239804513,19183.93709,3948.7884074750195,3461.556,25011.30064727953,22645.49309,22645.59809
2026-06-13 01:15:00+02:00,21081.39128341659,19171.71363,3966.9160423786698,3841.51,25048.30732579526,23013.22363,23013.31863
2026-06-13 01:30:00+02:00,21097.550369351324,19111.65466,3981.4405253888094,4048.074,25078.990894740135,23159.72866,23159.81166
2026-06-13 01:45:00+02:00,21073.081802943,19152.86466,3990.562300578455,4176.795,25063.644103521456,23329.65966,23329.75266
2026-06-13 02:00:00+02:00,20893.120927433094,19265.32441,4268.725499318983,4220.278,25161.846426752076,23485.60241,23485.69841
2026-06-13 02:15:00+02:00,20895.55955330295,19344.28749,4294.382958108842,4658.841,25189.94251141179,24003.12849,24003.20849
2026-06-13 02:30:00+02:00,20865.006395804878,19394.10408,4335.062873575329,5232.334,25200.069269380205,24626.43808,24626.51408
2026-06-13 02:45:00+02:00,20851.05359326687,19732.09687,4343.999968141719,5192.591,25195.05356140859,24924.68787,24924.75987
2026-06-13 03:00:00+02:00,20578.965922105064,19858.0116,4255.772930454873,5231.167,24834.738852559938,25089.178600000003,25089.2596
2026-06-13 03:15:00+02:00,20571.81001947154,19958.68256,4292.2382625319815,5069.176,24864.04828200352,25027.85856,25027.93856
2026-06-13 03:30:00+02:00,20571.292102917665,20143.69993,4310.306460498452,4992.022,24881.59856341612,25135.72193,25135.79893
2026-06-13 03:45:00+02:00,20568.075359105085,20250.0287,4307.732269276012,5056.385,24875.807628381095,25306.413699999997,25306.483699999997
2026-06-13 04:00:00+02:00,19936.690164450614,20215.82023,4655.881522738381,5154.032,24592.571687188996,25369.85223,25369.92323
2026-06-13 04:15:00+02:00,19951.33786560285,20233.45275,4683.271562264088,5367.082,24634.60942786694,25600.53475,25600.78775
2026-06-13 04:30:00+02:00,20004.86320630737,20412.79523,4704.9232999725355,5394.669,24709.786506279906,25807.46423,25813.80423
2026-06-13 04:45:00+02:00,20037.515922424976,21010.77469,4697.251153860276,5225.764,24734.76707628525,26236.53869,26263.91869
2026-06-13 05:00:00+02:00,21517.82522351131,21917.32675,5214.021871148243,5447.66,26731.847094659555,27364.98675,27457.90375
2026-06-13 05:15:00+02:00,21596.682538460493,22078.16018,5223.625985442079,5427.081,26820.30852390257,27505.241179999997,27762.722179999997
2026-06-13 05:30:00+02:00,21624.961850810803,21731.79279,5239.8777081018925,5352.748,26864.839558912696,27084.54079,27761.32679
2026-06-13 05:45:00+02:00,21564.220408880014,21383.92121,5212.2550715733005,5253.651,26776.475480453315,26637.57221,27910.603209999997
2026-06-13 06:00:00+02:00,21560.377293406735,21229.985,5495.24331800191,5120.97,27055.620611408645,26350.955,28434.569000000003
2026-06-13 06:15:00+02:00,21528.53646831214,20542.30662,5495.545315607388,5268.47,27024.08178391953,25810.77662,28912.25662
2026-06-13 06:30:00+02:00,21461.243740358168,20182.06083,5482.277242706389,5495.7,26943.520983064558,25677.76083,29936.67783
2026-06-13 06:45:00+02:00,21337.384199245244,20063.12361,5466.929189910932,5457.822,26804.313389156174,25520.94561,31235.78961
2026-06-13 07:00:00+02:00,21297.72044329054,20284.07801,5578.5632700346405,4842.819,26876.283713325178,25126.89701,32426.98501
2026-06-13 07:15:00+02:00,21134.921638487907,20098.51266,5589.232598273368,5040.949,26724.154236761275,25139.46166,34162.49566
2026-06-13 07:30:00+02:00,20971.213268502583,19770.61413,5599.798574586466,5165.077,26571.01184308905,24935.691130000003,35886.63813000001
2026-06-13 07:45:00+02:00,20830.877335821813,20172.59585,5598.905923428046,5355.565,26429.78325924986,25528.16085,38520.24385
2026-06-13 08:00:00+02:00,24561.17083914212,20677.002,5526.980428194418,5836.178,30088.151267336536,26513.18,41645.241
2026-06-13 08:15:00+02:00,24506.78044428803,21089.24897,5519.431766463077,5848.101,30026.212210751106,26937.34997,44171.92397
2026-06-13 08:30:00+02:00,24359.02097217476,21225.71556,5548.351400889519,5783.6,29907.372373064278,27009.315560000003,46348.34856
2026-06-13 08:45:00+02:00,24328.900029868804,21881.00032,5525.893339509674,6074.789,29854.79336937848,27955.78932,49402.49932
2026-06-13 09:00:00+02:00,25052.359673587336,20408.04715,5298.611047102117,4869.224,30350.970720689453,25277.27115,48406.75015
2026-06-13 09:15:00+02:00,25076.126569762324,21447.51711,5274.281234447417,4452.115,30350.40780420974,25899.63211,50963.50311
2026-06-13 09:30:00+02:00,25092.24892178617,21372.87138,5249.659825964428,4247.51,30341.908747750596,25620.38138,52066.47538
2026-06-13 09:45:00+02:00,25123.89780057336,21719.72745,5251.463577342104,4475.932,30375.361377915462,26195.65945,54034.58145
2026-06-13 10:00:00+02:00,23749.17303267343,21173.9547,5419.398567208027,4617.113,29168.571599881456,25791.0677,54430.5367
2026-06-13 10:15:00+02:00,23789.563051767902,20779.67246,5412.503233637368,4527.415,29202.06628540527,25307.08746,55922.03946
2026-06-13 10:30:00+02:00,23856.872767496247,20636.36017,5400.169563168525,4362.041,29257.04233066477,24998.40117,55933.34517
2026-06-13 10:45:00+02:00,23899.331670944026,20576.85025,5352.450420812209,3318.449,29251.782091756235,23895.29925,56135.560249999995
2026-06-13 11:00:00+02:00,22937.252583164867,21200.23693,5110.612495716855,3205.032,28047.86507888172,24405.26893,58069.42393
2026-06-13 11:15:00+02:00,23003.007959077768,21022.79827,5079.3419807374885,3487.687,28082.349939815256,24510.485269999997,59112.35627
2026-06-13 11:30:00+02:00,23056.75131910675,20479.1941,5049.349782034174,3044.278,28106.10110114092,23523.4721,59518.2591
2026-06-13 11:45:00+02:00,23140.19585987587,20231.91597,5022.019433582386,2860.412,28162.215293458255,23092.32797,59351.69697
2026-06-13 12:00:00+02:00,24287.09630904672,18052.56738,4969.997801179128,2585.527,29257.094110225848,20638.09438,57625.16238
2026-06-13 12:15:00+02:00,24303.722455309795,17532.02084,4934.133415977574,2601.053,29237.85587128737,20133.07384,57753.99784
2026-06-13 12:30:00+02:00,24249.169988967744,16655.04672,4917.542900951347,2481.734,29166.71288991909,19136.78072,57004.06672
2026-06-13 12:45:00+02:00,24274.31441244127,16030.93552,4921.561847508637,2467.008,29195.876259949906,18497.94352,56581.56952
2026-06-13 13:00:00+02:00,23863.5178121808,16066.32643,5010.214739030528,2434.594,28873.732551211328,18500.92043,56809.68943
2026-06-13 13:15:00+02:00,23842.77869307647,15638.29086,4999.324260784547,2371.058,28842.102953861016,18009.34886,55990.32086
2026-06-13 13:30:00+02:00,23829.112880884622,15477.23759,4964.864427837113,2296.4,28793.977308721736,17773.637590000002,55689.16559
2026-06-13 13:45:00+02:00,23840.915625435366,15045.26887,4932.295480129205,2425.813,28773.211105564573,17471.08187,55764.86787
2026-06-13 14:00:00+02:00,23894.982005368438,15344.84278,4958.400088890521,2471.196,28853.38209425896,17816.038780000003,55845.58278
2026-06-13 14:15:00+02:00,23900.939320950925,16039.07264,4952.221088102565,2472.076,28853.16040905349,18511.14864,55945.27364
2026-06-13 14:30:00+02:00,23889.184102646304,16403.50235,4940.667038776142,2423.98,28829.85114142245,18827.48235,55772.60035
2026-06-13 14:45:00+02:00,23905.113271001235,16387.01196,4902.646942240922,2424.122,28807.760213242156,18811.13396,55137.50296
2026-06-13 15:00:00+02:00,23887.856842574114,17388.95862,5020.876205218053,2285.181,28908.733047792168,19674.13962,55445.21962
2026-06-13 15:15:00+02:00,23932.543210674456,17451.10004,5014.734560016662,2422.71,28947.27777069112,19873.81004,55091.70104
2026-06-13 15:30:00+02:00,23951.513650224504,17974.99824,4991.758824247219,2414.796,28943.272474471723,20389.79424,54597.69524
2026-06-13 15:45:00+02:00,23977.42643722667,17990.61381,4986.602625958362,2349.359,28964.029063185033,20339.97281,53563.50881
2026-06-13 16:00:00+02:00,24050.93130043302,20695.04328,5072.702648053676,2477.963,29123.6339484867,23173.00628,55437.94228
2026-06-13 16:15:00+02:00,24083.29444529968,22473.65818,5071.226378523652,2450.983,29154.52082382333,24924.64118,55677.854179999995
2026-06-13 16:30:00+02:00,24261.938847730406,23453.02274,5061.094022784399,2658.339,29323.032870514806,26111.36174,55410.93074
2026-06-13 16:45:00+02:00,24301.345687860812,25679.58347,5051.89461922304,2882.492,29353.24030708385,28562.075470000003,56410.047470000005
2026-06-13 17:00:00+02:00,25941.83336913202,27389.15908,5106.45262126057,2697.803,31048.28599039259,30086.96208,56323.38208
2026-06-13 17:15:00+02:00,26028.147789869014,28089.39272,5097.877037943305,3825.201,31126.024827812318,31914.59372,56617.58772
2026-06-13 17:30:00+02:00,26145.07092252864,29759.06295,5083.112066456329,4203.091,31228.18298898497,33962.15395,56327.36095
2026-06-13 17:45:00+02:00,26152.944283584413,30373.23577,5075.748782192485,4548.086,31228.693065776897,34921.32177,55741.91377
2026-06-13 18:00:00+02:00,28919.806575048297,31697.87368,5433.328224560147,4630.849,34353.134799608444,36328.72268,55418.21368
2026-06-13 18:15:00+02:00,28835.112591222904,32241.45716,5424.419951567537,4778.672,34259.53254279044,37020.12916,53941.47316000001
2026-06-13 18:30:00+02:00,28719.38162106356,33735.06185,5392.997249569933,4907.453,34112.37887063349,38642.51485,53608.64685
2026-06-13 18:45:00+02:00,28633.398117772005,34509.03046,5388.849435051406,4982.876,34022.24755282341,39491.90646,52513.223459999994
2026-06-13 19:00:00+02:00,28741.59783523474,35379.60349,5553.496338676375,4525.365,34295.094173911115,39904.96849,51047.23949
2026-06-13 19:15:00+02:00,28639.320029022787,35056.62535,5535.140960453098,4414.447,34174.46098947588,39471.07235,48614.89935
2026-06-13 19:30:00+02:00,28543.11801819038,34060.82878,5547.0845693378005,4228.585,34090.20258752818,38289.41378,45502.74078
2026-06-13 19:45:00+02:00,28485.49462818311,33376.53328,5557.077565715356,3937.821,34042.572193898464,37314.35428,42954.62328
2026-06-13 20:00:00+02:00,28632.98402624551,32543.8286,5476.279399885059,3250.298,34109.26342613057,35794.1266,39944.0736
2026-06-13 20:15:00+02:00,28569.021665653807,31318.66638,5477.884642180993,3238.083,34046.9063078348,34556.74938,37463.43438
2026-06-13 20:30:00+02:00,28470.018579524556,30188.97365,5479.587581080458,3108.87,33949.60616060501,33297.84365,35157.751650000006
2026-06-13 20:45:00+02:00,28448.406203053724,28956.35137,5480.084781253833,3031.881,33928.49098430756,31988.23237,33046.62537
2026-06-13 21:00:00+02:00,28377.7026432764,28504.87682,5563.492902783316,4662.356,33941.19554605972,33167.232820000005,33664.088820000004
2026-06-13 21:15:00+02:00,28411.19249677461,28417.07953,5589.410290519523,4761.66,34000.602787294134,33178.73953,33353.53653
2026-06-13 21:30:00+02:00,28385.495669165393,27323.45505,5609.39469399059,4847.315,33994.89036315598,32170.77005,32209.57005
2026-06-13 21:45:00+02:00,28413.556978550612,26706.07928,5632.204944700126,4778.221,34045.76192325074,31484.300280000003,31488.640280000003
2026-06-13 22:00:00+02:00,27271.69862052587,25532.30651,5532.352654496866,5306.586,32804.051275022735,30838.89251,30839.82051
2026-06-13 22:15:00+02:00,27394.89446081085,25453.40668,5548.744801147492,5393.944,32943.63926195834,30847.35068,30847.90768
2026-06-13 22:30:00+02:00,27488.16550778333,25294.30234,5567.897654245735,5471.375,33056.063162029066,30765.67734,30765.97834
2026-06-13 22:45:00+02:00,27593.447877651633,24935.17911,5602.24855972385,5240.205,33195.69643737548,30175.38411,30175.64711
2026-06-13 23:00:00+02:00,26115.44638947244,24567.12705,5525.835039858165,5236.054,31641.281429330604,29803.18105,29803.42805
2026-06-13 23:15:00+02:00,26178.054041937787,24421.99632,5533.600871023134,5402.842,31711.65491296092,29824.83832,29825.04232
2026-06-13 23:30:00+02:00,26252.25216314183,23809.58902,5543.780383728862,5398.687,31796.032546870694,29208.27602,29208.44502
2026-06-13 23:45:00+02:00,26323.531267520622,23510.95819,5540.354605732687,5443.475,31863.885873253308,28954.433190000003,28954.580190000004
2026-06-14 00:00:00+02:00,24837.50287492451,23137.03023,5487.5857395621215,5071.206,30325.08861448663,28208.23623,28208.381230000003
2026-06-14 00:15:00+02:00,24921.626823244434,23398.73582,5518.867349550442,5612.757,30440.494172794875,29011.49282,29011.62682
2026-06-14 00:30:00+02:00,24997.885308077486,23577.28882,5530.350271823619,5844.16,30528.235579901106,29421.44882,29421.57782
2026-06-14 00:45:00+02:00,25024.665398542667,23585.63068,5555.976597654061,5885.423,30580.64199619673,29471.053679999997,29471.16368
2026-06-14 01:00:00+02:00,25104.747345013573,23600.54253,5413.543301949228,5428.088,30518.2906469628,29028.63053,29028.76253
2026-06-14 01:15:00+02:00,25118.398809885533,23799.42387,5438.5202608315485,5454.88,30556.919070717082,29254.30387,29254.42687
2026-06-14 01:30:00+02:00,25132.670455790765,23662.11148,5456.217592223292,5451.25,30588.888048014058,29113.36148,29113.46648
2026-06-14 01:45:00+02:00,25153.787401316546,23769.94154,5467.386527147889,5473.092,30621.173928464435,29243.03354,29243.11954
2026-06-14 02:00:00+02:00,25752.19146379752,23637.14442,5616.87668971183,6091.729,31369.06815350935,29728.87342,29728.97742
2026-06-14 02:15:00+02:00,25755.084497856777,23510.33608,5652.326822371261,6432.413,31407.41132022804,29942.74908,29942.84808
2026-06-14 02:30:00+02:00,25725.068557409722,23770.09887,5706.012954957439,6630.868,31431.081512367164,30400.966870000004,30401.058870000004
2026-06-14 02:45:00+02:00,25723.013743822477,23788.08584,5713.857286542412,6567.251,31436.87103036489,30355.33684,30355.41884
2026-06-14 03:00:00+02:00,25543.579060543336,23770.38853,5735.910156439483,6620.997,31279.48921698282,30391.38553,30391.46553
2026-06-14 03:15:00+02:00,25538.029440265695,22999.54033,5765.355198927822,6790.079,31303.384639193515,29789.61933,29789.697330000003
2026-06-14 03:30:00+02:00,25543.434039388027,22814.14705,5779.760143397767,6880.797,31323.194182785795,29694.94405,29695.01905
2026-06-14 03:45:00+02:00,25547.75971619585,23005.67414,5778.713772313594,6850.413,31326.473488509444,29856.08714,29856.16014
2026-06-14 04:00:00+02:00,23550.700810320228,23298.19775,5861.127436387364,7049.41,29411.82824670759,30347.60775,30347.67975
2026-06-14 04:15:00+02:00,23563.346777621584,23306.21318,5892.0231616278215,6786.009,29455.369939249405,30092.222179999997,30092.469179999996
2026-06-14 04:30:00+02:00,23619.235315525024,23236.87121,5911.427767796744,6894.532,29530.663083321768,30131.40321,30132.89521
2026-06-14 04:45:00+02:00,23666.673248842595,22922.04233,5898.84997976003,6758.522,29565.523228602626,29680.56433,29692.875330000003
2026-06-14 05:00:00+02:00,23228.037400952853,22994.03594,5961.835348569837,5645.522,29189.872749522692,28639.55794,28713.24894
2026-06-14 05:15:00+02:00,23309.73798371914,23158.07991,5967.074571414934,5671.682,29276.812555134075,28829.76191,29113.45291
2026-06-14 05:30:00+02:00,23325.70596817595,23292.28806,5978.221347196519,5738.444,29303.927315372468,29030.73206,29804.118059999997
2026-06-14 05:45:00+02:00,23258.926177525573,23171.4958,5946.346614073824,5846.591,29205.272791599396,29018.0868,30477.648800000003
2026-06-14 06:00:00+02:00,23005.94937423682,23530.52353,5873.053143340298,5078.251,28879.00251757712,28608.77453,30964.642529999997
2026-06-14 06:15:00+02:00,22952.033424650886,23276.94414,5873.462385424855,5051.039,28825.495810075743,28327.98314,31789.93514
2026-06-14 06:30:00+02:00,22871.593346379275,22876.09988,5862.921535123992,4901.328,28734.514881503266,27777.427880000003,32460.49688
2026-06-14 06:45:00+02:00,22753.700761555512,22890.21307,5850.751405736392,4955.957,28604.452167291904,27846.17007,33995.385070000004
2026-06-14 07:00:00+02:00,20874.59955867262,22556.49106,5419.294218850595,5370.577,26293.893777523215,27927.06806,35528.48406
2026-06-14 07:15:00+02:00,20710.14633457342,22541.74353,5435.687693981471,5470.052,26145.83402855489,28011.79553,37113.54253
2026-06-14 07:30:00+02:00,20538.233355899847,22853.00725,5425.252387591493,5441.572,25963.48574349134,28294.57925,38801.14525
2026-06-14 07:45:00+02:00,20421.17941024008,22055.6603,5425.649304334584,5452.903,25846.828714574665,27508.5633,39674.1993
2026-06-14 08:00:00+02:00,18929.72926802785,20839.8881,4828.659625716696,4991.54,23758.388893744548,25831.4281,39197.6421
2026-06-14 08:15:00+02:00,18892.169496890925,20784.41824,4824.716371299056,5004.076,23716.88586818998,25788.49424,40252.01124
2026-06-14 08:30:00+02:00,18905.012631168276,20811.17166,4817.363051972446,5100.357,23722.375683140723,25911.52866,41934.19066
2026-06-14 08:45:00+02:00,18868.332007260196,20760.52653,4792.110927826606,5080.372,23660.4429350868,25840.89853,43331.304529999994
2026-06-14 09:00:00+02:00,18133.652645731447,20451.46083,4092.4702484912705,5144.175,22226.122894222717,25595.63583,44640.11983
2026-06-14 09:15:00+02:00,18152.233251581823,20779.37224,4070.105809452191,4746.361,22222.339061034014,25525.73324,46126.27924
2026-06-14 09:30:00+02:00,18159.905055086052,20752.05392,4049.0758111130544,4698.281,22208.980866199105,25450.33492,47483.38192
2026-06-14 09:45:00+02:00,18190.45678372948,20724.86791,4054.1236034076683,4324.27,22244.58038713715,25049.13791,48593.06491
2026-06-14 10:00:00+02:00,19141.066649283966,20807.25699,3515.067439265316,4419.044,22656.134088549283,25226.300990000003,49768.681990000005
2026-06-14 10:15:00+02:00,19190.074899763862,21190.55513,3505.848650188402,4408.488,22695.923549952266,25599.04313,51529.41713
2026-06-14 10:30:00+02:00,19276.143737009566,21517.24753,3479.2330119238895,4099.674,22755.376748933457,25616.92153,52276.11453
2026-06-14 10:45:00+02:00,19335.001698686512,21119.97302,3438.8493808749017,3849.106,22773.851079561413,24969.07902,52775.371020000006
2026-06-14 11:00:00+02:00,17692.386200749672,20483.93049,3165.973474459673,3730.548,20858.359675209344,24214.47849,53285.88049
2026-06-14 11:15:00+02:00,17769.73036911333,20849.80897,3132.8877988658464,3668.698,20902.618167979177,24518.50697,53929.56097
2026-06-14 11:30:00+02:00,17836.82261653813,20793.96215,3105.0876685263515,3731.646,20941.91028506448,24525.60815,54737.58815
2026-06-14 11:45:00+02:00,17932.08044825467,21106.51214,3081.8800315665776,3590.638,21013.960479821246,24697.15014,55868.03314
2026-06-14 12:00:00+02:00,17377.258702193423,20579.81242,2921.4081514726886,3710.06,20298.666853666113,24289.87242,55741.72242
2026-06-14 12:15:00+02:00,17411.85096862962,20466.95337,2890.26925592517,3400.035,20302.12022455479,23866.98837,56057.82337
2026-06-14 12:30:00+02:00,17390.13985169959,19707.30951,2879.0589459253615,3344.169,20269.19879762495,23051.47851,55820.76151
2026-06-14 12:45:00+02:00,17439.79885236046,18800.77437,2895.9781171992126,3082.062,20335.776969559673,21882.836369999997,55086.52837
2026-06-14 13:00:00+02:00,17374.00417645099,17388.32822,2965.077702019954,3518.503,20339.081878470945,20906.83122,54494.95522
2026-06-14 13:15:00+02:00,17370.040940226325,16533.82372,2948.3462472949623,3047.28,20318.387187521286,19581.10372,53409.44972
2026-06-14 13:30:00+02:00,17386.462315546094,15693.49135,2909.3157187317724,2924.359,20295.778034277868,18617.85035,52591.39435
2026-06-14 13:45:00+02:00,17421.23066948388,15575.13921,2876.0274845962103,2887.364,20297.25815408009,18462.50321,51967.374209999994
2026-06-14 14:00:00+02:00,17922.838788487938,15330.17845,3120.215129026383,2725.242,21043.05391751432,18055.42045,51201.05445
2026-06-14 14:15:00+02:00,17937.91234256316,15580.2012,3119.5878581352877,2526.78,21057.500200698447,18106.9812,51600.8012
2026-06-14 14:30:00+02:00,17947.132990297017,15788.58251,3115.732720835945,2604.781,21062.865711132963,18393.36351,51178.498510000005
2026-06-14 14:45:00+02:00,17988.658938043238,15298.26731,3087.280124188048,2549.142,21075.939062231286,17847.40931,49951.69631
2026-06-14 15:00:00+02:00,18272.802019697745,17613.95649,3293.1430297037614,2356.526,21565.945049401507,19970.48249,51409.99849
2026-06-14 15:15:00+02:00,18332.906927584132,18673.72679,3273.854790074614,2418.501,21606.761717658745,21092.22779,51335.174790000005
2026-06-14 15:30:00+02:00,18403.5506357265,18661.4516,3259.980096283275,2364.527,21663.530732009775,21025.9786,50531.0766
2026-06-14 15:45:00+02:00,18435.89093599875,18986.10688,3241.3995530533884,2575.065,21677.29048905214,21561.17188,50156.55888
2026-06-14 16:00:00+02:00,17279.830427936762,20257.77424,3344.7490544711477,2987.489,20624.57948240791,23245.26324,50811.01124
2026-06-14 16:15:00+02:00,17284.29646573914,21189.83079,3358.232476555927,3078.754,20642.528942295066,24268.58479,50372.193790000005
2026-06-14 16:30:00+02:00,17664.30656587413,21829.15305,3345.3778069639015,3271.603,21009.68437283803,25100.75605,49731.30205
2026-06-14 16:45:00+02:00,17747.379118166544,22600.5151,3331.0705267238804,3199.641,21078.449644890425,25800.1561,49660.0461
2026-06-14 17:00:00+02:00,19539.387589943803,24608.66497,3524.072688745593,3204.208,23063.460278689396,27812.87297,50679.53897
2026-06-14 17:15:00+02:00,19703.15243660205,25727.44042,3517.598232268048,3564.507,23220.750668870096,29291.94742,50625.16042
2026-06-14 17:30:00+02:00,19694.4565098336,26362.87757,3515.495893045838,3728.388,23209.952402879437,30091.26557,50154.63357
2026-06-14 17:45:00+02:00,19713.523552482195,26267.4562,3502.968015516853,3444.572,23216.491567999048,29712.0282,48345.5452
2026-06-14 18:00:00+02:00,21534.63196424971,27906.69784,3993.6346791831634,3848.024,25528.266643432875,31754.72184,49106.05484
2026-06-14 18:15:00+02:00,21469.651526308375,30185.29304,3977.886751654582,3753.269,25447.538277962958,33938.56204,49274.14004
2026-06-14 18:30:00+02:00,21372.695537574247,31238.71728,3937.9818459694857,3704.5,25310.677383543734,34943.21728,48563.79328
2026-06-14 18:45:00+02:00,21298.23371782902,32049.89995,3922.568974247482,3394.146,25220.802692076504,35444.04595,47224.54695
2026-06-14 19:00:00+02:00,23418.05982694656,32270.62024,4585.068741994597,3419.262,28003.128568941156,35689.88224,45470.26924
2026-06-14 19:15:00+02:00,23323.93980555132,31562.86809,4559.473699649005,3230.12,27883.413505200326,34792.98809,42900.59109
2026-06-14 19:30:00+02:00,23217.68359481925,30382.35637,4565.765138476965,2826.844,27783.448733296216,33209.20037,39665.45537
2026-06-14 19:45:00+02:00,23138.82943072694,29148.17569,4574.002169156487,2848.546,27712.831599883426,31996.72169,36986.51669
2026-06-14 20:00:00+02:00,22141.840517666944,28536.38238,5081.922699876459,3322.168,27223.763217543405,31858.55038,35603.81738
2026-06-14 20:15:00+02:00,22064.296818031868,27764.11639,5089.684206339516,3439.648,27153.981024371384,31203.76439,33876.62539
2026-06-14 20:30:00+02:00,21958.957091483164,26922.87777,5099.381581206606,3505.509,27058.33867268977,30428.386769999997,32174.60577
2026-06-14 20:45:00+02:00,21936.190098153373,26299.37282,5102.318002688336,3462.335,27038.508100841707,29761.70782,30760.23382
2026-06-14 21:00:00+02:00,21497.373809416404,25784.96613,5161.506222782748,5031.778,26658.88003219915,30816.74413,31270.753129999997
2026-06-14 21:15:00+02:00,21523.605123895122,25656.32914,5181.756378593457,5287.194,26705.36150248858,30943.52314,31101.64414
2026-06-14 21:30:00+02:00,21499.4828268929,24790.0093,5204.469326662874,5384.303,26703.952153555776,30174.3123,30217.6513
2026-06-14 21:45:00+02:00,21524.399772935958,23811.32844,5227.604801937887,5260.206,26752.004574873845,29071.534440000003,29076.121440000003
2026-06-14 22:00:00+02:00,19829.40254941219,22485.96953,5180.994529969359,5831.769,25010.397079381546,28317.73853,28318.641529999997
2026-06-14 22:15:00+02:00,19959.93096224797,22241.74774,5200.580024056376,5954.761,25160.510986304347,28196.508739999997,28196.99174
2026-06-14 22:30:00+02:00,20056.199180623247,21934.05167,5228.719553735331,5996.702,25284.91873435858,27930.75367,27930.989670000003
2026-06-14 22:45:00+02:00,20167.918461546098,21933.30496,5268.338893376499,5958.039,25436.257354922596,27891.34396,27891.560960000003
2026-06-14 23:00:00+02:00,19472.905617020268,21738.95894,5593.818781126359,6156.596,25066.724398146627,27895.55494,27895.76894
2026-06-14 23:15:00+02:00,19532.976593891806,21709.37426,5603.901148463226,6080.208,25136.87774235503,27789.58226,27789.75626
2026-06-14 23:30:00+02:00,19601.747708398776,21387.52146,5611.148911585901,6039.841,25212.896619984676,27427.36246,27427.52846
2026-06-14 23:45:00+02:00,19673.220895588576,21133.72274,5609.205704059639,5851.919,25282.426599648214,26985.64174,26985.793739999997
2026-06-15 00:00:00+02:00,19856.83925045896,21092.63855,5839.105573912264,5259.444,25695.944824371225,26352.08255,26352.25555
2026-06-15 00:15:00+02:00,19940.451981091792,20985.39775,5882.599606305697,5405.08,25823.051587397487,26390.47775,26390.62375
2026-06-15 00:30:00+02:00,20018.480108965523,20785.23998,5900.6519984038305,5550.055,25919.132107369354,26335.29498,26335.42098
2026-06-15 00:45:00+02:00,20045.518600793956,20756.77538,5925.828274067046,5720.621,25971.346874861003,26477.39638,26477.530379999997
2026-06-15 01:00:00+02:00,20152.35856732535,20771.49744,5996.930326355088,5806.901,26149.288893680437,26578.398439999997,26578.537439999996
2026-06-15 01:15:00+02:00,20169.712570606476,20690.93977,6018.475375574486,5803.627,26188.187946180962,26494.56677,26494.68477
2026-06-15 01:30:00+02:00,20178.31992752868,20442.81215,6030.004785991111,5857.626,26208.32471351979,26300.43815,26300.54615
2026-06-15 01:45:00+02:00,20197.93684602692,20440.0035,6038.468802997366,5902.177,26236.405649024287,26342.1805,26342.2845
2026-06-15 02:00:00+02:00,19910.100838171482,20382.85371,6096.030643877352,6313.542,26006.131482048833,26696.39571,26696.47571
2026-06-15 02:15:00+02:00,19903.457417520356,20389.42518,6134.360860195531,6349.79,26037.818277715887,26739.21518,26739.29318
2026-06-15 02:30:00+02:00,19877.437137327575,20237.06138,6186.95444763252,6454.731,26064.391584960096,26691.79238,26691.86738
2026-06-15 02:45:00+02:00,19871.027825837442,20184.54905,6181.855370066064,6561.626,26052.883195903505,26746.17505,26746.255050000003
2026-06-15 03:00:00+02:00,19576.695523179766,20313.89781,6180.8791968281785,6992.297,25757.574720007942,27306.194809999997,27306.281809999997
2026-06-15 03:15:00+02:00,19549.215213703108,20246.71064,6213.303130438021,7030.346,25762.51834414113,27277.056640000003,27277.13964
2026-06-15 03:30:00+02:00,19551.666425203875,20462.84568,6227.021397708803,7114.096,25778.687822912678,27576.941679999996,27577.013679999996
2026-06-15 03:45:00+02:00,19564.68024293428,20740.89898,6225.052221748318,7145.112,25789.732464682595,27886.010980000003,27886.07898
2026-06-15 04:00:00+02:00,20105.90316919856,20711.87284,6273.066235419188,6821.324,26378.969404617746,27533.19684,27533.26184
2026-06-15 04:15:00+02:00,20118.41688182353,20940.99862,6292.70363025463,6840.505,26411.12051207816,27781.50362,27781.65162
2026-06-15 04:30:00+02:00,20171.27157959975,21166.24264,6314.960968289427,6869.919,26486.232547889176,28036.16164,28037.313639999997
2026-06-15 04:45:00+02:00,20206.42984381705,21414.74078,6303.1454888214585,6846.542,26509.57533263851,28261.28278,28269.913780000003
2026-06-15 05:00:00+02:00,20103.071003580037,21491.86457,6267.977687001954,6584.673,26371.048690581993,28076.53757,28120.54857
2026-06-15 05:15:00+02:00,20182.343546925596,21662.45324,6273.162097067227,6544.321,26455.505643992823,28206.77424,28380.36724
2026-06-15 05:30:00+02:00,20195.333512444347,21727.35868,6288.375627170401,6590.748,26483.709139614748,28318.10668,28890.25168
2026-06-15 05:45:00+02:00,20124.92038587187,21962.37429,6260.05994409645,6617.289,26384.98032996832,28579.66329,29789.25729
2026-06-15 06:00:00+02:00,20189.548820614764,22821.59045,6133.772257426917,6957.924,26323.32107804168,29779.51445,31772.95745
2026-06-15 06:15:00+02:00,20130.214367025957,23088.71923,6129.949805136555,7043.918,26260.164172162513,30132.63723,33080.00523
2026-06-15 06:30:00+02:00,20043.280803048998,23096.57625,6114.302328825414,7042.26,26157.583131874413,30138.83625,34212.19525
2026-06-15 06:45:00+02:00,19931.270117508826,22926.38569,6103.0236957515845,7014.216,26034.29381326041,29940.60169,35326.42169
2026-06-15 07:00:00+02:00,18581.055142517074,23035.29893,5616.779930657593,5624.659,24197.83507317467,28659.95793,35589.19493
2026-06-15 07:15:00+02:00,18420.79101279814,23236.26894,5631.292518937938,5505.086,24052.08353173608,28741.35494,37298.79394
2026-06-15 07:30:00+02:00,18263.317363948594,23380.83105,5641.904715440313,5257.937,23905.222079388906,28638.76805,39093.39505
2026-06-15 07:45:00+02:00,18131.198835858457,23422.39317,5644.496869783459,5025.393,23775.695705641916,28447.78617,40967.13417
2026-06-15 08:00:00+02:00,16891.014965670813,23563.56909,4906.8216904649435,4418.517,21797.836656135754,27982.08609,42719.69809
2026-06-15 08:15:00+02:00,16845.239786988463,23865.1915,4894.85402569719,4473.987,21740.093812685653,28339.1785,45057.8045
2026-06-15 08:30:00+02:00,16716.377570238605,24362.22188,4884.173167524625,4450.895,21600.55073776323,28813.11688,47467.92188
2026-06-15 08:45:00+02:00,16689.954553719428,24773.1049,4865.7738489868225,4411.515,21555.72840270625,29184.6199,49678.2739
2026-06-15 09:00:00+02:00,16745.7397288503,25120.49649,3999.867029982612,4047.12,20745.606758832913,29167.61649,51481.49349
2026-06-15 09:15:00+02:00,16778.306513548705,25478.71331,3964.133100830312,3924.933,20742.439614379018,29403.64631,53208.12531
2026-06-15 09:30:00+02:00,16769.146529287485,25753.92239,3932.8701208991656,3771.115,20702.01665018665,29525.03739,54806.29539
2026-06-15 09:45:00+02:00,16798.73622827608,26047.83606,3935.1947645862106,3749.183,20733.93099286229,29797.01906,56147.46406
2026-06-15 10:00:00+02:00,18144.495466118988,26182.63518,3275.1988048331887,4507.677,21419.694270952175,30690.31218,57993.37818
2026-06-15 10:15:00+02:00,18181.03616679722,26228.01013,3258.9530824774347,4642.216,21439.989249274655,30870.22613,59171.07113
2026-06-15 10:30:00+02:00,18258.173810272812,26232.79267,3228.822005683539,4675.484,21486.99581595635,30908.27667,60056.58967
2026-06-15 10:45:00+02:00,18308.38779757821,26170.27936,3163.6921450010395,4527.275,21472.07994257925,30697.55436,61046.23736
2026-06-15 11:00:00+02:00,14998.291252827648,25979.75429,2809.222041465268,4744.295,17807.513294292916,30724.049290000003,62121.96729
2026-06-15 11:15:00+02:00,15063.628750061454,26080.52591,2780.5725811778184,4755.361,17844.201331239274,30835.88691,63142.64591
2026-06-15 11:30:00+02:00,15107.019316993972,25670.14549,2738.680554093363,4527.028,17845.699871087334,30197.17349,63344.02249
2026-06-15 11:45:00+02:00,15192.181960612385,25458.56536,2709.934242925604,4328.199,17902.11620353799,29786.76436,63761.43436
2026-06-15 12:00:00+02:00,15595.896954864742,25428.26057,2364.9522386970084,4468.679,17960.84919356175,29896.93957,64346.43457
2026-06-15 12:15:00+02:00,15606.27141735852,25200.55705,2337.25092105983,4409.678,17943.52233841835,29610.23505,64920.940050000005
2026-06-15 12:30:00+02:00,15553.80559347785,25319.93922,2325.37374766735,4651.731,17879.179341145198,29971.67022,65908.85122
2026-06-15 12:45:00+02:00,15579.836613382953,25361.17735,2341.968585595413,4820.075,17921.805198978367,30181.25235,66916.23135
2026-06-15 13:00:00+02:00,14088.865406344146,25704.73685,2090.8421058137756,4957.641,16179.707512157922,30662.37785,67628.39285
2026-06-15 13:15:00+02:00,14073.799908151144,25096.09654,2076.314198011184,4937.652,16150.114106162328,30033.74854,67564.29154
2026-06-15 13:30:00+02:00,14080.974645965269,25066.94241,2039.8092465859074,4913.505,16120.783892551177,29980.44741,67483.50241
2026-06-15 13:45:00+02:00,14095.25888795556,24928.67134,2010.344736298517,4480.955,16105.603624254078,29409.626340000003,67137.75134
2026-06-15 14:00:00+02:00,13858.284874921974,25225.78128,1707.3012530046094,3915.593,15565.586127926583,29141.37428,66930.01128
2026-06-15 14:15:00+02:00,13884.709855228139,25719.80543,1706.463837119061,3848.106,15591.1736923472,29567.91143,67476.45443
2026-06-15 14:30:00+02:00,13900.45334843264,25846.05505,1700.742336506552,3812.406,15601.195684939192,29658.46105,67380.74304999999
2026-06-15 14:45:00+02:00,13940.113324838061,25469.81978,1681.8555581764224,3619.87,15621.968883014484,29089.68978,66451.98878
2026-06-15 15:00:00+02:00,14624.50100135491,25008.79334,2300.733837259152,3687.308,16925.234838614062,28696.10134,65824.31534
2026-06-15 15:15:00+02:00,14676.384918995902,24964.95358,2282.655618721164,3624.867,16959.040537717065,28589.82058,65247.89858
2026-06-15 15:30:00+02:00,14745.078368296738,24771.01294,2268.531823307713,3450.466,17013.61019160445,28221.47894,64312.17994
2026-06-15 15:45:00+02:00,14780.175685495124,24610.97565,2250.41253487146,3327.24,17030.588220366582,27938.21565,63318.26465
2026-06-15 16:00:00+02:00,14577.375269867078,24510.52144,2304.767788211771,2937.077,16882.143058078847,27447.59844,61995.11344
2026-06-15 16:15:00+02:00,14675.229598150363,24436.72473,2329.444167228554,2868.703,17004.673765378917,27305.427730000003,60739.65473
2026-06-15 16:30:00+02:00,15293.071768734471,23796.76601,2326.4304386819167,2944.304,17619.502207416386,26741.07001,58722.028009999995
2026-06-15 16:45:00+02:00,15626.9738871885,23558.49856,2317.3598758942853,2577.708,17944.333763082785,26136.20656,56647.71556
2026-06-15 17:00:00+02:00,16398.26811233603,23609.76981,2333.8280053758804,2004.019,18732.09611771191,25613.78881,54828.214810000005
2026-06-15 17:15:00+02:00,16525.7483111117,23773.55703,2358.3179035276517,1992.031,18884.06621463935,25765.58803,53331.16403
2026-06-15 17:30:00+02:00,16588.631825305583,23727.78034,2351.552620867998,1851.133,18940.18444617358,25578.913340000003,51096.05634
2026-06-15 17:45:00+02:00,16618.598468054694,23542.28175,2350.7282648597543,1908.618,18969.326732914447,25450.899749999997,48885.83774999999
2026-06-15 18:00:00+02:00,17084.984579169577,23068.6943,2794.3007173481365,2243.131,19879.285296517715,25311.8253,46454.6793
2026-06-15 18:15:00+02:00,17040.888751300037,22547.85327,2781.3417954963065,2139.739,19822.230546796345,24687.59227,43380.38227
2026-06-15 18:30:00+02:00,16986.077548759273,21877.66439,2744.5526511340713,2074.217,19730.630199893345,23951.88139,40316.44239
2026-06-15 18:45:00+02:00,16941.925968259464,20602.8177,2727.2121707858482,1955.812,19669.138139045313,22558.6297,36665.8307
2026-06-15 19:00:00+02:00,16008.715665773527,20010.54669,2508.59716894542,3351.913,18517.31283471895,23362.45969,35233.82069
2026-06-15 19:15:00+02:00,15919.1404172195,19477.57921,2480.528476262033,3640.341,18399.668893481532,23117.92021,32821.07621
2026-06-15 19:30:00+02:00,15620.168692235155,18734.4171,2477.8855510572002,3658.904,18098.054243292354,22393.321099999997,30112.013099999996
2026-06-15 19:45:00+02:00,15530.60752112218,17815.06951,2476.6502410855887,3612.614,18007.25776220777,21427.683510000003,27423.352510000004
2026-06-15 20:00:00+02:00,15983.411877531782,17144.3064,2161.205031612922,3478.684,18144.616909144705,20622.9904,25118.099400000003
2026-06-15 20:15:00+02:00,15877.281687912113,16342.33559,2173.2480433771557,3766.69,18050.52973128927,20109.02559,23274.85559
2026-06-15 20:30:00+02:00,15749.655942461299,15210.22303,2173.5943608888247,3771.956,17923.250303350123,18982.17903,21038.58203
2026-06-15 20:45:00+02:00,15683.448719241147,14451.07368,2174.6989592495174,3545.584,17858.147678490663,17996.65768,19165.84868
2026-06-15 21:00:00+02:00,14041.924858093953,13859.74101,2094.5273867827436,3405.883,16136.452244876697,17265.62401,17808.54101
2026-06-15 21:15:00+02:00,14073.325471145594,13220.26845,2114.1025547206013,3223.012,16187.428025866195,16443.28045,16638.670449999998
2026-06-15 21:30:00+02:00,14026.46342521738,12609.85298,2140.1795828959844,3145.578,16166.643008113364,15755.43098,15808.46098
2026-06-15 21:45:00+02:00,14036.554280987239,12038.41342,2164.0623997250323,3071.281,16200.616680712272,15109.69442,15118.06442
2026-06-15 22:00:00+02:00,11250.195443685223,11371.31309,2014.8372296821474,2913.782,13265.03267336737,14285.09509,14286.137089999998
2026-06-15 22:15:00+02:00,11370.841787174131,11211.38023,2035.168844435405,2891.376,13406.010631609537,14102.75623,14103.41023
2026-06-15 22:30:00+02:00,11458.374179084954,11066.39285,2062.8374799608464,2792.363,13521.2116590458,13858.75585,13858.97785
2026-06-15 22:45:00+02:00,11553.335902192133,10935.41145,2099.01602295744,2779.632,13652.351925149573,13715.04345,13715.22445
2026-06-15 23:00:00+02:00,10596.392803779434,10699.81208,2009.9301399078859,2776.569,12606.322943687319,13476.38108,13476.56808
2026-06-15 23:15:00+02:00,10644.802573136732,10592.95978,2019.3575713416244,2858.882,12664.160144478357,13451.84178,13452.02278
2026-06-15 23:30:00+02:00,10689.745620576334,10530.86718,2019.372651348059,2756.775,12709.118271924393,13287.64218,13287.78818
2026-06-15 23:45:00+02:00,10747.257550898654,10275.84265,2014.4398256380953,2665.743,12761.69737653675,12941.58565,12941.713650000002
2026-06-16 00:00:00+02:00,11053.76926105167,10014.83387,1830.609316114626,2593.511,12884.378577166295,12608.34487,12608.48987
2026-06-16 00:15:00+02:00,11126.812660638057,9852.08721,1884.8612815104009,2578.362,13011.673942148458,12430.44921,12430.571209999998
2026-06-16 00:30:00+02:00,11191.44038069923,9510.14136,1904.649903045541,2734.908,13096.090283744772,12245.04936,12245.161359999998
2026-06-16 00:45:00+02:00,11210.478875769277,9221.30098,1926.17136843292,2872.2,13136.650244202197,12093.50098,12093.62398
2026-06-16 01:00:00+02:00,9844.632381729121,8975.70373,1761.3358662600779,2810.736,11605.9682479892,11786.439729999998,11786.54973
2026-06-16 01:15:00+02:00,9851.672189349933,8562.47359,1782.8665165541138,2675.679,11634.538705904046,11238.15259,11238.25859
2026-06-16 01:30:00+02:00,9842.926066234751,8396.28727,1803.4049423602182,2566.326,11646.33100859497,10962.613270000002,10962.714270000002
2026-06-16 01:45:00+02:00,9858.175781844358,8287.75609,1816.5772505554453,2570.134,11674.753032399803,10857.89009,10857.99409
2026-06-16 02:00:00+02:00,8659.925383555554,8092.73628,1596.7667641367811,2499.431,10256.692147692334,10592.16728,10592.26628
2026-06-16 02:15:00+02:00,8649.533719123005,8038.82482,1631.9595842557374,2449.839,10281.493303378742,10488.66382,10488.76582
2026-06-16 02:30:00+02:00,8617.084585393124,8016.59075,1678.8017861819917,2362.671,10295.886371575116,10379.26175,10379.34775
2026-06-16 02:45:00+02:00,8601.749051584191,7861.61959,1680.7570419157619,2301.913,10282.506093499953,10163.53259,10163.62459
2026-06-16 03:00:00+02:00,7629.553354679831,7692.84975,1542.6861332484943,2267.009,9172.239487928326,9959.85875,9959.94375
2026-06-16 03:15:00+02:00,7596.534688892238,7743.2093,1566.1308224827392,2207.561,9162.665511374977,9950.7703,9950.8533
2026-06-16 03:30:00+02:00,7598.053745230848,7662.94878,1572.1353211150788,2138.436,9170.189066345927,9801.38478,9801.46978
2026-06-16 03:45:00+02:00,7615.799023830309,7446.92166,1578.6461021937114,2077.33,9194.44512602402,9524.25166,9524.32266
2026-06-16 04:00:00+02:00,7611.662539453024,7208.98007,1355.5087040843757,2081.403,8967.1712435374,9290.38307,9290.46407
2026-06-16 04:15:00+02:00,7626.83237224487,7170.44869,1379.251554795729,1981.433,9006.0839270406,9151.88169,9152.14469
2026-06-16 04:30:00+02:00,7684.37760354884,7292.9522,1404.5658864368309,1882.056,9088.943489985671,9175.0082,9180.6112
2026-06-16 04:45:00+02:00,7725.11604779532,7474.47922,1392.778120839012,1698.158,9117.894168634331,9172.63722,9199.82322
2026-06-16 05:00:00+02:00,7336.016814587266,7598.77902,1260.1839744243482,1574.216,8596.200789011615,9172.99502,9299.59802
2026-06-16 05:15:00+02:00,7414.754539154421,7801.31117,1260.9094416481469,1485.642,8675.663980802568,9286.95317,9734.19817
2026-06-16 05:30:00+02:00,7421.753043230091,7864.14271,1274.9086520924536,1402.251,8696.661695322544,9266.39371,10235.30371
2026-06-16 05:45:00+02:00,7359.130968526295,8047.02766,1253.551450478817,1301.129,8612.682419005112,9348.15666,11003.32566
2026-06-16 06:00:00+02:00,7665.332548193557,8263.19682,955.4905257034403,1162.331,8620.823073896998,9425.52782,11951.92982
2026-06-16 06:15:00+02:00,7615.585043959342,8094.42858,955.4536066871655,1044.091,8571.038650646507,9138.51958,12666.02158
2026-06-16 06:30:00+02:00,7533.812103316479,7911.55749,935.0271486894595,965.339,8468.839252005939,8876.896490000001,13608.24149
2026-06-16 06:45:00+02:00,7429.477684398758,7908.61529,926.1904616801513,912.066,8355.66814607891,8820.68129,14983.71529
2026-06-16 07:00:00+02:00,6839.697708306785,7745.27667,1000.7334823429499,884.449,7840.431190649735,8629.72567,16427.42867
2026-06-16 07:15:00+02:00,6696.883813346817,7352.1552,1009.8886367197059,861.538,7706.772450066523,8213.6932,17640.980199999998
2026-06-16 07:30:00+02:00,6558.3497486123215,7089.13417,1007.001151132675,701.005,7565.350899744996,7790.13917,18738.54017
2026-06-16 07:45:00+02:00,6392.449687423761,6972.75772,1004.5945172694392,599.17,7397.0442046932,7571.92772,20051.79672
2026-06-16 08:00:00+02:00,4554.666766614278,6770.00472,981.4161598240895,644.643,5536.082926438367,7414.64772,21398.22472
2026-06-16 08:15:00+02:00,4499.939609493419,6394.88795,981.7366956847832,737.366,5481.676305178202,7132.25395,22855.29395
2026-06-16 08:30:00+02:00,4229.827956889795,6074.52872,986.6318749557153,682.522,5216.45983184551,6757.05072,23883.74872
2026-06-16 08:45:00+02:00,4191.403009160045,5867.76558,966.3215517010237,650.418,5157.724560861069,6518.18358,25071.93258
2026-06-16 09:00:00+02:00,3523.058258232363,5727.11288,868.5532410465524,398.43,4391.611499278915,6125.54288,26194.13288
2026-06-16 09:15:00+02:00,3540.8075117273506,5534.05662,823.2650598430494,290.555,4364.0725715704,5824.611620000001,27365.40362
2026-06-16 09:30:00+02:00,3520.423155242284,5397.12003,789.7944980746339,256.136,4310.217653316918,5653.2560300000005,28597.68903
2026-06-16 09:45:00+02:00,3544.4810792999942,5344.87755,783.0377317302255,238.17,4327.51881103022,5583.04755,29977.07455
2026-06-16 10:00:00+02:00,3664.0082397992514,5250.91448,712.2080630399516,244.007,4376.216302839203,5494.92148,31059.73448
2026-06-16 10:15:00+02:00,3704.472020756529,5136.34884,687.5563274141504,237.527,4392.028348170679,5373.87584,32031.65684
2026-06-16 10:30:00+02:00,3779.082169766372,5113.35566,662.2966442635905,220.701,4441.378814029962,5334.05666,33058.75466
2026-06-16 10:45:00+02:00,3811.7875137966253,5018.96755,613.9238007474305,217.476,4425.711314544056,5236.44355,34292.305550000005
2026-06-16 11:00:00+02:00,4600.0786604694085,5028.74339,577.189797866445,202.689,5177.268458335853,5231.43239,35388.74439
2026-06-16 11:15:00+02:00,4661.535949964802,4835.51128,555.5709217036131,204.301,5217.106871668415,5039.81228,36173.74928
2026-06-16 11:30:00+02:00,4698.0412872080105,4647.23566,516.2549547938083,187.875,5214.296242001819,4835.11066,36680.91166
2026-06-16 11:45:00+02:00,4778.806688977455,4593.67212,483.47335784912605,170.804,5262.280046826581,4764.47612,37189.69212
2026-06-16 12:00:00+02:00,5400.311235842961,4594.70797,216.53745338365786,164.065,5616.848689226618,4758.77297,37594.883969999995
2026-06-16 12:15:00+02:00,5404.5103858333,4642.74935,180.58394250910993,183.528,5585.094328342409,4826.27735,38050.08235
2026-06-16 12:30:00+02:00,5332.776346742551,4764.92954,165.5962583793907,230.946,5498.372605121942,4995.87554,38501.48454
2026-06-16 12:45:00+02:00,5323.341823460923,4949.01462,179.1893242514762,237.054,5502.531147712399,5186.06862,38617.34362
2026-06-16 13:00:00+02:00,4653.024059848971,5206.77624,253.8367451018717,222.993,4906.860804950843,5429.7692400000005,39363.62524
2026-06-16 13:15:00+02:00,4609.214058329168,5483.48421,226.15959317068766,223.932,4835.373651499856,5707.416209999999,40165.21321
2026-06-16 13:30:00+02:00,4585.12119985549,5804.02581,188.33399992542275,233.453,4773.455199780913,6037.4788100000005,40385.26681
2026-06-16 13:45:00+02:00,4588.095577174394,6028.54581,159.39768830452522,237.799,4747.493265478919,6266.34481,40900.17681
2026-06-16 14:00:00+02:00,6662.725728985727,6208.35233,344.65985024646614,194.85,7007.385579232193,6403.20233,40688.88933
2026-06-16 14:15:00+02:00,6694.6789998090735,6390.12958,341.2586272207416,179.84,7035.937627029815,6569.96958,41046.21458
2026-06-16 14:30:00+02:00,6716.081266627048,6086.88573,339.1495637319468,191.356,7055.230830358994,6278.24173,39807.00673
2026-06-16 14:45:00+02:00,6750.668931145046,6055.30471,321.7594898803125,168.215,7072.428421025359,6223.5197100000005,39306.07171
2026-06-16 15:00:00+02:00,6281.36478335477,6183.00929,341.97034950268346,354.679,6623.335132857454,6537.68829,39621.43129
2026-06-16 15:15:00+02:00,6362.010953663891,6269.60232,312.9788771269352,379.392,6674.989830790826,6648.99432,39122.99632
2026-06-16 15:30:00+02:00,6609.309348564586,6461.66216,292.68503634277755,354.64,6901.994384907363,6816.30216,38482.44016
2026-06-16 15:45:00+02:00,6658.584630518276,6471.14843,285.77609472960063,382.818,6944.360725247877,6853.96643,37793.40143
2026-06-16 16:00:00+02:00,7293.3108160787415,6441.88842,343.56971165994906,418.272,7636.880527738691,6860.16042,36817.07542
2026-06-16 16:15:00+02:00,7419.621286339861,6551.43114,379.32793761854975,509.552,7798.9492239584115,7060.983139999999,36079.278139999995
2026-06-16 16:30:00+02:00,7731.421860668188,6508.52866,395.70585425310753,526.593,8127.127714921296,7035.12166,34800.53466
2026-06-16 16:45:00+02:00,7888.785861644238,6413.09382,384.4884152645719,497.415,8273.27427690881,6910.50882,33278.75582
2026-06-16 17:00:00+02:00,7563.190170105276,6421.39323,310.34772894249977,298.479,7873.537899047776,6719.87223,31899.35923
2026-06-16 17:15:00+02:00,7712.504750411754,6344.42199,349.43191442071844,438.418,8061.936664832472,6782.8399899999995,30280.62399
2026-06-16 17:30:00+02:00,7801.703882579222,6484.77855,353.78253983156014,618.088,8155.486422410782,7102.86655,28665.54255
2026-06-16 17:45:00+02:00,7839.372039841117,6594.08549,345.91540259328974,572.397,8185.287442434406,7166.48249,26813.91249
2026-06-16 18:00:00+02:00,7387.04202162001,6652.50378,367.31503828638415,555.137,7754.357059906394,7207.64078,24887.307780000003
2026-06-16 18:15:00+02:00,7418.694839638577,6813.92558,357.38188402895264,619.411,7776.076723667529,7433.33658,23117.72558
2026-06-16 18:30:00+02:00,7409.269040612895,6717.44304,324.91924315250736,569.285,7734.188283765402,7286.72804,21040.98704
2026-06-16 18:45:00+02:00,7406.8646598042,6386.72596,305.92196703503646,521.259,7712.786626839236,6907.98496,18773.35496
2026-06-16 19:00:00+02:00,7380.852160023053,6063.38079,293.27674246233744,499.745,7674.12890248539,6563.12579,16601.001790000002
2026-06-16 19:15:00+02:00,7286.44344577878,5878.70392,268.86355120789375,490.675,7555.306996986674,6369.37892,14656.63692
2026-06-16 19:30:00+02:00,7143.868569910375,5652.20373,258.4574132611849,474.207,7402.32598317156,6126.4107300000005,12787.902730000002
2026-06-16 19:45:00+02:00,7037.026569233861,5603.96396,260.4497737530522,477.902,7297.476342986913,6081.86596,11270.45496
2026-06-16 20:00:00+02:00,7146.879155148844,5565.59968,203.29342247133462,476.433,7350.172577620178,6042.03268,9995.61568
2026-06-16 20:15:00+02:00,7041.787597626857,5463.63974,235.70011408763548,507.281,7277.487711714492,5970.92074,8821.942739999999
2026-06-16 20:30:00+02:00,6902.998094417886,5412.60254,244.61488232703977,475.236,7147.612976744926,5887.83854,7813.207539999999
2026-06-16 20:45:00+02:00,6784.502399361347,5439.83995,250.2901838247007,463.102,7034.7925831860475,5902.941949999999,7050.1429499999995
2026-06-16 21:00:00+02:00,6442.290101880266,5490.80003,320.8393456241994,484.033,6763.129447504465,5974.833030000001,6564.732030000001
2026-06-16 21:15:00+02:00,6481.299094111979,5645.59259,353.27607351303834,473.628,6834.5751676250175,6119.22059,6365.37959
2026-06-16 21:30:00+02:00,6418.761728917171,5643.5655,386.0002843985615,458.581,6804.7620133157325,6102.1465,6172.6775
2026-06-16 21:45:00+02:00,6402.483202159715,5450.06217,409.96459740887497,434.783,6812.44779956859,5884.8451700000005,5894.262170000001
2026-06-16 22:00:00+02:00,5869.777825353694,5437.81863,343.9592620895768,442.519,6213.737087443271,5880.33763,5881.55363
2026-06-16 22:15:00+02:00,5969.965307017366,5534.93347,362.9849297403889,474.66,6332.950236757755,6009.59347,6010.02747
2026-06-16 22:30:00+02:00,6038.992593468314,5489.65573,391.70263683432415,466.17,6430.695230302638,5955.8257300000005,5956.054730000001
2026-06-16 22:45:00+02:00,6125.314172862268,5413.1169,427.80060483983283,409.227,6553.114777702101,5822.3439,5822.5559
2026-06-16 23:00:00+02:00,3889.1769417511778,5420.25883,496.9201640953812,391.79,4386.097105846559,5812.04883,5812.24483
2026-06-16 23:15:00+02:00,3930.030077413545,5421.22533,503.60017065338957,390.456,4433.630248066935,5811.68133,5811.85833
2026-06-16 23:30:00+02:00,3958.937439137675,5314.94072,501.08188353164815,366.203,4460.019322669323,5681.14372,5681.2977200000005
2026-06-16 23:45:00+02:00,4002.6537836320977,5151.30621,488.2797249364266,348.469,4490.933508568524,5499.77521,5499.91321
2026-06-17 00:00:00+02:00,2651.403959042402,4897.95923,383.00257889963143,335.343,3034.4065379420335,5233.30223,5233.44423
2026-06-17 00:15:00+02:00,2712.7091199130477,4603.85596,435.9690684319344,318.576,3148.678188344982,4922.43196,4922.56496
2026-06-17 00:30:00+02:00,2762.667607137163,4333.14128,458.8422589028625,298.506,3221.5098660400254,4631.64728,4631.77128
2026-06-17 00:45:00+02:00,2769.0970237465312,4084.62619,477.38887947140563,272.572,3246.485903217937,4357.19819,4357.31819
2026-06-17 01:00:00+02:00,2152.3891982715436,3856.5906,483.3306602568909,294.195,2635.7198585284345,4150.7856,4150.9066
2026-06-17 01:15:00+02:00,2147.465463174663,3666.7481,496.65043181980764,279.859,2644.1158949944706,3946.6071,3946.7241
2026-06-17 01:30:00+02:00,2138.4433755822256,3460.53763,512.1845945355611,273.086,2650.627970117787,3733.62363,3733.73163
2026-06-17 01:45:00+02:00,2152.079485859971,3251.2703,529.075981346312,294.032,2681.155467206283,3545.3023000000003,3545.4123000000004
2026-06-17 02:00:00+02:00,2007.5299896234458,3064.1863,600.8619743601834,307.882,2608.391963983629,3372.0683,3372.1563
2026-06-17 02:15:00+02:00,1999.3147707839194,2842.38886,637.1565577196623,300.745,2636.4713285035814,3143.13386,3143.21486
2026-06-17 02:30:00+02:00,1969.4255738367603,2665.46395,686.4238281492353,302.457,2655.8494019859954,2967.9209499999997,2968.0139499999996
2026-06-17 02:45:00+02:00,1951.680535710885,2532.68721,689.8562388189879,320.232,2641.5367745298727,2852.91921,2853.00021
2026-06-17 03:00:00+02:00,1853.0867836536827,2440.6972,733.9300594975716,352.968,2587.0168431512543,2793.6652,2793.7442
2026-06-17 03:15:00+02:00,1824.0595751659355,2353.20495,756.454954127037,401.113,2580.5145292929724,2754.3179499999997,2754.39895
2026-06-17 03:30:00+02:00,1828.2691014975367,2223.17832,759.2638284608656,435.39,2587.5329299584023,2658.56832,2658.64832
2026-06-17 03:45:00+02:00,1842.9408934320536,2051.58917,763.888485025805,490.475,2606.8293784578586,2542.06417,2542.1341700000003
2026-06-17 04:00:00+02:00,2084.6381386244993,1894.50382,862.5660433107901,532.853,2947.2041819352894,2427.35682,2427.43082
2026-06-17 04:15:00+02:00,2100.4712889328575,1760.89509,879.7735565203657,526.501,2980.244845453223,2287.39609,2287.94909
2026-06-17 04:30:00+02:00,2160.286272258705,1709.05968,894.5677585680635,533.829,3054.8540308267684,2242.88868,2253.89168
2026-06-17 04:45:00+02:00,2204.1701987059964,1661.11126,871.0686940936587,554.796,3075.2388927996553,2215.90726,2262.40326
2026-06-17 05:00:00+02:00,2306.5959250848946,1580.6461,835.9630096142155,573.276,3142.55893469911,2153.9221,2348.2581
2026-06-17 05:15:00+02:00,2387.020169819646,1596.90141,831.2080981561726,613.916,3218.2282679758187,2210.81741,2707.81041
2026-06-17 05:30:00+02:00,2396.2566386715735,1564.1212,842.9362747749517,706.219,3239.1929134465254,2270.3402,3357.6632
2026-06-17 05:45:00+02:00,2343.796973169716,1439.27925,819.4955669661913,810.555,3163.292540135907,2249.83425,4168.61325
2026-06-17 06:00:00+02:00,2404.9184764503266,1397.87888,851.5237349077723,874.683,3256.442211358099,2272.56188,5172.77188
2026-06-17 06:15:00+02:00,2347.880403943972,1375.42923,848.495860325602,889.505,3196.3762642695738,2264.93423,6332.570229999999
2026-06-17 06:30:00+02:00,2259.6052437530816,1363.62517,826.3268076302837,945.307,3085.9320513833654,2308.93217,7881.81617
2026-06-17 06:45:00+02:00,2158.411801312497,1368.29959,814.1961268483528,1003.359,2972.60792816085,2371.65859,9716.50859
2026-06-17 07:00:00+02:00,2544.129240012201,1370.78163,976.0474076709661,1049.554,3520.176647683167,2420.33563,11608.30363
2026-06-17 07:15:00+02:00,2401.9195688234986,1331.56295,981.1555312205041,1151.847,3383.0751000440027,2483.40995,13672.05295
2026-06-17 07:30:00+02:00,2261.5296192816854,1237.43202,971.3021430299801,1270.634,3232.8317623116654,2508.06602,15898.70902
2026-06-17 07:45:00+02:00,2154.6350430503667,1133.08047,965.2399857745569,1347.183,3119.8750288249234,2480.26347,18072.32347
2026-06-17 08:00:00+02:00,2018.8541011740444,1061.5285,1323.5553448825597,1364.422,3342.409446056604,2425.9505,20367.103499999997
2026-06-17 08:15:00+02:00,1954.5035670929483,924.6623,1324.5550375906068,1448.916,3279.058604683555,2373.5783,22575.9623
2026-06-17 08:30:00+02:00,1851.6357427591752,849.49603,1320.9634358600426,1474.358,3172.599178619218,2323.85403,25042.53403
2026-06-17 08:45:00+02:00,1834.258047432113,818.10596,1294.7319395512152,1466.705,3128.989986983328,2284.81096,27266.43296
2026-06-17 09:00:00+02:00,2155.597602972592,847.88444,1676.5940340406082,1522.059,3832.1916370132003,2369.94344,29337.30144
2026-06-17 09:15:00+02:00,2182.9798207964577,913.59073,1625.9515750738274,1583.792,3808.931395870285,2497.38273,31198.70173
2026-06-17 09:30:00+02:00,2170.258432738678,998.00915,1588.250880750031,1519.196,3758.5093134887093,2517.20515,32919.28515
2026-06-17 09:45:00+02:00,2206.5175327101406,1123.53647,1579.7906653611126,1555.906,3786.308198071253,2679.44247,34824.74447
2026-06-17 10:00:00+02:00,2246.8023657266326,1309.55821,1937.9643047848251,1509.767,4184.766670511458,2819.32521,36515.69821
2026-06-17 10:15:00+02:00,2277.007865316237,1516.69138,1921.4963492829759,1538.305,4198.504214599213,3054.99638,38607.66538
2026-06-17 10:30:00+02:00,2341.4777387602085,1678.6052,1894.1444480783277,1650.919,4235.622186838536,3329.5242,40572.7222
2026-06-17 10:45:00+02:00,2369.90727284627,1775.84073,1840.7041674120649,1688.193,4210.611440258335,3464.03373,42130.25373
2026-06-17 11:00:00+02:00,2483.98968614149,1926.05429,2024.8073774895756,1694.196,4508.797063631066,3620.25029,43549.560289999994
2026-06-17 11:15:00+02:00,2531.6135021534824,2090.02662,2005.5026483421086,1699.618,4537.116150495591,3789.64462,45123.54862
2026-06-17 11:30:00+02:00,2535.5618160788035,2359.55984,1963.8463390553393,1797.335,4499.408155134142,4156.89484,46443.10984
2026-06-17 11:45:00+02:00,2598.8774165593345,2552.33737,1926.8609298916579,1956.055,4525.738346450992,4508.3923700000005,47911.02737
2026-06-17 12:00:00+02:00,2368.37178041747,2842.62403,2124.707662082805,2098.615,4493.079442500275,4941.23903,49075.26003
2026-06-17 12:15:00+02:00,2362.6609728822364,3106.07441,2087.910946042114,2315.06,4450.57191892435,5421.134410000001,49948.11141
2026-06-17 12:30:00+02:00,2296.7841275288943,3491.70351,2079.7954249815225,2470.236,4376.579552510417,5961.93951,50728.88351
2026-06-17 12:45:00+02:00,2282.9653237061875,3766.93812,2096.5507453255186,2579.356,4379.516069031706,6346.2941200000005,51158.47712
2026-06-17 13:00:00+02:00,2799.5180817042915,4192.59774,2061.2355032509327,2722.719,4860.753584955224,6915.31674,51161.74474
2026-06-17 13:15:00+02:00,2740.233480591663,4451.28655,2034.7627829008138,2797.692,4774.996263492477,7248.97855,50933.50755
2026-06-17 13:30:00+02:00,2724.217528655357,4426.27833,2000.8029813320973,2934.922,4725.020509987455,7361.20033,50332.57533
2026-06-17 13:45:00+02:00,2730.5746669217115,4495.96744,1960.2593546020958,3204.568,4690.834021523808,7700.535440000001,50304.69744
2026-06-17 14:00:00+02:00,3803.4833890035075,4350.45213,2761.0725982176155,3282.61,6564.555987221123,7633.06213,49966.92613
2026-06-17 14:15:00+02:00,3850.242122776959,4527.88507,2755.7953314181677,3358.005,6606.037454195127,7885.89007,49538.80307
2026-06-17 14:30:00+02:00,3880.0291654281486,4567.84273,2757.2544188434213,2990.778,6637.28358427157,7558.620730000001,48566.35473
2026-06-17 14:45:00+02:00,3910.7263960542355,4739.0094,2732.2094236205894,2968.416,6642.935819674825,7707.4254,47969.4494
2026-06-17 15:00:00+02:00,5107.395811293198,4749.69689,3026.128325244199,3209.306,8133.524136537397,7959.00289,47466.651889999994
2026-06-17 15:15:00+02:00,5197.6292854687135,4967.06779,2999.2614456601077,3411.047,8196.89073112882,8378.11479,46882.92479
2026-06-17 15:30:00+02:00,5272.785550296682,4906.33658,2979.892703999046,3709.679,8252.678254295728,8616.01558,46030.54958
2026-06-17 15:45:00+02:00,5322.474304105506,5022.32558,2964.8701045894,3958.814,8287.344408694906,8981.13958,45041.98458
2026-06-17 16:00:00+02:00,6084.14752013156,5100.46995,3304.5127823303274,4200.6,9388.660302461887,9301.06995,43801.069950000005
2026-06-17 16:15:00+02:00,6332.845919853554,5329.71091,3336.9744392045363,4511.54,9669.82035905809,9841.25091,42570.32791
2026-06-17 16:30:00+02:00,6450.020385960416,5761.94189,3351.813557570031,4885.275,9801.833943530448,10647.21689,41633.96889
2026-06-17 16:45:00+02:00,6616.898929834554,5979.13614,3339.8170135525597,4972.26,9956.715943387113,10951.39614,40021.95014
2026-06-17 17:00:00+02:00,6855.6740868002435,5703.83568,3459.7289859346324,4922.512,10315.403072734876,10626.34768,37943.82668
2026-06-17 17:15:00+02:00,7013.060976969609,5607.24004,3506.6816955397076,5123.753,10519.742672509317,10730.99304,36311.03904
2026-06-17 17:30:00+02:00,7173.7287832677675,5685.81682,3514.957307010336,5093.689,10688.686090278105,10779.50582,34205.92982
2026-06-17 17:45:00+02:00,7215.153794225108,5805.20576,3512.2306289237367,4976.805,10727.384423148844,10782.01076,31784.678760000003
2026-06-17 18:00:00+02:00,8014.237466636282,5746.46125,3330.583732873862,4884.736,11344.821199510145,10631.19725,29129.49325
2026-06-17 18:15:00+02:00,8039.102929504583,5466.54469,3320.024611005289,4924.771,11359.127540509871,10391.31569,26604.53369
2026-06-17 18:30:00+02:00,8020.553051120832,5276.09538,3287.1858665613618,5083.154,11307.738917682193,10359.24938,24389.63838
2026-06-17 18:45:00+02:00,7986.435131279761,4871.08337,3264.245020531059,5108.685,11250.680151810819,9979.768370000002,21996.68937
2026-06-17 19:00:00+02:00,7921.317387173698,4646.63038,2978.2632827070443,5120.49,10899.580669880743,9767.12038,19731.15238
2026-06-17 19:15:00+02:00,7814.891582975772,4473.3767,2953.665030533374,4955.18,10768.556613509147,9428.5567,17552.1817
2026-06-17 19:30:00+02:00,7660.608769171581,4189.53482,2945.6520101141186,4284.001,10606.2607792857,8473.535820000001,14915.93082
2026-06-17 19:45:00+02:00,7530.975544780435,3979.08854,2947.845439623594,4036.018,10478.820984404028,8015.106540000001,12920.16754
2026-06-17 20:00:00+02:00,6823.834606527835,4284.14941,2837.83299068907,3818.595,9661.667597216905,8102.744409999999,11767.34841
2026-06-17 20:15:00+02:00,6595.075156868665,4631.08153,2878.57672621776,3634.556,9473.651883086424,8265.63753,10877.30153
2026-06-17 20:30:00+02:00,6401.500823725071,4551.76791,2888.0867406569155,3433.42,9289.587564381987,7985.18791,9671.22691
2026-06-17 20:45:00+02:00,6319.952102963151,4466.24391,2890.565026041425,3060.513,9210.517129004576,7526.75691,8484.58891
2026-06-17 21:00:00+02:00,5740.926403036965,4246.39609,2400.4212134175655,2757.356,8141.34761645453,7003.75209,7440.99709
2026-06-17 21:15:00+02:00,5767.6567927864735,4118.69594,2424.714596789312,2597.593,8192.371389575786,6716.2889399999995,6863.50094
2026-06-17 21:30:00+02:00,5692.049677148327,4060.87425,2454.2301217045456,2435.722,8146.279798852873,6496.5962500000005,6529.08225
2026-06-17 21:45:00+02:00,5657.663263744431,3917.0183,2474.38796067232,2361.466,8132.051224416751,6278.4843,6281.8683
2026-06-17 22:00:00+02:00,5259.8925352382885,3725.52614,2361.5500549941767,2411.329,7621.442590232466,6136.85514,6137.63214
2026-06-17 22:15:00+02:00,5349.442565338222,3747.46827,2383.674799678584,2075.634,7733.117365016806,5823.102269999999,5823.557269999999
2026-06-17 22:30:00+02:00,5409.401657575504,3711.09642,2409.3557905594816,1801.508,7818.757448134986,5512.60442,5512.84942
2026-06-17 22:45:00+02:00,5483.414149571283,3639.35895,2444.7157973182884,1548.155,7928.129946889571,5187.51395,5187.721949999999
2026-06-17 23:00:00+02:00,5679.3916077975955,3650.3589,1749.3877113902568,1316.891,7428.779319187852,4967.249900000001,4967.450900000001
2026-06-17 23:15:00+02:00,5713.112608375826,3854.86622,1757.0458434471007,1276.647,7470.1584518229265,5131.51322,5131.68822
2026-06-17 23:30:00+02:00,5736.293013795597,4008.04802,1749.8188707025774,1269.887,7486.111884498175,5277.93502,5278.09002
2026-06-17 23:45:00+02:00,5766.376553025764,3948.95782,1734.788779809541,1215.544,7501.165332835305,5164.50182,5164.655820000001
2026-06-18 00:00:00+02:00,6065.692072511001,3851.69942,1278.7237715003448,1432.029,7344.415844011346,5283.7284199999995,5283.88242
2026-06-18 00:15:00+02:00,6112.181861931754,3766.54259,1329.9596225073635,1280.603,7442.141484439117,5047.14559,5047.26859
2026-06-18 00:30:00+02:00,6149.307603717526,3771.79684,1352.3628588797806,1308.013,7501.670462597307,5079.80984,5079.93084
2026-06-18 00:45:00+02:00,6145.742109935769,3762.257,1371.2619351828164,1341.028,7517.004045118585,5103.285,5103.413
2026-06-18 01:00:00+02:00,6529.71009534965,3764.02854,1240.9533884294085,1353.091,7770.663483779059,5117.11954,5117.24154
2026-06-18 01:15:00+02:00,6515.075603809824,3805.20942,1254.6323403202039,1358.458,7769.707944130028,5163.66742,5163.790419999999
2026-06-18 01:30:00+02:00,6493.90521882518,3758.12047,1270.813044769777,1286.036,7764.718263594957,5044.15647,5044.27247
2026-06-18 01:45:00+02:00,6496.951242783637,3697.76793,1288.7658608416643,1293.333,7785.717103625301,4991.1009300000005,4991.21493
2026-06-18 02:00:00+02:00,6175.760387758157,3589.23195,1219.0936849591753,1293.136,7394.854072717332,4882.36795,4882.45795
2026-06-18 02:15:00+02:00,6156.142992191072,3638.17485,1254.4416166370695,1277.092,7410.584608828141,4915.26685,4915.35785
2026-06-18 02:30:00+02:00,6116.946996613205,3643.84795,1303.2465656750949,1326.966,7420.193562288299,4970.81395,4970.89595
2026-06-18 02:45:00+02:00,6093.660972620663,3658.89823,1307.8240742462058,1481.038,7401.485046866869,5139.936229999999,5140.011229999999
2026-06-18 03:00:00+02:00,6144.140666402815,3596.43793,1197.5383093475189,1611.182,7341.678975750334,5207.61993,5207.69693
2026-06-18 03:15:00+02:00,6110.814421501438,3569.05099,1222.0231383360735,1726.75,7332.837559837511,5295.80099,5295.87199
2026-06-18 03:30:00+02:00,6110.527771178093,3545.01227,1226.7608126795317,1661.828,7337.288583857624,5206.840270000001,5206.903270000001
2026-06-18 03:45:00+02:00,6119.228481486772,3550.24294,1233.0470111359832,1627.621,7352.275492622755,5177.86394,5177.93194
2026-06-18 04:00:00+02:00,6106.856600148661,3500.18606,1574.763242712456,1616.207,7681.619842861117,5116.39306,5116.46006
2026-06-18 04:15:00+02:00,6118.229584653877,3464.46284,1592.0327192617356,1604.626,7710.262303915613,5069.08884,5069.3128400000005
2026-06-18 04:30:00+02:00,6170.989374827658,3376.71978,1606.9553057002306,1625.029,7777.9446805278885,5001.74878,5002.64378
2026-06-18 04:45:00+02:00,6206.7169622547535,3275.49707,1584.9707056253537,1539.85,7791.687667880107,4815.34707,4822.34607
2026-06-18 05:00:00+02:00,6473.2819095005025,3284.44037,1816.0808402986597,1529.009,8289.362749799162,4813.44937,4861.232370000001
2026-06-18 05:15:00+02:00,6543.672932134229,3345.38986,1814.0169101595914,1463.172,8357.689842293821,4808.56186,5073.27086
2026-06-18 05:30:00+02:00,6540.905373225086,3274.47111,1826.668831507858,1376.588,8367.574204732944,4651.05911,5437.865110000001
2026-06-18 05:45:00+02:00,6482.11943444499,3174.63737,1806.1408069365389,1273.628,8288.26024138153,4448.26537,5981.09637
2026-06-18 06:00:00+02:00,6394.850600672677,3158.33754,1952.114911878498,1233.013,8346.965512551174,4391.3505399999995,6866.92254
2026-06-18 06:15:00+02:00,6332.418388448044,3081.14229,1948.8078000270582,1207.08,8281.226188475102,4288.22229,7912.07329
2026-06-18 06:30:00+02:00,6241.032226174113,3037.45189,1927.8435435119845,1215.532,8168.875769686098,4252.9838899999995,9242.37689
2026-06-18 06:45:00+02:00,6140.205475030933,2926.65971,1916.968855638364,1205.313,8057.174330669297,4131.97271,10757.29971
2026-06-18 07:00:00+02:00,5596.8534698655185,2927.47451,2110.6208980986976,1180.261,7707.474367964216,4107.73551,12522.71751
2026-06-18 07:15:00+02:00,5456.615873250109,2765.55975,2116.85403420806,1151.29,7573.4699074581695,3916.84975,14450.88175
2026-06-18 07:30:00+02:00,5327.8138785139945,2526.54838,2108.4474028105546,910.8,7436.261281324549,3437.3483800000004,16341.06938
2026-06-18 07:45:00+02:00,5183.817859927669,2288.50517,2102.0447326195494,866.661,7285.862592547219,3155.16617,18699.93417
2026-06-18 08:00:00+02:00,4305.948669856996,2078.06418,2169.2702940239196,874.65,6475.218963880916,2952.71418,21149.33918
2026-06-18 08:15:00+02:00,4250.782774727513,1912.07567,2169.7719284854925,794.76,6420.554703213005,2706.83567,23820.96667
2026-06-18 08:30:00+02:00,4231.929604040987,1894.69027,2151.721506698369,715.439,6383.651110739356,2610.12927,26462.566270000003
2026-06-18 08:45:00+02:00,4213.1125422000105,1951.31674,2126.360924646844,639.025,6339.4734668468545,2590.34174,29205.45574
2026-06-18 09:00:00+02:00,4000.6552189429267,1990.50461,1920.4786398219662,416.903,5921.133858764893,2407.40761,31608.661610000003
2026-06-18 09:15:00+02:00,4022.6509022757464,2129.57321,1868.0553217888023,378.606,5890.706224064548,2508.17921,33876.05121
2026-06-18 09:30:00+02:00,4008.5516788661284,2241.94343,1829.2464313054884,341.198,5837.798110171617,2583.1414299999997,36465.63243
2026-06-18 09:45:00+02:00,4043.7476637408136,2313.7344,1821.2321285456023,210.877,5864.979792286416,2524.6114,38838.9944
2026-06-18 10:00:00+02:00,4366.65469611394,2398.39101,1738.8392287591078,245.386,6105.493924873048,2643.77701,41365.28301
2026-06-18 10:15:00+02:00,4395.401475095448,2486.08489,1721.6135948650278,303.201,6117.0150699604765,2789.28589,43929.41389
2026-06-18 10:30:00+02:00,4455.367458245968,2647.76896,1693.00799798386,328.768,6148.375456229828,2976.53696,46328.79696
2026-06-18 10:45:00+02:00,4477.049924350464,2799.21587,1639.1207214500405,330.976,6116.170645800505,3130.19187,48387.940870000006
2026-06-18 11:00:00+02:00,4858.932066891828,2926.91728,1598.347719315982,361.662,6457.27978620781,3288.57928,49907.41528
2026-06-18 11:15:00+02:00,4901.247539069831,3061.18713,1580.454076579592,360.83,6481.701615649423,3422.0171299999997,51026.73213
2026-06-18 11:30:00+02:00,4898.2472440709425,3296.99339,1538.8041227698295,392.278,6437.051366840772,3689.27139,52124.26139
2026-06-18 11:45:00+02:00,4957.036499859888,3414.53393,1497.888356032398,407.304,6454.924855892286,3821.83793,53067.20693
2026-06-18 12:00:00+02:00,5835.1935248074005,3502.74303,1256.4557911310785,472.689,7091.649315938479,3975.43203,53778.404030000005
2026-06-18 12:15:00+02:00,5832.767319397382,3741.66578,1218.978315689103,477.189,7051.745635086485,4218.85478,54655.30378
2026-06-18 12:30:00+02:00,5777.265349862129,3852.28051,1218.3300950238784,494.599,6995.5954448860075,4346.87951,55361.93051
2026-06-18 12:45:00+02:00,5773.987190225461,3879.21708,1239.3822017887132,497.93,7013.369392014174,4377.14708,55572.28708
2026-06-18 13:00:00+02:00,6577.303063265442,4041.40594,945.8648797656853,617.176,7523.167943031127,4658.58194,56027.19794
2026-06-18 13:15:00+02:00,6530.393045136304,4145.25069,920.0816780095518,671.626,7450.474723145856,4816.87669,56054.60069
2026-06-18 13:30:00+02:00,6527.777052731327,4044.81518,892.0304286062884,682.878,7419.807481337615,4727.69318,55586.16018
2026-06-18 13:45:00+02:00,6545.334874404688,4076.51721,854.6699252128166,689.846,7400.004799617504,4766.3632099999995,55242.84521
2026-06-18 14:00:00+02:00,7248.922349448349,3965.79736,611.785574411999,711.137,7860.707923860348,4676.93436,54859.23936
2026-06-18 14:15:00+02:00,7303.614117305948,3768.98361,608.6289488987455,725.799,7912.243066204694,4494.78261,54215.46561
2026-06-18 14:30:00+02:00,7326.606665967274,3640.25235,612.0403547145098,695.289,7938.647020681784,4335.54135,53451.29135
2026-06-18 14:45:00+02:00,7358.751078750292,3557.63462,586.5846295283911,680.84,7945.335708278683,4238.47462,52198.73662
2026-06-18 15:00:00+02:00,6901.697109671501,3391.21793,535.3404103419638,1069.223,7437.037520013464,4460.44093,51347.43493
2026-06-18 15:15:00+02:00,7002.5988492954275,3374.6518,507.32746625040375,1001.909,7509.926315545831,4376.5608,50303.2548
2026-06-18 15:30:00+02:00,7082.810181664487,3257.09196,490.58745119071045,951.828,7573.397632855197,4208.91996,48728.54996
2026-06-18 15:45:00+02:00,7136.421105625432,3145.2966,479.63479704651706,897.091,7616.055902671948,4042.3876,47161.5056
2026-06-18 16:00:00+02:00,6138.54121740036,2906.43694,425.99174598308576,861.608,6564.532963383446,3768.04494,45489.85094
2026-06-18 16:15:00+02:00,6293.940281441542,2667.07314,455.27431493528053,781.594,6749.214596376823,3448.66714,43498.28614
2026-06-18 16:30:00+02:00,6317.495497253495,2483.61097,472.04660947494597,653.376,6789.5421067284415,3136.98697,41209.68597
2026-06-18 16:45:00+02:00,6448.497892018801,2250.05381,461.06745551148015,718.656,6909.5653475302815,2968.70981,38981.09381
2026-06-18 17:00:00+02:00,5827.140473744481,1978.28572,286.30262456784254,613.519,6113.443098312324,2591.80472,36540.16972
2026-06-18 17:15:00+02:00,5981.399704953538,1752.7925,337.62822146031726,546.257,6319.027926413855,2299.0495,34140.8865
2026-06-18 17:30:00+02:00,6066.693781564658,1580.21388,352.4143218137275,483.527,6419.108103378386,2063.74088,31457.51388
2026-06-18 17:45:00+02:00,6105.621556249115,1379.45136,349.4621695067147,418.218,6455.08372575583,1797.66936,28675.57836
2026-06-18 18:00:00+02:00,5570.110506464831,1208.00134,337.27361217883936,357.201,5907.38411864367,1565.20234,25693.66634
2026-06-18 18:15:00+02:00,5590.400909716911,1003.05386,328.9368733700192,301.269,5919.33778308693,1304.32286,22552.52986
2026-06-18 18:30:00+02:00,5561.629561198799,832.14887,296.9187846408024,280.468,5858.548345839601,1112.61687,19453.23887
2026-06-18 18:45:00+02:00,5510.652784167198,691.45053,274.3418755977543,272.155,5784.994659764952,963.60553,16433.20653
2026-06-18 19:00:00+02:00,5113.165368190537,564.58125,183.37940555671983,244.466,5296.544773747257,809.04725,13616.09825
2026-06-18 19:15:00+02:00,4997.050991635106,501.5281,165.12828245033026,217.512,5162.179274085436,719.0400999999999,11048.8801
2026-06-18 19:30:00+02:00,4833.388514343307,439.62031,157.565185147365,204.711,4990.953699490672,644.33131,8771.543310000001
2026-06-18 19:45:00+02:00,4702.091018636074,436.31887,159.37663850121822,178.659,4861.467657137293,614.9778699999999,6837.9368699999995
2026-06-18 20:00:00+02:00,3681.662401917697,468.83224,36.77194846338128,174.777,3718.4343503810783,643.60924,5175.62024
2026-06-18 20:15:00+02:00,3515.3600840082186,483.32104,75.1530743766968,157.7,3590.513158384915,641.02104,3810.10304
2026-06-18 20:30:00+02:00,3357.0954642955257,533.56391,82.8783334627895,158.049,3439.9737977583154,691.6129099999999,2758.26491
2026-06-18 20:45:00+02:00,3274.4099950129753,614.57371,85.50179624662209,148.078,3359.9117912595975,762.65171,1945.16271
2026-06-18 21:00:00+02:00,2950.4326256554095,757.61676,96.99314704222718,140.972,3047.4257726976366,898.58876,1448.74176
2026-06-18 21:15:00+02:00,2985.660524092259,921.88578,120.39557704392351,146.249,3106.0561011361824,1068.13478,1251.03578
2026-06-18 21:30:00+02:00,2916.1682874732,1055.25356,148.86278385733917,190.013,3065.0310713305394,1245.26656,1294.71856
2026-06-18 21:45:00+02:00,2883.3920355668374,1146.07074,167.6144869465405,252.122,3051.006522513378,1398.19274,1409.90474
2026-06-18 22:00:00+02:00,2971.7613019062037,1335.06837,388.4320499492457,332.711,3360.1933518554492,1667.77937,1673.13037
2026-06-18 22:15:00+02:00,3063.70085496676,1552.96265,411.5684374545196,464.657,3475.2692924212793,2017.61965,2018.16665
2026-06-18 22:30:00+02:00,3125.284131854875,1856.53824,436.3906589059801,578.642,3561.674790760855,2435.18024,2435.4112400000004
2026-06-18 22:45:00+02:00,3197.4734755484033,2118.3181,469.96659914158744,714.056,3667.4400746899905,2832.3741,2832.5921
2026-06-18 23:00:00+02:00,3970.519014153288,2372.04639,491.96991232586095,768.345,4462.488926479149,3140.39139,3140.59239
2026-06-18 23:15:00+02:00,4009.040896683531,2650.11071,500.12732559178966,803.283,4509.168222275321,3453.39371,3453.56171
2026-06-18 23:30:00+02:00,4034.307924629636,2950.73195,492.28710327934533,861.343,4526.595027908981,3812.07495,3812.22995
2026-06-18 23:45:00+02:00,4064.327332262765,3293.60782,477.15609764162025,915.961,4541.483429904385,4209.56882,4209.6898200000005
2026-06-19 00:00:00+02:00,4551.937233804375,3655.96694,765.1152545382099,972.172,5317.052488342585,4628.13894,4628.27194
2026-06-19 00:15:00+02:00,4598.250213427474,3987.80439,811.4704895537178,1094.985,5409.720702981192,5082.78939,5082.91139
2026-06-19 00:30:00+02:00,4640.820154138473,4436.30167,834.0608565838327,1301.771,5474.881010722306,5738.07267,5738.18467
2026-06-19 00:45:00+02:00,4641.0626267177695,5285.95955,853.7174091737176,1539.182,5494.780035891487,6825.141549999999,6825.239549999999
2026-06-19 01:00:00+02:00,5110.802990422975,6077.17302,1150.0625303180607,1711.333,6260.865520741036,7788.506020000001,7788.609020000001
2026-06-19 01:15:00+02:00,5100.957078651947,6656.7605,1163.5411567076917,1854.42,6264.498235359639,8511.1805,8511.272500000001
2026-06-19 01:30:00+02:00,5082.941521976807,7062.13953,1177.5339056492182,1918.314,6260.4754276260255,8980.45353,8980.54253
2026-06-19 01:45:00+02:00,5086.707372366633,7431.97678,1195.1605280324707,1758.386,6281.867900399104,9190.36278,9190.45678
2026-06-19 02:00:00+02:00,5687.124226638958,7857.28861,1585.1651237506628,1731.767,7272.289350389621,9589.05561,9589.14361
2026-06-19 02:15:00+02:00,5667.363371244965,8325.99989,1617.9762694792005,1560.267,7285.339640724165,9886.26689,9886.35389
2026-06-19 02:30:00+02:00,5629.367705093573,8429.26612,1666.9112387818877,1508.922,7296.278943875461,9938.18812,9938.26812
2026-06-19 02:45:00+02:00,5606.241959018728,8694.30015,1675.99697969435,1678.138,7282.238938713079,10372.438149999998,10372.520149999998
2026-06-19 03:00:00+02:00,6430.239782810481,8664.43879,1505.3869138236155,1930.167,7935.626696634097,10594.60579,10594.68179
2026-06-19 03:15:00+02:00,6398.256430877076,8928.62066,1532.865114265337,1877.672,7931.121545142413,10806.29266,10806.36266
2026-06-19 03:30:00+02:00,6396.744731757701,8764.55818,1535.9789274658717,1839.609,7932.723659223572,10604.16718,10604.23618
2026-06-19 03:45:00+02:00,6405.618071143283,8338.96608,1540.9173216966735,1967.064,7946.535392839956,10306.03008,10306.09608
2026-06-19 04:00:00+02:00,5410.064748404809,8122.66212,1247.4041241612522,1956.494,6657.468872566061,10079.15612,10079.23112
2026-06-19 04:15:00+02:00,5422.658694092562,8014.02132,1263.5029457143519,1984.146,6686.161639806914,9998.16732,9998.49632
2026-06-19 04:30:00+02:00,5473.109124907767,7607.27795,1278.0139352502126,1924.493,6751.12306015798,9531.77095,9533.89395
2026-06-19 04:45:00+02:00,5506.247021164211,7047.46008,1253.7621734898896,1669.985,6760.009194654101,8717.44508,8740.21408
2026-06-19 05:00:00+02:00,4599.596398450012,6866.45687,1476.4517560151749,1423.486,6076.048154465187,8289.94287,8394.60187
2026-06-19 05:15:00+02:00,4670.316931255327,6854.18546,1471.5172934184864,1358.294,6141.834224673814,8212.47946,8528.73646
2026-06-19 05:30:00+02:00,4667.8186828726075,6650.50834,1480.6243322233515,1349.518,6148.443015095959,8000.02634,8868.56234
2026-06-19 05:45:00+02:00,4611.591100310218,6534.72657,1457.550469284346,1328.099,6069.141569594564,7862.82557,9508.48257
2026-06-19 06:00:00+02:00,5599.8577801935935,6556.90854,1412.0730350802285,1290.369,7011.930815273822,7847.27754,10455.00754
2026-06-19 06:15:00+02:00,5538.346823434291,6375.79029,1407.6835414741342,1206.452,6946.030364908425,7582.24229,11324.28829
2026-06-19 06:30:00+02:00,5447.985694470695,6123.08441,1387.4980420338893,1129.436,6835.483736504584,7252.52041,12346.29341
2026-06-19 06:45:00+02:00,5345.881429968813,6007.07388,1369.6060022243796,952.321,6715.487432193193,6959.39488,13675.08888
2026-06-19 07:00:00+02:00,5068.797632221514,5752.7738,1111.514744247347,830.193,6180.312376468861,6582.9668,15171.2458
2026-06-19 07:15:00+02:00,4929.594986211056,5624.53121,1115.895971086415,729.671,6045.49095729747,6354.20221,17055.28721
2026-06-19 07:30:00+02:00,4794.151928709756,5207.86406,1099.9832551872696,603.161,5894.135183897026,5811.02506,18884.58306
2026-06-19 07:45:00+02:00,4641.1947355445645,4656.89308,1092.2367265761097,549.709,5733.431462120674,5206.60208,20866.42008
2026-06-19 08:00:00+02:00,4292.094516179613,4185.70016,879.7614939712075,478.523,5171.85601015082,4664.2231600000005,23030.105160000003
2026-06-19 08:15:00+02:00,4226.24246911765,3671.33168,877.4012484210436,436.133,5103.643717538694,4107.46468,25221.94068
2026-06-19 08:30:00+02:00,4244.042340959323,3069.58118,900.0066483491127,474.366,5144.048989308436,3543.94718,27600.54918
2026-06-19 08:45:00+02:00,4225.335376319272,2497.38773,874.2624530455713,482.939,5099.597829364843,2980.32673,29885.94373
2026-06-19 09:00:00+02:00,3859.722254398207,2244.14747,1310.2810561655297,515.786,5170.003310563737,2759.93347,32246.06347
2026-06-19 09:15:00+02:00,3883.5226260607287,2058.9895,1260.6373245692337,510.215,5144.159950629963,2569.2045000000003,34337.9685
2026-06-19 09:30:00+02:00,3872.3629956835725,1935.65201,1219.6247392068835,452.757,5091.987734890456,2388.40901,36551.970010000005
2026-06-19 09:45:00+02:00,3909.25956605519,1919.47824,1211.3556516114058,406.12,5120.615217666596,2325.59824,39158.90924
2026-06-19 10:00:00+02:00,4576.289861891895,1933.28097,952.1856509325821,440.195,5528.475512824478,2373.47597,41387.39697
2026-06-19 10:15:00+02:00,4606.015227157434,1985.12425,934.8538110867053,396.467,5540.86903824414,2381.59125,43631.60825
2026-06-19 10:30:00+02:00,4665.500360976654,2112.78202,910.9683039147742,424.571,5576.468664891428,2537.35302,45884.00802
2026-06-19 10:45:00+02:00,4684.358514255411,2326.64898,856.6477264716228,560.449,5541.006240727034,2887.09798,47923.46298
2026-06-19 11:00:00+02:00,5170.485109626807,2584.851,717.2735305919828,670.081,5887.75864021879,3254.932,49853.513
2026-06-19 11:15:00+02:00,5210.0896324274245,2777.37247,697.6094057371206,747.938,5907.699038164545,3525.31047,51679.26347
2026-06-19 11:30:00+02:00,5208.249245037324,2816.1958,657.6658682797273,777.696,5865.915113317051,3593.8918,52952.1668
2026-06-19 11:45:00+02:00,5265.372676685612,2679.62532,619.9375095184015,801.716,5885.310186204013,3481.34132,53584.95532
2026-06-19 12:00:00+02:00,5412.526635328007,2761.28788,875.4366814179253,850.633,6287.963316745932,3611.92088,54430.05388
2026-06-19 12:15:00+02:00,5409.291253443002,3002.38771,842.7832454830816,927.59,6252.074498926083,3929.97771,55268.09071
2026-06-19 12:30:00+02:00,5361.9269218391855,3307.79324,844.0039670999454,1005.755,6205.93088893913,4313.54824,56003.427240000005
2026-06-19 12:45:00+02:00,5364.190521594201,3422.02575,865.449589448604,995.829,6229.640111042805,4417.8547499999995,56335.00075
2026-06-19 13:00:00+02:00,4943.123610909377,3275.49585,1670.734834739237,1028.136,6613.858445648614,4303.63185,55978.257849999995
2026-06-19 13:15:00+02:00,4902.693820551764,3256.06727,1645.4189756931812,1058.003,6548.112796244945,4314.07027,55739.76527
2026-06-19 13:30:00+02:00,4905.273758892049,3336.02281,1622.9430274630467,1393.423,6528.216786355096,4729.44581,55891.85281
2026-06-19 13:45:00+02:00,4916.0309886270925,3570.23607,1592.4537064892231,1557.63,6508.484695116315,5127.86607,55699.14607
2026-06-19 14:00:00+02:00,4446.458769151458,3611.90607,1958.5081838316873,1559.985,6404.966952983145,5171.89107,54587.56807
2026-06-19 14:15:00+02:00,4502.895246606455,3536.69694,1954.94267160733,1652.792,6457.837918213785,5189.488939999999,54001.61194
2026-06-19 14:30:00+02:00,4521.206480932367,3442.27771,1944.9199147167883,1849.989,6466.126395649156,5292.26671,53544.38971
2026-06-19 14:45:00+02:00,4554.564249590327,3580.27669,1916.5649101856836,1936.0,6471.12915977601,5516.276690000001,52585.95969
2026-06-19 15:00:00+02:00,4338.098064074478,3406.31415,1819.3022025598716,2171.493,6157.4002666343495,5577.807150000001,51641.87415
2026-06-19 15:15:00+02:00,4437.307150767198,3551.63625,1796.0784241297272,2242.851,6233.385574896925,5794.48725,50690.23025
2026-06-19 15:30:00+02:00,4503.420035020112,3556.53262,1786.3806573558277,2203.842,6289.800692375939,5760.3746200000005,49270.31262
2026-06-19 15:45:00+02:00,4558.168146303971,3445.90858,1782.444475107547,2279.827,6340.612621411518,5725.7355800000005,47566.81258
2026-06-19 16:00:00+02:00,5316.785349486498,3331.39592,1666.4710221304952,2291.703,6983.2563716169925,5623.09892,45738.96792
2026-06-19 16:15:00+02:00,5448.762534928785,3237.38519,1700.8874430970675,2498.382,7149.649978025852,5735.7671900000005,44378.20519
2026-06-19 16:30:00+02:00,5596.6357578204,3283.52507,1726.4914056857372,3019.485,7323.127163506137,6303.01007,42739.84207
2026-06-19 16:45:00+02:00,5735.557237243005,3241.22425,1725.4257074937118,3020.24,7460.982944736717,6261.46425,40288.863249999995
2026-06-19 17:00:00+02:00,7233.32860333151,3185.2441,2019.0005513340116,2959.13,9252.329154665522,6144.3741,37556.9121
2026-06-19 17:15:00+02:00,7393.9340768537,3246.17981,2073.7843619128284,2930.926,9467.71843876653,6177.10581,35460.21181
2026-06-19 17:30:00+02:00,7518.791289727095,3307.58391,2111.993236659776,2841.812,9630.784526386871,6149.395909999999,32725.01391
2026-06-19 17:45:00+02:00,7567.274143961021,3429.56108,2102.9708545003164,2648.649,9670.244998461338,6078.21008,29729.76908
2026-06-19 18:00:00+02:00,8085.88202790767,3768.17011,1841.6568880236516,2486.194,9927.538915931322,6254.36411,27019.85811
2026-06-19 18:15:00+02:00,8096.818339156297,3669.97595,1823.0997302691858,2322.004,9919.918069425483,5991.97995,24043.14195
2026-06-19 18:30:00+02:00,8062.857512408291,3579.01298,1788.6318132545828,2172.34,9851.489325662873,5751.35298,21029.02498
2026-06-19 18:45:00+02:00,8000.759998437468,3656.2098,1763.8230889413521,2087.023,9764.58308737882,5743.2328,18253.3558
2026-06-19 19:00:00+02:00,8881.862625982634,3478.39032,1777.3484779761438,1969.351,10659.211103958778,5447.74132,15496.01832
2026-06-19 19:15:00+02:00,8759.530046860364,3286.60197,1750.074538135161,1897.123,10509.604584995524,5183.72497,13068.57297
2026-06-19 19:30:00+02:00,8582.945006078226,3160.88723,1721.906049721621,1962.546,10304.851055799847,5123.43323,11197.25123
2026-06-19 19:45:00+02:00,8441.203448477265,3237.84124,1715.7374820191017,1970.692,10156.940930496366,5208.533240000001,9776.15324
2026-06-19 20:00:00+02:00,9349.62830561074,3384.87176,1244.2973672720332,1855.624,10593.925672882773,5240.49576,8592.875759999999
2026-06-19 20:15:00+02:00,9239.358653069627,3840.68548,1275.0280572023623,1802.291,10514.386710271989,5642.97648,8059.15148
2026-06-19 20:30:00+02:00,9084.420047580139,4572.49431,1270.9363161988551,1737.77,10355.356363778994,6310.2643100000005,7934.529310000001
2026-06-19 20:45:00+02:00,8992.947640595416,5242.26204,1259.704483725599,1703.726,10252.652124321015,6945.98804,7911.71104
2026-06-19 21:00:00+02:00,11671.773701501597,6077.51482,1079.3591022385806,1684.749,12751.132803740178,7762.26382,8244.49482
2026-06-19 21:15:00+02:00,11709.196456401218,7344.95824,1097.1513658276342,1712.944,12806.347822228852,9057.90224,9254.50724
2026-06-19 21:30:00+02:00,11639.848485120829,8676.72679,1117.6174961204101,1704.052,12757.46598124124,10380.77879,10444.34179
2026-06-19 21:45:00+02:00,11592.006092335147,9590.24404,1130.2275399352275,1653.894,12722.233632270374,11244.13804,11261.10004
2026-06-19 22:00:00+02:00,13895.050615146716,10069.40913,649.5115141057088,1553.504,14544.562129252425,11622.91313,11627.76013
2026-06-19 22:15:00+02:00,13979.212079013852,11291.65229,657.5393190375191,1534.509,14636.751398051372,12826.16129,12826.77629
2026-06-19 22:30:00+02:00,14034.033772867158,12154.44956,670.0076238144984,1447.549,14704.041396681656,13601.99856,13602.22756
2026-06-19 22:45:00+02:00,14096.868023350204,12968.39266,694.7437268752909,1302.554,14791.611750225495,14270.94666,14271.15566
2026-06-19 23:00:00+02:00,11778.145678503553,13774.09211,650.91456235095,1128.847,12429.060240854504,14902.93911,14903.13511
2026-06-19 23:15:00+02:00,11819.310981209774,14345.13359,657.6726144223829,998.22,12476.983595632157,15343.35359,15343.520589999998
2026-06-19 23:30:00+02:00,11842.668498986208,14831.5951,651.0582838002466,877.833,12493.726782786454,15709.4281,15709.5901
2026-06-19 23:45:00+02:00,11865.300970458486,15239.62173,633.738645367579,786.583,12499.039615826065,16026.20473,16026.33873
2026-06-20 00:00:00+02:00,11313.093409000248,15939.21903,691.783498255191,1002.349,12004.876907255439,16941.56803,16941.71103
2026-06-20 00:15:00+02:00,11364.607380291809,15954.35798,738.8316296713931,1259.627,12103.439009963202,17213.98498,17214.11198
2026-06-20 00:30:00+02:00,11416.437180918032,16171.46771,770.9999730089245,1326.351,12187.437153926956,17497.81871,17497.94071
2026-06-20 00:45:00+02:00,11437.044482595124,16994.99389,801.3719970373286,2329.914,12238.416479632451,19324.90789,19325.02989
2026-06-20 01:00:00+02:00,13643.539290086894,17110.39433,2957.9282791536853,4052.348,16601.46756924058,21162.74233,21162.84833
2026-06-20 01:15:00+02:00,13645.431979513087,16588.7379,2979.424428112621,3798.41,16624.85640762571,20387.1479,20387.2439
2026-06-20 01:30:00+02:00,13633.758341720442,16984.21065,2998.152321701544,2453.991,16631.910663421986,19438.201650000003,19438.297650000004
2026-06-20 01:45:00+02:00,13643.980557551784,17253.65654,3011.254874047702,2555.537,16655.235431599485,19809.19354,19809.28654
2026-06-20 02:00:00+02:00,13681.703938846333,17094.89873,3786.3244891086524,3209.977,17468.028427954985,20304.87573,20304.96373
2026-06-20 02:15:00+02:00,13675.146150251074,17110.04298,3811.591110278282,3913.248,17486.737260529357,21023.29098,21023.373979999997
2026-06-20 02:30:00+02:00,13641.16915284324,16931.92827,3856.0834326989825,4097.477,17497.25258554222,21029.40527,21029.49027
2026-06-20 02:45:00+02:00,13624.357013377881,17134.24783,3866.649155128389,2931.245,17491.00616850627,20065.49283,20065.57483
2026-06-20 03:00:00+02:00,14599.349136468807,15617.42378,3372.9599766711326,3473.157,17972.30911313994,19090.58078,19090.65878
2026-06-20 03:15:00+02:00,14572.071965900304,14156.52945,3393.9969232122876,2470.608,17966.06888911259,16627.137450000002,16627.208450000002
2026-06-20 03:30:00+02:00,14561.91387005473,13102.4347,3392.3461858776595,1741.705,17954.26005593239,14844.1397,14844.2037
2026-06-20 03:45:00+02:00,14554.075108594354,12091.95699,3399.324832264284,1206.456,17953.39994085864,13298.41299,13298.48499
2026-06-20 04:00:00+02:00,10531.388733705904,11301.93785,2190.433159406017,830.829,12721.82189311192,12132.76685,12132.83385
2026-06-20 04:15:00+02:00,10541.118075503597,10522.628,2206.6895929882007,866.239,12747.807668491798,11388.867,11389.341
2026-06-20 04:30:00+02:00,10577.887682339016,9534.58604,2218.5893006845477,965.203,12796.476983023564,10499.78904,10504.47604
2026-06-20 04:45:00+02:00,10591.921583992464,9315.33181,2189.5594761633383,1069.51,12781.481060155802,10384.84181,10414.75181
2026-06-20 05:00:00+02:00,7895.529555333375,9326.38949,1424.771088400516,1180.658,9320.300643733892,10507.04749,10628.159489999998
2026-06-20 05:15:00+02:00,7959.590653244398,9705.8201,1419.8272819744748,1291.963,9379.417935218873,10997.7831,11356.2521
2026-06-20 05:30:00+02:00,7945.524972968221,10442.90588,1427.8270442028524,1206.936,9373.352017171073,11649.84188,12474.07788
2026-06-20 05:45:00+02:00,7884.928594627382,11307.28433,1404.7901839349133,1128.932,9289.718778562295,12436.21633,13984.46333
2026-06-20 06:00:00+02:00,7021.0270951891835,12447.06144,1220.5801164242173,1000.522,8241.6072116134,13447.58344,15859.31744
2026-06-20 06:15:00+02:00,6953.629233914126,12820.94924,1212.9960740157685,801.821,8166.625307929895,13622.77024,17049.87524
2026-06-20 06:30:00+02:00,6858.377489029621,13043.3161,1187.9791077335092,778.801,8046.35659676313,13822.1171,18455.9561
2026-06-20 06:45:00+02:00,6755.621691957026,12892.72271,1167.4549488788714,713.051,7923.076640835898,13605.77371,19475.27471
2026-06-20 07:00:00+02:00,7418.792843097157,12196.48291,1228.0383860448335,1290.484,8646.83122914199,13486.96691,20810.911910000003
2026-06-20 07:15:00+02:00,7282.268631302211,11699.20852,1227.8123237314676,1442.034,8510.080955033678,13141.24252,22173.93152
2026-06-20 07:30:00+02:00,7140.171433627531,10562.22001,1194.5163520153442,1541.608,8334.687785642875,12103.82801,23196.84601
2026-06-20 07:45:00+02:00,6999.89446596812,10405.41639,1180.9460508497,1959.94,8180.84051681782,12365.35639,25757.493390000003
2026-06-20 08:00:00+02:00,5892.10296673425,10559.79558,1221.2250863707525,2068.153,7113.328053105002,12627.94858,28395.58458
2026-06-20 08:15:00+02:00,5779.525368270495,10378.98565,1207.2518214330282,2291.47,6986.777189703524,12670.45565,30918.35465
2026-06-20 08:30:00+02:00,5748.205874190663,9550.74428,1196.9542119902592,2328.361,6945.160086180922,11879.10528,32720.68228
2026-06-20 08:45:00+02:00,5728.69612141242,8836.42129,1173.024407756567,1904.715,6901.720529168987,10741.13629,34111.75529
2026-06-20 09:00:00+02:00,4769.332242243219,8557.51468,1038.1680891587232,2240.488,5807.500331401942,10798.00268,36666.06368
2026-06-20 09:15:00+02:00,4789.238427273781,7473.66722,989.6056080205947,2245.213,5778.844035294375,9718.88022,38207.33122
2026-06-20 09:30:00+02:00,4776.178954985117,5886.66316,944.6584740860228,2234.588,5720.83742907114,8121.25116,39134.19216
2026-06-20 09:45:00+02:00,4811.893581390236,5240.35411,938.2265846441167,2096.971,5750.120166034353,7337.32511,40954.49811
2026-06-20 10:00:00+02:00,4659.681486534951,4956.46156,645.8136493126287,2060.304,5305.495135847579,7016.76556,42892.97456
2026-06-20 10:15:00+02:00,4686.4915873522605,4307.79299,632.9669042723361,2141.616,5319.458491624597,6449.40899,44117.789990000005
2026-06-20 10:30:00+02:00,4735.141164462416,4029.88706,615.2208566733907,2203.721,5350.362021135807,6233.6080600000005,46045.20006
2026-06-20 10:45:00+02:00,4747.675842322483,3977.08832,564.8528140757494,2202.205,5312.528656398232,6179.29332,48169.427319999995
2026-06-20 11:00:00+02:00,4673.2037711241,3873.39755,591.4982843675583,2225.422,5264.702055491658,6098.81955,49575.60055
2026-06-20 11:15:00+02:00,4704.548961612633,3701.37033,571.581417742567,2009.817,5276.130379355201,5711.187330000001,50904.97833
2026-06-20 11:30:00+02:00,4693.853696680187,3485.76278,531.0939359878305,1874.518,5224.947632668017,5360.28078,51715.55878
2026-06-20 11:45:00+02:00,4743.553698926384,3708.77887,494.7166519515838,1924.983,5238.270350877968,5633.76187,53164.47687
2026-06-20 12:00:00+02:00,4398.159409716048,3920.65075,445.16996578628357,1792.33,4843.3293755023315,5712.98075,54191.74575
2026-06-20 12:15:00+02:00,4394.816228851529,4039.63254,415.05669724039103,1666.74,4809.87292609192,5706.37254,54598.485539999994
2026-06-20 12:30:00+02:00,4352.864298995144,3968.34495,415.74390336221035,1489.774,4768.6082023573545,5458.11895,55085.99995
2026-06-20 12:45:00+02:00,4354.410839674742,3932.54817,437.91542479023985,1610.628,4792.326264464982,5543.17617,55350.44117
2026-06-20 13:00:00+02:00,4209.685107313231,4068.0076,373.0704832887801,1613.328,4582.755590602012,5681.3356,55419.5686
2026-06-20 13:15:00+02:00,4163.248242123685,4020.50442,347.9883060748008,1275.645,4511.236548198485,5296.14942,54770.34942
2026-06-20 13:30:00+02:00,4157.623286973467,4046.54969,325.78340772121277,1220.403,4483.40669469468,5266.95269,54071.07769
2026-06-20 13:45:00+02:00,4168.799844690327,3845.80612,299.2505127859447,1355.361,4468.0503574762715,5201.16712,53310.26512
2026-06-20 14:00:00+02:00,3757.695999860549,3653.80525,560.830640851243,1121.149,4318.5266407117915,4774.95425,52341.21325
2026-06-20 14:15:00+02:00,3811.698620799086,3527.65198,562.8757091805447,1164.626,4374.57432997963,4692.27798,51443.18798
2026-06-20 14:30:00+02:00,3827.043583662399,3594.93764,559.7724036492623,1190.459,4386.815987311662,4785.39664,50617.91264
2026-06-20 14:45:00+02:00,3853.0020050641624,3644.03497,538.0746692409475,1081.502,4391.07667430511,4725.53697,49945.52597
2026-06-20 15:00:00+02:00,3898.8693329230737,3439.05538,587.539427742564,924.726,4486.408760665638,4363.781379999999,49399.52338
2026-06-20 15:15:00+02:00,3998.3412003144417,3316.39015,560.7928587480156,900.618,4559.134059062458,4217.008150000001,48526.63715
2026-06-20 15:30:00+02:00,4065.0805431077947,3260.50841,551.6808405258002,929.335,4616.761383633595,4189.8434099999995,47315.10541
2026-06-20 15:45:00+02:00,4117.590079043029,3071.92813,549.7935543380463,1128.174,4667.383633381075,4200.102129999999,46030.36313
2026-06-20 16:00:00+02:00,4852.7526662239325,3041.43432,723.5034973462564,1129.89,5576.256163570189,4171.32432,44406.42132
2026-06-20 16:15:00+02:00,5023.833362564097,3237.628,763.1486644450988,1065.139,5786.982027009196,4302.767,42932.159
2026-06-20 16:30:00+02:00,5082.071224941393,3364.6587,788.434483477728,1034.932,5870.505708419121,4399.5907,41137.2397
2026-06-20 16:45:00+02:00,5208.22444728919,3371.60292,788.1093149606186,1024.597,5996.333762249808,4396.19992,39341.14892
2026-06-20 17:00:00+02:00,5946.3721554386075,3449.50858,501.5248193395388,1120.184,6447.896974778147,4569.69258,37707.956580000005
2026-06-20 17:15:00+02:00,6103.040183538131,3429.59048,565.6587970440569,1098.408,6668.698980582188,4527.99848,35543.86548
2026-06-20 17:30:00+02:00,6192.762964801685,3550.30283,579.9921297915737,1160.451,6772.755094593258,4710.75383,33309.04283
2026-06-20 17:45:00+02:00,6243.298544420279,3567.18534,574.1622960367554,1079.114,6817.460840457034,4646.29934,30639.77734
2026-06-20 18:00:00+02:00,6252.033422987362,3558.81923,658.7156067814237,1017.575,6910.749029768786,4576.39423,27928.13923
2026-06-20 18:15:00+02:00,6268.950750746734,3480.82987,639.4838976169602,949.791,6908.434648363695,4430.62087,25118.15887
2026-06-20 18:30:00+02:00,6248.420779923703,3346.90879,609.7350051462279,942.482,6858.155785069931,4289.3907899999995,22204.66379
2026-06-20 18:45:00+02:00,6200.209762606472,3213.52447,584.7092569459071,916.842,6784.91901955238,4130.36647,19269.02447
2026-06-20 19:00:00+02:00,5501.578452006683,3137.49242,525.1291433811142,832.913,6026.707595387797,3970.40542,16480.10542
2026-06-20 19:15:00+02:00,5396.5700209415945,3067.97189,495.75868335481414,757.121,5892.328704296408,3825.09289,13864.14489
2026-06-20 19:30:00+02:00,5231.72289604802,2968.81764,471.1587243673463,637.989,5702.881620415366,3606.80664,11502.81264
2026-06-20 19:45:00+02:00,5092.2804870143145,2736.59199,469.1660548407333,552.463,5561.446541855048,3289.0549899999996,9396.00299
2026-06-20 20:00:00+02:00,5545.911886632572,2524.03149,375.04153751091826,533.891,5920.95342414349,3057.92249,7627.92149
2026-06-20 20:15:00+02:00,5446.273936602086,2431.12644,401.97720011893864,500.745,5848.2511367210245,2931.87144,6202.19244
2026-06-20 20:30:00+02:00,5318.212942036455,2382.2479,393.44035846693913,477.822,5711.653300503394,2860.0699,5040.9429
2026-06-20 20:45:00+02:00,5239.566708570903,2473.42982,378.3834100521057,453.628,5617.950118623008,2927.05782,4236.15082
2026-06-20 21:00:00+02:00,4861.561390472503,2599.79926,276.1305520477406,395.351,5137.691942520244,2995.15026,3671.54826
2026-06-20 21:15:00+02:00,4919.834128636375,2808.56607,302.31921536933953,331.694,5222.153344005715,3140.26007,3430.9800699999996
2026-06-20 21:30:00+02:00,4871.108963243141,2874.00074,328.39641737820756,276.399,5199.505380621349,3150.39974,3238.9257399999997
2026-06-20 21:45:00+02:00,4825.6465353732065,2741.62343,347.9526260092827,219.271,5173.599161382489,2960.8944300000003,2974.78243
2026-06-20 22:00:00+02:00,5979.012785279951,2635.39287,208.6318523097436,188.497,6187.644637589694,2823.88987,2827.47187
2026-06-20 22:15:00+02:00,6062.873727057417,2776.71827,219.13905749559316,154.124,6282.0127845530105,2930.8422699999996,2931.3552699999996
2026-06-20 22:30:00+02:00,6121.287509601269,2940.1751,231.09419622040951,133.253,6352.381705821679,3073.4281,3073.6171
2026-06-20 22:45:00+02:00,6185.17730570697,2998.60889,257.5418702842689,127.456,6442.719175991239,3126.06489,3126.23889
2026-06-20 23:00:00+02:00,4846.180918755035,2999.87932,175.31587760817087,113.53,5021.496796363206,3113.40932,3113.58232
2026-06-20 23:15:00+02:00,4892.0996297738975,3052.08799,179.61992999050915,121.742,5071.719559764407,3173.82999,3173.99499
2026-06-20 23:30:00+02:00,4919.283790460785,3065.73188,175.18460351487713,137.356,5094.468393975662,3203.08788,3203.24688
2026-06-20 23:45:00+02:00,4945.406319768678,3050.30064,161.4306291349116,146.667,5106.8369489035895,3196.96764,3197.1296399999997
2026-06-21 00:00:00+02:00,3698.5343944122515,2937.96553,279.5189156146916,162.387,3978.053310026943,3100.35253,3100.50853
2026-06-21 00:15:00+02:00,3745.400961881006,2800.2607,330.6300596655392,164.823,4076.031021546545,2965.0836999999997,2965.2066999999997
2026-06-21 00:30:00+02:00,3798.638252859263,2751.45616,361.2760432432417,201.001,4159.9142961025045,2952.4571600000004,2952.5761600000005
2026-06-21 00:45:00+02:00,3838.1168994887366,2800.84091,417.424781092026,259.057,4255.541680580763,3059.8979099999997,3060.01491
2026-06-21 01:00:00+02:00,3535.7086473413256,2829.52171,368.9056489104645,276.564,3904.61429625179,3106.08571,3106.21171
2026-06-21 01:15:00+02:00,3516.6481092552635,2896.65564,382.23037383408416,258.495,3898.878483089348,3155.15064,3155.25764
2026-06-21 01:30:00+02:00,3510.0808312252398,2924.61551,367.630181276986,310.981,3877.711012502226,3235.5965100000003,3235.6945100000003
2026-06-21 01:45:00+02:00,3522.714667788369,2973.83519,382.5365238359643,343.699,3905.251191624333,3317.53419,3317.63119
2026-06-21 02:00:00+02:00,3356.3495767439895,2961.56348,366.5597615970716,437.369,3722.909338341061,3398.93248,3399.02648
2026-06-21 02:15:00+02:00,3344.237985081238,2807.38152,401.2949873272366,476.565,3745.5329724084745,3283.94652,3284.03552
2026-06-21 02:30:00+02:00,3304.069395118656,2500.55723,445.0023296217625,464.877,3749.071724740418,2965.43423,2965.52423
2026-06-21 02:45:00+02:00,3292.2379130896616,2389.55477,425.1732304584235,418.265,3717.411143548085,2807.81977,2807.89277
2026-06-21 03:00:00+02:00,2946.835199034981,2359.36866,451.87007953904003,308.474,3398.705278574021,2667.8426600000003,2667.9196600000005
2026-06-21 03:15:00+02:00,2885.6651530836302,2555.42129,443.82142244289594,265.391,3329.4865755265264,2820.8122900000003,2820.8952900000004
2026-06-21 03:30:00+02:00,2845.9531698488536,2824.59946,421.7731484599091,227.188,3267.7263183087625,3051.78746,3051.85246
2026-06-21 03:45:00+02:00,2808.6289387663464,3012.558,413.97843598732896,198.485,3222.6073747536752,3211.043,3211.105
2026-06-21 04:00:00+02:00,2928.040748183558,3433.26802,474.5291716699036,219.674,3402.5699198534617,3652.94202,3653.00802
2026-06-21 04:15:00+02:00,2916.6800158385413,3736.11473,491.7828588386145,285.124,3408.462874677156,4021.23873,4021.37073
2026-06-21 04:30:00+02:00,2927.8628037937374,3941.72582,508.0327673729429,349.94,3435.8955711666804,4291.66582,4293.81882
2026-06-21 04:45:00+02:00,2936.792660270029,4472.70745,486.4092030112738,358.288,3423.201863281303,4830.99545,4857.255450000001
2026-06-21 05:00:00+02:00,3377.4323485762757,5131.30284,524.9917348873979,263.116,3902.4240834636735,5394.41884,5521.82984
2026-06-21 05:15:00+02:00,3445.3410886342235,5298.59572,526.3693021565443,257.769,3971.7103907907676,5556.3647200000005,5979.6417200000005
2026-06-21 05:30:00+02:00,3445.730975647594,5259.44249,536.434829192925,245.828,3982.165804840519,5505.270490000001,6537.088490000001
2026-06-21 05:45:00+02:00,3408.496233551183,5190.45424,511.6830901053187,180.037,3920.1793236565018,5370.49124,7191.60324
2026-06-21 06:00:00+02:00,4169.103159094668,5289.74139,514.3440380066164,155.102,4683.4471971012845,5444.84339,8216.82839
2026-06-21 06:15:00+02:00,4117.933509733236,5182.77148,502.58850995541695,216.601,4620.522019688653,5399.37248,9288.13448
2026-06-21 06:30:00+02:00,4040.3244512465017,5385.0103,477.7767310395122,238.874,4518.101182286014,5623.8843,10866.1613
2026-06-21 06:45:00+02:00,3947.4924396481383,5517.61487,457.19293097801176,286.156,4404.68537062615,5803.77087,12562.11787
2026-06-21 07:00:00+02:00,4365.863353625253,5794.37447,576.4886968552718,374.152,4942.352050480525,6168.52647,14610.57647
2026-06-21 07:15:00+02:00,4235.581662433647,5893.03932,578.8820689564743,491.886,4814.463731390121,6384.92532,16695.607320000003
2026-06-21 07:30:00+02:00,4082.855481334682,6012.6808,558.9305797485372,545.357,4641.7860610832195,6558.0378,18869.5668
2026-06-21 07:45:00+02:00,3924.2520228597864,5865.99908,559.7025984913171,468.438,4483.954621351104,6334.43708,20908.53508
2026-06-21 08:00:00+02:00,4961.363763569953,5476.5611,421.6111074172224,500.493,5382.974870987176,5977.0541,22841.1641
2026-06-21 08:15:00+02:00,4895.865918413724,5094.02068,422.33625381585927,556.725,5318.202172229583,5650.74568,24768.06468
2026-06-21 08:30:00+02:00,4713.627878967074,5494.28005,374.07023091609346,656.899,5087.6981098831675,6151.179050000001,27626.252050000003
2026-06-21 08:45:00+02:00,4682.563258171063,5886.44702,344.29619545952073,762.849,5026.8594536305845,6649.29602,30202.753019999996
2026-06-21 09:00:00+02:00,5224.624397707042,6124.95197,430.14312868238153,854.58,5654.767526389423,6979.53197,32568.62997
2026-06-21 09:15:00+02:00,5239.969070039439,5841.71096,381.7254380180945,876.66,5621.694508057534,6718.37096,34032.95396
2026-06-21 09:30:00+02:00,5225.045545192534,5464.41467,336.6526962467826,840.354,5561.698241439316,6304.76867,35700.90767
2026-06-21 09:45:00+02:00,5257.4679806047025,4719.12737,331.4378918410175,743.905,5588.90587244572,5463.03237,37018.81337
2026-06-21 10:00:00+02:00,5575.238725984514,4186.90062,238.7153557983441,752.073,5813.954081782857,4938.973620000001,38538.583620000005
2026-06-21 10:15:00+02:00,5596.333398255305,3879.66734,225.9300672780181,843.416,5822.263465533323,4723.08334,40400.675339999994
2026-06-21 10:30:00+02:00,5645.257030496795,3552.62225,208.25625442775276,993.951,5853.513284924547,4546.5732499999995,41967.07425
2026-06-21 10:45:00+02:00,5663.363284890379,3316.72383,162.55771715327148,1078.177,5825.92100204365,4394.90083,43786.75383
2026-06-21 11:00:00+02:00,5239.790356914778,3327.41277,175.50845917591244,905.658,5415.298816090691,4233.07077,44655.42377
2026-06-21 11:15:00+02:00,5268.865888099154,2789.2069,158.89495145141268,997.902,5427.760839550567,3787.1089,45766.7919
2026-06-21 11:30:00+02:00,5251.769811589024,2706.32419,119.56485685084218,1092.086,5371.334668439867,3798.41019,47006.32519
2026-06-21 11:45:00+02:00,5290.641853551202,2984.55995,82.0128941710756,1003.037,5372.6547477222775,3987.59695,47766.32195
2026-06-21 12:00:00+02:00,5450.039220654561,3134.98716,0.0,495.836,5450.039220654561,3630.82316,48095.47716
2026-06-21 12:15:00+02:00,5441.455322190931,3073.1487,0.0,401.69,5441.455322190931,3474.8387,48440.0787
2026-06-21 12:30:00+02:00,5406.603790426453,3134.96729,0.0,367.086,5406.603790426453,3502.05329,49274.01729
2026-06-21 12:45:00+02:00,5406.79174632011,3155.3124,0.0,379.925,5406.79174632011,3535.2374,48990.721399999995
2026-06-21 13:00:00+02:00,4921.577207684141,3103.56601,225.87813801711354,402.662,5147.455345701255,3506.22801,48846.62201
2026-06-21 13:15:00+02:00,4877.216167573687,2627.7372,199.44505519254693,429.558,5076.661222766234,3057.2952,48269.9152
2026-06-21 13:30:00+02:00,4875.256003290975,2284.64809,186.0473180427892,469.668,5061.303321333764,2754.3160900000003,47527.21809
2026-06-21 13:45:00+02:00,4891.316931572767,1982.82705,167.9245129095235,461.679,5059.241444482291,2444.50605,46658.55805000001
2026-06-21 14:00:00+02:00,4797.334058026815,1754.68917,426.58013898613393,777.933,5223.9141970129485,2532.62217,46749.34617
2026-06-21 14:15:00+02:00,4853.133556270134,1538.77922,432.1329753749402,966.662,5285.266531645075,2505.4412199999997,46440.06122
2026-06-21 14:30:00+02:00,4869.792531592186,1402.77114,435.16773061859374,1055.473,5304.96026221078,2458.24414,46181.95814
2026-06-21 14:45:00+02:00,4903.377772762911,1261.36435,417.3320998327829,1088.912,5320.709872595694,2350.27635,44615.50735
2026-06-21 15:00:00+02:00,5965.041398001804,1321.01977,518.7986328434299,1187.732,6483.840030845234,2508.75177,43992.22677
2026-06-21 15:15:00+02:00,6071.784094007708,1346.96759,495.68702496466483,1437.694,6567.471118972372,2784.6615899999997,43014.583589999995
2026-06-21 15:30:00+02:00,6144.767672882144,1461.65596,485.73336210539003,1387.561,6630.501034987535,2849.2169599999997,41578.30396
2026-06-21 15:45:00+02:00,6196.438715098918,1649.23999,494.6586281029368,1386.045,6691.0973432018545,3035.28499,40747.02599
2026-06-21 16:00:00+02:00,5095.456414711191,2024.41316,689.7549965367512,1575.449,5785.211411247943,3599.86216,39275.12216
2026-06-21 16:15:00+02:00,5211.981493532082,2288.36635,724.2400491886226,1566.788,5936.221542720705,3855.15435,37586.84635
2026-06-21 16:30:00+02:00,5381.651969951852,2445.42199,758.0873710959154,1709.577,6139.739341047767,4154.99899,35929.17699
2026-06-21 16:45:00+02:00,5502.07712799692,2788.33456,749.7612990727168,1848.525,6251.838427069637,4636.85956,34399.20056
2026-06-21 17:00:00+02:00,5347.816626873449,3037.55557,790.3794177002744,1865.441,6138.196044573724,4902.99657,32967.54957
2026-06-21 17:15:00+02:00,5503.026584096633,3261.60395,859.0144779222982,1878.417,6362.041062018931,5140.02095,31273.11795
2026-06-21 17:30:00+02:00,5616.275275214284,3506.12296,868.9183198119201,1966.08,6485.193595026204,5472.2029600000005,29559.87696
2026-06-21 17:45:00+02:00,5675.065369412611,3750.92513,854.3244251920954,2038.912,6529.389794604706,5789.83713,27580.45213
2026-06-21 18:00:00+02:00,6096.217731028284,3741.78398,860.0969462031179,2178.768,6956.314677231402,5920.55198,25518.51298
2026-06-21 18:15:00+02:00,6121.920543286429,3766.07138,837.6897924882127,2323.028,6959.6103357746415,6089.09938,23480.74038
2026-06-21 18:30:00+02:00,6110.615935522068,3759.14047,806.6571625327256,2288.856,6917.273098054793,6047.99647,21093.81447
2026-06-21 18:45:00+02:00,6072.363473077874,4020.13314,781.9445024248287,2228.943,6854.307975502703,6249.07614,19135.69314
2026-06-21 19:00:00+02:00,6245.340597515099,4210.21784,1193.0586676836763,2269.213,7438.3992651987755,6479.430840000001,17297.491840000002
2026-06-21 19:15:00+02:00,6143.839444378293,4486.24251,1163.4353338553724,2382.331,7307.274778233665,6868.57351,15723.13151
2026-06-21 19:30:00+02:00,5983.4158210871565,4589.21475,1140.9129737685619,2460.589,7124.328794855718,7049.80375,14202.30575
2026-06-21 19:45:00+02:00,5854.635779040115,4568.60156,1130.7404715705213,2469.133,6985.376250610637,7037.73456,12674.47856
2026-06-21 20:00:00+02:00,6487.047960959955,4496.0558,1575.5516996311803,2466.039,8062.599660591135,6962.094800000001,11302.4178
2026-06-21 20:15:00+02:00,6411.389257574319,4543.96695,1597.4105813927192,2547.229,8008.799838967038,7091.195949999999,10328.83795
2026-06-21 20:30:00+02:00,6319.314734540404,4456.27417,1585.2982200159702,2664.965,7904.6129545563745,7121.23917,9375.62617
2026-06-21 20:45:00+02:00,6264.845185560846,4394.71341,1571.0544186083587,2651.367,7835.899604169205,7046.0804100000005,8429.672410000001
2026-06-21 21:00:00+02:00,7253.93255348967,4481.67705,1845.398407475657,2629.286,9099.330960965326,7110.96305,7830.72905
2026-06-21 21:15:00+02:00,7350.982649429823,4758.82169,1874.7787635999366,2740.5,9225.761413029759,7499.32169,7806.475689999999
2026-06-21 21:30:00+02:00,7348.609862680585,4980.766,1905.1962465968993,2914.963,9253.806109277484,7895.728999999999,7986.213
2026-06-21 21:45:00+02:00,7330.899634747646,4940.77001,1928.8805266407517,2939.427,9259.780161388397,7880.19701,7894.24801
2026-06-21 22:00:00+02:00,7159.765071038972,4823.35479,2124.4270714883537,2853.847,9284.192142527325,7677.201790000001,7679.031790000001
2026-06-21 22:15:00+02:00,7276.6592787494465,5085.3518,2137.5331000650235,2768.465,9414.19237881447,7853.8168,7854.456800000001
2026-06-21 22:30:00+02:00,7358.609789215395,5136.96255,2151.878139894584,2682.231,9510.487929109979,7819.19355,7819.40755
2026-06-21 22:45:00+02:00,7446.159226213969,5255.25211,2176.803574259811,2606.932,9622.96280047378,7862.18411,7862.378110000001
2026-06-21 23:00:00+02:00,8710.183240585,5498.59182,2745.227749601452,2622.742,11455.410990186452,8121.33382,8121.51282
2026-06-21 23:15:00+02:00,8773.430695517118,5657.58746,2749.642250828838,2637.876,11523.072946345956,8295.463459999999,8295.62646
2026-06-21 23:30:00+02:00,8816.176408192068,5646.58034,2746.8883018385704,2631.279,11563.064710030638,8277.85934,8278.00834
2026-06-21 23:45:00+02:00,8856.319753782835,5717.25377,2732.1343568881357,2710.674,11588.45411067097,8427.92777,8428.06277
2026-06-22 00:00:00+02:00,9109.909792211714,5750.36283,3143.16393042512,2758.868,12253.073722636835,8509.23083,8509.368830000001
2026-06-22 00:15:00+02:00,9154.210367223337,5794.32207,3195.8595999477334,2794.006,12350.06996717107,8588.32807,8588.44407
2026-06-22 00:30:00+02:00,9205.247776200607,5806.61595,3228.3529312754713,2742.655,12433.600707476078,8549.27095,8549.39295
2026-06-22 00:45:00+02:00,9245.794854359852,5873.78373,3288.0714840056785,2660.643,12533.866338365531,8534.42673,8534.54373
2026-06-22 01:00:00+02:00,8637.300697418586,5971.41552,2914.256426570058,2558.782,11551.557123988645,8530.19752,8530.30352
2026-06-22 01:15:00+02:00,8622.323318076697,5990.55706,2926.9207832330553,2497.083,11549.244101309752,8487.64006,8487.74206
2026-06-22 01:30:00+02:00,8617.906914559233,5931.93619,2913.5176140684266,2501.907,11531.42452862766,8433.84319,8433.95819
2026-06-22 01:45:00+02:00,8632.147072976903,5976.94483,2930.5418003584864,2500.03,11562.688873335388,8476.974830000001,8477.065830000001
2026-06-22 02:00:00+02:00,7538.4045327515905,6007.3467,2651.3240043869027,2486.094,10189.728537138493,8493.4407,8493.526699999999
2026-06-22 02:15:00+02:00,7522.866451393847,6091.36817,2682.8542875760436,2471.557,10205.72073896989,8562.925169999999,8563.010169999998
2026-06-22 02:30:00+02:00,7474.040965674691,6175.6783,2723.2220746113135,2428.346,10197.263040286005,8604.0243,8604.109299999998
2026-06-22 02:45:00+02:00,7457.9687441960905,6286.2151,2703.5389184114947,2439.4,10161.507662607586,8725.6151,8725.6941
2026-06-22 03:00:00+02:00,6171.84772452628,6335.8742,2408.622791829118,2389.008,8580.470516355399,8724.8822,8724.9542
2026-06-22 03:15:00+02:00,6117.361699883328,6300.2671,2400.6315723363446,2409.279,8517.993272219672,8709.5461,8709.6211
2026-06-22 03:30:00+02:00,6084.523004996427,6330.01551,2381.166040128494,2437.092,8465.68904512492,8767.10751,8767.18551
2026-06-22 03:45:00+02:00,6051.657865009104,6303.75517,2373.989847444384,2439.942,8425.647712453489,8743.69717,8743.77917
2026-06-22 04:00:00+02:00,5252.407608304973,6191.20407,2305.8522215046305,2328.805,7558.259829809604,8520.00907,8520.08707
2026-06-22 04:15:00+02:00,5248.411817029168,6161.28796,2326.44411097091,2252.701,7574.855928000077,8413.988959999999,8414.29696
2026-06-22 04:30:00+02:00,5262.16059318862,6199.71121,2346.361700347753,2179.268,7608.522293536373,8378.979210000001,8382.07321
2026-06-22 04:45:00+02:00,5281.874353739785,6254.55102,2326.698673027931,2072.401,7608.573026767715,8326.95202,8353.35902
2026-06-22 05:00:00+02:00,5169.069408260441,6433.4355,2057.919584292979,1926.105,7226.988992553421,8359.5405,8476.2645
2026-06-22 05:15:00+02:00,5236.759208316445,6501.79669,2059.737980967263,1767.448,7296.497189283708,8269.24469,8643.26369
2026-06-22 05:30:00+02:00,5231.374245922306,6340.69556,2067.8793535799027,1633.528,7299.253599502208,7974.22356,8945.82156
2026-06-22 05:45:00+02:00,5187.760836294512,6159.94961,2041.6640230702174,1582.488,7229.42485936473,7742.43761,9494.04461
2026-06-22 06:00:00+02:00,4515.065455886765,5962.06274,1848.1218697326813,1480.158,6363.187325619447,7442.220740000001,10120.40974
2026-06-22 06:15:00+02:00,4455.267626174787,5651.91708,1837.5892413934193,1371.884,6292.856867568207,7023.80108,10853.86408
2026-06-22 06:30:00+02:00,4381.5040654184095,5265.72667,1812.1551069672128,1273.124,6193.659172385622,6538.85067,11799.35567
2026-06-22 06:45:00+02:00,4291.569011925107,4798.07535,1790.68647792382,1248.097,6082.255489848927,6046.17235,13024.81535
2026-06-22 07:00:00+02:00,3833.4582872069263,4318.3853,1470.8107328534443,1219.871,5304.26902006037,5538.2563,14470.5843
2026-06-22 07:15:00+02:00,3708.2720655335174,3794.59535,1476.9435089267101,1158.564,5185.215574460228,4953.15935,16061.48535
2026-06-22 07:30:00+02:00,3560.873149765489,3308.62055,1459.406953018577,1152.203,5020.280102784066,4460.82355,18024.31355
2026-06-22 07:45:00+02:00,3422.446094830202,2974.66631,1457.9147405834528,1132.59,4880.360835413655,4107.25631,20403.53231
2026-06-22 08:00:00+02:00,2719.8674442002,2705.66301,1235.2424592610844,1049.62,3955.1099034612844,3755.28301,22756.32901
2026-06-22 08:15:00+02:00,2631.359628781244,2450.83528,1237.5724373173462,953.119,3868.93206609859,3403.95428,25163.26328
2026-06-22 08:30:00+02:00,2551.6554584989262,2291.10115,1216.5846146236106,893.091,3768.240073122537,3184.19215,27794.73615
2026-06-22 08:45:00+02:00,2503.9487655769585,2084.85165,1184.2597346625462,838.046,3688.2085002395047,2922.89765,30301.05465
2026-06-22 09:00:00+02:00,2194.6866352805127,1850.39394,888.1393779714781,772.458,3082.826013251991,2622.85194,32623.21294
2026-06-22 09:15:00+02:00,2179.891945503413,1709.33539,841.8655432278659,732.877,3021.757488731279,2442.2123899999997,34713.28039
2026-06-22 09:30:00+02:00,2122.4301875463066,1600.69962,798.6896293491122,700.069,2921.119816895419,2300.76862,36895.34462
2026-06-22 09:45:00+02:00,2136.770156785177,1508.16566,790.0209331302899,652.113,2926.7910899154667,2160.27866,38961.94266
2026-06-22 10:00:00+02:00,1985.3411648371384,1480.46249,747.4311202166828,572.266,2732.772285053821,2052.72849,41537.40949
2026-06-22 10:15:00+02:00,1986.7918618544838,1454.88143,736.5561435638529,608.968,2723.3480054183365,2063.84943,43847.30143
2026-06-22 10:30:00+02:00,2026.693772665833,1447.52638,716.7042729174254,603.456,2743.3980455832584,2050.98238,45924.74338
2026-06-22 10:45:00+02:00,2042.5950165781392,1421.72024,666.0639353007518,594.517,2708.658951878891,2016.23724,47764.28124
2026-06-22 11:00:00+02:00,1870.067649922423,1432.13626,548.3555915735536,558.176,2418.4232414959765,1990.31226,49373.35326
2026-06-22 11:15:00+02:00,1894.9721128025556,1442.65177,526.7647760054335,540.681,2421.736888807989,1983.33277,50942.53277
2026-06-22 11:30:00+02:00,1875.6219258113838,1440.28362,486.1560684277193,528.428,2361.777994239103,1968.71162,52248.39962
2026-06-22 11:45:00+02:00,1920.4622784282305,1392.2201,452.51542464024584,564.277,2372.9777030684763,1956.4971,53485.0561
2026-06-22 12:00:00+02:00,1152.4836864869026,1405.19071,520.0117057137564,786.513,1672.495392200659,2191.70371,54544.61571
2026-06-22 12:15:00+02:00,1146.9660299779289,1341.33383,493.3105742046156,764.381,1640.2766041825444,2105.71483,54495.65083
2026-06-22 12:30:00+02:00,1112.5076560248544,1473.6228,490.5270298894494,756.531,1603.0346859143037,2230.1538,55274.8518
2026-06-22 12:45:00+02:00,1111.4406989901272,1606.393,507.79218650634493,834.203,1619.2328854964721,2440.596,55861.965
2026-06-22 13:00:00+02:00,985.4528601129487,1664.75355,693.1182116165708,847.88,1678.5710717295194,2512.63355,55961.87155
2026-06-22 13:15:00+02:00,942.0912963818039,1743.55532,657.9394104496816,804.113,1600.0307068314855,2547.66832,55899.870319999995
2026-06-22 13:30:00+02:00,945.2068411426085,1755.21952,641.4686689433765,777.172,1586.675510085985,2532.39152,55611.51552
2026-06-22 13:45:00+02:00,958.8721219722607,1841.45303,627.579067287322,789.405,1586.4511892595829,2630.85803,55175.957030000005
2026-06-22 14:00:00+02:00,1064.191720674708,1949.22394,700.4281815927302,757.686,1764.6199022674382,2706.90994,54514.251939999995
2026-06-22 14:15:00+02:00,1118.4676169990603,2091.83675,708.4941602825868,773.984,1826.961777281647,2865.82075,53736.374749999995
2026-06-22 14:30:00+02:00,1138.0607964140531,2185.42622,714.2743083652699,798.283,1852.335104779323,2983.7092199999997,52576.10322
2026-06-22 14:45:00+02:00,1174.4694416176199,2282.81845,696.5511862392389,845.428,1871.0206278568587,3128.24645,51866.31645
2026-06-22 15:00:00+02:00,1987.4195690560514,2423.44112,860.386159834951,963.717,2847.805728891002,3387.15812,50931.39612
2026-06-22 15:15:00+02:00,2089.4642204276233,2647.85051,837.719434562606,1111.415,2927.183654990229,3759.26551,49741.65151
2026-06-22 15:30:00+02:00,2160.0262271339648,2820.60774,827.9501220720615,1241.744,2987.9763492060265,4062.35174,48205.58274
2026-06-22 15:45:00+02:00,2206.6346197732864,2940.9141,834.6016165195695,1326.592,3041.236236292856,4267.5061000000005,46664.3691
2026-06-22 16:00:00+02:00,2485.10013623549,3141.43504,1184.9380117868834,1399.177,3670.038148022373,4540.61204,45181.85404
2026-06-22 16:15:00+02:00,2623.7406580399415,3370.23665,1216.662157293329,1473.291,3840.4028153332706,4843.52765,43487.26565
2026-06-22 16:30:00+02:00,2728.5138400126452,3626.22871,1249.5204408334089,1554.584,3978.034280846054,5180.81271,41302.56271
2026-06-22 16:45:00+02:00,2848.236724599984,4040.09636,1242.7394898782366,1694.814,4090.9762144782208,5734.91036,39622.95836
2026-06-22 17:00:00+02:00,3606.214873348251,4422.00741,1608.2022104459083,1751.774,5214.417083794159,6173.78141,37541.31441
2026-06-22 17:15:00+02:00,3758.209263894448,4807.70862,1673.7372349858529,1760.516,5431.946498880301,6568.224620000001,35470.64662
2026-06-22 17:30:00+02:00,3857.384051588036,4981.27158,1687.1761672997188,1784.059,5544.560218887755,6765.33058,33269.89558
2026-06-22 17:45:00+02:00,3915.551497783965,5220.10657,1670.8798959907906,1826.781,5586.431393774756,7046.88757,31098.594569999997
2026-06-22 18:00:00+02:00,4106.812691388723,5367.1396,1780.403276315323,1862.355,5887.215967704045,7229.4946,28853.776599999997
2026-06-22 18:15:00+02:00,4129.373981767479,5488.04087,1760.09668852601,1937.659,5889.470670293489,7425.69987,26604.20687
2026-06-22 18:30:00+02:00,4113.246963798198,5551.43378,1730.9197182666874,1991.192,5844.166682064885,7542.62578,24246.726779999997
2026-06-22 18:45:00+02:00,4070.334187254687,5466.31734,1706.228967428424,2004.81,5776.563154683111,7471.127339999999,21891.208339999997
2026-06-22 19:00:00+02:00,5141.9647691034415,5415.56303,1609.9727240007062,1996.592,6751.9374931041475,7412.15503,19529.03803
2026-06-22 19:15:00+02:00,5037.155953420595,5388.24165,1579.7636389234906,1882.15,6616.919592344086,7270.39165,17285.90365
2026-06-22 19:30:00+02:00,4874.653252763672,5381.8477,1554.9002746346318,1727.425,6429.553527398304,7109.2727,15081.0637
2026-06-22 19:45:00+02:00,4737.4282659363835,5345.64141,1541.9556651812209,1578.038,6279.383931117604,6923.679410000001,13080.25941
2026-06-22 20:00:00+02:00,5470.142680153172,5369.23134,1197.841975470245,1503.38,6667.984655623417,6872.61134,11420.55434
2026-06-22 20:15:00+02:00,5393.423475560336,5418.82471,1216.1129163281348,1372.297,6609.5363918884705,6791.121709999999,10089.90371
2026-06-22 20:30:00+02:00,5301.367882164775,5462.22363,1201.9181513276505,1222.461,6503.286033492426,6684.684630000001,8913.07763
2026-06-22 20:45:00+02:00,5246.836420566761,5572.99256,1185.6582237223126,1166.825,6432.494644289074,6739.8175599999995,8110.54056
2026-06-22 21:00:00+02:00,6551.585560680393,5826.05031,952.2876857100939,1134.635,7503.873246390487,6960.68531,7663.51231
2026-06-22 21:15:00+02:00,6653.148093379761,6377.94151,975.67664036156,1171.715,7628.824733741321,7549.65651,7816.730509999999
2026-06-22 21:30:00+02:00,6654.757854540219,6711.18514,1001.6199904417357,1236.217,7656.377844981955,7947.40214,8012.99714
2026-06-22 21:45:00+02:00,6630.145736632496,6799.76875,1020.266107115945,1239.713,7650.411843748441,8039.48175,8047.30775
2026-06-22 22:00:00+02:00,7455.811108605311,6651.4365,842.7714091870163,1211.09,8298.582517792327,7862.5265,7863.8575
2026-06-22 22:15:00+02:00,7569.2671998483775,6910.0507,850.6870887042359,1167.673,8419.954288552613,8077.7237,8078.1527
2026-06-22 22:30:00+02:00,7648.496811499562,7008.67044,858.1401373720374,1142.328,8506.636948871599,8150.998439999999,8151.20144
2026-06-22 22:45:00+02:00,7730.033445567176,6910.16392,878.2341920646966,1127.852,8608.267637631872,8038.01592,8038.20292
2026-06-22 23:00:00+02:00,9261.429308858844,6907.94195,998.0906023208663,1057.835,10259.51991117971,7965.77695,7965.95595
2026-06-22 23:15:00+02:00,9318.31223298065,6833.61248,999.6093179008009,911.391,10317.92155088145,7745.003479999999,7745.15248
2026-06-22 23:30:00+02:00,9355.456211037288,6618.19402,991.9303128132,807.172,10347.386523850488,7425.36602,7425.51002
2026-06-22 23:45:00+02:00,9388.648429380419,6314.20292,971.8265149252962,786.195,10360.474944305715,7100.397919999999,7100.529919999999
2026-06-23 00:00:00+02:00,8649.559208347802,5986.91106,1193.6235556081601,770.385,9843.182763955963,6757.296060000001,6757.432060000001
2026-06-23 00:15:00+02:00,8687.947969251114,5711.45407,1239.539891489569,728.29,9927.487860740683,6439.74407,6439.885069999999
2026-06-23 00:30:00+02:00,8733.54723752863,5526.98366,1263.8883936484815,764.289,9997.435631177112,6291.27266,6291.404659999999
2026-06-23 00:45:00+02:00,8770.569049130614,5320.56165,1315.697328642454,790.592,10086.266377773069,6111.153649999999,6111.2796499999995
2026-06-23 01:00:00+02:00,7001.038761511449,4964.9738,1132.6371073116659,853.458,8133.675868823115,5818.431799999999,5818.556799999999
2026-06-23 01:15:00+02:00,6987.363533132969,4674.45561,1138.282063592694,875.997,8125.6455967256625,5550.45261,5550.579610000001
2026-06-23 01:30:00+02:00,6982.984881921274,4464.58273,1122.1378497071248,854.031,8105.1227316283985,5318.61373,5318.73273
2026-06-23 01:45:00+02:00,6998.577775163277,4144.53493,1135.4812655456208,845.896,8134.059040708898,4990.4309299999995,4990.54293
2026-06-23 02:00:00+02:00,5668.619126785621,3852.76249,1027.0806196035012,847.888,6695.699746389122,4700.65049,4700.75749
2026-06-23 02:15:00+02:00,5655.960223493761,3661.86617,1059.1540394036276,839.753,6715.1142628973885,4501.61917,4501.72017
2026-06-23 02:30:00+02:00,5612.640279529311,3411.75044,1096.4053353711624,752.815,6709.045614900473,4164.56544,4164.65944
2026-06-23 02:45:00+02:00,5601.830436804875,3253.79477,1074.3561600333808,696.001,6676.186596838255,3949.79577,3949.88677
2026-06-23 03:00:00+02:00,4542.980436248307,3176.60007,962.0550016833128,606.5,5505.03543793162,3783.10007,3783.19207
2026-06-23 03:15:00+02:00,4491.2696744554205,2986.8583,953.9576049262798,500.733,5445.2272793817,3487.5913,3487.6823
2026-06-23 03:30:00+02:00,4461.768228287509,2845.77078,934.5711199853804,427.66,5396.33934827289,3273.4307799999997,3273.5147799999995
2026-06-23 03:45:00+02:00,4430.062763743151,2725.23473,921.1307217690751,426.551,5351.193485512225,3151.78573,3151.86573
2026-06-23 04:00:00+02:00,3841.763832413618,2621.36098,664.7366160942065,419.943,4506.500448507824,3041.3039799999997,3041.3839799999996
2026-06-23 04:15:00+02:00,3835.8082495549165,2512.09512,679.1144136208937,420.928,4514.92266317581,2933.02312,2933.34012
2026-06-23 04:30:00+02:00,3847.9097333117456,2508.88371,695.6566317794852,392.273,4543.566365091231,2901.15671,2905.00471
2026-06-23 04:45:00+02:00,3865.650681009439,2482.48677,671.2573475680923,354.747,4536.908028577531,2837.23377,2868.55777
2026-06-23 05:00:00+02:00,3423.374798501658,2504.96086,643.301653765865,364.645,4066.676452267523,2869.60586,2998.88086
2026-06-23 05:15:00+02:00,3484.1139527710143,2531.44472,640.3570201027848,359.58,4124.470972873799,2891.02472,3247.64572
2026-06-23 05:30:00+02:00,3471.389123783421,2467.79736,644.2664462084748,398.293,4115.655569991895,2866.09036,3743.99636
2026-06-23 05:45:00+02:00,3426.1048808468718,2373.55406,618.2957118787795,397.675,4044.400592725651,2771.22906,4432.24906
2026-06-23 06:00:00+02:00,3128.727436359579,2250.4296,477.6141239299136,398.211,3606.3415602894925,2648.6405999999997,5261.0455999999995
2026-06-23 06:15:00+02:00,3056.11133207466,2125.90815,467.94872195839736,374.91,3524.0600540330574,2500.81815,6265.78315
2026-06-23 06:30:00+02:00,2968.9551429225717,1922.43095,444.05689270051903,328.142,3413.012035623091,2250.57295,7455.47495
2026-06-23 06:45:00+02:00,2867.357499873019,1714.89803,422.8596913712971,250.444,3290.2171912443164,1965.34203,8793.16203
2026-06-23 07:00:00+02:00,2830.412948622004,1476.10696,436.83050089980054,222.619,3267.2434495218045,1698.72596,10529.65196
2026-06-23 07:15:00+02:00,2702.8675503529294,1212.81944,440.7205164640857,220.55,3143.588066817015,1433.36944,12428.46344
2026-06-23 07:30:00+02:00,2556.374845910047,922.41862,422.6593074008384,171.088,2979.0341533108854,1093.50662,14599.37062
2026-06-23 07:45:00+02:00,2453.356792928925,686.78778,419.5578808751844,130.632,2872.9146738041095,817.41978,17067.75678
2026-06-23 08:00:00+02:00,2086.1538642620276,518.24594,386.3813509098779,102.525,2472.5352151719053,620.77094,19652.00094
2026-06-23 08:15:00+02:00,1932.3098318418247,395.94587,386.81745194058647,95.23,2319.1272837824113,491.17587,22519.19587
2026-06-23 08:30:00+02:00,1873.3139607694072,305.64015,386.5834967204884,82.001,2259.8974574898957,387.64115,25266.14215
2026-06-23 08:45:00+02:00,1844.56154313068,235.10155,359.81030489808785,84.825,2204.371848028768,319.92655,28179.13455
2026-06-23 09:00:00+02:00,1697.3968431954745,216.76763,460.9701219919911,62.898,2158.3669651874657,279.66563,30620.55663
2026-06-23 09:15:00+02:00,1678.1774229063453,203.73896,417.3104397174358,47.059,2095.487862623781,250.79796,33029.84096
2026-06-23 09:30:00+02:00,1614.330439926775,203.39542,382.2802100129912,26.922,1996.610649939766,230.31742,35524.56942
2026-06-23 09:45:00+02:00,1609.7501345556452,220.95579,379.0805594539555,20.61,1988.8306940096008,241.56579,37940.73479
2026-06-23 10:00:00+02:00,1294.4849185116218,230.12103,316.47513535555777,22.97,1610.9600538671796,253.09103,39998.92603
2026-06-23 10:15:00+02:00,1286.7380330148462,243.86128,306.6697911812803,30.454,1593.4078241961265,274.31528,41691.956280000006
2026-06-23 10:30:00+02:00,1317.3027807848591,261.11469,296.2313611646698,38.026,1613.534141949529,299.14069,43699.50969
2026-06-23 10:45:00+02:00,1325.9737519180717,294.46083,257.4298736432787,33.414,1583.4036255613505,327.87483,45430.22583
2026-06-23 11:00:00+02:00,1366.4422328549497,332.78661,325.516321777456,30.337,1691.9585546324056,363.12361,46764.61361
2026-06-23 11:15:00+02:00,1378.5949019962566,351.74191,315.9050150419836,21.561,1694.4999170382403,373.30291,48247.49491
2026-06-23 11:30:00+02:00,1357.5367701081868,368.13402,278.21822774320134,20.624,1635.7549978513882,388.75802,49265.07202
2026-06-23 11:45:00+02:00,1408.0189795803449,387.24791,245.12268163156622,21.432,1653.141661211911,408.67991,50046.43191
2026-06-23 12:00:00+02:00,1025.749771869621,419.33129,286.0191530254501,21.974,1311.7689248950712,441.30529,50299.363289999994
2026-06-23 12:15:00+02:00,1016.94713261199,458.4136,258.0832794711548,32.269,1275.0304120831447,490.6826,50820.5366
2026-06-23 12:30:00+02:00,984.2643648007047,484.19755,253.55197043975625,56.308,1237.8163352404608,540.50555,50971.99155
2026-06-23 12:45:00+02:00,982.2044908828987,510.35418,269.59095796691054,67.223,1251.7954488498092,577.57718,51052.43218
2026-06-23 13:00:00+02:00,735.1954117382845,545.12205,345.4576356730314,27.184,1080.653047411316,572.3060499999999,50924.88205
2026-06-23 13:15:00+02:00,682.4211371746858,569.45996,311.8584598223209,24.179,994.2795969970067,593.63896,50540.35595999999
2026-06-23 13:30:00+02:00,677.4296902838653,609.43748,293.62632833806015,27.84,971.0560186219254,637.2774800000001,50418.15148
2026-06-23 13:45:00+02:00,680.0001570703137,629.62945,282.9213810740357,31.997,962.9215381443494,661.62645,50018.89545
2026-06-23 14:00:00+02:00,600.449618040887,658.22111,336.3975345643913,38.324,936.8471526052783,696.5451099999999,49641.79911
2026-06-23 14:15:00+02:00,650.0296716275694,676.24938,349.45033732501776,57.626,999.4800089525872,733.87538,49009.21338
2026-06-23 14:30:00+02:00,662.9908753575628,673.97169,353.6226021234284,61.49,1016.6134774809912,735.46169,47991.25369
2026-06-23 14:45:00+02:00,689.163373933724,692.77516,336.1417317168622,50.329,1025.305105650586,743.10416,46765.59116
2026-06-23 15:00:00+02:00,737.0122446107571,716.67141,262.3630543424779,188.586,999.375298953235,905.25741,46273.40841
2026-06-23 15:15:00+02:00,829.6632867713254,719.74894,254.67140458957954,281.87,1084.3346913609048,1001.61894,45628.88194
2026-06-23 15:30:00+02:00,913.2392936972701,754.92316,245.3875002036424,315.419,1158.6267939009126,1070.34216,44521.19016
2026-06-23 15:45:00+02:00,987.6490590438533,760.82181,254.31412541841675,280.317,1241.96318446227,1041.13881,43253.44081
2026-06-23 16:00:00+02:00,1076.7042485426114,791.87063,428.87144137097573,257.327,1505.5756899135872,1049.19763,41676.68663
2026-06-23 16:15:00+02:00,1266.9127396363192,843.2298,458.53919632862613,200.281,1725.4519359649453,1043.5108,40306.124800000005
2026-06-23 16:30:00+02:00,1357.1260380560955,878.41703,510.62198992099394,141.334,1867.7480279770894,1019.75103,38472.00603
2026-06-23 16:45:00+02:00,1481.9108693395276,910.05647,510.0331531082069,146.551,1991.9440224477344,1056.60747,36356.45147
2026-06-23 17:00:00+02:00,1453.1761885628039,930.07667,653.1524015765772,171.508,2106.328590139381,1101.58467,34270.69167
2026-06-23 17:15:00+02:00,1607.730137966266,953.16071,717.9252899656461,172.307,2325.655427931912,1125.46771,32137.78171
2026-06-23 17:30:00+02:00,1717.8389684552558,927.79981,739.2363134318642,146.818,2457.07528188712,1074.61781,29606.25281
2026-06-23 17:45:00+02:00,1780.385551566812,939.63704,724.6729468069957,152.142,2505.0584983738077,1091.77904,26906.697040000003
2026-06-23 18:00:00+02:00,2336.3452916198926,942.56969,923.361534827154,170.6,3259.7068264470463,1113.16969,24279.31869
2026-06-23 18:15:00+02:00,2359.5006657769486,1014.53816,908.057198559768,161.334,3267.5578643367166,1175.87216,21505.74316
2026-06-23 18:30:00+02:00,2342.955384385794,1008.80039,879.829606849266,141.658,3222.78499123506,1150.45839,18559.26139
2026-06-23 18:45:00+02:00,2307.6018055289073,957.34142,851.5895581786217,154.49,3159.191363707529,1111.83142,15955.01442
2026-06-23 19:00:00+02:00,3245.8486060452683,952.68874,936.5779349229058,176.763,4182.426540968174,1129.45174,13442.34074
2026-06-23 19:15:00+02:00,3149.8756287034153,978.69272,909.1928349848108,175.922,4059.068463688226,1154.61472,11122.58172
2026-06-23 19:30:00+02:00,2993.119508867475,1017.80423,888.6137629293124,214.009,3881.7332717967874,1231.81323,9145.45923
2026-06-23 19:45:00+02:00,2855.624928766925,1077.26647,878.3515862285459,260.369,3733.976514995471,1337.6354700000002,7503.84847
2026-06-23 20:00:00+02:00,2930.78568652188,1137.38049,1077.203818771507,287.535,4007.989505293387,1424.91549,6043.77749
2026-06-23 20:15:00+02:00,2856.8759316120745,1270.09805,1097.5949944162646,312.142,3954.470926028339,1582.24005,4918.15805
2026-06-23 20:30:00+02:00,2765.306539473113,1350.15636,1088.3822006792861,331.69,3853.688740152399,1681.84636,3962.72736
2026-06-23 20:45:00+02:00,2708.424506379165,1406.41476,1070.8370536180203,372.883,3779.261559997185,1779.29776,3188.3387599999996
2026-06-23 21:00:00+02:00,3253.824690230103,1518.09364,1276.4507915164618,396.503,4530.275481746565,1914.59664,2658.18764
2026-06-23 21:15:00+02:00,3362.50407254046,1640.46469,1302.9957176544874,372.701,4665.499790194947,2013.16569,2312.57769
2026-06-23 21:30:00+02:00,3376.2098778750255,1646.69111,1332.7607101018184,352.2,4708.970587976844,1998.89111,2085.91711
2026-06-23 21:45:00+02:00,3351.7024467676124,1694.80995,1351.4580287409713,346.869,4703.160475508584,2041.67895,2052.52695
2026-06-23 22:00:00+02:00,4407.225528855129,1808.6833,1252.3701957225435,325.993,5659.595724577672,2134.6763,2136.0483
2026-06-23 22:15:00+02:00,4525.192986864238,1921.31584,1258.5291532317283,344.888,5783.722140095966,2266.20384,2266.67084
2026-06-23 22:30:00+02:00,4604.715435715055,2121.78945,1263.1564598605737,362.132,5867.8718955756285,2483.9214500000003,2484.11545
2026-06-23 22:45:00+02:00,4685.556191243067,2321.13665,1279.1246801309496,367.471,5964.6808713740165,2688.60765,2688.77965
2026-06-23 23:00:00+02:00,3367.3104305298407,2501.89951,841.0156520679011,388.895,4208.326082597741,2890.79451,2890.97551
2026-06-23 23:15:00+02:00,3426.123006909621,2593.75196,840.7034611418486,479.011,4266.826468051469,3072.76296,3072.91696
2026-06-23 23:30:00+02:00,3461.0919285838922,2599.24148,829.6593958328014,535.997,4290.751324416694,3135.23848,3135.38248
2026-06-23 23:45:00+02:00,3494.411438179151,2616.70575,809.941694736003,536.156,4304.353132915154,3152.86175,3153.00275
2026-06-24 00:00:00+02:00,2384.8527581887147,2665.27259,605.4522233187198,596.081,2990.3049815074346,3261.35359,3261.4835900000003
2026-06-24 00:15:00+02:00,2413.2779267401875,2702.02157,648.7732347082956,700.502,3062.051161448483,3402.52357,3402.64457
2026-06-24 00:30:00+02:00,2449.1235110376883,2743.61266,672.9019972015817,784.006,3122.02550823927,3527.6186599999996,3527.73566
2026-06-24 00:45:00+02:00,2476.419992688238,2798.41979,721.7796252913653,788.057,3198.1996179796033,3586.4767899999997,3586.59779
2026-06-24 01:00:00+02:00,2390.7976541423636,2803.01605,680.1555817916387,820.779,3070.9532359340024,3623.79505,3623.90705
2026-06-24 01:15:00+02:00,2364.5996568247524,2810.21776,687.9759148671889,799.26,3052.575571691941,3609.47776,3609.56876
2026-06-24 01:30:00+02:00,2349.9450407046397,2820.45858,673.7004896371757,830.86,3023.645530341815,3651.31858,3651.41358
2026-06-24 01:45:00+02:00,2350.4429152713237,2810.07544,686.8153012211475,856.831,3037.258216492471,3666.90644,3666.99744
2026-06-24 02:00:00+02:00,2095.6483724403734,2760.09756,864.3948488679281,805.221,2960.0432213083013,3565.31856,3565.40156
2026-06-24 02:15:00+02:00,2071.037745502759,2752.13913,894.0305673699122,740.544,2965.0683128726714,3492.68313,3492.76813
2026-06-24 02:30:00+02:00,2017.9887304736071,2668.91848,927.2727260666311,764.443,2945.261456540238,3433.3614799999996,3433.4394799999995
2026-06-24 02:45:00+02:00,1996.5425417425151,2629.64725,901.8629919324485,835.814,2898.4055336749634,3465.46125,3465.53325
2026-06-24 03:00:00+02:00,1934.2373568284077,2609.85038,844.3268287004504,859.819,2778.564185528858,3469.66938,3469.7403799999997
2026-06-24 03:15:00+02:00,1872.7157077540926,2612.82279,831.3837986371168,903.228,2704.0995063912096,3516.05079,3516.1207900000004
2026-06-24 03:30:00+02:00,1833.8937496364329,2555.30505,812.3001780287042,923.351,2646.193927665137,3478.65605,3478.72705
2026-06-24 03:45:00+02:00,1794.413670952436,2546.8277,801.5894363396272,887.018,2596.0031072920633,3433.8457,3433.9147
2026-06-24 04:00:00+02:00,1832.9603391201583,2442.11379,626.2860346840137,892.096,2459.246373804172,3334.20979,3334.27179
2026-06-24 04:15:00+02:00,1820.1389842516198,2384.51783,639.6313476499574,982.697,2459.7703319015773,3367.21483,3367.42783
2026-06-24 04:30:00+02:00,1826.716986534539,2300.20259,654.4844641816006,925.051,2481.20145071614,3225.25359,3226.70959
2026-06-24 04:45:00+02:00,1839.9650915224574,2206.29379,630.4907733105517,868.563,2470.4558648330094,3074.8567900000003,3090.98379
2026-06-24 05:00:00+02:00,1995.1076212085677,2210.58658,395.5152884798581,871.105,2390.622909688426,3081.69158,3174.91158
2026-06-24 05:15:00+02:00,2045.7217359151098,2190.13664,393.5583700152371,859.61,2439.280105930347,3049.7466400000003,3389.6226400000005
2026-06-24 05:30:00+02:00,2027.8058916478756,2043.73822,398.8224275389353,821.078,2426.628319186811,2864.8162199999997,3786.44222
2026-06-24 05:45:00+02:00,1985.6093807560296,1891.36223,374.90417202377637,776.999,2360.513552779806,2668.36123,4431.69123
2026-06-24 06:00:00+02:00,2189.971407855445,1837.7582,487.9167913325648,755.663,2677.88819918801,2593.4212,5390.4902
2026-06-24 06:15:00+02:00,2119.3684534723707,1734.23973,480.07875904013565,727.203,2599.447212512506,2461.44273,6508.59073
2026-06-24 06:30:00+02:00,2032.6159871433279,1608.70184,456.4868646904737,715.372,2489.1028518338017,2324.07384,7872.39384
2026-06-24 06:45:00+02:00,1931.5725971470622,1503.64074,433.8446525551634,706.059,2365.4172497022255,2209.69974,9538.83774
2026-06-24 07:00:00+02:00,1988.1562703748714,1415.26945,271.97589635500583,693.9,2260.132166729877,2109.16945,11480.65045
2026-06-24 07:15:00+02:00,1864.103549262773,1327.78741,275.1364658949651,666.049,2139.240015157738,1993.83641,13817.14341
2026-06-24 07:30:00+02:00,1720.554580573343,1149.12269,256.99542596007433,621.294,1977.5500065334172,1770.41669,16393.61869
2026-06-24 07:45:00+02:00,1618.9633058058118,927.76787,252.47054899166014,545.581,1871.433854797472,1473.34887,19091.97587
2026-06-24 08:00:00+02:00,1691.4299159920588,714.22938,297.3537075013811,503.869,1988.7836234934398,1218.09838,21988.66638
2026-06-24 08:15:00+02:00,1558.382605395435,508.13735,297.95306010340846,436.666,1856.3356654988434,944.80335,24784.25335
2026-06-24 08:30:00+02:00,1542.5242148359032,359.90857,291.35229626231774,414.109,1833.8765110982208,774.01757,27671.94157
2026-06-24 08:45:00+02:00,1512.819471125083,258.7614,264.475566728154,390.587,1777.295037853237,649.3484,30455.0864
2026-06-24 09:00:00+02:00,1470.5577955441836,186.23156,274.67928161303587,376.165,1745.2370771572196,562.39656,32961.77856
2026-06-24 09:15:00+02:00,1449.592050175688,134.75157,238.11200484894903,345.646,1687.704055024637,480.39757,35399.13157
2026-06-24 09:30:00+02:00,1386.3943167529903,108.08118,204.02807829191624,301.026,1590.4223950449066,409.10718,38008.25918
2026-06-24 09:45:00+02:00,1376.8247841967145,97.07937,198.39658558809154,299.571,1575.221369784806,396.65037,40356.003370000006
2026-06-24 10:00:00+02:00,1345.032321831483,107.14311,334.6284528591565,307.952,1679.6607746906393,415.09511,42285.57211
2026-06-24 10:15:00+02:00,1335.8322804842246,120.51302,330.4192867107351,299.406,1666.2515671949598,419.91902,44372.80802
2026-06-24 10:30:00+02:00,1364.4043431558828,131.12039,320.1747431317632,315.504,1684.579086287646,446.62439,46024.021389999994
2026-06-24 10:45:00+02:00,1366.9457703298579,169.99757,282.15174305987597,319.425,1649.0975133897339,489.42257,47720.22357
2026-06-24 11:00:00+02:00,1379.1197345838475,203.32459,139.73663243617364,332.489,1518.856367020021,535.81359,49426.29059
2026-06-24 11:15:00+02:00,1390.9990981766118,216.47401,133.25875491475998,325.983,1524.2578530913718,542.45701,50820.03601
2026-06-24 11:30:00+02:00,1368.8573074663261,215.41564,96.67774786571347,315.898,1465.5350553320395,531.3136400000001,52032.13164
2026-06-24 11:45:00+02:00,1415.2626606158803,223.96584,65.23516340653586,310.608,1480.4978240224161,534.57384,53006.08584
2026-06-24 12:00:00+02:00,1232.715881874091,243.43341,129.1383806427661,307.43,1361.8542625168573,550.86341,53892.70441
2026-06-24 12:15:00+02:00,1222.1049698987101,271.55974,101.03605569890476,296.593,1323.1410255976148,568.15274,54677.51874
2026-06-24 12:30:00+02:00,1193.695583743264,313.00555,96.71316324259041,289.238,1290.4087469858543,602.24355,55233.73155
2026-06-24 12:45:00+02:00,1195.4171920748047,343.28665,114.55769525592291,270.814,1309.9748873307276,614.1006500000001,55581.66065
2026-06-24 13:00:00+02:00,1202.7764445101327,388.0655,166.92176752527467,243.62,1369.6982120354073,631.6855,55723.5615
2026-06-24 13:15:00+02:00,1155.1508120732062,417.57906,134.07648001695293,199.751,1289.2272920901592,617.33006,55694.32306
2026-06-24 13:30:00+02:00,1152.5871548318032,433.28351,115.40379968417889,197.389,1267.9909545159821,630.67251,55629.76151
2026-06-24 13:45:00+02:00,1156.150066641671,462.50465,105.1054962412436,207.739,1261.2555628829145,670.24365,55453.87265
2026-06-24 14:00:00+02:00,1007.964582690491,508.12235,185.36719042831686,189.152,1193.3317731188079,697.2743499999999,55129.27235
2026-06-24 14:15:00+02:00,1055.8829981522676,547.59984,199.02766613545626,186.04,1254.9106642877239,733.6398399999999,54533.306840000005
2026-06-24 14:30:00+02:00,1065.1999155323435,548.58575,202.1044788376608,182.261,1267.3043943700043,730.8467499999999,53584.34675
2026-06-24 14:45:00+02:00,1089.155218655292,572.28598,186.0713362290751,219.741,1275.226554884367,792.02698,52701.15598
2026-06-24 15:00:00+02:00,915.0252468852648,595.37893,211.96611886004428,206.905,1126.991365745309,802.2839299999999,51278.72193
2026-06-24 15:15:00+02:00,1007.7090217198114,628.15393,203.3162057776852,171.444,1211.0252274974966,799.5979299999999,49934.534929999994
2026-06-24 15:30:00+02:00,1089.4011412308696,639.19235,197.4886188658672,130.439,1286.8897600967368,769.63135,48451.81835
2026-06-24 15:45:00+02:00,1160.1922434938135,648.12896,201.35634740522855,88.513,1361.548590899042,736.64196,46676.22796
2026-06-24 16:00:00+02:00,1490.5659441860994,670.65659,228.9168216991988,56.833,1719.4827658852982,727.48959,44829.77159
2026-06-24 16:15:00+02:00,1675.309550566053,728.53933,259.54128365015123,69.326,1934.8508342162042,797.86533,43016.60233
2026-06-24 16:30:00+02:00,1722.9296520756911,769.93245,304.11826449832733,79.622,2027.0479165740185,849.55445,41092.71745
2026-06-24 16:45:00+02:00,1849.2120644897172,819.82134,307.3235716696499,71.545,2156.535636159367,891.3663399999999,38938.05534
2026-06-24 17:00:00+02:00,1971.8659955221046,811.11026,449.3615836241646,53.852,2421.2275791462694,864.96226,36532.15526
2026-06-24 17:15:00+02:00,2130.801337283864,823.3967,514.0275663557641,61.135,2644.828903639628,884.5317,34102.6367
2026-06-24 17:30:00+02:00,2207.4122880792897,842.72671,529.2008063513026,67.713,2736.6130944305924,910.43971,31439.89471
2026-06-24 17:45:00+02:00,2264.364458920686,890.38552,513.775857786026,56.245,2778.140316706712,946.63052,28635.00152
2026-06-24 18:00:00+02:00,2382.670313669998,879.82591,734.3371672791092,66.897,3117.007480949107,946.72291,25616.51591
2026-06-24 18:15:00+02:00,2397.364957289881,902.23393,721.9562846332979,97.457,3119.321241923179,999.69093,22640.35093
2026-06-24 18:30:00+02:00,2368.185186508705,929.54235,694.3042749105538,193.071,3062.489461419259,1122.61335,19753.94735
2026-06-24 18:45:00+02:00,2327.616869361752,943.82269,668.1039958220188,319.443,2995.720865183771,1263.26569,16914.611689999998
2026-06-24 19:00:00+02:00,2714.898957403201,904.29856,517.9476082390532,417.076,3232.8465656422545,1321.37456,14147.00656
2026-06-24 19:15:00+02:00,2622.3353450984505,864.87825,491.38046437778564,470.881,3113.7158094762362,1335.75925,11593.38825
2026-06-24 19:30:00+02:00,2469.8376870835773,881.8729,467.5745802995343,494.543,2937.4122673831116,1376.4159,9416.4249
2026-06-24 19:45:00+02:00,2337.5926986138,920.84144,454.17585592984847,571.603,2791.768554543649,1492.44444,7687.33444
2026-06-24 20:00:00+02:00,2563.564060942438,945.62046,513.7318480944467,646.159,3077.295909036885,1591.77946,6242.15046
2026-06-24 20:15:00+02:00,2498.5821177629323,1007.48969,530.7344493164205,635.802,3029.316567079353,1643.29169,5017.88869
2026-06-24 20:30:00+02:00,2419.485769710871,1083.19591,518.6309718122029,631.815,2938.116741523074,1715.01091,4009.87291
2026-06-24 20:45:00+02:00,2366.8220878088905,1182.56153,501.5814006520226,649.994,2868.403488460913,1832.55553,3230.02153
2026-06-24 21:00:00+02:00,2252.1482392665894,1295.52918,511.00434972612743,642.203,2763.152588992717,1937.73218,2658.29118
2026-06-24 21:15:00+02:00,2372.1792917760654,1474.83011,537.554325992255,662.584,2909.7336177683205,2137.41411,2422.0111100000004
2026-06-24 21:30:00+02:00,2403.719538006081,1554.86483,568.3848096448066,720.112,2972.1043476508876,2274.97683,2356.24883
2026-06-24 21:45:00+02:00,2378.050664576957,1592.69993,586.3646282818318,727.454,2964.4152928587887,2320.15393,2332.01093
2026-06-24 22:00:00+02:00,2885.6042470362645,1628.49607,605.9518527155486,729.564,3491.5560997518132,2358.06007,2359.55507
2026-06-24 22:15:00+02:00,3004.6098842466,1757.13014,613.3053927660796,715.98,3617.9152770126793,2473.11014,2473.63914
2026-06-24 22:30:00+02:00,3082.132656528071,1861.63411,619.458284713307,823.618,3701.590941241378,2685.25211,2685.46711
2026-06-24 22:45:00+02:00,3158.3868234799206,1861.16407,635.7689122466671,896.359,3794.155735726588,2757.52307,2757.71307
2026-06-24 23:00:00+02:00,2648.1089626822873,1965.85718,681.28128409336,921.269,3329.390246775647,2887.12618,2887.3251800000003
2026-06-24 23:15:00+02:00,2707.504120536119,2096.69441,678.4656696848161,892.958,3385.969790220935,2989.65241,2989.83141
2026-06-24 23:30:00+02:00,2740.769560530746,2124.30612,666.8767900901615,781.899,3407.6463506209075,2906.20512,2906.37012
2026-06-24 23:45:00+02:00,2769.3126308352266,2157.51546,650.0686432215425,675.84,3419.381274056769,2833.35546,2833.50046
2026-06-25 00:00:00+02:00,2842.429452278278,2113.16717,808.116279683449,687.464,3650.545731961727,2800.63117,2800.76117
2026-06-25 00:15:00+02:00,2877.4874460540805,2096.19932,853.3353333910271,676.452,3730.8227794451077,2772.65132,2772.77432
2026-06-25 00:30:00+02:00,2921.808735443013,1995.50622,878.888496565814,661.582,3800.697232008827,2657.08822,2657.20122
2026-06-25 00:45:00+02:00,2957.311792631826,1952.19573,926.2109009385321,642.594,3883.522693570358,2594.78973,2594.89373
2026-06-25 01:00:00+02:00,2857.1499411903824,1915.03631,1000.9754970734828,713.641,3858.1254382638654,2628.67731,2628.77831
2026-06-25 01:15:00+02:00,2839.9831275463575,1844.56593,1008.1951108137526,795.081,3848.1782383601103,2639.64693,2639.74093
2026-06-25 01:30:00+02:00,2834.5040074697245,1764.03887,994.560926952701,803.75,3829.0649344224257,2567.7888700000003,2567.8808700000004
2026-06-25 01:45:00+02:00,2842.7846777091686,1703.08414,1007.6353517964875,793.416,3850.420029505656,2496.50014,2496.58714
2026-06-25 02:00:00+02:00,2492.124280217218,1617.86809,1138.75580454531,835.025,3630.880084762528,2452.89309,2452.98309
2026-06-25 02:15:00+02:00,2473.543238018641,1567.94838,1165.3659004711922,864.545,3638.9091384898334,2432.49338,2432.5773799999997
2026-06-25 02:30:00+02:00,2427.1008152845848,1518.00052,1198.096103657258,786.613,3625.196918941843,2304.61352,2304.69352
2026-06-25 02:45:00+02:00,2412.353756037408,1491.24754,1174.6969662920087,761.652,3587.0507223294167,2252.8995400000003,2252.98554
2026-06-25 03:00:00+02:00,2334.907659727907,1535.81345,1237.1020927763498,747.289,3572.0097525042565,2283.1024500000003,2283.18645
2026-06-25 03:15:00+02:00,2281.1605933268415,1524.57336,1225.6784165490617,703.817,3506.8390098759032,2228.3903600000003,2228.467360000001
2026-06-25 03:30:00+02:00,2246.725144187221,1464.89292,1207.3145236900384,655.237,3454.0396678772595,2120.12992,2120.19792
2026-06-25 03:45:00+02:00,2212.2062684273747,1438.80795,1194.3853328243654,714.149,3406.59160125174,2152.95695,2153.0259499999997
2026-06-25 04:00:00+02:00,2548.9367639644247,1471.31825,1267.38223784183,787.948,3816.3190018062546,2259.26625,2259.33825
2026-06-25 04:15:00+02:00,2538.3110257012445,1540.13017,1280.6490074669753,818.103,3818.9600331682195,2358.23317,2358.49717
2026-06-25 04:30:00+02:00,2543.8738377899895,1655.53223,1291.3826800036284,866.804,3835.2565177936176,2522.33623,2524.51723
2026-06-25 04:45:00+02:00,2556.2896276275014,1763.80096,1264.0200012718026,979.366,3820.309628899304,2743.16696,2762.09796
2026-06-25 05:00:00+02:00,2727.896224460889,1846.14444,1325.3685951664067,1063.052,4053.2648196272958,2909.1964399999997,3008.63444
2026-06-25 05:15:00+02:00,2778.646187629048,2008.61504,1323.36140661404,1142.721,4102.0075942430885,3151.33604,3489.8190400000003
2026-06-25 05:30:00+02:00,2757.622656147639,2110.09503,1326.3685835332935,1179.477,4083.9912396809327,3289.5720300000003,4175.99003
2026-06-25 05:45:00+02:00,2715.6213308006627,2184.34759,1301.4573278049586,1292.295,4017.078658605621,3476.64259,5158.50959
2026-06-25 06:00:00+02:00,2902.644793812183,2287.49853,1441.944872719813,1337.966,4344.589666531996,3625.46453,6308.97953
2026-06-25 06:15:00+02:00,2832.29068724915,2270.94226,1432.0020022651038,1333.657,4264.292689514254,3604.59926,7511.44126
2026-06-25 06:30:00+02:00,2745.1446994271855,2282.81017,1407.2247198079103,1437.557,4152.369419235096,3720.36717,9096.850170000002
2026-06-25 06:45:00+02:00,2645.8018405678895,2282.41608,1382.5659086941866,1503.394,4028.3677492620764,3785.81008,10891.20108
2026-06-25 07:00:00+02:00,2477.475596604437,2172.74254,1209.6276176624435,1446.298,3687.103214266881,3619.04054,12720.32654
2026-06-25 07:15:00+02:00,2356.327369542528,1996.38974,1207.376319737088,1392.048,3563.703689279616,3388.4377400000003,14792.671740000002
2026-06-25 07:30:00+02:00,2214.043249357818,1779.59925,1187.8218562658815,1306.887,3401.8651056236995,3086.48625,17141.55425
2026-06-25 07:45:00+02:00,2079.862725497401,1595.14737,1179.674520288053,1264.682,3259.5372457854537,2859.82937,19836.53337
2026-06-25 08:00:00+02:00,1725.2387000595584,1366.2962,972.4997583967854,1237.936,2697.738458456344,2604.2322,22618.9712
2026-06-25 08:15:00+02:00,1645.2140367013521,1146.88153,970.9338510606165,1128.482,2616.1478877619684,2275.36353,25313.41753
2026-06-25 08:30:00+02:00,1634.9840785082397,991.89576,955.1345344463275,991.295,2590.118612954567,1983.19076,28027.86076
2026-06-25 08:45:00+02:00,1613.8633939829467,924.18414,917.7623505769702,898.26,2531.6257445599167,1822.44414,30738.07214
2026-06-25 09:00:00+02:00,1364.2635297829875,887.91395,785.7950345644,848.901,2150.0585643473873,1736.81495,33426.86495
2026-06-25 09:15:00+02:00,1344.6649913123056,868.25849,735.5772850709931,813.657,2080.2422763832988,1681.91549,36037.99649
2026-06-25 09:30:00+02:00,1284.2031761951332,831.59523,698.9547526356903,790.295,1983.1579288308235,1621.89023,38447.84823
2026-06-25 09:45:00+02:00,1276.0929175910355,824.8426,691.47197779815,773.817,1967.5648953891855,1598.6596,41002.0876
2026-06-25 10:00:00+02:00,1311.6846956249608,888.63583,648.8986826769151,691.765,1960.5833783018759,1580.40083,43047.04283
2026-06-25 10:15:00+02:00,1302.5939475739815,974.93892,645.2874747691097,718.437,1947.8814223430913,1693.37592,45412.91592
2026-06-25 10:30:00+02:00,1329.8817030936868,1099.03989,637.9977239441224,728.743,1967.8794270378094,1827.78289,47511.55389
2026-06-25 10:45:00+02:00,1330.5524895555213,1236.62353,598.9745098422908,763.759,1929.5269993978122,2000.38253,49427.93153
2026-06-25 11:00:00+02:00,1382.4153512656208,1411.6471,597.4204041534927,755.496,1979.8357554191134,2167.1431,51315.7661
2026-06-25 11:15:00+02:00,1393.4275882080185,1577.89229,592.8332054157485,802.131,1986.2607936237669,2380.02329,53023.65429
2026-06-25 11:30:00+02:00,1371.0585383698656,1734.9555,561.8411586348748,815.553,1932.8996970047403,2550.5085,54097.6305
2026-06-25 11:45:00+02:00,1415.4357250783573,1888.141,532.7302365653186,810.152,1948.165961643676,2698.293,55188.264
2026-06-25 12:00:00+02:00,1844.7934822993861,1994.78372,631.5796259152861,810.828,2476.3731082146724,2805.61172,56061.87872
2026-06-25 12:15:00+02:00,1834.2209322383674,2056.16075,610.8531428636052,882.942,2445.0740751019725,2939.10275,56592.97675
2026-06-25 12:30:00+02:00,1805.499744947268,2176.67854,608.4341552325429,929.964,2413.9339001798107,3106.64254,57070.04454
2026-06-25 12:45:00+02:00,1808.3314556391442,2262.66284,628.9964755628748,914.885,2437.327931202019,3177.54784,57472.79084
2026-06-25 13:00:00+02:00,2518.078277546008,2303.76758,713.488685722824,1115.234,3231.566963268832,3419.00158,57705.738580000005
2026-06-25 13:15:00+02:00,2471.5531136407785,2413.80149,682.5882683937223,1080.516,3154.1413820345006,3494.31749,57720.19749
2026-06-25 13:30:00+02:00,2470.830450205326,2447.91495,663.8549251262482,1121.499,3134.6853753315745,3569.41395,57358.554950000005
2026-06-25 13:45:00+02:00,2475.217357408979,2472.31706,654.0518376862816,1119.742,3129.2691950952603,3592.0590599999996,57134.84606
2026-06-25 14:00:00+02:00,2889.117738380657,2455.3288,681.4361535865988,1064.673,3570.553891967256,3520.0018,56451.3528
2026-06-25 14:15:00+02:00,2933.962454205799,2452.56813,689.7039446932083,1097.734,3623.6663988990076,3550.30213,56084.08813
2026-06-25 14:30:00+02:00,2940.5804289426196,2497.86934,691.9765350236496,1147.663,3632.556963966269,3645.53234,55232.76334
2026-06-25 14:45:00+02:00,2961.0316249043917,2530.01803,676.7456511913039,1174.779,3637.7772760956955,3704.79703,54310.99903
2026-06-25 15:00:00+02:00,3345.4867067181854,2611.59271,730.0973038996177,544.775,4075.584010617803,3156.36771,52714.91871
2026-06-25 15:15:00+02:00,3432.8043156004387,2686.88235,734.1840710105901,709.806,4166.988386611029,3396.68835,51987.73035
2026-06-25 15:30:00+02:00,3509.7524747126786,2767.16172,729.0809481098285,1142.751,4238.833422822507,3909.91272,51054.21572
2026-06-25 15:45:00+02:00,3555.390542193042,2856.89082,741.4884026856711,1219.378,4296.878944878713,4076.26882,49875.54182
2026-06-25 16:00:00+02:00,4113.721393078185,2975.26834,935.5643053993323,1238.515,5049.285698477518,4213.78334,48269.28534
2026-06-25 16:15:00+02:00,4256.195837363619,3111.67448,947.86992968035,1312.937,5204.065767043969,4424.61148,46611.11948
2026-06-25 16:30:00+02:00,4364.776113723388,3117.90258,1000.6545627677234,1323.667,5365.430676491112,4441.569579999999,44557.67958
2026-06-25 16:45:00+02:00,4490.997691263274,3189.8323,1001.548407602513,1334.272,5492.546098865787,4524.1043,42304.3263
2026-06-25 17:00:00+02:00,4836.100170795855,3273.4867,1057.5002891952397,1330.163,5893.600459991095,4603.6497,39902.0327
2026-06-25 17:15:00+02:00,4980.44836524539,3400.41363,1112.051896902262,1299.299,6092.500262147652,4699.71263,37760.47263
2026-06-25 17:30:00+02:00,5050.9678729539155,3528.57697,1128.7422624209298,1298.145,6179.710135374846,4826.7219700000005,35346.30197
2026-06-25 17:45:00+02:00,5106.202231121774,3626.5806,1117.4993700799023,1241.047,6223.701601201677,4867.6276,32440.3756
2026-06-25 18:00:00+02:00,6092.434496917632,3707.87603,1414.4612474871312,1219.95,7506.895744404763,4927.82603,29507.37303
2026-06-25 18:15:00+02:00,6106.54190030223,3829.63021,1405.4264818721547,1248.744,7511.968382174385,5078.37421,26746.420209999997
2026-06-25 18:30:00+02:00,6075.8156435505525,4043.96297,1379.3538942696105,1250.066,7455.169537820163,5294.02897,24011.06197
2026-06-25 18:45:00+02:00,6032.364041043817,4226.87579,1355.0064088936776,1236.816,7387.370449937495,5463.69179,21276.21079
2026-06-25 19:00:00+02:00,8251.650321767293,4528.59178,1559.2526183228194,1267.649,9810.902940090113,5796.24078,18798.83078
2026-06-25 19:15:00+02:00,8159.8798840526415,4769.87415,1533.9834510921214,1254.303,9693.863335144762,6024.1771499999995,16436.88315
2026-06-25 19:30:00+02:00,8009.959902573486,5054.45219,1511.0069339483455,1276.505,9520.966836521831,6330.95719,14469.09219
2026-06-25 19:45:00+02:00,7881.411087801024,5300.76808,1497.7446433601306,1267.708,9379.155731161154,6568.47608,12806.80808
2026-06-25 20:00:00+02:00,9582.923181965889,5570.94062,1604.1945366830228,1288.46,11187.117718648911,6859.40062,11513.00862
2026-06-25 20:15:00+02:00,9521.134458267416,5877.57477,1620.5166223784204,1332.47,11141.651080645835,7210.04477,10592.42177
2026-06-25 20:30:00+02:00,9445.613921014523,6202.84396,1609.7611555738895,1315.775,11055.375076588412,7518.61896,9831.60696
2026-06-25 20:45:00+02:00,9390.034815071216,6536.50644,1594.6732387839113,1308.256,10984.708053855127,7844.76244,9255.67844
2026-06-25 21:00:00+02:00,12296.4157037652,7164.41173,1746.4506755356072,1259.659,14042.866379300807,8424.07073,9138.02473
2026-06-25 21:15:00+02:00,12411.012903271916,7977.40945,1770.4110356119736,1242.594,14181.42393888389,9220.00345,9504.85145
2026-06-25 21:30:00+02:00,12441.90233415509,8696.39249,1799.837275775021,1235.649,14241.73960993011,9932.04149,10010.90349
2026-06-25 21:45:00+02:00,12411.095178678303,9054.53167,1816.717819106942,1319.611,14227.812997785244,10374.14267,10386.82167
2026-06-25 22:00:00+02:00,13276.447070776896,9130.30072,2119.73533027956,1354.438,15396.182401056456,10484.73872,10486.29572
2026-06-25 22:15:00+02:00,13391.058085712206,9376.18651,2127.8181326144754,1389.764,15518.87621832668,10765.95051,10766.45151
2026-06-25 22:30:00+02:00,13468.709736802743,9527.48589,2134.5522146215103,1385.252,15603.261951424252,10912.73789,10912.91889
2026-06-25 22:45:00+02:00,13543.906554590025,9681.6235,2149.4420855635744,1420.426,15693.3486401536,11102.0495,11102.2195
2026-06-25 23:00:00+02:00,14520.949127272013,9624.25981,2049.1257911389193,1400.056,16570.074918410934,11024.31581,11024.47881
2026-06-25 23:15:00+02:00,14578.400810989508,9565.51127,2047.2623685138385,1380.378,16625.663179503346,10945.88927,10946.03727
2026-06-25 23:30:00+02:00,14607.165823913683,9394.33024,2037.4687519684567,1394.698,16644.63457588214,10789.02824,10789.16924
2026-06-25 23:45:00+02:00,14633.372314523882,9307.75466,2021.8267891836429,1379.938,16655.199103707524,10687.69266,10687.82366
2026-06-26 00:00:00+02:00,13881.107650925394,9105.31129,1953.1437848389637,1369.933,15834.251435764358,10475.24429,10475.40029
2026-06-26 00:15:00+02:00,13915.55319976415,8896.54825,1995.3609976295727,1379.788,15910.914197393722,10276.33625,10276.47325
2026-06-26 00:30:00+02:00,13957.264317211686,8764.51287,2019.5558137321239,1345.188,15976.82013094381,10109.70087,10109.84587
2026-06-26 00:45:00+02:00,13991.651999724138,8660.06833,2064.9305547859167,1325.146,16056.582554510054,9985.21433,9985.35733
2026-06-26 01:00:00+02:00,11410.599927881729,8363.63238,1964.0881698197827,1281.119,13374.688097701512,9644.75138,9644.89238
2026-06-26 01:15:00+02:00,11394.990265548318,8112.92923,1973.1820680361436,1243.803,13368.172333584462,9356.73223,9356.87123
2026-06-26 01:30:00+02:00,11389.327009492023,7966.4128,1959.2167180693457,1220.331,13348.543727561368,9186.7438,9186.8848
2026-06-26 01:45:00+02:00,11396.374865407508,7919.91445,1970.285042898246,1176.943,13366.659908305754,9096.85745,9096.99345
2026-06-26 02:00:00+02:00,10381.358535227748,7820.84409,1978.4800571372639,1184.953,12359.838592365011,9005.79709,9005.91709
2026-06-26 02:15:00+02:00,10361.635883324147,7798.30766,2003.4206360020207,1265.442,12365.056519326168,9063.74966,9063.85266
2026-06-26 02:30:00+02:00,10314.14799520576,7750.85271,2031.2474673098166,1313.237,12345.395462515577,9064.08971,9064.19171
2026-06-26 02:45:00+02:00,10299.929244334877,7670.13854,2006.607362862512,1334.324,12306.53660719739,9004.46254,9004.57054
2026-06-26 03:00:00+02:00,9406.214117094289,7532.64404,1800.5410849242587,1334.532,11206.755202018547,8867.17604,8867.28404
2026-06-26 03:15:00+02:00,9354.800791300526,7387.86547,1788.6693277507281,1342.834,11143.470119051253,8730.69947,8730.803469999999
2026-06-26 03:30:00+02:00,9320.449081682034,7252.25313,1770.7276885798735,1365.825,11091.176770261907,8618.07813,8618.17113
2026-06-26 03:45:00+02:00,9287.029960859305,7251.36969,1759.8532497124559,1499.39,11046.883210571761,8750.75969,8750.84569
2026-06-26 04:00:00+02:00,8852.720910011454,7373.38814,1807.5690177922052,1571.911,10660.28992780366,8945.29914,8945.39014
2026-06-26 04:15:00+02:00,8846.720701444243,7560.84011,1821.1662041678749,1602.851,10667.886905612118,9163.69111,9163.98011
2026-06-26 04:30:00+02:00,8854.798763378878,7812.60356,1833.0946630080819,1615.702,10687.89342638696,9428.30556,9430.821559999998
2026-06-26 04:45:00+02:00,8869.481234551262,7979.86313,1810.055638362162,1602.944,10679.536872913424,9582.80713,9605.29713
2026-06-26 05:00:00+02:00,8343.116181380363,8189.76652,1668.045304807458,1560.308,10011.16148618782,9750.07452,9857.69752
2026-06-26 05:15:00+02:00,8397.013272280223,8286.49696,1667.6924209142373,1563.642,10064.70569319446,9850.13896,10199.43596
2026-06-26 05:30:00+02:00,8381.228953082826,8174.21497,1669.3361068194076,1673.104,10050.565059902234,9847.31897,10774.19497
2026-06-26 05:45:00+02:00,8345.089545106166,7914.59953,1646.3903715914394,1767.507,9991.479916697604,9682.10653,11457.56153
2026-06-26 06:00:00+02:00,7922.296065919868,7918.27796,1995.1588214707106,1863.95,9917.454887390579,9782.22796,12553.36396
2026-06-26 06:15:00+02:00,7852.925738427244,7698.66229,1982.6033787049216,1898.592,9835.529117132166,9597.25429,13576.545290000002
2026-06-26 06:30:00+02:00,7770.16425356991,7455.74739,1959.443119367262,1949.634,9729.607372937173,9405.38139,14887.26339
2026-06-26 06:45:00+02:00,7677.59073581142,7092.80742,1936.457328944429,2019.585,9614.048064755849,9112.39242,16372.92542
2026-06-26 07:00:00+02:00,6949.058129509225,6682.71768,2179.411541576799,2071.329,9128.469671086024,8754.04668,18085.65068
2026-06-26 07:15:00+02:00,6832.154811098897,6072.20936,2175.98863911201,2151.706,9008.143450210908,8223.915359999999,19940.33836
2026-06-26 07:30:00+02:00,6693.613946148397,5361.79946,2148.779669105934,2372.818,8842.393615254332,7734.61746,22144.42446
2026-06-26 07:45:00+02:00,6594.781464982132,4671.1622,2135.1164657736426,2611.587,8729.897930755775,7282.7492,24642.1042
2026-06-26 08:00:00+02:00,5240.44605352523,3969.44659,2162.3844403014386,2800.597,7402.830493826668,6770.04359,27252.61259
2026-06-26 08:15:00+02:00,5172.105002401364,3238.87346,2125.5627201578,2935.112,7297.667722559164,6173.98546,29817.84546
2026-06-26 08:30:00+02:00,5117.615829514628,2706.57807,2103.5432106524004,3025.065,7221.159040167028,5731.64307,32502.540070000003
2026-06-26 08:45:00+02:00,5100.727355329198,2380.61767,2077.63974745629,3038.997,7178.367102785488,5419.61467,35174.247670000004
2026-06-26 09:00:00+02:00,2453.965491426834,2162.38417,1948.0139465883046,2975.359,4401.979438015139,5137.74317,37086.24817
2026-06-26 09:15:00+02:00,2433.9822763875814,1992.43483,1867.868611121215,2869.99,4301.850887508796,4862.42483,39161.60283
2026-06-26 09:30:00+02:00,2371.9218699614435,1780.43622,1831.7910272696975,2711.641,4203.712897231141,4492.07722,41322.13122
2026-06-26 09:45:00+02:00,2360.4765989884554,1679.70928,1813.2568745497863,2620.027,4173.733473538242,4299.73628,43542.41028
2026-06-26 10:00:00+02:00,1525.1346780138645,1574.33597,1932.530617518311,2524.303,3457.665295532175,4098.63897,45739.43797
2026-06-26 10:15:00+02:00,1511.7343325453974,1499.67626,1920.8785130825302,2439.988,3432.6128456279275,3939.66426,47745.70726
2026-06-26 10:30:00+02:00,1536.0067079534774,1450.914,1917.7287267040476,2379.3,3453.735434657525,3830.214,49688.613
2026-06-26 10:45:00+02:00,1535.6901287171756,1480.76739,1877.5718431841835,2424.71,3413.261971901359,3905.47739,51430.78039
2026-06-26 11:00:00+02:00,1933.0018655345655,1509.52481,1843.3424176496756,2477.4,3776.3442831842412,3986.92481,53023.48581
2026-06-26 11:15:00+02:00,1938.337790884752,1563.0257,1834.991832822764,2461.48,3773.329623707516,4024.5057,54404.6807
2026-06-26 11:30:00+02:00,1909.3518660903535,1639.01969,1804.7865687611693,2456.04,3714.138434851523,4095.05969,55528.859690000005
2026-06-26 11:45:00+02:00,1944.943582679904,1704.26168,1779.024497661773,2477.804,3723.968080341677,4182.06568,56670.18068
2026-06-26 12:00:00+02:00,2225.7732709489533,1849.09018,1337.4448436164766,2500.513,3563.21811456543,4349.60318,57614.09418
2026-06-26 12:15:00+02:00,2211.7474440770548,2011.0435,1321.6078376913058,2639.845,3533.3552817683603,4650.8885,58560.0725
2026-06-26 12:30:00+02:00,2176.803596763518,2174.37398,1319.7679088415218,2733.299,3496.5715056050394,4907.672979999999,59195.65897999999
2026-06-26 12:45:00+02:00,2177.772887692957,2317.45037,1350.5890129137745,2912.232,3528.361900606731,5229.68237,59783.84637
2026-06-26 13:00:00+02:00,2285.334562840145,2501.36083,1490.9955328217486,3015.797,3776.330095661893,5517.15783,60226.85583
2026-06-26 13:15:00+02:00,2234.11382081903,2591.31619,1488.9826948725013,3080.581,3723.0965156915313,5671.89719,60065.65218999999
2026-06-26 13:30:00+02:00,2226.295248503962,2770.16802,1468.5713090412485,3211.036,3694.8665575452105,5981.20402,59552.690019999995
2026-06-26 13:45:00+02:00,2224.5715476639084,3000.67082,1465.724583457217,3292.297,3690.2961311211257,6292.96782,59421.61982
2026-06-26 14:00:00+02:00,2557.497411954041,3289.31639,1582.766702926885,3225.213,4140.264114880926,6514.52939,58993.39339
2026-06-26 14:15:00+02:00,2593.949268958536,3535.56289,1600.558347567817,2988.054,4194.507616526353,6523.61689,58671.26689
2026-06-26 14:30:00+02:00,2594.9715226033613,3824.6661,1611.4955075843404,2649.551,4206.467030187701,6474.2171,57995.6151
2026-06-26 14:45:00+02:00,2609.8308528985694,3623.70672,1603.3034266905338,2271.96,4213.134279589103,5895.66672,56576.76472
2026-06-26 15:00:00+02:00,2629.3939047501626,3483.70791,1503.9422153154371,1955.07,4133.3361200656,5438.77791,54943.34291
2026-06-26 15:15:00+02:00,2708.912067316652,3445.36641,1540.610260323265,1736.43,4249.522327639917,5181.79641,53635.83941
2026-06-26 15:30:00+02:00,2766.586139321677,3189.37194,1541.0279528830338,1566.572,4307.614092204711,4755.94394,51853.44594
2026-06-26 15:45:00+02:00,2806.5515189481284,3029.63797,1548.8021853004,1542.572,4355.353704248529,4572.20997,50279.16097
2026-06-26 16:00:00+02:00,2887.3398293644577,2846.72482,1482.7993628851434,1575.515,4370.139192249601,4422.23982,48475.575820000005
2026-06-26 16:15:00+02:00,3002.754056486534,2598.48102,1510.6348097471423,1605.149,4513.388866233676,4203.6300200000005,46167.651020000005
2026-06-26 16:30:00+02:00,3082.418869181952,2362.50431,1562.465305434833,1693.685,4644.884174616785,4056.18931,43842.63231
2026-06-26 16:45:00+02:00,3208.209046147153,2075.88879,1570.152439978383,1752.481,4778.3614861255355,3828.36979,41290.58179
2026-06-26 17:00:00+02:00,3326.133333631646,1937.15244,1739.790703688939,1761.924,5065.924037320585,3699.07644,38830.49944
2026-06-26 17:15:00+02:00,3468.8919741446657,1782.76553,1794.5627000601296,1761.85,5263.454674204795,3544.61553,36334.025530000006
2026-06-26 17:30:00+02:00,3560.2018572782167,1710.74146,1813.6468684818958,1698.128,5373.848725760113,3408.86946,33548.74146
2026-06-26 17:45:00+02:00,3616.916940025941,1694.5763,1800.656296123304,1631.937,5417.573236149245,3326.5132999999996,30481.5973
2026-06-26 18:00:00+02:00,4451.017508251872,1612.80392,1636.3476252403948,1671.566,6087.365133492267,3284.36992,27442.51792
2026-06-26 18:15:00+02:00,4470.698685193798,1657.01431,1625.069938585823,1597.505,6095.768623779621,3254.51931,24288.74231
2026-06-26 18:30:00+02:00,4422.718844514601,1684.41804,1602.3026710976474,1626.836,6025.021515612249,3311.25404,21266.36404
2026-06-26 18:45:00+02:00,4387.071844301148,1781.43735,1581.3158886746473,1745.417,5968.387732975796,3526.8543499999996,18597.78535
2026-06-26 19:00:00+02:00,6196.621872823249,1923.35223,1753.8037049966715,1766.566,7950.42557781992,3689.91823,16077.82623
2026-06-26 19:15:00+02:00,6108.570252561399,2067.73263,1726.055185373765,1778.209,7834.625437935164,3845.94163,13738.92463
2026-06-26 19:30:00+02:00,5961.4162115462195,2296.10455,1701.2087882279916,1845.788,7662.624999774211,4141.8925500000005,11830.85555
2026-06-26 19:45:00+02:00,5835.869253361099,2618.94396,1688.816471978277,1887.886,7524.685725339376,4506.82996,10342.28196
2026-06-26 20:00:00+02:00,8194.047429506758,3097.43032,1848.8649598620611,2016.707,10042.91238936882,5114.13732,9377.47932
2026-06-26 20:15:00+02:00,8130.419253106894,3584.37034,1861.8392775867728,2115.96,9992.258530693667,5700.33034,8724.853340000001
2026-06-26 20:30:00+02:00,8057.994734699397,3998.83094,1842.846642105048,2180.179,9900.841376804445,6179.00994,8209.63594
2026-06-26 20:45:00+02:00,7998.915967237195,4514.42404,1823.322806052309,2229.835,9822.238773289504,6744.25904,7978.32204
2026-06-26 21:00:00+02:00,12256.505531146919,5203.76172,2265.440226372392,2200.624,14521.94575751931,7404.38572,8031.79472
2026-06-26 21:15:00+02:00,12354.518445139216,6152.79831,2287.848965506144,2259.171,14642.36741064536,8411.96931,8670.04031
2026-06-26 21:30:00+02:00,12377.909373073066,7183.54363,2321.162468524012,2286.926,14699.071841597077,9470.46963,9542.21063
2026-06-26 21:45:00+02:00,12337.474829316208,7902.18172,2340.723037112249,2332.371,14678.197866428458,10234.55272,10245.32672
2026-06-26 22:00:00+02:00,16402.858579079853,8643.64335,2596.1867797660166,2284.742,18999.04535884587,10928.38535,10929.84135
2026-06-26 22:15:00+02:00,16506.047336663953,9568.22161,2597.1316514318005,2276.686,19103.17898809575,11844.90761,11845.39261
2026-06-26 22:30:00+02:00,16577.98919244304,10271.63768,2608.7514018157767,2334.968,19186.74059425882,12606.60568,12606.75068
2026-06-26 22:45:00+02:00,16646.5931959371,10859.16443,2626.516776775087,2419.19,19273.109972712187,13278.35443,13278.490430000002
2026-06-26 23:00:00+02:00,15631.885090787366,11292.17518,1907.7287327634708,2420.768,17539.613823550837,13712.94318,13713.08418
2026-06-26 23:15:00+02:00,15688.890537926434,11643.92294,1906.171493690084,2362.108,17595.06203161652,14006.03094,14006.16894
2026-06-26 23:30:00+02:00,15716.604824640108,11975.85101,1891.0697923174675,2127.266,17607.674616957574,14103.11701,14103.23901
2026-06-26 23:45:00+02:00,15744.460286493606,12158.10607,1873.3249847504178,1917.834,17617.785271244025,14075.94007,14076.05307
2026-06-27 00:00:00+02:00,13881.136824594294,12180.11794,1460.1593532554043,1890.613,15341.296177849697,14070.73094,14070.83994
2026-06-27 00:15:00+02:00,13907.646185994108,12324.25124,1502.2185385942412,1814.226,15409.86472458835,14138.47724,14138.57224
2026-06-27 00:30:00+02:00,13942.66902402479,12432.09946,1519.0500782739543,1724.202,15461.719102298744,14156.30146,14156.38946
2026-06-27 00:45:00+02:00,13976.896015084847,12511.32353,1558.3905436488315,1764.332,15535.286558733678,14275.65553,14275.73553
2026-06-27 01:00:00+02:00,13575.665180430173,12189.13539,1609.2517617616154,1879.144,15184.916942191789,14068.27939,14068.36139
2026-06-27 01:15:00+02:00,13554.845778270623,11802.64871,1613.3313105560053,1968.935,15168.177088826627,13771.58371,13771.661709999998
2026-06-27 01:30:00+02:00,13542.38503780424,11592.42604,1596.0084978970206,1934.984,15138.393535701261,13527.41004,13527.49404
2026-06-27 01:45:00+02:00,13545.640796619728,11323.42604,1600.3036334090823,1827.876,15145.94443002881,13151.30204,13151.38304
2026-06-27 02:00:00+02:00,11987.089765959656,10886.62433,1537.1427862927803,1637.739,13524.232552252437,12524.36333,12524.43633
2026-06-27 02:15:00+02:00,11964.489855817359,10502.79814,1564.6033010771985,1580.001,13529.093156894558,12082.79914,12082.865140000002
2026-06-27 02:30:00+02:00,11915.632655934103,10126.8433,1589.706326159293,1679.477,13505.338982093395,11806.3203,11806.386300000002
2026-06-27 02:45:00+02:00,11897.889632421677,9816.96485,1559.7853722079606,1600.778,13457.675004629637,11417.74285,11417.80485
2026-06-27 03:00:00+02:00,9755.010225540413,9457.6154,1306.7909374407122,1438.989,11061.801162981124,10896.6044,10896.6724
2026-06-27 03:15:00+02:00,9699.790280629279,9084.54011,1292.99175293082,1461.592,10992.782033560099,10546.13211,10546.19311
2026-06-27 03:30:00+02:00,9662.219376266563,8622.71636,1278.0612662711026,1362.893,10940.280642537666,9985.60936,9985.66436
2026-06-27 03:45:00+02:00,9629.74085590744,8271.81001,1270.892997437165,1230.99,10900.633853344603,9502.80001,9502.851009999998
2026-06-27 04:00:00+02:00,8875.699900821242,7968.14145,1201.913470828389,1052.343,10077.613371649632,9020.48445,9020.54245
2026-06-27 04:15:00+02:00,8874.387938202746,7655.07894,1210.715801718552,1024.049,10085.103739921298,8679.12794,8679.24994
2026-06-27 04:30:00+02:00,8886.979655870316,7382.87351,1220.5237852309415,929.59,10107.503441101258,8312.46351,8314.63251
2026-06-27 04:45:00+02:00,8899.324012535348,7084.22991,1193.9701812428166,896.667,10093.294193778165,7980.89691,8003.554910000001
2026-06-27 05:00:00+02:00,6103.55316929552,6858.69092,1101.3635444468582,776.18,7204.916713742378,7634.87092,7748.91192
2026-06-27 05:15:00+02:00,6153.508618076363,6618.53506,1097.3281862785113,632.772,7250.836804354874,7251.30706,7613.403060000001
2026-06-27 05:30:00+02:00,6138.697440271102,6257.23616,1099.379617949528,573.585,7238.07705822063,6830.82116,7768.58216
2026-06-27 05:45:00+02:00,6107.82079607076,5953.331,1081.629708596662,590.681,7189.450504667422,6544.012000000001,8253.565
2026-06-27 06:00:00+02:00,4558.038562693608,5716.18756,1250.0605870065754,564.795,5808.099149700183,6280.98256,8962.76856
2026-06-27 06:15:00+02:00,4492.609186682218,5410.60087,1242.2764992586378,534.01,5734.885685940856,5944.61087,9768.62687
2026-06-27 06:30:00+02:00,4412.648155247315,5042.1767,1224.0341270724655,467.831,5636.682282319781,5510.0077,10734.6937
2026-06-27 06:45:00+02:00,4322.484704392683,4642.02082,1205.181409375398,413.611,5527.666113768081,5055.63182,12014.51382
2026-06-27 07:00:00+02:00,3790.6736544172777,4157.01634,1188.7393089408208,381.745,4979.412963358099,4538.76134,13545.55934
2026-06-27 07:15:00+02:00,3655.854488358354,3650.04526,1189.4527787999968,376.022,4845.30726715835,4026.06726,15403.08426
2026-06-27 07:30:00+02:00,3499.923523589955,3168.88424,1168.6046625029053,353.881,4668.528186092861,3522.7652399999997,17493.31424
2026-06-27 07:45:00+02:00,3389.2271039857374,2710.82432,1163.9444985505427,320.979,4553.17160253628,3031.80332,19734.64832
2026-06-27 08:00:00+02:00,2136.722769507818,2232.9825,957.3152642725873,321.409,3094.0380337804054,2554.3915,22129.897500000003
2026-06-27 08:15:00+02:00,2071.6754100474122,1751.66496,957.8429425733805,313.746,3029.518352620793,2065.41096,24575.936960000003
2026-06-27 08:30:00+02:00,2095.518108725009,1325.13061,901.6312098377191,285.191,2997.149318562728,1610.32161,27070.52161
2026-06-27 08:45:00+02:00,2095.4040673792383,998.19925,873.4693002756528,267.056,2968.873367654891,1265.25525,29612.66525
2026-06-27 09:00:00+02:00,1620.658124909064,788.97286,755.1918394577441,279.736,2375.8499643668083,1068.70886,31648.24086
2026-06-27 09:15:00+02:00,1614.329098398717,633.40161,709.8506629073297,276.687,2324.1797613060467,910.08861,33657.78861
2026-06-27 09:30:00+02:00,1561.2222406865121,504.02881,675.2162994832636,240.005,2236.4385401697755,744.03381,35833.85981
2026-06-27 09:45:00+02:00,1555.7710258545528,420.49747,654.6204671302669,207.319,2210.3914929848197,627.81647,37910.64447
2026-06-27 10:00:00+02:00,1104.8008902886618,388.41667,471.13826478652834,59.047,1575.9391550751902,447.46367,39821.21067
2026-06-27 10:15:00+02:00,1091.4848206262789,396.75573,466.9656261184133,51.27,1558.4504467446923,448.02573,41766.68473
2026-06-27 10:30:00+02:00,1117.9532808892718,387.61577,464.1478668974494,34.839,1582.1011477867212,422.45477,43594.41577
2026-06-27 10:45:00+02:00,1133.1603676695163,402.33437,429.76570779234294,41.457,1562.9260754618592,443.79137,45476.75537
2026-06-27 11:00:00+02:00,1194.624183285698,432.24574,348.38892410338303,162.513,1543.0131073890811,594.75874,46968.35974
2026-06-27 11:15:00+02:00,1197.152850546188,498.02043,343.12016889769427,262.156,1540.2730194438823,760.17643,48410.89943
2026-06-27 11:30:00+02:00,1172.8491435896162,574.48842,319.12675853309463,262.663,1491.975902122711,837.15142,49839.34142
2026-06-27 11:45:00+02:00,1212.5926818562243,677.03129,295.58632642216514,344.315,1508.1790082783896,1021.34629,51121.06929
2026-06-27 12:00:00+02:00,880.237142905579,816.43228,192.42261192862574,269.886,1072.6597548342047,1086.31828,52341.10028
2026-06-27 12:15:00+02:00,865.0009237356707,906.73725,186.12703671045983,436.349,1051.1279604461306,1343.08625,53269.80725
2026-06-27 12:30:00+02:00,830.5053991175128,966.39579,187.4265912756012,696.653,1017.9319903931139,1663.04879,53924.48479
2026-06-27 12:45:00+02:00,824.9351981068216,1031.77659,217.11845225485357,397.544,1042.0536503616752,1429.3205899999998,53338.61259
2026-06-27 13:00:00+02:00,1310.5288287674712,1060.01374,220.90775331506362,338.097,1531.4365820825349,1398.11074,53708.30274
2026-06-27 13:15:00+02:00,1260.357457392222,1148.58182,221.6658286386119,266.178,1482.0232860308338,1414.7598200000002,53377.05582
2026-06-27 13:30:00+02:00,1249.811871197437,1355.35262,206.32177631004032,214.386,1456.1336475074775,1569.73862,53137.82062
2026-06-27 13:45:00+02:00,1242.0026350035619,2681.46011,202.44713617796964,232.147,1444.4497711815316,2913.60711,54023.10211
2026-06-27 14:00:00+02:00,1343.2406838583904,3594.8579,254.36644203677236,111.434,1597.6071258951629,3706.2919,53967.3809
2026-06-27 14:15:00+02:00,1368.0498728074244,3796.61939,280.56436863536175,68.697,1648.6142414427861,3865.31639,53163.35339
2026-06-27 14:30:00+02:00,1362.6427085011696,3962.87101,302.34650925681115,51.473,1664.989217757981,4014.34401,52501.19201
2026-06-27 14:45:00+02:00,1375.065922041837,3490.59147,296.8663506260736,66.973,1671.9322726679106,3557.56447,51093.40747
2026-06-27 15:00:00+02:00,1856.4133111822866,3476.54149,249.2305242280031,96.567,2105.6438354102897,3573.10849,49689.91849
2026-06-27 15:15:00+02:00,1934.1886670490435,3616.75115,250.01576438069253,249.192,2184.204431429736,3865.94315,48600.05415
2026-06-27 15:30:00+02:00,1988.2102528242299,3383.44935,253.74540918457296,255.661,2241.955662008803,3639.11035,46849.717350000006
2026-06-27 15:45:00+02:00,2045.1641534154373,2813.37471,261.0296515933648,95.474,2306.193805008802,2908.84871,44505.97271
2026-06-27 16:00:00+02:00,2985.9267617202695,2582.0196,327.5450632402281,52.996,3313.4718249604975,2635.0156,42459.7016
2026-06-27 16:15:00+02:00,3071.2230024392666,2550.92085,339.17320672730057,50.801,3410.396209166567,2601.72185,40692.31285
2026-06-27 16:30:00+02:00,3114.9655991247246,2510.97048,376.1851389448889,95.823,3491.1507380696135,2606.79348,38578.89548
2026-06-27 16:45:00+02:00,3214.624672282159,2513.48969,380.11012213731243,261.239,3594.734794419471,2774.72869,36496.85169
2026-06-27 17:00:00+02:00,4503.301862964818,2741.20746,477.51970042826184,243.632,4980.8215633930795,2984.83946,34103.46746
2026-06-27 17:15:00+02:00,4642.395570478789,2864.92873,532.6997742820055,127.874,5175.095344760794,2992.80273,31814.30473
2026-06-27 17:30:00+02:00,4744.980274141939,2895.22964,553.9210424666724,176.099,5298.9013166086115,3071.32864,29547.64964
2026-06-27 17:45:00+02:00,4795.0374681213825,2865.62702,538.7862908915292,532.447,5333.823759012912,3398.07402,27121.95002
2026-06-27 18:00:00+02:00,4619.626524630624,2786.44088,313.69557809252245,287.097,4933.322102723147,3073.53788,24203.99888
2026-06-27 18:15:00+02:00,4638.918618281903,2813.3571,300.7843309818597,202.953,4939.702949263763,3016.3101,21508.4861
2026-06-27 18:30:00+02:00,4618.6312139924885,2613.70496,277.5642655270105,128.045,4896.195479519499,2741.74996,18608.76996
2026-06-27 18:45:00+02:00,4592.8338830434595,2780.48446,256.3326229640488,141.343,4849.166506007508,2921.82746,16225.60446
2026-06-27 19:00:00+02:00,9479.47473254514,3041.88947,744.8211165216542,342.126,10224.295849066795,3384.0154700000003,14300.61847
2026-06-27 19:15:00+02:00,9401.878360742783,3466.50368,717.3265763569972,256.819,10119.204937099781,3723.32268,12523.32368
2026-06-27 19:30:00+02:00,9271.652908772896,3834.01376,697.6147830404323,148.177,9969.267691813327,3982.19076,11004.23476
2026-06-27 19:45:00+02:00,9168.463988763364,4471.1683,690.232891114096,62.361,9858.69687987746,4533.5293,9979.8353
2026-06-27 20:00:00+02:00,7716.849506701243,4999.27936,569.5398880713443,85.498,8286.389394772586,5084.77736,9149.86436
2026-06-27 20:15:00+02:00,7676.57048950643,5773.07461,587.6404333801584,52.106,8264.210922886588,5825.180609999999,8733.85261
2026-06-27 20:30:00+02:00,7628.512797779532,6696.45936,572.3533641870056,71.159,8200.866161966538,6767.6183599999995,8702.84736
2026-06-27 20:45:00+02:00,7588.205959742218,7164.6898,554.3003868980405,190.979,8142.506346640258,7355.6688,8522.1838
2026-06-27 21:00:00+02:00,6938.3693460249,7287.6177,476.9712780307545,319.415,7415.340624055654,7607.0327,8218.7897
2026-06-27 21:15:00+02:00,7049.7938899220535,7578.8059,493.9249979272968,196.517,7543.718887849351,7775.3229,8009.5329
2026-06-27 21:30:00+02:00,7105.937995662026,7584.96933,523.0053555367673,126.29,7628.943351198794,7711.25933,7766.34433
2026-06-27 21:45:00+02:00,7079.891814772779,7831.94426,545.1707975875383,442.666,7625.062612360318,8274.61026,8285.258259999999
2026-06-27 22:00:00+02:00,6462.011134818499,8347.42998,371.83835571694215,499.27,6833.849490535441,8846.699980000001,8850.541980000002
2026-06-27 22:15:00+02:00,6571.219777765329,9057.04507,372.88935786852915,295.049,6944.109135633858,9352.09407,9352.57107
2026-06-27 22:30:00+02:00,6645.766060473668,10048.36821,384.9537951199781,382.521,7030.719855593647,10430.88921,10431.12021
2026-06-27 22:45:00+02:00,6714.628694120598,11125.59291,404.5416086775945,308.432,7119.170302798193,11434.02491,11434.23091
2026-06-27 23:00:00+02:00,7581.975255926947,12010.77215,393.2734984017753,224.57,7975.2487543287225,12235.34215,12235.52615
2026-06-27 23:15:00+02:00,7643.500805532396,12425.34185,392.8855778624632,273.698,8036.386383394859,12699.03985,12699.21885
2026-06-27 23:30:00+02:00,7677.817033523518,12806.42075,381.62834461017985,252.025,8059.445378133698,13058.44575,13058.60675
2026-06-27 23:45:00+02:00,7712.925932331231,12714.9743,367.66661140819605,289.721,8080.592543739427,13004.6953,13004.8493
2026-06-28 00:00:00+02:00,7526.380021149887,12706.13275,391.12822990906653,297.337,7917.508251058954,13003.46975,13003.62075
2026-06-28 00:15:00+02:00,7562.726002831194,12973.47354,431.26884266922343,282.154,7993.994845500418,13255.62754,13255.77854
2026-06-28 00:30:00+02:00,7607.578686717414,13660.39835,445.50116818902166,383.216,8053.079854906436,14043.61435,14043.75135
2026-06-28 00:45:00+02:00,7650.988333143526,14110.92008,490.5593262171179,719.678,8141.547659360644,14830.59808,14830.71308
2026-06-28 01:00:00+02:00,8831.016377448585,14451.76139,1164.0828517641417,716.934,9995.099229212727,15168.69539,15168.81339
2026-06-28 01:15:00+02:00,8807.421491913521,14558.41504,1175.0077159271284,631.461,9982.429207840649,15189.87604,15189.96804
2026-06-28 01:30:00+02:00,8792.589772219593,14464.24635,1161.7425386596453,1075.701,9954.33231087924,15539.94735,15540.03935
2026-06-28 01:45:00+02:00,8797.275433127654,14597.64108,1166.5080219481063,1419.632,9963.78345507576,16017.27308,16017.377079999998
2026-06-28 02:00:00+02:00,8527.526786251972,14469.35633,2271.049412066133,2002.362,10798.576198318106,16471.71833,16471.81833
2026-06-28 02:15:00+02:00,8508.824526891292,15745.5466,2294.7050583801665,2423.029,10803.529585271459,18168.5756,18168.6716
2026-06-28 02:30:00+02:00,8462.708821318269,15928.69048,2322.23536490183,2746.993,10784.944186220098,18675.68348,18675.77448
2026-06-28 02:45:00+02:00,8446.109602498611,16783.44354,2288.7557220377785,2686.901,10734.86532453639,19470.34454,19470.43054
2026-06-28 03:00:00+02:00,9299.89923216137,17257.1745,2725.3227775828145,2195.858,12025.222009744184,19453.0325,19453.1185
2026-06-28 03:15:00+02:00,9240.267175438454,16979.6925,2712.932544133955,2358.713,11953.199719572409,19338.4055,19338.4825
2026-06-28 03:30:00+02:00,9193.577914247846,16174.57153,2696.249542013035,2534.64,11889.82745626088,18709.21153,18709.28153
2026-06-28 03:45:00+02:00,9153.688200829149,15643.70414,2686.9939541703075,2517.078,11840.682154999457,18160.78214,18160.85414
2026-06-28 04:00:00+02:00,9993.707561932422,15250.07725,2569.6558887340498,1829.057,12563.363450666471,17079.13425,17079.19325
2026-06-28 04:15:00+02:00,9984.255544873484,15119.19692,2578.4571693438884,2502.669,12562.712714217372,17621.86592,17622.02692
2026-06-28 04:30:00+02:00,9987.416085547424,15734.61628,2587.5918839504025,2833.019,12575.007969497827,18567.63528,18568.98328
2026-06-28 04:45:00+02:00,9991.86646058128,15914.67867,2564.330994748833,2445.571,12556.197455330112,18360.249669999997,18374.530669999996
2026-06-28 05:00:00+02:00,10188.635178592285,15899.46338,1478.0891348133641,2847.194,11666.72431340565,18746.65738,18825.33938
2026-06-28 05:15:00+02:00,10233.916202478367,15235.34683,1469.9543153757186,3890.847,11703.870517854086,19126.19383,19366.38483
2026-06-28 05:30:00+02:00,10214.628166195014,13999.57876,1470.3162406451083,4718.357,11684.944406840123,18717.93576,19363.73076
2026-06-28 05:45:00+02:00,10183.472077568182,13112.10747,1455.2728867385933,3531.496,11638.744964306776,16643.603470000002,17954.193470000002
2026-06-28 06:00:00+02:00,10084.606634065312,12566.42088,949.6626577795862,3422.685,11034.2692918449,15989.10588,18158.49988
2026-06-28 06:15:00+02:00,10021.117729982981,11560.60325,942.4570632232899,2999.302,10963.574793206271,14559.90525,17795.50825
2026-06-28 06:30:00+02:00,9943.76420961472,11686.54702,924.2755846727309,3261.967,10868.03979428745,14948.51402,19450.59502
2026-06-28 06:45:00+02:00,9858.214392843125,11807.30886,906.445431162349,3462.924,10764.659824005474,15270.23286,21246.40186
2026-06-28 07:00:00+02:00,9508.256705583166,12056.1182,1576.5321277549149,3630.772,11084.788833338082,15686.890200000002,23428.6702
2026-06-28 07:15:00+02:00,9378.496713559214,11375.82913,1577.9533522628703,3810.82,10956.450065822084,15186.64913,24923.77113
2026-06-28 07:30:00+02:00,9223.945951473288,9620.48944,1558.1773880483802,3978.55,10782.123339521668,13599.03944,25650.79644
2026-06-28 07:45:00+02:00,9103.602435624567,8187.31269,1553.741753975185,3987.411,10657.344189599753,12174.72369,26773.42869
2026-06-28 08:00:00+02:00,6261.033438800731,6955.89871,2146.5118158019477,4065.936,8407.545254602679,11021.83471,28312.192710000003
2026-06-28 08:15:00+02:00,6164.265616564287,5844.05357,2149.7011970620447,3833.518,8313.966813626332,9677.57157,29760.87157
2026-06-28 08:30:00+02:00,6127.203405617272,4895.30937,2148.2672906821695,3317.422,8275.470696299442,8212.73137,31116.01937
2026-06-28 08:45:00+02:00,6117.906557997519,4166.12684,2117.3124637713363,3379.31,8235.219021768855,7545.43684,33552.73284
2026-06-28 09:00:00+02:00,3897.9026014709802,3579.78358,2211.188431320998,3459.748,6109.091032791978,7039.53158,35301.26058
2026-06-28 09:15:00+02:00,3889.854058986899,3075.34037,2165.8700892929583,3321.885,6055.724148279857,6397.22537,37067.787370000005
2026-06-28 09:30:00+02:00,3834.855514349896,2792.25586,2128.51196838566,3725.856,5963.367482735556,6518.111860000001,39803.134860000006
2026-06-28 09:45:00+02:00,3832.334151903145,2557.9149,2107.5680252711854,3642.113,5939.90217717433,6200.0279,41587.7269
2026-06-28 10:00:00+02:00,3552.0921926888545,2353.63723,1735.5303880125298,3357.039,5287.622580701384,5710.67623,42812.840229999994
2026-06-28 10:15:00+02:00,3538.967997637684,2168.09295,1730.0284662049198,3284.818,5268.9964638426045,5452.91095,44580.59295
2026-06-28 10:30:00+02:00,3564.700436509753,2308.25063,1725.665442105993,3566.209,5290.365878615747,5874.459629999999,46685.01263
2026-06-28 10:45:00+02:00,3579.339039869505,2386.68041,1693.6679940112629,3411.155,5273.007033880768,5797.83541,47672.11141
2026-06-28 11:00:00+02:00,2952.6646050649297,2470.81904,1973.0021791235436,3423.829,4925.666784188474,5894.64804,48942.96504
2026-06-28 11:15:00+02:00,2959.897594228221,2479.15539,1967.8142669946672,3398.639,4927.711861222888,5877.79439,49884.97839
2026-06-28 11:30:00+02:00,2940.720630715198,2581.88029,1945.9940945914345,3493.325,4886.714725306632,6075.20529,51023.84229
2026-06-28 11:45:00+02:00,2984.21150322924,2492.38413,1924.6811203620023,3386.826,4908.892623591242,5879.2101299999995,50695.39113
2026-06-28 12:00:00+02:00,2730.5152534518033,2652.30476,1713.4475420060776,3411.299,4443.962795457881,6063.60376,51945.837759999995
2026-06-28 12:15:00+02:00,2722.8757150266542,2696.27202,1711.0667680410452,3441.654,4433.9424830677,6137.92602,52695.03302
2026-06-28 12:30:00+02:00,2698.092382950464,3283.49669,1715.4892112098403,3208.877,4413.581594160304,6492.37369,52955.71269
2026-06-28 12:45:00+02:00,2695.6490707935127,3310.45777,1748.7692317285375,2981.465,4444.41830252205,6291.92277,52624.63877
2026-06-28 13:00:00+02:00,2194.499150796023,3362.31967,1335.0424621879272,2639.017,3529.5416129839505,6001.33667,52096.66667
2026-06-28 13:15:00+02:00,2148.51479896792,3377.4076,1337.052972045603,2442.95,3485.567771013523,5820.357599999999,51945.105599999995
2026-06-28 13:30:00+02:00,2146.527270604629,3361.35892,1325.5565945400126,2231.555,3472.0838651446415,5592.91392,51421.84592
2026-06-28 13:45:00+02:00,2146.174126147622,3188.88796,1323.356753634086,2262.286,3469.530879781708,5451.17396,50688.46896
2026-06-28 14:00:00+02:00,3085.4287657478226,3212.13295,1002.8991161991577,2104.313,4088.32788194698,5316.44595,50150.61795
2026-06-28 14:15:00+02:00,3115.1449923087703,3400.30159,1020.8775348048159,1972.199,4136.022527113586,5372.50059,49847.05259000001
2026-06-28 14:30:00+02:00,3117.493004300788,3341.26222,1032.4277210566804,1743.48,4149.920725357469,5084.74222,49735.72222
2026-06-28 14:45:00+02:00,3122.5542423101847,3422.48961,1015.9478360266115,1546.896,4138.502078336796,4969.38561,48539.441609999994
2026-06-28 15:00:00+02:00,4817.766394369664,3740.14681,1138.5859905743662,1503.802,5956.352384944031,5243.94881,48134.10981
2026-06-28 15:15:00+02:00,4892.226429818398,3826.31172,1132.2979077100856,1447.871,6024.524337528484,5274.182720000001,46868.01972
2026-06-28 15:30:00+02:00,4944.021646808902,4367.65655,1130.859475624017,1393.925,6074.881122432919,5761.58155,46037.88855
2026-06-28 15:45:00+02:00,4977.729049617105,4900.98138,1141.047958109273,1535.575,6118.7770077263785,6436.55638,44883.13038
2026-06-28 16:00:00+02:00,6292.431573703689,5590.46023,1094.690451765077,1799.305,7387.122025468765,7389.76523,44443.04423
2026-06-28 16:15:00+02:00,6378.182956404306,6287.24147,1105.7367405809705,2099.3,7483.9196969852765,8386.54147,44039.20847
2026-06-28 16:30:00+02:00,6562.516834036502,6834.48713,1143.8170141893393,2112.398,7706.3338482258405,8946.88513,43267.14313
2026-06-28 16:45:00+02:00,6648.569159476804,7159.33233,1148.6968181646366,2216.258,7797.26597764144,9375.59033,41062.24533
2026-06-28 17:00:00+02:00,6770.0240208451105,7404.35849,1105.7359846916445,2327.263,7875.760005536755,9731.62149,39672.83249
2026-06-28 17:15:00+02:00,6887.907194275415,8131.92412,1164.5225211357017,2600.024,8052.429715411117,10731.94812,38162.78212
2026-06-28 17:30:00+02:00,7116.520202694144,8530.41004,1186.4397921338773,2648.998,8302.959994828021,11179.40804,35968.30304
2026-06-28 17:45:00+02:00,7164.022766653356,8658.16894,1170.763409229809,2394.093,8334.786175883164,11052.26194,33246.78994
2026-06-28 18:00:00+02:00,8544.33217695647,8447.92058,1307.5991703834645,2327.438,9851.931347339934,10775.35858,30514.46458
2026-06-28 18:15:00+02:00,8562.778755582858,8143.11044,1292.7961920037812,2463.763,9855.57494758664,10606.87344,28032.27044
2026-06-28 18:30:00+02:00,8544.152489914646,7881.2538,1270.425063322169,2497.238,9814.577553236815,10378.4918,25270.8828
2026-06-28 18:45:00+02:00,8520.947318650073,7567.32694,1252.3539233862946,2379.913,9773.301242036367,9947.23994,22495.93494
2026-06-28 19:00:00+02:00,9529.861009391541,7432.10137,1328.9733494333395,2297.059,10858.83435882488,9729.16037,20193.97837
2026-06-28 19:15:00+02:00,9458.014196669363,7218.27205,1304.5631940508965,2243.917,10762.57739072026,9462.18905,17973.68005
2026-06-28 19:30:00+02:00,9337.260353353297,7083.61604,1288.9014887974058,2039.359,10626.161842150703,9122.97504,15894.47204
2026-06-28 19:45:00+02:00,9037.334280150244,7009.90659,1285.217147083654,1756.298,10322.551427233899,8766.20459,14057.15659
2026-06-28 20:00:00+02:00,6135.46605159956,6818.41602,916.0540127386965,1520.356,7051.520064338257,8338.77202,12332.53002
2026-06-28 20:15:00+02:00,6110.134833592378,6646.95306,936.9645792075532,1447.683,7047.099412799931,8094.63606,11013.58906
2026-06-28 20:30:00+02:00,6077.411720267039,6629.3112,925.133749908835,1442.128,7002.545470175874,8071.4392,10055.9502
2026-06-28 20:45:00+02:00,6052.589540492891,6677.69696,908.5601023445902,1386.095,6961.149642837481,8063.79196,9292.20296
2026-06-28 21:00:00+02:00,8846.98826911677,6921.70123,734.3013920925008,1313.209,9581.28966120927,8234.91023,8899.791229999999
2026-06-28 21:15:00+02:00,8982.297343039005,7183.61427,749.1080333248798,1293.908,9731.405376363884,8477.52227,8767.04227
2026-06-28 21:30:00+02:00,9066.826285235195,7256.01306,775.072089262512,1320.21,9841.898374497707,8576.22306,8668.06006
2026-06-28 21:45:00+02:00,9063.009988685786,7053.7908,795.7913717988448,1461.243,9858.801360484631,8515.0338,8531.4558
2026-06-28 22:00:00+02:00,9305.990233798724,6999.78156,1103.577369547253,1529.934,10409.567603345977,8529.71556,8531.825560000001
2026-06-28 22:15:00+02:00,9440.397469878972,7290.87597,1104.1902350620924,1613.418,10544.587704941065,8904.29397,8904.72997
2026-06-28 22:30:00+02:00,9534.351520376642,7174.78554,1115.763826603071,1645.147,10650.115346979714,8819.93254,8820.17454
2026-06-28 22:45:00+02:00,9618.449249517163,7281.34059,1135.1617094987184,1699.194,10753.610959015881,8980.53459,8980.764589999999
2026-06-28 23:00:00+02:00,6911.594435611117,7391.2356,1079.097014143666,1643.709,7990.691449754782,9034.9446,9035.1386
2026-06-28 23:15:00+02:00,6980.649813821512,7444.05294,1075.0317632409765,1545.045,8055.681577062489,8989.09794,8989.25294
2026-06-28 23:30:00+02:00,7024.379380176975,7305.03969,1059.9230596160062,1554.604,8084.302439792981,8859.643689999999,8859.795689999999
2026-06-28 23:45:00+02:00,7065.499730351039,6956.60644,1041.3998522433517,1564.059,8106.899582594391,8520.665439999999,8520.817439999999
2026-06-29 00:00:00+02:00,5791.221544974358,6540.6705,755.2191058516881,1623.464,6546.440650826046,8164.1345,8164.2775
2026-06-29 00:15:00+02:00,5833.961547491589,6268.62109,792.2966043436242,1725.205,6626.2581518352135,7993.82609,7993.954089999999
2026-06-29 00:30:00+02:00,5896.3480199855,5983.67907,808.0110167764003,1723.346,6704.359036761901,7707.02507,7707.157069999999
2026-06-29 00:45:00+02:00,5949.808996595512,5849.47804,859.0475326460474,1563.363,6808.85652924156,7412.84104,7412.94904
2026-06-29 01:00:00+02:00,3707.067509555352,5806.63685,978.3321523237952,1287.562,4685.399661879147,7094.19885,7094.29885
2026-06-29 01:15:00+02:00,3683.8682828412525,5730.18607,984.3402671026117,1054.658,4668.208549943864,6784.844069999999,6784.9480699999995
2026-06-29 01:30:00+02:00,3666.741519645894,5571.7812,980.0610810828106,810.648,4646.802600728704,6382.4292000000005,6382.5402
2026-06-29 01:45:00+02:00,3669.539433436693,5409.30933,990.977105867206,711.427,4660.516539303899,6120.73633,6120.84333
2026-06-29 02:00:00+02:00,2745.8025304608605,5291.03924,853.0283680319716,725.972,3598.830898492832,6017.01124,6017.11524
2026-06-29 02:15:00+02:00,2759.134855014613,5278.15728,883.5293804154801,697.502,3642.664235430093,5975.65928,5975.75928
2026-06-29 02:30:00+02:00,2717.4295611721036,5191.09914,915.9240691351035,738.397,3633.353630307207,5929.49614,5929.58614
2026-06-29 02:45:00+02:00,2720.855715356214,5165.61426,877.5220004468919,848.584,3598.377715803106,6014.19826,6014.27126
2026-06-29 03:00:00+02:00,2340.1556182676077,5418.91837,807.7542527128328,849.358,3147.9098709804402,6268.2763700000005,6268.35037
2026-06-29 03:15:00+02:00,2269.9242405827763,5691.27079,792.5428532183532,846.322,3062.4670938011295,6537.59279,6537.66879
2026-06-29 03:30:00+02:00,2196.9643776508697,5869.38748,773.4697798287958,871.59,2970.4341574796654,6740.9774800000005,6741.058480000001
2026-06-29 03:45:00+02:00,2138.2575283131905,5770.41218,755.5750604330026,800.474,2893.8325887461933,6570.88618,6570.959180000001
2026-06-29 04:00:00+02:00,2504.2881718520057,5813.26234,659.445230456739,768.411,3163.7334023087446,6581.67334,6581.737340000001
2026-06-29 04:15:00+02:00,2488.8678069792463,6098.31299,674.082558117486,764.995,3162.950365096732,6863.30799,6863.443990000001
2026-06-29 04:30:00+02:00,2503.6600101776357,6266.17354,682.7804253226008,787.295,3186.4404355002366,7053.46854,7056.39454
2026-06-29 04:45:00+02:00,2508.897852962386,6364.91038,650.6217937002485,830.712,3159.5196466626344,7195.622380000001,7216.432380000001
2026-06-29 05:00:00+02:00,3021.2464678612278,6473.32874,880.4924622622696,817.967,3901.738930123497,7291.29574,7391.88074
2026-06-29 05:15:00+02:00,3035.720506740139,6595.03968,897.4036604535072,744.829,3933.1241671936464,7339.86868,7583.36868
2026-06-29 05:30:00+02:00,2976.273598999284,6497.96315,918.8255763620864,760.203,3895.0991753613703,7258.166149999999,7839.770149999999
2026-06-29 05:45:00+02:00,2919.882594486001,6438.60747,877.4461904921615,822.097,3797.3287849781623,7260.70447,8316.17147
2026-06-29 06:00:00+02:00,3786.1625621337416,6198.2618,1030.0228170292928,886.729,4816.185379163035,7084.9908000000005,8692.881800000001
2026-06-29 06:15:00+02:00,3694.354058834115,6017.51458,1005.0897314885589,891.527,4699.443790322674,6909.04158,9169.23858
2026-06-29 06:30:00+02:00,3617.087098993791,5897.2788,996.4514687221598,902.733,4613.538567715951,6800.0118,9793.0728
2026-06-29 06:45:00+02:00,3534.8219825836604,5941.43937,980.3603246492261,879.518,4515.182307232886,6820.95737,10529.11437
2026-06-29 07:00:00+02:00,3461.939733831769,6072.06357,926.9471684792924,760.322,4388.886902311061,6832.38557,11335.85857
2026-06-29 07:15:00+02:00,3321.944552863227,5778.86869,936.7984347391863,734.455,4258.742987602413,6513.32369,11956.34569
2026-06-29 07:30:00+02:00,3131.129496954818,5645.56043,921.600319319221,675.319,4052.729816274039,6320.879430000001,12804.954430000002
2026-06-29 07:45:00+02:00,2982.287248456117,5365.2797,915.7998189760497,621.076,3898.087067432167,5986.3557,13735.6957
2026-06-29 08:00:00+02:00,3768.8101405602765,5282.75828,949.207457549495,597.278,4718.017598109772,5880.03628,14979.05928
2026-06-29 08:15:00+02:00,3670.182729113044,5397.95986,949.236780343148,596.547,4619.419509456192,5994.5068599999995,16464.37386
2026-06-29 08:30:00+02:00,3624.458569800596,5535.43432,884.7182177205623,616.882,4509.176787521158,6152.31632,18054.02932
2026-06-29 08:45:00+02:00,3607.9889061448625,5802.40243,852.3584249542845,583.638,4460.347331099147,6386.04043,19928.97543
2026-06-29 09:00:00+02:00,5647.279475531615,6165.93539,896.3407697041932,494.558,6543.620245235808,6660.49339,21801.42239
2026-06-29 09:15:00+02:00,5634.62072218615,6195.61501,851.931479154825,467.597,6486.5522013409745,6663.21201,23581.03701
2026-06-29 09:30:00+02:00,5582.637369499307,6244.42135,815.2306823134077,406.213,6397.868051812715,6650.634349999999,25092.94935
2026-06-29 09:45:00+02:00,5583.856745288981,6302.13042,800.6509023590019,382.348,6384.507647647983,6684.47842,26473.75142
2026-06-29 10:00:00+02:00,5907.633579766496,6236.87156,916.4112567100897,397.556,6824.044836476585,6634.427559999999,27977.03856
2026-06-29 10:15:00+02:00,5895.511504571982,6255.23439,918.4350094392213,410.222,6813.946514011203,6665.456389999999,29700.41639
2026-06-29 10:30:00+02:00,5918.942536007852,6116.50031,917.9420449537153,434.613,6836.884580961568,6551.113310000001,31444.45331
2026-06-29 10:45:00+02:00,5930.241728938668,5892.8843,891.2528841315273,456.665,6821.494613070195,6349.5493,32836.8513
2026-06-29 11:00:00+02:00,4785.947784171013,5611.15597,854.3627176752916,476.973,5640.310501846305,6088.12897,34093.18897
2026-06-29 11:15:00+02:00,4796.318951744422,5436.94571,858.6922615287752,475.664,5655.0112132731965,5912.60971,35173.37471
2026-06-29 11:30:00+02:00,4782.812685696189,5397.44498,843.549923904594,593.826,5626.362609600783,5991.27098,36152.19198
2026-06-29 11:45:00+02:00,4832.154531236683,5368.9763,831.5997479763246,841.793,5663.754279213008,6210.7693,37537.9173
2026-06-29 12:00:00+02:00,3962.971607098133,5118.84939,503.69281798921315,1029.598,4466.664425087346,6148.44739,38540.38739
2026-06-29 12:15:00+02:00,3956.9950194794746,4900.98143,510.3571138259772,844.495,4467.352133305452,5745.47643,39398.90443
2026-06-29 12:30:00+02:00,3933.3303728499013,4692.78769,529.0617353651872,660.076,4462.392108215088,5352.86369,40307.402689999995
2026-06-29 12:45:00+02:00,3926.1298448013536,4717.93803,560.3678085612015,559.476,4486.497653362555,5277.41403,41151.24403
2026-06-29 13:00:00+02:00,5181.887065254488,4708.38968,844.3749523761896,445.819,6026.262017630678,5154.208680000001,42405.20568000001
2026-06-29 13:15:00+02:00,5138.443624385407,4678.86874,853.2595565086917,373.086,5991.703180894099,5051.95474,43242.92174
2026-06-29 13:30:00+02:00,5144.880325034836,4489.42505,839.4238686270911,351.453,5984.304193661927,4840.878049999999,43298.87705
2026-06-29 13:45:00+02:00,5180.952875105011,4499.22286,834.7529156715509,309.418,6015.705790776562,4808.6408599999995,43958.92786
2026-06-29 14:00:00+02:00,6139.493898899321,4462.78688,789.4434248094869,360.082,6928.9373237088075,4822.86888,44747.63088
2026-06-29 14:15:00+02:00,6171.808878913904,4003.29007,803.0362378649525,437.837,6974.845116778856,4441.1270700000005,44607.554070000006
2026-06-29 14:30:00+02:00,6175.056948009557,3856.16062,804.2271945215501,501.63,6979.284142531107,4357.79062,44462.76762
2026-06-29 14:45:00+02:00,6167.308429504857,3943.07124,795.526328530154,417.28,6962.834758035011,4360.35124,44245.239239999995
2026-06-29 15:00:00+02:00,6678.4421426825475,4157.72517,727.8059476184368,337.156,7406.248090300985,4494.88117,44068.96917
2026-06-29 15:15:00+02:00,6740.976077243537,4225.20308,728.8997247791599,297.193,7469.875802022696,4522.39608,43199.53208
2026-06-29 15:30:00+02:00,6768.55991243574,4257.88374,735.953193898508,299.556,7504.513106334249,4557.43974,42300.59374
2026-06-29 15:45:00+02:00,6776.552211991413,4299.274,742.1521931228082,328.429,7518.704405114221,4627.703,41183.64
2026-06-29 16:00:00+02:00,10746.030446682278,4434.06578,699.9656736276615,329.296,11445.99612030994,4763.36178,40506.76778
2026-06-29 16:15:00+02:00,10816.137322242435,4682.41784,706.2655106072938,315.501,11522.40283284973,4997.91884,39324.30484
2026-06-29 16:30:00+02:00,10865.570079442678,4762.95227,733.2490643282408,277.024,11598.819143770917,5039.97627,37539.12927
2026-06-29 16:45:00+02:00,10960.39272723556,4671.62045,745.7812801505622,249.078,11706.174007386122,4920.698450000001,35441.23045
2026-06-29 17:00:00+02:00,9815.008931621202,4535.83849,733.5320931895976,274.26,10548.541024810798,4810.09849,33326.86949
2026-06-29 17:15:00+02:00,9962.675807720967,4442.1844,789.8214318903741,321.301,10752.49723961134,4763.4854000000005,31231.2274
2026-06-29 17:30:00+02:00,10070.429065951723,4402.64494,812.5486222332809,341.875,10882.977688185003,4744.51994,28827.729939999997
2026-06-29 17:45:00+02:00,10101.161450761958,4296.60738,813.0747460313862,341.064,10914.236196793345,4637.671380000001,26494.07838
2026-06-29 18:00:00+02:00,10317.84120328157,4263.21208,786.699078905395,364.967,11104.540282186965,4628.17908,24258.44408
2026-06-29 18:15:00+02:00,10325.19004049355,4429.1533,769.8168186380973,385.171,11095.006859131647,4814.3243,22501.9623
2026-06-29 18:30:00+02:00,10301.119858050639,4505.82793,744.9794344717266,447.792,11046.099292522365,4953.619930000001,20701.21993
2026-06-29 18:45:00+02:00,10282.976215275086,4573.47746,730.0828084806008,458.639,11013.059023755686,5032.11646,18701.88446
2026-06-29 19:00:00+02:00,9876.728472637846,4565.1295,662.0529290959421,448.217,10538.781401733788,5013.3465,16524.0115
2026-06-29 19:15:00+02:00,9799.509792780738,4506.88585,634.9813155599041,499.336,10434.491108340642,5006.22185,14545.58185
2026-06-29 19:30:00+02:00,9623.723991583418,4364.0694,608.2540803617078,521.398,10231.978071945126,4885.4674,12660.2274
2026-06-29 19:45:00+02:00,9528.957651880039,4214.17819,594.3854634620559,514.454,10123.343115342095,4728.632189999999,10855.64319
2026-06-29 20:00:00+02:00,7305.7439396493355,4149.69265,541.2287516586968,508.98,7846.972691308032,4658.67265,9347.51865
2026-06-29 20:15:00+02:00,7308.736487804293,4160.45687,552.6207255972076,500.847,7861.3572134015,4661.30387,8135.60687
2026-06-29 20:30:00+02:00,7299.818626664465,4080.40203,542.6891508763796,561.752,7842.5077775408445,4642.15403,7068.63603
2026-06-29 20:45:00+02:00,7294.317311453414,4014.62985,531.3721994266159,595.864,7825.68951088003,4610.49385,6157.23385
2026-06-29 21:00:00+02:00,4998.83188806386,4015.59588,417.6416489697394,583.449,5416.473537033599,4599.0448799999995,5436.4778799999995
2026-06-29 21:15:00+02:00,5135.494489369345,4178.73955,426.3512139445093,533.703,5561.845703313854,4712.44255,5047.26155
2026-06-29 21:30:00+02:00,5214.233034968203,4299.92382,449.5329120076984,510.959,5663.765946975902,4810.88282,4895.813819999999
2026-06-29 21:45:00+02:00,5186.6940290957355,4228.39605,480.9132622223617,541.752,5667.607291318097,4770.14805,4780.753049999999
2026-06-29 22:00:00+02:00,4256.330718385487,4100.03486,350.19002676061757,546.487,4606.520745146105,4646.52186,4648.702859999999
2026-06-29 22:15:00+02:00,4358.799770122687,4202.93362,352.094726925682,457.605,4710.894497048369,4660.538619999999,4660.952619999999
2026-06-29 22:30:00+02:00,4445.561632639187,4203.6938,369.15466846791526,460.652,4814.7163011071025,4664.3458,4664.5338
2026-06-29 22:45:00+02:00,4544.568454101712,4263.85771,383.1280240981472,436.728,4927.696478199859,4700.58571,4700.756710000001
2026-06-29 23:00:00+02:00,3773.5746995825425,4223.69886,394.6172366633762,378.401,4168.191936245918,4602.09986,4602.284860000001
2026-06-29 23:15:00+02:00,3849.330066717647,4236.91293,386.42147429224514,346.915,4235.751541009892,4583.82793,4583.97893
2026-06-29 23:30:00+02:00,3898.1402910072006,4242.05702,364.71241808410105,281.817,4262.852709091301,4523.87402,4524.01302
2026-06-29 23:45:00+02:00,3942.0618041417893,4171.78747,345.1661191959039,208.313,4287.227923337693,4380.10047,4380.236470000001
2026-06-30 00:00:00+02:00,4460.660313488919,4235.24187,327.7567667331623,191.72,4788.4170802220815,4426.96187,4427.08987
2026-06-30 00:15:00+02:00,4500.621622631137,4213.91681,367.6239198687299,178.043,4868.245542499867,4391.959809999999,4392.08181
2026-06-30 00:30:00+02:00,4564.057592271068,4169.70618,388.01143371284394,183.935,4952.069025983912,4353.6411800000005,4353.741180000001
2026-06-30 00:45:00+02:00,4611.574613983634,4082.57214,434.6382740331354,182.118,5046.212888016769,4264.690140000001,4264.797140000001
2026-06-30 01:00:00+02:00,4175.410602725747,4031.69362,334.06298881307464,167.075,4509.473591538821,4198.76862,4198.87162
2026-06-30 01:15:00+02:00,4157.3629317412015,4082.71998,328.9626425012017,135.986,4486.3255742424035,4218.70598,4218.801979999999
2026-06-30 01:30:00+02:00,4145.749696547993,4098.75724,313.48123181676294,107.62,4459.230928364756,4206.37724,4206.473239999999
2026-06-30 01:45:00+02:00,4144.192574650055,4138.19687,316.931458679819,76.904,4461.124033329874,4215.10087,4215.21187
2026-06-30 02:00:00+02:00,4090.5914955727158,4208.56986,293.1083784801267,54.621,4383.6998740528425,4263.19086,4263.29386
2026-06-30 02:15:00+02:00,4109.473534536063,4323.61105,323.13122378854655,37.279,4432.60475832461,4360.890050000001,4360.981050000001
2026-06-30 02:30:00+02:00,4077.454010137351,4358.04976,358.1022040195728,24.603,4435.5562141569235,4382.65276,4382.73876
2026-06-30 02:45:00+02:00,4091.472896914924,4362.51879,325.80099470646917,19.129,4417.273891621393,4381.64779,4381.72879
2026-06-30 03:00:00+02:00,4000.289068697201,4371.49969,399.2966652688047,13.326,4399.585733966006,4384.82569,4384.904689999999
2026-06-30 03:15:00+02:00,3949.2260700184916,4348.55516,383.16786443066763,12.49,4332.393934449159,4361.04516,4361.12316
2026-06-30 03:30:00+02:00,3890.985385281859,4260.83724,363.8588439776838,9.89,4254.844229259543,4270.72724,4270.8002400000005
2026-06-30 03:45:00+02:00,3832.312822577697,4270.21519,347.02749115484545,10.64,4179.340313732542,4280.85519,4280.92119
2026-06-30 04:00:00+02:00,3547.185484355223,4235.4363,316.47051148635416,8.539,3863.655995841577,4243.9753,4244.0433
2026-06-30 04:15:00+02:00,3540.8813917192897,4277.93946,329.05131898183583,6.18,3869.9327107011254,4284.11946,4284.25046
2026-06-30 04:30:00+02:00,3557.8368073557763,4365.25842,331.81164912213853,3.44,3889.648456477915,4368.69842,4370.48142
2026-06-30 04:45:00+02:00,3562.7493642602085,4425.17595,298.08357419848835,1.84,3860.832938458697,4427.01595,4439.92395
2026-06-30 05:00:00+02:00,3958.789153814233,4621.03318,278.5770004466186,1.57,4237.3661542608515,4622.60318,4691.0071800000005
2026-06-30 05:15:00+02:00,3975.5065942310075,4743.95549,296.52689956258297,2.086,4272.03349379359,4746.0414900000005,4963.921490000001
2026-06-30 05:30:00+02:00,3916.6465168307554,4833.34158,320.48655978684855,1.782,4237.133076617604,4835.12358,5441.789580000001
2026-06-30 05:45:00+02:00,3866.8207029202877,4859.39515,282.8277557197633,2.731,4149.648458640051,4862.12615,6156.94015
2026-06-30 06:00:00+02:00,3266.0173117992613,4913.18165,234.24843581885355,6.45,3500.265747618115,4919.63165,7073.638650000001
2026-06-30 06:15:00+02:00,3176.642821154392,4843.10351,210.67659145157006,25.195,3387.319412605962,4868.29851,8084.666509999999
2026-06-30 06:30:00+02:00,3110.7512169100955,4732.03795,205.87213618582155,48.037,3316.623353095917,4780.07495,9223.53995
2026-06-30 06:45:00+02:00,3044.050207019169,4555.75321,190.84110570015224,62.498,3234.8913127193214,4618.251209999999,10525.79021
2026-06-30 07:00:00+02:00,2497.4169802278366,4087.10513,170.8914228774995,58.496,2668.308403105336,4145.60113,11696.19213
2026-06-30 07:15:00+02:00,2361.3665312536336,3517.53107,182.36342411434723,49.446,2543.729955367981,3566.97707,13035.33507
2026-06-30 07:30:00+02:00,2188.064422081988,2813.76423,167.61315245825432,53.838,2355.6775745402424,2867.6022300000004,14333.88323
2026-06-30 07:45:00+02:00,2043.096975565099,2280.58218,161.24036712276578,51.133,2204.3373426878647,2331.7151799999997,15943.41918
2026-06-30 08:00:00+02:00,1642.508680152523,1956.1845,137.25652848356026,52.822,1779.7652086360833,2009.0065,17874.1165
2026-06-30 08:15:00+02:00,1547.7251339539002,1689.99905,137.16272858467815,39.19,1684.8878625385785,1729.18905,19847.62805
2026-06-30 08:30:00+02:00,1415.8276109703943,1536.23442,112.01389932635799,26.732,1527.8415102967522,1562.96642,22123.16342
2026-06-30 08:45:00+02:00,1376.6385611089083,1474.60048,87.73059588469285,34.598,1464.369156993601,1509.19848,24351.01448
2026-06-30 09:00:00+02:00,1641.5039028995384,1438.00942,92.24491941539299,25.277,1733.7488223149314,1463.28642,26526.46242
2026-06-30 09:15:00+02:00,1618.8869369531337,1436.81229,45.71544957110963,23.997,1664.6023865242435,1460.80929,28665.18829
2026-06-30 09:30:00+02:00,1554.144298917423,1401.94656,25.110486303596318,12.693,1579.2547852210193,1414.63956,30629.14456
2026-06-30 09:45:00+02:00,1542.8212503455761,1410.19939,8.794635124052434,26.802,1551.6158854696287,1437.00139,32551.20039
2026-06-30 10:00:00+02:00,1272.3921190545827,1422.23056,40.02549300133623,51.186,1312.4176120559189,1473.41656,34450.527559999995
2026-06-30 10:15:00+02:00,1255.9484732087226,1401.00606,41.7234890495824,87.53,1297.671962258305,1488.53606,36152.89406
2026-06-30 10:30:00+02:00,1278.1429955646406,1323.78609,47.75851927723633,160.253,1325.9015148418769,1484.03909,37830.08009
2026-06-30 10:45:00+02:00,1287.8815068455847,1240.23841,18.574669885380047,267.376,1306.4561767309647,1507.61441,38941.92941
2026-06-30 11:00:00+02:00,1601.5833382374515,1176.57792,51.13656606025688,433.732,1652.7199042977084,1610.30992,40166.07092
2026-06-30 11:15:00+02:00,1606.045641947807,1128.08966,53.6283860554352,451.801,1659.6740280032423,1579.89066,41248.554659999994
2026-06-30 11:30:00+02:00,1601.9269445519503,1094.08458,41.28290723835764,438.012,1643.209851790308,1532.09658,42274.52258
2026-06-30 11:45:00+02:00,1642.900553812846,1057.4207,27.281930657389125,411.52,1670.182484470235,1468.9407,43182.3867
2026-06-30 12:00:00+02:00,1544.4020093351578,1035.3736,199.34062867429523,502.373,1743.742638009453,1537.7466,44017.2226
2026-06-30 12:15:00+02:00,1548.6058679772975,1032.52943,204.74584528270918,583.487,1753.3517132600068,1616.01643,44641.87743
2026-06-30 12:30:00+02:00,1540.7340645970278,1051.01247,217.22086093936667,646.519,1757.9549255363945,1697.53147,44949.26947
2026-06-30 12:45:00+02:00,1545.7644759509749,1076.03036,242.24083220005048,752.803,1788.0053081510255,1828.83336,45248.19136
2026-06-30 13:00:00+02:00,1497.8449998227513,1202.20365,411.1605362913566,796.261,1909.005536114108,1998.46465,45283.57265
2026-06-30 13:15:00+02:00,1467.094191464652,1220.13137,417.5873319803782,930.51,1884.6815234450303,2150.6413700000003,45103.15537
2026-06-30 13:30:00+02:00,1476.3533715319159,1196.048,399.08606230201315,1007.981,1875.439433833929,2204.029,44551.66
2026-06-30 13:45:00+02:00,1511.6868915334367,1256.88378,396.2968722793571,865.862,1907.9837638127938,2122.7457799999997,43615.33678
2026-06-30 14:00:00+02:00,1448.2406517501101,1274.54846,318.9984632937589,709.382,1767.239115043869,1983.93046,42493.084460000005
2026-06-30 14:15:00+02:00,1479.005061760137,1304.63187,325.9912054266325,644.02,1804.9962671867697,1948.65187,41235.93287
2026-06-30 14:30:00+02:00,1475.1045183608448,1419.9278,319.0697148086075,611.662,1794.1742331694522,2031.5898,40348.7768
2026-06-30 14:45:00+02:00,1470.0169849363272,1582.28978,305.54727294937203,555.102,1775.5642578856991,2137.39178,39107.90378
2026-06-30 15:00:00+02:00,1586.6377927530807,1774.54092,230.81332027501844,488.387,1817.4511130280991,2262.92792,38003.77492
2026-06-30 15:15:00+02:00,1639.2033397826272,1973.58516,236.37427980706047,485.166,1875.5776195896876,2458.7511600000003,37105.57016
2026-06-30 15:30:00+02:00,1687.0957302311338,2237.96603,239.6631218484693,457.073,1926.758852079603,2695.03903,35996.85803
2026-06-30 15:45:00+02:00,1720.2139578042747,2404.96139,247.41818720988442,394.331,1967.632145014159,2799.29239,34564.52739
2026-06-30 16:00:00+02:00,2396.5620132430295,2637.80489,246.91612090710544,332.312,2643.478134150135,2970.11689,33064.32989
2026-06-30 16:15:00+02:00,2466.8387822482123,2994.07856,262.97264963781504,261.471,2729.811431886027,3255.54956,31681.47956
2026-06-30 16:30:00+02:00,2404.9238908391894,3329.84562,286.5766025264508,221.797,2691.50049336564,3551.64262,30136.76362
2026-06-30 16:45:00+02:00,2493.659558629704,3576.82364,300.4754780667213,224.758,2794.1350366964252,3801.58164,28321.64464
2026-06-30 17:00:00+02:00,4142.037067945178,3851.39341,222.53237858399888,233.314,4364.569446529177,4084.70741,26577.73341
2026-06-30 17:15:00+02:00,4229.624102642251,4068.13871,288.74108663667806,218.834,4518.365189278929,4286.97271,25023.51171
2026-06-30 17:30:00+02:00,4296.783433254369,4167.74451,313.9097857794845,211.929,4610.693219033853,4379.6735100000005,23156.34051
2026-06-30 17:45:00+02:00,4339.834939966372,4045.36573,308.1575997657653,266.034,4647.992539732138,4311.39973,21309.01873
2026-06-30 18:00:00+02:00,5631.513927608453,3948.74907,459.4644039241334,291.851,6090.978331532586,4240.6000699999995,19428.44507
2026-06-30 18:15:00+02:00,5641.097000204133,4094.78182,447.29651323243013,299.539,6088.393513436563,4394.32082,17695.75782
2026-06-30 18:30:00+02:00,5619.421133800682,4147.20455,423.4446127040943,393.762,6042.865746504776,4540.96655,15948.757549999998
2026-06-30 18:45:00+02:00,5606.822103424792,4220.07244,405.51234403993624,610.25,6012.334447464728,4830.32244,14540.68144
2026-06-30 19:00:00+02:00,7421.399608863774,4413.95803,627.6442085709936,740.658,8049.043817434767,5154.61603,13253.92303
2026-06-30 19:15:00+02:00,7355.0077776417675,4860.94276,602.073660217555,731.731,7957.081437859322,5592.67376,12174.19076
2026-06-30 19:30:00+02:00,7260.303923653201,5243.32055,571.7159556922782,724.057,7832.019879345479,5967.37755,11139.93755
2026-06-30 19:45:00+02:00,7178.059344156625,5508.22666,550.4270863772832,626.166,7728.486430533909,6134.39266,10174.46466
2026-06-30 20:00:00+02:00,7494.720352333298,5738.75569,893.439942079772,566.591,8388.16029441307,6305.34669,9377.09569
2026-06-30 20:15:00+02:00,7503.402614422856,5956.38515,902.7388336262686,688.701,8406.141448049124,6645.08615,8857.48915
2026-06-30 20:30:00+02:00,7505.783397432018,5960.11789,895.1919142820775,701.489,8400.975311714095,6661.606890000001,8155.591890000001
2026-06-30 20:45:00+02:00,7513.598314936016,5734.83585,885.7012395599102,684.043,8399.299554495927,6418.87885,7338.53685
2026-06-30 21:00:00+02:00,7403.042361786028,5473.05588,1323.1327839463806,725.787,8726.175145732408,6198.84288,6660.04288
2026-06-30 21:15:00+02:00,7547.135333958856,5424.87503,1331.6567055493138,722.36,8878.79203950817,6147.23503,6321.20403
2026-06-30 21:30:00+02:00,7633.405779144803,5362.22367,1354.7693088420565,639.521,8988.17508798686,6001.74467,6055.12167
2026-06-30 21:45:00+02:00,7606.004529911769,5331.75093,1390.5509323139693,577.781,8996.555462225739,5909.53193,5920.6679300000005
2026-06-30 22:00:00+02:00,6796.106890331903,5403.76726,940.959070243094,653.517,7737.065960574997,6057.284259999999,6061.21826
2026-06-30 22:15:00+02:00,6904.910332052941,5239.55728,946.8096442913925,759.849,7851.719976344333,5999.40628,5999.79828
2026-06-30 22:30:00+02:00,6985.725246457116,5042.46463,964.2819799982789,748.013,7950.007226455395,5790.47763,5790.67763
2026-06-30 22:45:00+02:00,7085.331874056267,4831.75667,979.4907689572074,673.514,8064.822643013475,5505.27067,5505.45267
2026-06-30 23:00:00+02:00,5995.120189883594,4557.22668,605.3595977949726,590.586,6600.479787678567,5147.81268,5147.98468
2026-06-30 23:15:00+02:00,6071.24334012035,4634.01447,593.9106124080012,580.646,6665.153952528351,5214.66047,5214.80747
2026-06-30 23:30:00+02:00,6117.336296807471,4681.48169,573.8925913131782,597.338,6691.228888120649,5278.819689999999,5278.947689999999
2026-06-30 23:45:00+02:00,6153.533602334128,4829.56974,556.2901375386332,679.393,6709.8237398727615,5508.96274,5509.09074
2026-07-01 00:00:00+02:00,4052.489844374687,4704.64741,504.140788779514,707.729,4556.630633154201,5412.37641,5412.51341
2026-07-01 00:15:00+02:00,4087.531159898274,4532.35456,542.5676627120141,785.187,4630.098822610288,5317.54156,5317.65456
2026-07-01 00:30:00+02:00,4144.299949038275,4362.54953,561.5159814709924,876.71,4705.815930509268,5239.25953,5239.36253
2026-07-01 00:45:00+02:00,4183.895843729774,4502.28657,606.2262151512676,844.805,4790.122058881042,5347.0915700000005,5347.203570000001
2026-07-01 01:00:00+02:00,4164.486485930731,4444.14853,564.65788114977,736.703,4729.144367080501,5180.85153,5180.94853
2026-07-01 01:15:00+02:00,4148.32278393749,4458.49386,559.969928658897,623.553,4708.292712596387,5082.0468599999995,5082.15086
2026-07-01 01:30:00+02:00,4137.154803222948,4592.93825,546.1115304003863,540.205,4683.2663336233345,5133.14325,5133.24825
2026-07-01 01:45:00+02:00,4135.320522072068,4472.90979,550.1326877668918,525.733,4685.45320983896,4998.64279,4998.75279
2026-07-01 02:00:00+02:00,3993.6790424831706,4316.68858,423.01117372667187,489.856,4416.690216209842,4806.54458,4806.63558
2026-07-01 02:15:00+02:00,4021.623225823565,4256.90992,453.70077956192506,452.26,4475.32400538549,4709.16992,4709.260920000001
2026-07-01 02:30:00+02:00,4002.6396567650886,3980.88518,489.02191618754756,406.336,4491.661572952637,4387.2211800000005,4387.30418
2026-07-01 02:45:00+02:00,4023.004731319277,3834.54288,458.91977107569977,363.653,4481.924502394977,4198.19588,4198.282880000001
2026-07-01 03:00:00+02:00,3283.464637734389,3784.89989,603.6815911432517,384.453,3887.1462288776406,4169.35289,4169.42489
2026-07-01 03:15:00+02:00,3235.888800283436,3757.93065,587.3729656051639,426.919,3823.2617658886,4184.84965,4184.92465
2026-07-01 03:30:00+02:00,3182.21838718489,3671.09417,569.5346126380309,420.203,3751.752999822921,4091.29717,4091.37417
2026-07-01 03:45:00+02:00,3128.9900819523837,3597.29251,555.2972250919148,387.696,3684.2873070442984,3984.98851,3985.06551
2026-07-01 04:00:00+02:00,3516.450231416821,3474.21344,724.9821342065441,373.325,4241.4323656233655,3847.53844,3847.61644
2026-07-01 04:15:00+02:00,3513.792936033229,3386.62905,738.235068735758,389.266,4252.028004768987,3775.89505,3775.99605
2026-07-01 04:30:00+02:00,3530.3522813466193,3662.1707,741.3189005645415,402.675,4271.671181911161,4064.8457,4065.6737
2026-07-01 04:45:00+02:00,3538.8601375717576,3855.43503,707.9511544427842,423.491,4246.811292014541,4278.9260300000005,4287.6890300000005
2026-07-01 05:00:00+02:00,4196.156139530535,3930.44638,830.1029450462669,454.638,5026.259084576802,4385.08438,4431.93038
2026-07-01 05:15:00+02:00,4210.825051275403,4271.45047,847.3363930788796,483.985,5058.161444354282,4755.435469999999,4892.54347
2026-07-01 05:30:00+02:00,4146.810314692002,4473.56288,871.1412767139215,502.706,5017.951591405924,4976.2688800000005,5355.846880000001
2026-07-01 05:45:00+02:00,4090.880839778334,4372.1424,834.8912725418419,515.625,4925.772112320176,4887.7674,5683.685399999999
2026-07-01 06:00:00+02:00,4391.120008625389,4293.41726,1026.9242058315688,540.588,5418.044214456958,4834.00526,6111.54526
2026-07-01 06:15:00+02:00,4299.855301716463,4310.75797,1005.3231086481222,574.28,5305.178410364585,4885.037969999999,6683.214969999999
2026-07-01 06:30:00+02:00,4229.198840573517,4091.71821,1001.8063755757425,569.319,5231.00521614926,4661.03721,7074.07221
2026-07-01 06:45:00+02:00,4152.623041841537,4027.55204,987.5685593690298,571.011,5140.191601210567,4598.56304,7657.35304
2026-07-01 07:00:00+02:00,4228.967590013085,3867.99872,783.1628965677213,605.99,5012.130486580806,4473.98872,8365.30772
2026-07-01 07:15:00+02:00,4066.83855577213,3624.85576,794.7441129021383,660.565,4861.5826686742685,4285.42076,9170.72176
2026-07-01 07:30:00+02:00,3864.9854742548173,3457.11383,782.138976687817,689.881,4647.124450942634,4146.99483,10217.99683
2026-07-01 07:45:00+02:00,3700.4653327756764,3340.71188,777.1952016110187,678.722,4477.660534386695,4019.43388,11407.25588
2026-07-01 08:00:00+02:00,3484.1667048030313,3144.65231,672.7714266841674,661.171,4156.938131487199,3805.82331,12616.66831
2026-07-01 08:15:00+02:00,3382.5905286811885,2980.16751,663.7283807595439,630.688,4046.3189094407326,3610.85551,14021.08051
2026-07-01 08:30:00+02:00,3293.482173620863,2884.22077,634.3588962178441,657.138,3927.841069838707,3541.35877,15547.86877
2026-07-01 08:45:00+02:00,3262.2437260253714,2758.91425,609.6669328372471,654.136,3871.9106588626187,3413.05025,16997.31825
2026-07-01 09:00:00+02:00,3402.0622747252683,2721.43035,508.239724334764,663.415,3910.3019990600324,3384.84535,18388.12235
2026-07-01 09:15:00+02:00,3390.0471914917043,2687.88313,470.8588510668038,640.583,3860.906042558508,3328.46613,19599.65513
2026-07-01 09:30:00+02:00,3337.8409587999035,2686.23495,450.2892091781044,608.656,3788.130167978008,3294.89095,20820.69595
2026-07-01 09:45:00+02:00,3334.4347101940034,2780.60947,433.83758670511315,592.348,3768.2722968991166,3372.95747,22228.52947
2026-07-01 10:00:00+02:00,3109.8554413815414,2826.42803,402.7468024430568,585.639,3512.602243824598,3412.06703,23580.205029999997
2026-07-01 10:15:00+02:00,3089.8987249786205,2857.95406,404.38738262657654,581.991,3494.2861076051972,3439.94506,25003.78506
2026-07-01 10:30:00+02:00,3105.2197090150466,2910.68978,410.34746657095286,565.06,3515.5671755859994,3475.74978,26311.43078
2026-07-01 10:45:00+02:00,3108.060773311007,2900.43039,381.7876768099697,524.929,3489.8484501209764,3425.35939,27605.13239
2026-07-01 11:00:00+02:00,3489.7183006735413,2973.40611,345.20108093722547,520.229,3834.919381610767,3493.63511,28933.25111
2026-07-01 11:15:00+02:00,3483.441868223262,3083.38443,347.09095301805155,506.008,3830.5328212413137,3589.39243,30409.55743
2026-07-01 11:30:00+02:00,3471.3948628886938,3229.8109,338.84753480540326,480.44,3810.2423976940972,3710.2509,31466.0119
2026-07-01 11:45:00+02:00,3500.977050984342,3208.51491,332.44214740380187,448.936,3833.4191983881437,3657.45091,32288.98091
2026-07-01 12:00:00+02:00,4228.863300215494,3143.79844,367.3174931671319,432.149,4596.180793382626,3575.94744,33198.331439999994
2026-07-01 12:15:00+02:00,4224.859188782457,3131.03165,367.1706791195338,423.696,4592.029867901991,3554.72765,34139.17865
2026-07-01 12:30:00+02:00,4214.477725851881,3260.06145,374.77293171015594,385.673,4589.250657562036,3645.73445,35343.34545
2026-07-01 12:45:00+02:00,4218.583219585136,3270.02585,396.2030090316399,325.356,4614.7862286167765,3595.38185,36547.744849999995
2026-07-01 13:00:00+02:00,5943.92795616293,3382.21865,412.20999009327613,294.096,6356.137946256206,3676.31465,37625.87665
2026-07-01 13:15:00+02:00,5915.2876622019285,3581.17729,415.7631349338719,277.171,6331.0507971358,3858.34829,38751.42729
2026-07-01 13:30:00+02:00,5920.120295921368,3719.77391,396.95577344083176,339.368,6317.0760693622,4059.14191,39410.55691
2026-07-01 13:45:00+02:00,5953.7049934274555,3956.80738,392.89254650419497,388.844,6346.59753993165,4345.65138,39953.33338
2026-07-01 14:00:00+02:00,6865.89527287368,4307.85489,333.51547550192896,412.918,7199.41074837561,4720.772889999999,40035.52389
2026-07-01 14:15:00+02:00,6877.811949399262,4514.39533,341.84065812296296,401.901,7219.652607522225,4916.29633,40076.875329999995
2026-07-01 14:30:00+02:00,6861.15915976072,4997.30327,336.11706975690265,363.388,7197.276229517623,5360.69127,40057.85727
2026-07-01 14:45:00+02:00,6855.537521030625,5435.14075,319.90243846604034,363.859,7175.439959496665,5798.99975,40337.373750000006
2026-07-01 15:00:00+02:00,7218.605008528986,5668.78967,258.33650952021725,367.903,7476.941518049203,6036.69267,40435.96367
2026-07-01 15:15:00+02:00,7267.724907375621,5967.20781,255.58183948366755,369.977,7523.306746859289,6337.18481,40064.70381
2026-07-01 15:30:00+02:00,7287.848945192008,6252.33254,258.6559800476664,371.75,7546.504925239674,6624.08254,39641.60454
2026-07-01 15:45:00+02:00,7311.540224765712,6480.84557,267.16969659500955,359.954,7578.709921360722,6840.79957,38811.86257
2026-07-01 16:00:00+02:00,8424.957851351846,6577.38355,232.51730458254912,372.022,8657.475155934395,6949.4055499999995,37749.74855
2026-07-01 16:15:00+02:00,8493.764957834168,6705.5201,248.3870545008355,393.783,8742.152012335004,7099.3031,36959.9301
2026-07-01 16:30:00+02:00,8557.579889099641,6709.28454,269.68568338755904,415.829,8827.2655724872,7125.113539999999,35948.43054
2026-07-01 16:45:00+02:00,8644.683474310646,6730.26842,284.0138909987451,410.654,8928.697365309392,7140.922420000001,34620.51642
2026-07-01 17:00:00+02:00,8247.534572607585,6858.13163,392.1054062398354,427.611,8639.639978847421,7285.74263,33362.67063
2026-07-01 17:15:00+02:00,8345.014504129775,7015.14487,473.91496594720377,438.595,8818.929470076979,7453.73987,32090.74287
2026-07-01 17:30:00+02:00,8404.908273388279,6970.32684,498.60780520662195,487.768,8903.516078594901,7458.09484,30339.34584
2026-07-01 17:45:00+02:00,8430.435792494918,7065.24075,492.82733477015336,555.939,8923.263127265072,7621.17975,28856.28375
2026-07-01 18:00:00+02:00,8757.726647413996,7199.09419,477.8703094518005,555.468,9235.596956865797,7754.56219,27144.06319
2026-07-01 18:15:00+02:00,8776.48822992926,7473.21939,466.86387937120793,547.036,9243.352109300467,8020.25539,25724.92639
2026-07-01 18:30:00+02:00,8763.130596457895,7756.74814,445.4524285788,535.125,9208.583025036694,8291.87314,24088.67914
2026-07-01 18:45:00+02:00,8747.436713956145,7996.11884,428.25433339266505,507.797,9175.69104734881,8503.91584,22366.13184
2026-07-01 19:00:00+02:00,7986.111614287303,8239.92372,398.5427293085868,504.107,8384.65434359589,8744.03072,20594.69972
2026-07-01 19:15:00+02:00,7910.89755992994,8322.92133,375.60707891724536,489.194,8286.504638847186,8812.115329999999,18768.37033
2026-07-01 19:30:00+02:00,7821.427466065091,8060.18578,346.8567646949082,467.831,8168.2842307599985,8528.01678,16623.98278
2026-07-01 19:45:00+02:00,7745.575431756108,7646.1883,325.89993137017535,492.957,8071.475363126283,8139.1453,14534.3093
2026-07-01 20:00:00+02:00,6176.671094909777,7239.22141,436.67440820607317,512.107,6613.34550311585,7751.32841,12623.12441
2026-07-01 20:15:00+02:00,6186.908003487919,6672.33788,445.4914167071,583.019,6632.399420195019,7255.35688,10842.09788
2026-07-01 20:30:00+02:00,6195.825545527973,6235.99465,440.4942218105074,675.178,6636.31976733848,6911.1726499999995,9403.98865
2026-07-01 20:45:00+02:00,6211.721504805712,5930.84085,432.33501875505266,701.503,6644.056523560765,6632.343849999999,8214.347849999998
2026-07-01 21:00:00+02:00,5544.511741209466,5614.90675,395.41279469504735,719.777,5939.9245359045135,6334.68375,7194.66375
2026-07-01 21:15:00+02:00,5690.010485109635,5571.60124,402.18110267171744,753.069,6092.191587781353,6324.6702399999995,6689.454239999999
2026-07-01 21:30:00+02:00,5786.069043925618,5398.89537,423.54903400400406,756.24,6209.618077929622,6155.13537,6290.49237
2026-07-01 21:45:00+02:00,5769.059441318423,4858.57472,459.0690404973045,671.835,6228.128481815727,5530.40972,5590.782719999999
2026-07-01 22:00:00+02:00,5332.7930133841755,4404.88007,513.181184848419,561.125,5845.974198232594,4966.00507,5007.54107
2026-07-01 22:15:00+02:00,5446.738492015232,4285.43372,517.0704216611833,425.313,5963.808913676415,4710.74672,4711.17672
2026-07-01 22:30:00+02:00,5530.927809542454,4058.49375,534.5904051938312,363.951,6065.518214736286,4422.444750000001,4422.690750000001
2026-07-01 22:45:00+02:00,5635.575993682537,3908.37549,548.611544304711,336.164,6184.187537987248,4244.53949,4244.74949
2026-07-01 23:00:00+02:00,3559.8916964584346,3788.44158,471.43193725370287,329.408,4031.3236337121375,4117.84958,4118.05358
2026-07-01 23:15:00+02:00,3641.6075015048623,3596.75993,458.51788320155373,337.061,4100.125384706416,3933.82093,3933.99093
2026-07-01 23:30:00+02:00,3689.0470834294174,3369.95401,436.3747771015045,368.922,4125.421860530922,3738.87601,3739.03301
2026-07-01 23:45:00+02:00,3720.2654579576424,3087.897,417.71452456958457,408.203,4137.979982527227,3496.1,3496.237
2026-07-02 00:00:00+02:00,2713.644145009061,2888.74486,538.207649816689,480.991,3251.85179482575,3369.73586,3369.8918599999997
2026-07-02 00:15:00+02:00,2740.33238318351,2779.20064,577.5452643927152,578.076,3317.877647576225,3357.27664,3357.41264
2026-07-02 00:30:00+02:00,2785.4608996307975,2626.89277,597.8487853822662,715.807,3383.3096850130637,3342.69977,3342.83377
2026-07-02 00:45:00+02:00,2834.2721672865155,2490.72309,640.0520794417558,900.553,3474.324246728271,3391.27609,3391.40109
2026-07-02 01:00:00+02:00,2870.219405007606,2367.25547,914.5761943315252,1075.444,3784.795599339131,3442.69947,3442.82847
2026-07-02 01:15:00+02:00,2859.663844570994,2381.89641,907.2248235838968,1321.678,3766.888668154891,3703.57441,3703.69741
2026-07-02 01:30:00+02:00,2854.2415856369566,2322.10075,891.572254048728,1585.575,3745.813839685685,3907.67575,3907.79175
2026-07-02 01:45:00+02:00,2851.555169945032,2334.90402,893.9254036639087,1863.009,3745.4805736089406,4197.91302,4198.02502
2026-07-02 02:00:00+02:00,2815.1508255437925,2348.98696,1856.714402721736,2134.796,4671.8652282655285,4483.7829600000005,4483.90296
2026-07-02 02:15:00+02:00,2845.4092810544644,2381.93935,1885.0312770857731,2400.725,4730.440558140237,4782.66435,4782.77435
2026-07-02 02:30:00+02:00,2821.565102693544,2406.77409,1916.7795730364876,2713.023,4738.344675730032,5119.79709,5119.88909
2026-07-02 02:45:00+02:00,2839.7068525249665,2446.71363,1884.9026121717923,3074.568,4724.609464696759,5521.28163,5521.36963
2026-07-02 03:00:00+02:00,3333.133495756006,2537.03728,2877.3458247386066,3458.635,6210.479320494613,5995.672280000001,5995.763280000001
2026-07-02 03:15:00+02:00,3285.344346588951,2665.54929,2862.2859927047894,3576.722,6147.630339293741,6242.271290000001,6242.36329
2026-07-02 03:30:00+02:00,3229.628066844709,2769.76327,2843.952956884664,3949.366,6073.581023729374,6719.129269999999,6719.225269999999
2026-07-02 03:45:00+02:00,3174.450156274971,2871.42645,2829.0960753206828,4157.924,6003.546231595654,7029.35045,7029.43745
2026-07-02 04:00:00+02:00,3764.4381080878593,3129.58058,3865.916723515969,4541.997,7630.354831603829,7671.57758,7671.66058
2026-07-02 04:15:00+02:00,3759.2975283630612,3531.81394,3880.418673009988,4734.833,7639.716201373049,8266.646939999999,8266.779939999999
2026-07-02 04:30:00+02:00,3784.0953034727772,4111.0252,3883.1766649256588,4950.706,7667.271968398436,9061.7312,9062.8362
2026-07-02 04:45:00+02:00,3797.938359728215,4649.73193,3851.3348592529524,5168.807,7649.273218981167,9818.53893,9858.29993
2026-07-02 05:00:00+02:00,5712.196562794354,5172.75702,4493.135644002056,5358.623,10205.33220679641,10531.38002,10642.92402
2026-07-02 05:15:00+02:00,5732.974914861099,5885.02715,4509.769838202159,5694.177,10242.744753063258,11579.20415,11880.84715
2026-07-02 05:30:00+02:00,5678.4649374692535,6393.50081,4532.768466518939,5785.239,10211.233403988193,12178.73981,12945.96481
2026-07-02 05:45:00+02:00,5628.418203275177,6721.65647,4498.858299249081,5558.715,10127.276502524259,12280.37147,13870.66747
2026-07-02 06:00:00+02:00,7399.0340081214745,7321.34548,4521.833487961843,5361.725,11920.867496083318,12683.07048,15275.51648
2026-07-02 06:15:00+02:00,7314.064495513375,7688.48048,4502.6451232991685,5574.113,11816.709618812543,13262.59348,17067.57548
2026-07-02 06:30:00+02:00,7246.141641330531,8086.09623,4500.71157194838,5797.109,11746.853213278911,13883.20523,19149.95423
2026-07-02 06:45:00+02:00,7178.247885408311,8338.92634,4488.320647703774,5341.003,11666.568533112084,13679.92934,20730.240339999997
2026-07-02 07:00:00+02:00,7624.048062672817,8416.47457,4846.8409860112915,5034.006,12470.889048684108,13450.48057,22614.50657
2026-07-02 07:15:00+02:00,7468.89683528283,8375.49693,4860.378533283911,4545.803,12329.275368566741,12921.29993,24513.26193
2026-07-02 07:30:00+02:00,7278.6248572500945,8263.26992,4849.8200560435735,4544.898,12128.444913293668,12808.16792,27045.90892
2026-07-02 07:45:00+02:00,7122.404998640284,8219.94049,4845.216094011485,4736.573,11967.62109265177,12956.51349,30103.95449
2026-07-02 08:00:00+02:00,6861.947146195759,8372.35445,4748.790020433823,3794.44,11610.737166629582,12166.79445,32389.56145
2026-07-02 08:15:00+02:00,6760.53030064905,8788.87528,4748.059205154868,4303.013,11508.589505803919,13091.88828,36435.90928
2026-07-02 08:30:00+02:00,6667.923031007948,9356.90394,4725.071743986162,4395.399,11392.99477499411,13752.30294,40246.64894
2026-07-02 08:45:00+02:00,6635.892064870113,10320.66239,4696.953064431646,4409.662,11332.84512930176,14730.32439,44269.08939
2026-07-02 09:00:00+02:00,7452.664032072046,11317.46543,4045.1848022712184,4280.373,11497.848834343265,15597.83843,48238.87943
2026-07-02 09:15:00+02:00,7441.023675269904,11045.54258,4008.9713267499847,4233.817,11449.995002019888,15279.35958,50087.75658
2026-07-02 09:30:00+02:00,7391.1150645217485,12040.28272,3987.7901192327813,4168.454,11378.90518375453,16208.73672,53276.93572
2026-07-02 09:45:00+02:00,7388.5886946256,11434.91153,3970.7556950177895,4063.071,11359.34438964339,15497.98253,54468.29453
2026-07-02 10:00:00+02:00,10234.832375369386,11420.99513,3732.6199285265843,4380.699,13967.45230389597,15801.69413,56043.37813
2026-07-02 10:15:00+02:00,10215.78294025298,11782.52788,3734.129645226757,4690.245,13949.912585479738,16472.77288,58057.03988
2026-07-02 10:30:00+02:00,10231.208607278631,12100.56997,3740.605442589975,4787.104,13971.814049868606,16887.67397,59358.79996999999
2026-07-02 10:45:00+02:00,10233.377880985192,13598.70341,3714.5144190446294,4770.221,13947.892300029822,18368.92441,61326.60141
2026-07-02 11:00:00+02:00,13699.719959983895,14202.85463,3170.334165116711,3719.243,16870.054125100607,17922.09763,60441.93363
2026-07-02 11:15:00+02:00,13693.82100663149,15474.12734,3171.696115172095,3731.237,16865.517121803583,19205.36434,61734.22634
2026-07-02 11:30:00+02:00,13683.10544212352,16484.37737,3162.6560192286356,3612.227,16845.761461352155,20096.604369999997,62268.71936999999
2026-07-02 11:45:00+02:00,13710.206671853504,17255.99773,3156.7267713770484,3926.352,16866.93344323055,21182.34973,63381.02273
2026-07-02 12:00:00+02:00,16202.005836686827,18507.16153,3356.790399495029,3597.535,19558.796236181857,22104.69653,64488.59253
2026-07-02 12:15:00+02:00,16196.663039608515,18974.56203,3358.1325514863915,3767.608,19554.795591094906,22742.17003,65120.63203
2026-07-02 12:30:00+02:00,16186.939230896582,18879.14557,3367.709462660758,3547.036,19554.64869355734,22426.18157,63906.26457
2026-07-02 12:45:00+02:00,16191.940264965808,19299.02831,3390.461786772889,3259.864,19582.402051738696,22558.892310000003,64057.31431
2026-07-02 13:00:00+02:00,16788.585611581326,19553.63632,3395.6094146065116,3289.174,20184.195026187837,22842.81032,63806.31632
2026-07-02 13:15:00+02:00,16760.63139252578,19442.40906,3400.7853238542866,3296.549,20161.416716380067,22738.95806,63207.41606
2026-07-02 13:30:00+02:00,16762.398611181758,19714.50922,3383.583012664877,3422.519,20145.981623846634,23137.02822,62339.27622
2026-07-02 13:45:00+02:00,16795.968645260313,19771.87202,3373.9918791143696,3252.813,20169.96052437468,23024.685019999997,62079.245019999995
2026-07-02 14:00:00+02:00,16801.03626667065,19676.33137,4122.442338104101,2890.001,20923.47860477475,22566.33237,61059.34637
2026-07-02 14:15:00+02:00,16811.807986779408,19717.58877,4128.4076062742615,2869.046,20940.21559305367,22586.634769999997,60257.84577
2026-07-02 14:30:00+02:00,16799.554336294757,19849.49416,4121.7763225273775,2771.014,20921.330658822135,22620.50816,58951.62816
2026-07-02 14:45:00+02:00,16797.547724866297,19818.0415,4104.470907821495,2675.91,20902.018632687792,22493.9515,57793.7945
2026-07-02 15:00:00+02:00,18141.612331798657,20378.73852,4020.1620425055658,3115.749,22161.774374304223,23494.48752,58070.67152
2026-07-02 15:15:00+02:00,18194.369087107276,20493.70676,4017.9396088035073,3198.333,22212.308695910782,23692.03976,56988.79376
2026-07-02 15:30:00+02:00,18241.72380239428,20810.38187,4019.98610407637,3396.213,22261.70990647065,24206.59487,56132.52187
2026-07-02 15:45:00+02:00,18269.17028090109,21073.80835,4030.9765824598935,3547.253,22300.146863360984,24621.06135,55098.47235
2026-07-02 16:00:00+02:00,19572.47789240707,22321.5056,3839.6711210973476,3745.259,23412.14901350442,26066.7646,56587.2026
2026-07-02 16:15:00+02:00,19665.529156902478,23162.2449,3849.4279700755674,3679.207,23514.957126978046,26841.4519,55485.6109
2026-07-02 16:30:00+02:00,19842.94104853807,23365.00206,3883.558782128008,3831.758,23726.49983066608,27196.76006,54343.66306
2026-07-02 16:45:00+02:00,19962.60597154845,25405.16907,3915.3413342513763,3887.374,23877.94730579983,29292.54307,55684.961070000005
2026-07-02 17:00:00+02:00,20528.184198030653,26033.56074,3608.238707330075,4769.958,24136.422905360727,30803.51874,55585.114740000005
2026-07-02 17:15:00+02:00,20714.29966456934,26683.86585,3687.7328150538287,4961.985,24402.032479623165,31645.85085,54897.86485
2026-07-02 17:30:00+02:00,20788.939327117678,27467.26871,3710.487707460635,5698.567,24499.42703457831,33165.83571,54556.22871
2026-07-02 17:45:00+02:00,20812.529371659693,28654.34703,3706.1926468825045,5678.564,24518.722018542197,34332.91103,53768.69903
2026-07-02 18:00:00+02:00,22214.35821366048,29971.3657,3722.3109052455534,2850.743,25936.669118906033,32822.1087,50306.7357
2026-07-02 18:15:00+02:00,22237.890741215884,30583.44595,3712.119297046275,2236.188,25950.01003826216,32819.63395,48370.50695
2026-07-02 18:30:00+02:00,22228.074337678405,31471.82946,3693.6822169029206,2597.694,25921.756554581327,34069.523460000004,47548.09146
2026-07-02 18:45:00+02:00,22214.555775341876,32143.27469,3681.1555664423504,2463.291,25895.711341784227,34606.565689999996,46013.364689999995
2026-07-02 19:00:00+02:00,24255.060714030067,31556.83594,3844.072016745722,3211.012,28099.13273077579,34767.84794,44154.86094
2026-07-02 19:15:00+02:00,24203.836376437863,30457.77009,3821.643533742378,3313.067,28025.479910180242,33770.83709,41515.02709
2026-07-02 19:30:00+02:00,24129.152041425554,30207.48056,3792.379588966642,3288.612,27921.531630392197,33496.09256,39693.991559999995
2026-07-02 19:45:00+02:00,24064.337761047587,29956.72592,3767.3053560580124,3104.434,27831.6431171056,33061.15992,37937.39292
2026-07-02 20:00:00+02:00,26366.52671846826,28875.5999,4045.977691642288,3348.186,30412.50441011055,32223.785900000003,35927.4619
2026-07-02 20:15:00+02:00,26364.893927754874,28350.47283,4056.075115406501,3368.314,30420.969043161374,31718.786829999997,34399.929829999994
2026-07-02 20:30:00+02:00,26371.336665457966,27399.50654,4049.5250483367654,3364.372,30420.86171379473,30763.87854,32587.47554
2026-07-02 20:45:00+02:00,26379.563959692186,26366.15619,4038.0371054074685,3359.971,30417.601065099654,29726.127190000003,30827.699190000003
2026-07-02 21:00:00+02:00,27644.89655848071,25810.91751,4541.1983905694215,3342.656,32186.09494905013,29153.57351,29742.905509999997
2026-07-02 21:15:00+02:00,27781.08632634523,26179.06082,4547.2183995651985,3412.634,32328.304725910428,29591.694819999997,29865.91282
2026-07-02 21:30:00+02:00,27870.293342771674,26442.68468,4565.148074524706,3390.929,32435.44141729638,29833.61368,29947.32868
2026-07-02 21:45:00+02:00,27854.09892986857,26059.9517,4597.614415041625,3351.088,32451.713344910197,29411.0397,29468.2997
2026-07-02 22:00:00+02:00,27397.68699474578,24254.60858,4790.830640433401,3909.826,32188.51763517918,28164.43458,28203.51058
2026-07-02 22:15:00+02:00,27501.368715344426,24032.45059,4799.3669430730115,4082.832,32300.735658417438,28115.28259,28115.69959
2026-07-02 22:30:00+02:00,27572.88838955452,23914.25642,4816.866114006458,4161.233,32389.754503560976,28075.48942,28075.73142
2026-07-02 22:45:00+02:00,27663.091536666132,23361.3269,4826.753709673376,4209.331,32489.845246339508,27570.6579,27570.8429
2026-07-02 23:00:00+02:00,27487.688382170585,23094.24912,4916.506519849924,4185.02,32404.19490202051,27279.26912,27279.474120000003
2026-07-02 23:15:00+02:00,27558.987081341256,23021.23924,4900.545093674138,4211.131,32459.532175015396,27232.37024,27232.53924
2026-07-02 23:30:00+02:00,27594.298663115907,22799.21228,4876.429772216089,4235.116,32470.728435331996,27034.32828,27034.49028
2026-07-02 23:45:00+02:00,27617.259295984073,22670.41485,4858.102820359093,4222.717,32475.362116343167,26893.13185,26893.28785
2026-07-03 00:00:00+02:00,29194.82677746179,22759.12258,4748.592340583697,5423.287,33943.41911804549,28182.40958,28182.55458
2026-07-03 00:15:00+02:00,29206.262799614033,23101.97042,4779.947524174719,5776.568,33986.21032378875,28878.53842,28878.67242
2026-07-03 00:30:00+02:00,29234.231218482044,23405.89717,4797.398084525014,5853.324,34031.62930300706,29259.22117,29259.34317
2026-07-03 00:45:00+02:00,29266.843623336023,23106.86723,4835.090305653263,5863.388,34101.93392898929,28970.25523,28970.373229999997
2026-07-03 01:00:00+02:00,29078.17702992467,22899.81223,4785.796123087303,5337.388,33863.973153011975,28237.20023,28237.32023
2026-07-03 01:15:00+02:00,29056.574971711892,22884.57241,4783.542876273276,5259.371,33840.117847985166,28143.94341,28144.04941
2026-07-03 01:30:00+02:00,29040.541824325246,22880.02576,4773.88497528793,5194.688,33814.426799613175,28074.71376,28074.82476
2026-07-03 01:45:00+02:00,29029.735073800588,22717.47254,4783.488964716652,5179.257,33813.22403851724,27896.72954,27896.83254
2026-07-03 02:00:00+02:00,29406.07603851687,22644.10003,4809.998811131156,5140.876,34216.07484964802,27784.97603,27785.07903
2026-07-03 02:15:00+02:00,29427.707374872345,22259.1969,4842.97699188552,5199.939,34270.684366757865,27459.1359,27459.2379
2026-07-03 02:30:00+02:00,29396.813747367465,22002.22618,4881.711753750129,5211.626,34278.52550111759,27213.85218,27213.95818
2026-07-03 02:45:00+02:00,29409.150133838157,21755.39173,4862.08240499762,5202.955,34271.23253883578,26958.346729999997,26958.452729999997
2026-07-03 03:00:00+02:00,27744.6571124485,21768.66505,5090.200457418759,4992.466,32834.85756986726,26761.13105,26761.23905
2026-07-03 03:15:00+02:00,27699.55134653746,21900.8283,5078.013748312771,4911.819,32777.56509485023,26812.6473,26812.7423
2026-07-03 03:30:00+02:00,27647.603610030717,21726.05712,5068.770290216776,5071.976,32716.373900247494,26798.03312,26798.12312
2026-07-03 03:45:00+02:00,27597.061791189433,21644.42411,5058.017808005233,5075.444,32655.079599194665,26719.86811,26719.94911
2026-07-03 04:00:00+02:00,26532.978264900892,21555.01094,4845.9658450826,4992.434,31378.94410998349,26547.44494,26547.51794
2026-07-03 04:15:00+02:00,26536.404356349114,21739.33595,4864.013780289884,4969.723,31400.418136638997,26709.05895,26709.15395
2026-07-03 04:30:00+02:00,26571.804836897503,21887.01237,4874.2340697002855,4946.245,31446.038906597787,26833.25737,26834.27737
2026-07-03 04:45:00+02:00,26595.407089134074,22032.47148,4850.54112684133,4941.62,31445.948215975404,26974.09148,27011.67848
2026-07-03 05:00:00+02:00,26760.19052749023,22002.44706,5216.238740191503,5222.512,31976.429267681735,27224.959059999997,27327.763059999997
2026-07-03 05:15:00+02:00,26793.3225889402,22361.06409,5238.816601070935,5555.83,32032.139190011134,27916.89409,28208.85109
2026-07-03 05:30:00+02:00,26751.581361232995,22294.57658,5260.537962694836,5603.574,32012.11932392783,27898.15058,28621.48658
2026-07-03 05:45:00+02:00,26712.356496728673,21556.74724,5220.1404456513,5630.248,31932.496942379974,27186.99524,28684.71624
2026-07-03 06:00:00+02:00,26367.719088532667,22079.07672,5231.838918399804,5150.681,31599.55800693247,27229.75772,29692.47072
2026-07-03 06:15:00+02:00,26294.287400774952,21917.56967,5217.91004337929,5075.059,31512.19744415424,26992.62867,30645.24767
2026-07-03 06:30:00+02:00,26237.705048164768,22013.88149,5222.675249038408,5094.152,31460.380297203177,27108.03349,32239.12949
2026-07-03 06:45:00+02:00,26178.300724477347,21348.10645,5200.300423329279,5051.012,31378.601147806625,26399.11845,33342.52245
2026-07-03 07:00:00+02:00,24958.57575241864,21507.1663,3832.211658616571,3909.283,28790.787411035213,25416.4493,34424.433300000004
2026-07-03 07:15:00+02:00,24815.095047774088,21403.13956,3833.727910525749,3811.473,28648.822958299836,25214.61256,36582.55456
2026-07-03 07:30:00+02:00,24636.14432688598,20977.02826,3826.446309471658,3751.396,28462.59063635764,24728.42426,38739.60826
2026-07-03 07:45:00+02:00,24498.372572882963,20655.53059,3828.7274346591357,3648.247,28327.1000075421,24303.77759,41020.18259
2026-07-03 08:00:00+02:00,19860.328311819965,20584.02106,2150.329460982946,3068.174,22010.65777280291,23652.19506,43002.19906
2026-07-03 08:15:00+02:00,19774.977096976312,20664.54333,2162.44692128812,2685.317,21937.42401826443,23349.86033,45448.68833
2026-07-03 08:30:00+02:00,19653.618347426167,20679.49018,2138.3464448526224,2538.654,21791.964792278788,23218.14418,47817.90118
2026-07-03 08:45:00+02:00,19629.510183524253,21502.55837,2116.661201359814,2312.41,21746.171384884066,23814.96837,50951.78037
2026-07-03 09:00:00+02:00,17308.39242490609,22793.07192,1559.6984624131046,2672.476,18868.090887319195,25465.547919999997,55116.66392
2026-07-03 09:15:00+02:00,17300.45583549824,24027.65731,1523.2520987538192,2717.051,18823.70793425206,26744.70831,58558.55631
2026-07-03 09:30:00+02:00,17249.293414772055,24889.4699,1502.490522341707,2351.826,18751.783937113763,27241.2959,60811.188899999994
2026-07-03 09:45:00+02:00,17245.66578297422,24900.15476,1488.0345901356047,2335.535,18733.700373109827,27235.68976,62137.57576
2026-07-03 10:00:00+02:00,15284.781263380557,24323.15996,1120.496015878086,2153.751,16405.277279258644,26476.91096,62351.66096
2026-07-03 10:15:00+02:00,15262.180011777447,23998.70634,1125.796254815578,2384.163,16387.976266593025,26382.86934,63372.64134
2026-07-03 10:30:00+02:00,15271.701346420703,23121.31532,1130.1864448845106,2447.354,16401.887791305213,25568.66932,63873.44532
2026-07-03 10:45:00+02:00,15262.168909496237,22867.39031,1105.1931218472946,2398.602,16367.362031343531,25265.99231,63587.532309999995
2026-07-03 11:00:00+02:00,14869.676739423503,22779.95906,1817.6883025793609,2520.032,16687.365042002864,25299.99106,64402.99206
2026-07-03 11:15:00+02:00,14853.430357153404,21960.04436,1821.599674547515,2626.823,16675.030031700917,24586.86736,63741.90635999999
2026-07-03 11:30:00+02:00,14838.496805850995,21914.90401,1809.693127675996,2520.002,16648.18993352699,24434.90601,64707.89601
2026-07-03 11:45:00+02:00,14854.254696053116,21480.79989,1803.483608561412,2076.032,16657.73830461453,23556.83189,63744.36989
2026-07-03 12:00:00+02:00,15062.425376320462,21221.7155,1811.263534904672,1742.618,16873.688911225134,22964.333499999997,64069.88249999999
2026-07-03 12:15:00+02:00,15044.31494272103,21509.18376,1811.4411671318721,1688.085,16855.756109852904,23197.26876,65018.86376
2026-07-03 12:30:00+02:00,15053.276556975146,20911.50466,1819.3887842030974,1698.777,16872.665341178243,22610.28166,65688.15366000001
2026-07-03 12:45:00+02:00,15059.216062169631,20926.53222,1839.952504914881,1522.692,16899.16856708451,22449.22422,65137.99421999999
2026-07-03 13:00:00+02:00,15637.529801631168,20223.48862,1853.9383778432127,1304.648,17491.46817947438,21528.13662,65172.213619999995
2026-07-03 13:15:00+02:00,15604.52393465655,19511.65483,1855.7629094227268,1201.773,17460.286844079277,20713.42783,63442.56283
2026-07-03 13:30:00+02:00,15603.299307982425,19687.53499,1835.994923230634,1226.723,17439.294231213058,20914.25799,63652.11999
2026-07-03 13:45:00+02:00,15646.700862173464,19572.31244,1827.2278086397328,1092.693,17473.9286708132,20665.00544,63575.99644
2026-07-03 14:00:00+02:00,15833.744836318376,19185.09852,1708.0471101542853,853.256,17541.791946472662,20038.35452,62298.13452
2026-07-03 14:15:00+02:00,15845.728553321296,18721.69958,1709.2681629345705,746.914,17554.996716255868,19468.61358,62211.47658
2026-07-03 14:30:00+02:00,15842.133442397693,18418.64278,1700.419240043635,748.753,17542.55268244133,19167.39578,61123.77778
2026-07-03 14:45:00+02:00,15837.380578305683,17868.0021,1686.6587726708683,852.634,17524.039350976553,18720.636100000003,59800.54610000001
2026-07-03 15:00:00+02:00,15630.86580064187,18121.99063,1759.5570392167792,1261.118,17390.42283985865,19383.10863,60192.41163
2026-07-03 15:15:00+02:00,15685.052075298674,18025.86101,1757.8861517667517,1376.904,17442.938227065424,19402.76501,59299.580010000005
2026-07-03 15:30:00+02:00,15740.310271556937,18761.31866,1761.287615791409,1514.639,17501.597887348347,20275.95766,59423.07766
2026-07-03 15:45:00+02:00,15775.664381293987,19685.81505,1770.6051304572761,1466.188,17546.269511751263,21152.00305,59549.84105
2026-07-03 16:00:00+02:00,17131.348702100524,20210.75955,1782.5367879109822,1877.956,18913.885490011507,22088.715549999997,59568.47555
2026-07-03 16:15:00+02:00,17227.247985930117,20723.2194,1795.2434244112537,1801.201,19022.49141034137,22524.420400000003,58681.093400000005
2026-07-03 16:30:00+02:00,17573.02896204087,20937.17577,1831.4090301294348,1799.67,19404.437992170304,22736.84577,56824.52777
2026-07-03 16:45:00+02:00,17660.979413644618,21322.24364,1843.9543549144257,1911.23,19504.933768559044,23233.47364,55750.48864
2026-07-03 17:00:00+02:00,17789.110666391964,21790.58542,1855.7299222465704,2210.252,19644.840588638534,24000.83742,54699.08442
2026-07-03 17:15:00+02:00,17906.834064991155,23233.17246,1909.5836287271593,1798.568,19816.417693718315,25031.74046,54605.43246
2026-07-03 17:30:00+02:00,18150.956016550892,25037.69854,1933.7698449483196,1827.53,20084.72586149921,26865.22854,55329.66854
2026-07-03 17:45:00+02:00,18162.02844708569,26332.38291,1929.8943966473148,1802.32,20091.922843733006,28134.70291,54540.96791
2026-07-03 18:00:00+02:00,20317.100344666975,26681.95907,2251.3644644207716,2354.594,22568.464809087745,29036.55307,53123.10707
2026-07-03 18:15:00+02:00,20340.882245827233,25843.6304,2235.0478625478254,2298.283,22575.930108375058,28141.9134,49667.05439999999
2026-07-03 18:30:00+02:00,20338.917231833064,25169.73644,2218.722898487767,2038.201,22557.64013032083,27207.93744,46066.71544
2026-07-03 18:45:00+02:00,20328.305431820412,24086.33802,2203.2689732301583,2044.344,22531.57440505057,26130.68202,42214.632020000005
2026-07-03 19:00:00+02:00,21735.843662351184,23276.0176,3072.903448464377,3314.956,24808.747110815562,26590.9736,39997.927599999995
2026-07-03 19:15:00+02:00,21669.567996188125,22803.14678,3050.758846296554,3032.092,24720.32684248468,25835.23878,36645.30878
2026-07-03 19:30:00+02:00,21573.28552810985,22362.99637,3017.738343531505,2855.236,24591.023871641355,25218.23237,33750.63437
2026-07-03 19:45:00+02:00,21484.403236813494,21359.45432,2994.3290061953912,2601.747,24478.732243008886,23961.20132,30565.29632
2026-07-03 20:00:00+02:00,22577.558420758956,20554.37189,3763.9054180532744,3032.623,26341.46383881223,23586.99489,28458.151889999997
2026-07-03 20:15:00+02:00,22568.99065754186,19869.52877,3777.4571544152163,2993.198,26346.447811957078,22862.72677,26316.164770000003
2026-07-03 20:30:00+02:00,22555.590054722954,19120.2278,3778.440017050002,2943.659,26334.030071772955,22063.8868,24373.7998
2026-07-03 20:45:00+02:00,22542.002513619063,18539.19195,3771.7737351010205,2794.956,26313.776248720085,21334.14795,22671.29495
2026-07-03 21:00:00+02:00,21953.62287023865,18360.65073,3985.1536166651467,3436.346,25938.776486903796,21796.996730000003,22429.821730000003
2026-07-03 21:15:00+02:00,22084.073425756244,18181.71544,3993.238097183587,3471.048,26077.31152293983,21652.76344,21879.14244
2026-07-03 21:30:00+02:00,22145.369581940882,17814.78997,4009.726602292287,3358.214,26155.09618423317,21173.00397,21231.46297
2026-07-03 21:45:00+02:00,22107.469287348846,17107.82566,4034.953012383742,3287.176,26142.42229973259,20395.00166,20403.71566
2026-07-03 22:00:00+02:00,20118.41170144465,16124.97476,3953.2433106330795,3535.849,24071.65501207773,19660.82376,19664.83976
2026-07-03 22:15:00+02:00,20199.261371848257,16354.03675,3959.2936142153594,3490.158,24158.554986063617,19844.19475,19844.64675
2026-07-03 22:30:00+02:00,20254.22542271544,16090.41089,3971.2590210450244,3447.454,24225.484443760466,19537.86489,19538.10489
2026-07-03 22:45:00+02:00,20331.179655215507,15447.39527,3973.2814345420043,3434.516,24304.46108975751,18881.91127,18882.12427
2026-07-03 23:00:00+02:00,17209.475564227087,15013.48029,4016.8511859354103,3457.962,21226.326750162498,18471.44229,18471.65529
2026-07-03 23:15:00+02:00,17273.75117548387,14674.91474,3995.9697887427,3474.398,21269.72096422657,18149.31274,18149.515740000003
2026-07-03 23:30:00+02:00,17293.69714906578,14281.49167,3970.2303935361842,3557.304,21263.927542601967,17838.79567,17838.984669999998
2026-07-03 23:45:00+02:00,17303.75569483573,13855.46722,3956.1761622688036,3670.428,21259.931857104533,17525.89522,17526.07622
2026-07-04 00:00:00+02:00,15067.31649992897,13532.22557,3972.7885599371048,3312.383,19040.105059866073,16844.60857,16844.80257
2026-07-04 00:15:00+02:00,15092.424484356696,13313.91061,4010.26786074619,3595.798,19102.692345102885,16909.70861,16909.859610000003
2026-07-04 00:30:00+02:00,15126.934146615362,12998.87382,4027.2253398684147,3858.655,19154.159486483775,16857.52882,16857.67582
2026-07-04 00:45:00+02:00,15155.486288984674,12795.38643,4066.8302501710696,3973.386,19222.31653915574,16768.77243,16768.91643
2026-07-04 01:00:00+02:00,14102.405225838354,12615.17089,4175.747960352943,4019.054,18278.153186191295,16634.224889999998,16634.386889999998
2026-07-04 01:15:00+02:00,14099.388458352094,12479.98716,4172.141377855154,3968.362,18271.52983620725,16448.34916,16448.47416
2026-07-04 01:30:00+02:00,14101.784392133124,12361.57068,4160.234627808727,3993.483,18262.01901994185,16355.05368,16355.15468
2026-07-04 01:45:00+02:00,14095.172208304004,12126.91839,4172.696210300132,4018.632,18267.868418604136,16145.55039,16145.65939
2026-07-04 02:00:00+02:00,14401.80720656902,11931.55601,4172.228366866366,3916.889,18574.035573435387,15848.44501,15848.56201
2026-07-04 02:15:00+02:00,14414.206799758254,11811.67918,4210.411489660565,4000.998,18624.61828941882,15812.67718,15812.781179999998
2026-07-04 02:30:00+02:00,14377.443964655373,11493.16493,4250.511634584023,3978.592,18627.955599239394,15471.75693,15471.855930000002
2026-07-04 02:45:00+02:00,14382.122524905402,11431.35842,4232.271659898897,3947.934,18614.3941848043,15379.292420000002,15379.381420000002
2026-07-04 03:00:00+02:00,14493.16107522387,11272.49323,4312.328943272956,3836.241,18805.49001849683,15108.73423,15108.83523
2026-07-04 03:15:00+02:00,14453.788883287853,11308.05081,4298.505499826631,3853.013,18752.294383114484,15161.06381,15161.15581
2026-07-04 03:30:00+02:00,14402.562710739387,11526.97951,4294.445499371566,3957.095,18697.00821011095,15484.07451,15484.15551
2026-07-04 03:45:00+02:00,14356.824291697048,11610.73275,4283.902526410434,4055.843,18640.726818107483,15666.57575,15666.64775
2026-07-04 04:00:00+02:00,14176.886610682623,11599.71542,4120.28456916039,4224.752,18297.17117984301,15824.46742,15824.542420000002
2026-07-04 04:15:00+02:00,14180.773321302744,11658.70279,4135.509788206669,4237.946,18316.283109509415,15896.64879,15896.74179
2026-07-04 04:30:00+02:00,14219.222184182912,11814.17689,4143.269530998545,4201.473,18362.49171518146,16015.64989,16016.75289
2026-07-04 04:45:00+02:00,14251.40887239265,11801.56245,4118.3666339838965,4115.355,18369.775506376547,15916.91745,15927.468449999998
2026-07-04 05:00:00+02:00,14357.571517399881,11760.82404,4182.215183780216,4047.071,18539.7867011801,15807.89504,15865.13504
2026-07-04 05:15:00+02:00,14398.078343750049,11901.26667,4207.779233167071,4136.12,18605.85757691712,16037.38667,16243.37867
2026-07-04 05:30:00+02:00,14350.389947826492,11752.78042,4227.025789755996,4075.974,18577.415737582487,15828.75442,16468.666419999998
2026-07-04 05:45:00+02:00,14290.870720468089,11745.66129,4187.859944261823,4133.147,18478.730664729912,15878.80829,17288.91629
2026-07-04 06:00:00+02:00,12938.788216198536,11762.76106,4294.865216284408,3958.514,17233.653432482944,15721.27506,18091.94306
2026-07-04 06:15:00+02:00,12872.246037617453,11374.94864,4276.640926339569,3785.064,17148.886963957022,15160.01264,18714.90164
2026-07-04 06:30:00+02:00,12829.10934552787,10848.52574,4279.897407918758,3585.163,17109.00675344663,14433.68874,19424.43774
2026-07-04 06:45:00+02:00,12768.975761493222,10394.52958,4258.516661733764,3252.334,17027.492423226984,13646.86358,20381.14858
2026-07-04 07:00:00+02:00,9588.529744424155,9979.06394,4224.973692049385,2902.97,13813.50343647354,12882.03394,21557.83694
2026-07-04 07:15:00+02:00,9445.194053160896,9761.38744,4221.241088664634,2611.425,13666.43514182553,12372.812440000002,23150.20444
2026-07-04 07:30:00+02:00,9246.732260321593,9478.46444,4215.225133754187,2399.833,13461.95739407578,11878.29744,24863.26644
2026-07-04 07:45:00+02:00,9101.634552324189,9148.75086,4216.645848799709,2352.793,13318.280401123899,11501.54386,26988.48786
2026-07-04 08:00:00+02:00,11819.63730495907,9084.12892,3239.736770720201,2214.845,15059.37407567927,11298.97392,29352.770919999995
2026-07-04 08:15:00+02:00,11741.526391511188,8982.43745,3240.266064381023,2270.37,14981.792455892211,11252.80745,31952.98245
2026-07-04 08:30:00+02:00,11663.235645382336,8752.20777,3200.474863525598,2293.247,14863.710508907934,11045.45477,34126.78377
2026-07-04 08:45:00+02:00,11660.222091024394,8704.96413,3181.581147993007,2252.529,14841.803239017401,10957.49313,36700.81513
2026-07-04 09:00:00+02:00,13105.758774509166,8776.19058,3172.206987176575,2084.306,16277.96576168574,10860.49658,39080.20758
2026-07-04 09:15:00+02:00,13079.97803825743,8714.7262,3136.84166661948,1953.0,16216.81970487691,10667.7262,40720.6202
2026-07-04 09:30:00+02:00,13050.46128270096,8561.84543,3117.0332365056283,1700.158,16167.49451920659,10262.00343,42204.09243
2026-07-04 09:45:00+02:00,13027.041523809754,8396.99635,3100.801630336839,1534.415,16127.843154146592,9931.411349999998,43981.896349999995
2026-07-04 10:00:00+02:00,13121.576219531742,7862.73634,3124.611780006099,850.937,16246.18799953784,8713.673340000001,43169.88534
2026-07-04 10:15:00+02:00,13106.806341686315,7621.68778,3132.151702772008,741.35,16238.958044458323,8363.03778,44453.79878
2026-07-04 10:30:00+02:00,13120.017546360028,7668.41676,3135.300686788447,837.2,16255.318233148475,8505.61676,45850.07576000001
2026-07-04 10:45:00+02:00,13148.05221767202,7448.3769,3116.1212456551266,861.958,16264.173463327148,8310.3349,46832.2379
2026-07-04 11:00:00+02:00,12577.151568127729,6847.18709,3155.181230106219,931.707,15732.332798233947,7778.894090000001,46613.31809
2026-07-04 11:15:00+02:00,12595.174359890356,6668.40013,3156.956931364927,963.106,15752.131291255282,7631.50613,47879.64813
2026-07-04 11:30:00+02:00,12612.187446672137,6573.33058,3147.3370271364424,978.303,15759.524473808578,7551.63358,48105.30758
2026-07-04 11:45:00+02:00,12642.03914985204,6171.82558,3151.3077872343565,977.699,15793.346937086397,7149.524579999999,48268.99658
2026-07-04 12:00:00+02:00,12316.854826742056,5710.76913,3244.179968433851,1122.409,15561.034795175907,6833.17813,48916.03913
2026-07-04 12:15:00+02:00,12323.936840329887,5795.00093,3249.15797373537,1304.483,15573.094814065256,7099.48393,49145.59393
2026-07-04 12:30:00+02:00,12336.2328089423,6355.08819,3250.6338141252068,1301.391,15586.866623067508,7656.47919,49307.97619
2026-07-04 12:45:00+02:00,12354.937945896334,7034.36224,3258.7824683775552,1253.772,15613.720414273888,8288.13424,50320.51524
2026-07-04 13:00:00+02:00,13532.275060745269,7131.12356,3222.5386487052215,1156.701,16754.81370945049,8287.824560000001,49411.92756
2026-07-04 13:15:00+02:00,13501.784445123169,7151.46847,3219.0990758890857,1152.418,16720.883521012256,8303.88647,48815.232469999995
2026-07-04 13:30:00+02:00,13509.620453180647,7289.84685,3200.141055596219,1259.301,16709.761508776865,8549.14785,48669.557850000005
2026-07-04 13:45:00+02:00,13557.980162687125,7395.01548,3180.4225678495623,1410.752,16738.402730536687,8805.76748,48330.41148
2026-07-04 14:00:00+02:00,15921.998105908373,7605.7565,3366.9406848738668,1626.981,19288.93879078224,9232.7375,48235.93350000001
2026-07-04 14:15:00+02:00,15940.410857060462,7903.85123,3365.6126867298603,1714.725,19306.02354379032,9618.57623,47978.25223
2026-07-04 14:30:00+02:00,15948.018586246317,7963.08937,3353.760235063085,1786.294,19301.778821309403,9749.38337,47302.85236999999
2026-07-04 14:45:00+02:00,15945.407223240198,7932.12459,3341.9354888560697,1884.027,19287.342712096266,9816.15159,46728.71459
2026-07-04 15:00:00+02:00,16168.516028795751,8091.92261,3455.9460011064507,1834.191,19624.462029902203,9926.11361,45429.66161
2026-07-04 15:15:00+02:00,16217.788816033955,8484.15484,3459.883574747906,1811.362,19677.67239078186,10295.51684,44968.99984
2026-07-04 15:30:00+02:00,16270.49050128649,9077.97859,3479.8242907434883,1998.832,19750.314792029978,11076.81059,44786.57259
2026-07-04 15:45:00+02:00,16321.00708835016,9520.98953,3492.431882745673,2283.608,19813.43897109583,11804.59753,44087.85353
2026-07-04 16:00:00+02:00,18006.877982233214,10295.57824,3819.543373024707,2443.02,21826.42135525792,12738.59824,43381.44224
2026-07-04 16:15:00+02:00,18112.335847542658,11041.74809,3836.228344972995,2718.972,21948.564192515652,13760.72009,42754.57509
2026-07-04 16:30:00+02:00,18457.65301968519,11937.01058,3884.7754639902914,2750.185,22342.42848367548,14687.19558,42275.19458
2026-07-04 16:45:00+02:00,18677.225669721738,12861.97793,3899.3679922267297,3435.146,22576.593661948467,16297.12393,42184.49993
2026-07-04 17:00:00+02:00,18314.68012340704,14955.77042,3923.151257346314,4825.486,22237.831380753356,19781.25642,45391.96942
2026-07-04 17:15:00+02:00,18452.11034293991,16634.54637,3985.241534743443,5270.752,22437.351877683355,21905.29837,46323.38737
2026-07-04 17:30:00+02:00,18644.06480026906,18146.17836,4023.775271432261,5580.496,22667.84007170132,23726.67436,46197.23836
2026-07-04 17:45:00+02:00,18695.079866287855,18489.86335,4023.705876984587,6267.715,22718.78574327244,24757.57835,45034.070349999995
2026-07-04 18:00:00+02:00,19587.173850261006,18559.58982,4139.040715090855,6556.429,23726.21456535186,25116.01882,43394.57682
2026-07-04 18:15:00+02:00,19629.265320270704,19943.0248,4103.521041625887,6257.426,23732.786361896593,26200.4508,42322.9168
2026-07-04 18:30:00+02:00,19651.414726839725,20594.3869,4095.6747947567237,6007.859,23747.08952159645,26602.2459,40686.9909
2026-07-04 18:45:00+02:00,19650.946569390602,20091.76105,4078.4126846727904,5758.665,23729.35925406339,25850.42605,37884.82505
2026-07-04 19:00:00+02:00,19198.42350091664,19790.07204,4311.37974346422,5996.031,23509.803244380862,25786.10304,35727.177039999995
2026-07-04 19:15:00+02:00,19115.066086762352,19568.60681,4308.486187125379,5867.967,23423.55227388773,25436.57381,33359.14881
2026-07-04 19:30:00+02:00,19017.781143370004,19174.32474,4285.236432463407,5938.238,23303.01757583341,25112.56274,31329.25474
2026-07-04 19:45:00+02:00,18930.562061008073,18465.6139,4260.2912400181185,6044.181,23190.853301026193,24509.7949,29231.1399
2026-07-04 20:00:00+02:00,18381.491713200474,18166.18942,4365.185255743404,5997.998,22746.676968943877,24164.18742,27615.252419999997
2026-07-04 20:15:00+02:00,18349.696369745983,17459.89754,4374.512996034382,5870.921,22724.209365780363,23330.81854,25757.82054
2026-07-04 20:30:00+02:00,18289.534648686575,16918.92339,4366.061641114353,5583.893,22655.596289800927,22502.81639,24064.21339
2026-07-04 20:45:00+02:00,18226.69897748214,16352.07477,4347.795004355258,5414.509,22574.4939818374,21766.583769999997,22648.309769999996
2026-07-04 21:00:00+02:00,16912.595244774628,16429.49045,4561.901119506184,5178.423,21474.49636428081,21607.91345,21999.25245
2026-07-04 21:15:00+02:00,17018.117478828957,16321.77322,4553.36550622258,5090.693,21571.482985051538,21412.46622,21534.41222
2026-07-04 21:30:00+02:00,17064.102212332928,15781.54065,4548.075664928236,5142.064,21612.177877261165,20923.60465,20954.970650000003
2026-07-04 21:45:00+02:00,16989.49501551211,15068.70197,4555.663472363536,5271.676,21545.158487875648,20340.37797,20346.87197
2026-07-04 22:00:00+02:00,16468.166384992903,14360.02786,4654.513388134793,5522.242,21122.679773127697,19882.26986,19885.25286
2026-07-04 22:15:00+02:00,16516.982402267153,14150.61638,4656.495114128048,5972.528,21173.4775163952,20123.14438,20123.59738
2026-07-04 22:30:00+02:00,16543.46622527311,13880.10856,4664.9064825411415,6369.474,21208.37270781425,20249.582560000003,20249.837560000004
2026-07-04 22:45:00+02:00,16580.32444219875,13962.9666,4663.919433052663,6601.761,21244.243875251414,20564.7276,20564.9496
2026-07-04 23:00:00+02:00,17605.54976663293,14041.33295,4760.282818454327,6674.44,22365.832585087257,20715.77295,20715.98295
2026-07-04 23:15:00+02:00,17649.887943268626,14062.94897,4742.4907894395,6924.175,22392.378732708126,20987.12397,20987.31697
2026-07-04 23:30:00+02:00,17643.026418099635,14180.32289,4723.977328445187,6888.094,22367.003746544822,21068.41689,21068.56889
2026-07-04 23:45:00+02:00,17618.458923906222,14416.23097,4711.118542482965,6730.101,22329.577466389186,21146.33197,21146.47197
2026-07-05 00:00:00+02:00,18273.855292456275,14573.21623,4864.178024341374,6300.063,23138.03331679765,20873.27923,20873.45023
2026-07-05 00:15:00+02:00,18281.618522405388,15334.36698,4898.994113257763,6338.378,23180.61263566315,21672.74498,21672.88798
2026-07-05 00:30:00+02:00,18294.45579211724,16257.13988,4922.909619416304,6586.531,23217.365411533545,22843.67088,22843.81088
2026-07-05 00:45:00+02:00,18307.87635146465,16896.8583,4968.4513024153275,6596.609,23276.327653879976,23493.4673,23493.5873
2026-07-05 01:00:00+02:00,19321.43872082017,17511.66831,4895.862816748723,6266.222,24217.301537568892,23777.890310000003,23778.053310000003
2026-07-05 01:15:00+02:00,19310.49051572926,18155.45579,4904.696972739775,6108.033,24215.187488469033,24263.48879,24263.60779
2026-07-05 01:30:00+02:00,19307.36485369529,18596.96067,4896.441183839414,6068.294,24203.806037534705,24665.25467,24665.368670000003
2026-07-05 01:45:00+02:00,19295.739661361557,18797.45079,4909.1031002540385,6076.189,24204.842761615597,24873.63979,24873.74279
2026-07-05 02:00:00+02:00,19617.75536553707,18950.83889,5093.221578805651,5608.599,24710.97694434272,24559.43789,24559.54489
2026-07-05 02:15:00+02:00,19632.15776552454,19063.22808,5140.387325449041,5632.789,24772.54509097358,24696.01708,24696.10708
2026-07-05 02:30:00+02:00,19595.72929856334,19131.64363,5174.880948567904,5682.662,24770.610247131244,24814.30563,24814.39963
2026-07-05 02:45:00+02:00,19607.82987977337,19028.93319,5153.827359735442,5551.932,24761.65723950881,24580.86519,24580.95919
2026-07-05 03:00:00+02:00,20438.529996276702,18953.87443,5046.199708150588,5333.336,25484.72970442729,24287.21043,24287.30043
2026-07-05 03:15:00+02:00,20411.304040836156,18591.93308,5029.325832888489,5219.689,25440.629873724643,23811.62208,23811.71408
2026-07-05 03:30:00+02:00,20373.730767320907,18563.712,5029.9743196602785,4975.358,25403.705086981186,23539.07,23539.157
2026-07-05 03:45:00+02:00,20330.205136677087,18514.15465,5029.93480126402,4835.452,25360.13993794111,23349.60665,23349.683650000003
2026-07-05 04:00:00+02:00,20538.322500025537,18831.20967,4817.048211307948,5015.859,25355.370711333486,23847.06867,23847.14767
2026-07-05 04:15:00+02:00,20556.34883454468,18990.28539,4840.576132627413,4722.732,25396.92496717209,23713.01739,23713.11639
2026-07-05 04:30:00+02:00,20607.731911384835,19456.24845,4849.922222095118,4350.113,25457.654133479955,23806.36145,23806.76545
2026-07-05 04:45:00+02:00,20645.827439705878,19534.16373,4824.861196583991,3996.113,25470.68863628987,23530.27673,23533.463730000003
2026-07-05 05:00:00+02:00,20458.65408663984,19591.19333,4297.200253548826,3793.177,24755.854340188664,23384.37033,23401.115329999997
2026-07-05 05:15:00+02:00,20517.01169461599,19787.96561,4323.5573239417345,3672.645,24840.569018557726,23460.61061,23535.99961
2026-07-05 05:30:00+02:00,20480.47815905982,19560.31863,4341.312792499449,3522.829,24821.79095155927,23083.147630000003,23346.17463
2026-07-05 05:45:00+02:00,20432.818878697144,19394.85636,4302.705578824082,3442.164,24735.524457521227,22837.02036,23550.73536
2026-07-05 06:00:00+02:00,19967.098376036396,19940.74057,4174.521616752182,3161.34,24141.61999278858,23102.08057,24444.40357
2026-07-05 06:15:00+02:00,19897.713341046605,19501.66636,4147.206538424689,3011.998,24044.919879471294,22513.66436,24621.79436
2026-07-05 06:30:00+02:00,19845.826152452617,19409.82593,4138.722564432013,2867.578,23984.54871688463,22277.40393,25304.84093
2026-07-05 06:45:00+02:00,19792.30293811299,19199.07981,4107.24954011653,2461.969,23899.552478229518,21661.04881,25745.44881
2026-07-05 07:00:00+02:00,19637.27583557298,19330.0756,3989.3943817669206,2001.059,23626.6702173399,21331.1346,26678.5686
2026-07-05 07:15:00+02:00,19507.539656306133,19368.46724,3969.7087441493954,2011.823,23477.24840045553,21380.29024,28142.525240000003
2026-07-05 07:30:00+02:00,19330.420331054767,19393.69416,3954.06355943986,1906.603,23284.483890494626,21300.29716,29567.57116
2026-07-05 07:45:00+02:00,19181.011933660375,19876.41345,3953.7910109419417,1813.726,23134.802944602317,21690.13945,31652.55545
2026-07-05 08:00:00+02:00,19320.518028612394,19932.98519,3496.0127927150097,2126.018,22816.530821327404,22059.00319,33838.13919
2026-07-05 08:15:00+02:00,19245.904132348292,20120.37571,3490.906392923905,2361.094,22736.810525272198,22481.46971,36042.92171
2026-07-05 08:30:00+02:00,19278.886820937205,20374.5681,3487.9538279114186,2588.544,22766.84064884862,22963.1121,38359.8781
2026-07-05 08:45:00+02:00,19292.549072781676,20435.60372,3458.288176345108,2682.441,22750.837249126784,23118.04472,40194.35971999999
2026-07-05 09:00:00+02:00,19509.789361408613,20665.74808,3275.3970281633506,2859.284,22785.186389571965,23525.03208,42390.26508
2026-07-05 09:15:00+02:00,19530.28031059497,20894.00305,3244.230762811763,3010.991,22774.511073406735,23904.99405,44745.37705
2026-07-05 09:30:00+02:00,19534.68856739593,21157.2904,3226.101135287864,3075.35,22760.789702683793,24232.6404,46908.8614
2026-07-05 09:45:00+02:00,19507.264565792895,21516.95495,3206.723005720688,3135.24,22713.987571513582,24652.194949999997,48861.589949999994
2026-07-05 10:00:00+02:00,19643.216810796333,20970.55042,2935.8906689236487,2651.262,22579.107479719984,23621.81242,48825.18141999999
2026-07-05 10:15:00+02:00,19624.466066371195,20793.88536,2947.936052474856,2609.876,22572.40211884605,23403.76136,49425.97536
2026-07-05 10:30:00+02:00,19598.75613191712,20736.55739,2955.1132532833376,2554.557,22553.869385200454,23291.11439,50129.93239
2026-07-05 10:45:00+02:00,19626.1265063321,20671.32823,2933.860429752628,2542.799,22559.98693608473,23214.12723,51088.15523
2026-07-05 11:00:00+02:00,20012.820118769156,20312.05824,3001.3080047572735,2543.565,23014.12812352643,22855.623239999997,50796.54024
2026-07-05 11:15:00+02:00,20026.6069423321,20551.32422,3016.8337488187653,2430.902,23043.440691150863,22982.226219999997,51965.199219999995
2026-07-05 11:30:00+02:00,20055.56100214154,20740.117,3008.5922555629436,2361.72,23064.153257704485,23101.837,52757.756
2026-07-05 11:45:00+02:00,20056.565268045,21065.92877,3003.7102099043614,2303.169,23060.275477949363,23369.09777,53047.30777
2026-07-05 12:00:00+02:00,18858.662152398585,21204.66799,2795.197532498147,2181.474,21653.85968489673,23386.141990000004,53213.67899
2026-07-05 12:15:00+02:00,18874.895243228264,21424.11494,2801.374264655277,2092.933,21676.269507883542,23517.04794,54267.604940000005
2026-07-05 12:30:00+02:00,18872.05971780996,21608.13803,2806.34389495484,2027.411,21678.4036127648,23635.54903,54656.75003
2026-07-05 12:45:00+02:00,18786.442380560977,21622.87056,2802.0750999009942,1984.195,21588.51748046197,23607.06556,54971.81456
2026-07-05 13:00:00+02:00,20645.82483041786,21032.15847,2752.288547743829,1854.802,23398.113378161688,22886.96047,54228.32747
2026-07-05 13:15:00+02:00,20582.181230882143,20894.01472,2747.6064503995585,2004.954,23329.7876812817,22898.96872,54258.44272
2026-07-05 13:30:00+02:00,20598.037714309103,19889.29163,2725.654098993532,2011.043,23323.691813302634,21900.33463,53102.61163
2026-07-05 13:45:00+02:00,20654.859177798007,19866.5989,2713.0032482676497,2021.155,23367.862426065658,21887.7539,53563.9729
2026-07-05 14:00:00+02:00,20298.243750458136,19146.5308,2725.4414986870543,1552.505,23023.68524914519,20699.0358,51780.1918
2026-07-05 14:15:00+02:00,20317.451747255585,18288.31579,2722.646187748267,1549.4,23040.097935003854,19837.71579,51036.924790000005
2026-07-05 14:30:00+02:00,20313.173490378656,17762.82172,2719.67685258913,1540.035,23032.850342967788,19302.85672,50062.48972
2026-07-05 14:45:00+02:00,20283.770792126666,17868.38789,2722.9729991841746,1465.099,23006.74379131084,19333.48689,49808.00689
2026-07-05 15:00:00+02:00,21487.928753044413,17733.57388,2515.709562461701,1657.829,24003.638315506112,19391.40288,48612.82488
2026-07-05 15:15:00+02:00,21522.363521637897,17725.35694,2537.9671527618357,1747.307,24060.33067439973,19472.66394,47954.26694
2026-07-05 15:30:00+02:00,21609.66507499323,17968.26499,2549.5146807078413,1807.547,24159.179755701072,19775.81199,47706.77699
2026-07-05 15:45:00+02:00,21669.99426753983,18292.64096,2556.7946066933278,1856.352,24226.78887423316,20148.99296,47470.05296
2026-07-05 16:00:00+02:00,20503.422093660243,18717.5377,2642.905810530475,1788.846,23146.32790419072,20506.3837,47362.5647
2026-07-05 16:15:00+02:00,20825.6492602049,19349.44248,2661.1009800604606,1698.71,23486.750240265363,21048.15248,46599.28448
2026-07-05 16:30:00+02:00,21292.47408025463,19281.57939,2700.407814868438,1707.315,23992.881895123068,20988.89439,45157.31739
2026-07-05 16:45:00+02:00,21606.84002264614,20375.14695,2720.791963885103,1748.346,24327.631986531243,22123.49295,45388.94795
2026-07-05 17:00:00+02:00,23198.534912223222,20623.99894,2474.0924615278477,2389.985,25672.62737375107,23013.98394,45004.62994
2026-07-05 17:15:00+02:00,23388.31896061963,20744.84625,2536.6628021784513,2452.743,25924.98176279808,23197.589249999997,44144.94825
2026-07-05 17:30:00+02:00,23699.558516256948,21331.87623,2564.6448098611254,2422.785,26264.203326118073,23754.66123,43268.06323
2026-07-05 17:45:00+02:00,23778.07755281676,21071.32744,2564.8098677105713,2315.068,26342.88742052733,23386.39544,41254.974440000005
2026-07-05 18:00:00+02:00,21576.787181098272,21195.75614,2295.857498928057,2230.943,23872.64468002633,23426.69914,39684.94614
2026-07-05 18:15:00+02:00,21602.953783810517,21319.2114,2250.4306687477033,2219.917,23853.38445255822,23539.1284,38129.0684
2026-07-05 18:30:00+02:00,21623.553766150482,20952.33111,2242.0810851810925,2164.283,23865.634851331575,23116.61411,35858.63011
2026-07-05 18:45:00+02:00,21591.410591739845,20487.09969,2217.203278909737,2120.108,23808.61387064958,22607.20769,33633.85069
2026-07-05 19:00:00+02:00,18454.803172451397,20320.33497,2333.7992209201125,2498.587,20788.602393371508,22818.92197,32189.56297
2026-07-05 19:15:00+02:00,18379.516980082768,19924.87033,2326.1537834228375,2499.825,20705.670763505605,22424.69533,30256.52833
2026-07-05 19:30:00+02:00,18283.676190092145,19478.84027,2289.501189190396,2445.702,20573.17737928254,21924.54227,28356.93427
2026-07-05 19:45:00+02:00,18182.456997132394,18760.28935,2250.592840183385,2381.307,20433.04983731578,21141.59635,26223.12935
2026-07-05 20:00:00+02:00,15864.897877168085,17901.53262,2156.0596381046585,2665.194,18020.957515272745,20566.72662,24389.47162
2026-07-05 20:15:00+02:00,15828.43658106787,16809.47325,2165.509047230653,2719.76,17993.945628298523,19529.233249999997,22284.195249999997
2026-07-05 20:30:00+02:00,15756.333091542005,15929.33687,2159.6673199285237,2707.495,17916.00041147053,18636.83187,20492.70787
2026-07-05 20:45:00+02:00,15689.149389331935,14916.87166,2142.8479343418753,2648.764,17831.99732367381,17565.63566,18672.60866
2026-07-05 21:00:00+02:00,15107.781044440884,14151.1001,2224.614491495578,2602.574,17332.395535936463,16753.6741,17273.2441
2026-07-05 21:15:00+02:00,15195.76358071417,13858.46704,2217.570893235657,2509.777,17413.334473949828,16368.24404,16554.08104
2026-07-05 21:30:00+02:00,15230.223341416067,13649.3708,2199.4332775107127,2439.173,17429.65661892678,16088.5438,16133.7198
2026-07-05 21:45:00+02:00,15142.111642093945,13158.57594,2186.769500881255,2382.055,17328.881142975202,15540.63094,15549.803940000002
2026-07-05 22:00:00+02:00,11283.723322373116,12618.90195,2355.047361293711,2340.696,13638.770683666828,14959.59795,14962.68095
2026-07-05 22:15:00+02:00,11334.64009447967,12423.86297,2350.914034194798,2219.34,13685.554128674468,14643.20297,14643.67897
2026-07-05 22:30:00+02:00,11350.507175309365,12360.08119,2354.0505150795134,2237.587,13704.55769038888,14597.66819,14597.89819
2026-07-05 22:45:00+02:00,11362.762276265632,12270.17901,2348.207544218914,2235.144,13710.969820484546,14505.32301,14505.54101
2026-07-05 23:00:00+02:00,11103.126750215935,12087.73143,2117.013761693707,2319.048,13220.140511909642,14406.77943,14406.989429999998
2026-07-05 23:15:00+02:00,11132.453962777348,12110.17759,2103.5002531091795,2317.494,13235.954215886528,14427.67159,14427.85959
2026-07-05 23:30:00+02:00,11110.395745323298,12113.32817,2089.353260962322,2360.196,13199.74900628562,14473.52417,14473.69817
2026-07-05 23:45:00+02:00,11071.735336957654,12075.11866,2088.0596011171933,2497.244,13159.794938074847,14572.36266,14572.53966
2026-07-06 00:00:00+02:00,11253.567966626537,12125.0253,2305.996563509574,2643.567,13559.564530136111,14768.5923,14768.8003
2026-07-06 00:15:00+02:00,11266.744063735028,12008.91059,2343.5713024333236,2742.476,13610.315366168352,14751.38659,14751.57259
2026-07-06 00:30:00+02:00,11295.467842551363,11628.89745,2379.47552812991,2891.906,13674.943370681272,14520.80345,14520.95545
2026-07-06 00:45:00+02:00,11329.155642751957,11285.93364,2426.275919474994,2984.179,13755.431562226951,14270.11264,14270.23464
2026-07-06 01:00:00+02:00,11122.143668537386,11070.38359,2760.6174884080683,3076.769,13882.761156945455,14147.15259,14147.27259
2026-07-06 01:15:00+02:00,11129.501708461448,11098.86259,2763.3247031062774,3144.475,13892.826411567727,14243.33759,14243.44059
2026-07-06 01:30:00+02:00,11141.287568306248,10754.6823,2749.686813297286,3339.82,13890.974381603533,14094.5023,14094.5963
2026-07-06 01:45:00+02:00,11131.8254242006,10439.15164,2775.018522812758,3463.998,13906.843947013358,13903.14964,13903.24764
2026-07-06 02:00:00+02:00,11020.30667664813,10164.67417,3262.0790868595677,3510.192,14282.385763507697,13674.86617,13674.959170000002
2026-07-06 02:15:00+02:00,11040.814052915417,9836.44484,3301.9470877293215,3543.266,14342.76114064474,13379.71084,13379.80884
2026-07-06 02:30:00+02:00,11014.09175375307,9399.24387,3330.719694597212,3555.533,14344.811448350281,12954.77687,12954.87887
2026-07-06 02:45:00+02:00,11026.477388110994,9196.56297,3313.0208769224855,3417.107,14339.498265033479,12613.66997,12613.76197
2026-07-06 03:00:00+02:00,12156.785529244138,9295.36553,3577.6450764869946,3357.135,15734.430605731133,12652.50053,12652.58453
2026-07-06 03:15:00+02:00,12133.922585342669,9332.16854,3564.763658302236,3546.672,15698.686243644905,12878.84054,12878.92254
2026-07-06 03:30:00+02:00,12108.180333809958,9497.87844,3565.6390474712143,3663.555,15673.819381281173,13161.43344,13161.51144
2026-07-06 03:45:00+02:00,12074.788005447372,9801.02205,3563.7650256652473,3709.213,15638.553031112619,13510.23505,13510.31005
2026-07-06 04:00:00+02:00,11948.920384073914,9900.51517,3919.7834466280365,3961.771,15868.70383070195,13862.28617,13862.37117
2026-07-06 04:15:00+02:00,11977.964344083442,9856.0561,3935.5475743326583,4321.784,15913.511918416101,14177.8401,14177.9191
2026-07-06 04:30:00+02:00,12047.34027453174,10012.34155,3934.4210016024244,4676.929,15981.761276134164,14689.27055,14689.66355
2026-07-06 04:45:00+02:00,12098.362937210555,10142.30584,3903.14476659447,5205.233,16001.507703805026,15347.53884,15353.10284
2026-07-06 05:00:00+02:00,13735.97171489447,10204.68348,4417.294253020958,5618.502,18153.265967915428,15823.18548,15866.81548
2026-07-06 05:15:00+02:00,13805.051173289961,10553.746,4440.674545252267,5986.735,18245.725718542228,16540.481,16702.765
2026-07-06 05:30:00+02:00,13776.708403816234,10957.08159,4456.71382444397,6366.649,18233.422228260206,17323.73059,17735.205589999998
2026-07-06 05:45:00+02:00,13743.493330328425,11121.63808,4422.463409559918,6596.758,18165.956739888345,17718.39608,18677.013079999997
2026-07-06 06:00:00+02:00,13753.946088297631,11627.74122,5097.222855618225,6402.485,18851.168943915858,18030.22622,19692.72522
2026-07-06 06:15:00+02:00,13681.742477205258,11903.59756,5068.068115549641,6442.688,18749.8105927549,18346.28556,20844.51256
2026-07-06 06:30:00+02:00,13638.382649557225,11937.55667,5055.536353355658,6467.609,18693.919002912884,18405.16567,21866.39167
2026-07-06 06:45:00+02:00,13595.137534066114,11976.75777,4980.654724215073,6509.144,18575.792258281188,18485.90177,23123.43877
2026-07-06 07:00:00+02:00,13677.588274765627,12301.15127,4826.208588110781,6592.888,18503.796862876407,18894.03927,24897.06527
2026-07-06 07:15:00+02:00,13561.026858504078,12367.53321,4813.479728847668,6759.802,18374.506587351745,19127.335209999997,26615.43021
2026-07-06 07:30:00+02:00,13389.63784969233,12327.58976,4777.459028838639,6773.174,18167.096878530967,19100.76376,28172.60576
2026-07-06 07:45:00+02:00,13267.02381738208,12575.75842,4769.744775906772,6813.052,18036.768593288853,19388.81042,30001.37042
2026-07-06 08:00:00+02:00,14434.056657901347,13025.31298,4814.880608197584,6880.444,19248.937266098932,19905.75698,32117.958980000003
2026-07-06 08:15:00+02:00,14375.131174464026,13403.65822,4797.249022890146,6953.575,19172.38019735417,20357.23322,34202.73022
2026-07-06 08:30:00+02:00,14315.842497097952,13959.17971,4801.323370390401,7118.896,19117.16586748835,21078.07571,36556.58071
2026-07-06 08:45:00+02:00,14330.095912389781,14699.78399,4778.6628297337365,7149.686,19108.75874212352,21849.46999,38685.86499
2026-07-06 09:00:00+02:00,16657.58680520026,15532.03178,4310.311800212402,7089.821,20967.89860541266,22621.85278,40838.410780000006
2026-07-06 09:15:00+02:00,16679.123567530558,16325.38866,4279.338597910163,7160.037,20958.46216544072,23485.42566,42748.023660000006
2026-07-06 09:30:00+02:00,16678.417907250005,16886.05889,4255.264724113418,7023.057,20933.682631363423,23909.11589,44273.28989
2026-07-06 09:45:00+02:00,16648.570511246548,17436.83825,4233.485362856632,6942.966,20882.05587410318,24379.80425,45753.98925
2026-07-06 10:00:00+02:00,18408.53956335731,18018.79683,3799.1763478049766,6834.493,22207.715911162286,24853.28983,47483.15383
2026-07-06 10:15:00+02:00,18383.97569218148,18315.18565,3811.647442725752,7075.153,22195.623134907233,25390.33865,49041.41865
2026-07-06 10:30:00+02:00,18364.35056635469,18882.66678,3823.179530435241,7127.227,22187.53009678993,26009.89378,50687.01578
2026-07-06 10:45:00+02:00,18383.76207543313,19457.53356,3805.276869025252,7038.652,22189.03894445838,26496.18556,52049.12056
2026-07-06 11:00:00+02:00,19448.252505908567,20072.49572,3537.6235313112643,7060.718,22985.87603721983,27133.21372,53255.32372
2026-07-06 11:15:00+02:00,19460.2770470756,20550.2326,3552.0857478518606,7014.741,23012.36279492746,27564.9736,54373.597599999994
2026-07-06 11:30:00+02:00,19492.06671750102,21231.05761,3543.4079427422425,6870.18,23035.474660243264,28101.23761,56045.99461
2026-07-06 11:45:00+02:00,19482.642604783014,21434.86886,3540.6458692619626,6685.922,23023.288474044977,28120.790859999997,56896.597859999994
2026-07-06 12:00:00+02:00,20526.815695840214,21422.79347,3324.1240223070295,6115.144,23850.939718147245,27537.93747,57053.02547
2026-07-06 12:15:00+02:00,20546.238295444065,21623.08037,3336.338710085617,5947.419,23882.57700552968,27570.49937,57848.49636999999
2026-07-06 12:30:00+02:00,20553.64445138851,21780.81215,3346.280503772748,5566.791,23899.92495516126,27347.603150000003,57916.03915
2026-07-06 12:45:00+02:00,20589.33102688428,22045.65961,3344.155223023036,5342.261,23933.486249907317,27387.92061,58239.71961
2026-07-06 13:00:00+02:00,20404.559000368637,22458.90282,3440.9670271393343,5215.696,23845.52602750797,27674.59882,58872.42982
2026-07-06 13:15:00+02:00,20343.472643701738,22724.11085,3434.3709772788666,5376.737,23777.843620980606,28100.84785,59369.91385
2026-07-06 13:30:00+02:00,20366.19173140603,23099.34563,3415.2077257483097,5336.078,23781.39945715434,28435.42363,59799.88863
2026-07-06 13:45:00+02:00,20443.887910503065,23519.57795,3408.3477091417735,5205.074,23852.235619644838,28724.65195,59971.91795
2026-07-06 14:00:00+02:00,19785.02186830876,23984.77374,3336.780568534514,4967.449,23121.802436843274,28952.22274,59653.26774
2026-07-06 14:15:00+02:00,19831.533745934805,24982.8384,3339.0614306604834,5288.17,23170.59517659529,30271.0084,60130.6734
2026-07-06 14:30:00+02:00,19842.179771203424,24905.5382,3337.5511181169472,5262.11,23179.73088932037,30167.6482,59591.6052
2026-07-06 14:45:00+02:00,19818.300858087918,25158.69946,3342.2414081244224,5308.394,23160.54226621234,30467.09346,59489.64946
2026-07-06 15:00:00+02:00,19010.023374677763,25426.06594,3369.9332068738872,5302.406,22379.95658155165,30728.47194,58711.02594
2026-07-06 15:15:00+02:00,19062.93538129564,25392.34794,3394.491253503242,5495.259,22457.42663479888,30887.60694,57898.57494
2026-07-06 15:30:00+02:00,19164.56348842523,26068.26513,3413.794889632699,5704.672,22578.35837805793,31772.93713,57918.74713
2026-07-06 15:45:00+02:00,19239.079306280477,26476.46073,3428.8874604947487,5426.014,22667.966766775226,31902.47473,57321.741729999994
2026-07-06 16:00:00+02:00,20410.17001347292,26927.7707,3628.2514882069677,5395.862,24038.421501679888,32323.6327,56957.0967
2026-07-06 16:15:00+02:00,20555.867535943573,27475.82188,3681.7308680102783,5543.629,24237.598403953853,33019.45088,56854.58888
2026-07-06 16:30:00+02:00,21462.910922295738,28378.74739,3729.3419196838936,5807.466,25192.252841979633,34186.213390000004,56883.42339
2026-07-06 16:45:00+02:00,21692.61309494894,28134.43673,3773.9848437543087,5883.638,25466.59793870325,34018.07473,55388.47473
2026-07-06 17:00:00+02:00,23544.45182619691,28373.70959,4168.728763125378,6610.243,27713.180589322288,34983.95259,55162.49459
2026-07-06 17:15:00+02:00,23720.659978625466,29447.09977,4238.178314002444,6475.019,27958.83829262791,35922.11877,54941.12677
2026-07-06 17:30:00+02:00,24207.458612159047,30091.38827,4314.452863919304,6315.524,28521.911476078352,36406.91227,54041.41227
2026-07-06 17:45:00+02:00,24305.866161712416,30503.69664,4336.222444897827,6131.744,28642.088606610243,36635.44064,52570.46664
2026-07-06 18:00:00+02:00,24009.079285363052,30734.82384,4919.35685397384,6791.599,28928.436139336893,37526.42284,51887.27284
2026-07-06 18:15:00+02:00,24076.617399039977,30651.22983,4869.902057369453,6610.992,28946.51945640943,37262.22183,49964.061830000006
2026-07-06 18:30:00+02:00,24116.652417129146,30665.32993,4856.4099189944845,6501.818,28973.06233612363,37167.14793,48223.10793
2026-07-06 18:45:00+02:00,24077.413827906483,30789.7852,4826.115983281112,6292.028,28903.529811187596,37081.8132,46643.00719999999
2026-07-06 19:00:00+02:00,24588.428737376027,30415.57169,4769.518180826004,6456.072,29357.946918202033,36871.64369,45151.17069
2026-07-06 19:15:00+02:00,24522.708796804345,30144.67775,4758.621869386775,6419.248,29281.33066619112,36563.925749999995,43500.50674999999
2026-07-06 19:30:00+02:00,24366.32679118189,29680.99212,4724.913173588705,6191.203,29091.239964770597,35872.19512,41523.87212
2026-07-06 19:45:00+02:00,24258.709545640148,28859.14497,4690.992813237458,5669.567,28949.702358877606,34528.711970000004,39119.10197
2026-07-06 20:00:00+02:00,22306.069766132434,27570.97225,4670.298244905887,5372.087,26976.36801103832,32943.05925,36376.07125
2026-07-06 20:15:00+02:00,22257.03828645677,26632.12392,4674.574681092228,5078.33,26931.612967548997,31710.45392,34105.63692
2026-07-06 20:30:00+02:00,22182.399221890053,25466.73421,4661.285660180465,4696.879,26843.68488207052,30163.61321,31738.41421
2026-07-06 20:45:00+02:00,22109.20654098288,24678.4366,4640.901932735236,4333.288,26750.108473718115,29011.7246,29951.679600000003
2026-07-06 21:00:00+02:00,18863.452538291287,24206.0437,5011.3643872163675,4476.225,23874.816925507654,28682.2687,29129.7587
2026-07-06 21:15:00+02:00,18950.114241429543,24021.34192,5002.609358926051,4474.325,23952.723600355595,28495.66692,28648.80592
2026-07-06 21:30:00+02:00,18973.14865606715,23475.81771,4985.537485791915,4434.569,23958.686141859067,27910.38671,27945.19571
2026-07-06 21:45:00+02:00,18877.34173913968,22886.68789,4976.452940720689,4381.229,23853.79467986037,27267.91689,27273.64189
2026-07-06 22:00:00+02:00,16853.68577887346,21680.65244,5142.874682621851,4503.188,21996.56046149531,26183.84044,26187.03244
2026-07-06 22:15:00+02:00,16904.52786663357,21973.98345,5151.129615137361,4552.783,22055.65748177093,26526.76645,26527.04045
2026-07-06 22:30:00+02:00,16916.481059398353,21968.80781,5165.796124558445,4749.85,22082.277183956798,26718.657809999997,26718.89681
2026-07-06 22:45:00+02:00,16933.548535881222,21902.62871,5167.466655986069,4762.811,22101.015191867293,26665.43971,26665.67371
2026-07-06 23:00:00+02:00,16985.077692820443,22208.45575,4979.854189957074,4752.382,21964.931882777517,26960.83775,26961.07175
2026-07-06 23:15:00+02:00,17017.54485087465,22571.98581,4973.355771432538,4594.106,21990.900622307185,27166.09181,27166.298809999997
2026-07-06 23:30:00+02:00,17001.121209043693,22699.60891,4958.585481544539,4542.431,21959.70669058823,27242.03991,27242.20291
2026-07-06 23:45:00+02:00,16971.155799315446,22626.27467,4953.997340273316,4639.44,21925.15313958876,27265.71467,27265.867669999996
2026-07-07 00:00:00+02:00,17800.872217960536,22761.55652,4834.938380184914,4887.829,22635.81059814545,27649.385519999996,27649.550519999997
2026-07-07 00:15:00+02:00,17812.158014952674,22879.84232,4875.226416556295,5013.569,22687.38443150897,27893.41132,27893.56532
2026-07-07 00:30:00+02:00,17830.62094961025,23254.45663,4914.228801033924,5211.432,22744.849750644174,28465.88863,28466.02863
2026-07-07 00:45:00+02:00,17854.584334621675,23615.59109,4962.84593233493,5487.629,22817.430266956606,29103.220090000003,29103.346090000003
2026-07-07 01:00:00+02:00,19078.829090697312,23958.25388,4922.100412568671,5712.554,24000.929503265983,29670.80788,29670.92588
2026-07-07 01:15:00+02:00,19086.90118785202,24043.97388,4927.033551990353,6308.82,24013.934739842374,30352.79388,30352.90588
2026-07-07 01:30:00+02:00,19089.74136832891,23973.58739,4920.570684579153,6669.307,24010.312052908062,30642.89439,30642.99339
2026-07-07 01:45:00+02:00,19073.236601537235,23920.94981,4948.741218819313,6860.732,24021.977820356547,30781.68181,30781.77581
2026-07-07 02:00:00+02:00,19589.543432389983,23582.409,4857.531205266249,6665.244,24447.07463765623,30247.653,30247.739
2026-07-07 02:15:00+02:00,19602.08116200348,23669.31808,4899.115613947124,6550.458,24501.196775950604,30219.77608,30219.86808
2026-07-07 02:30:00+02:00,19564.12389029744,23672.14255,4927.355007741143,6748.744,24491.478898038582,30420.88655,30420.96955
2026-07-07 02:45:00+02:00,19570.979351243215,23743.71666,4907.557667222969,6765.843,24478.537018466184,30509.55966,30509.64266
2026-07-07 03:00:00+02:00,18640.621615105363,23973.5729,4850.497768202003,6706.402,23491.119383307367,30679.9749,30680.0579
2026-07-07 03:15:00+02:00,18619.17382923401,24082.79748,4843.63061943813,6524.863,23462.80444867214,30607.66048,30607.74648
2026-07-07 03:30:00+02:00,18598.988446262563,23982.6961,4847.253480363714,6381.016,23446.241926626277,30363.7121,30363.7961
2026-07-07 03:45:00+02:00,18574.232842768546,23793.61191,4845.744901355831,6167.166,23419.97774412438,29960.77791,29960.86391
2026-07-07 04:00:00+02:00,19295.10835821218,23691.22779,4988.274888262728,5964.148,24283.383246474907,29655.37579,29655.45679
2026-07-07 04:15:00+02:00,19321.606889646162,23920.5987,5013.456149025696,5955.669,24335.06303867186,29876.267699999997,29876.354699999996
2026-07-07 04:30:00+02:00,19392.38025722735,24194.16698,5022.555873188687,6066.418,24414.936130416034,30260.58498,30260.84798
2026-07-07 04:45:00+02:00,19443.34792613847,24421.82127,5005.745372455864,6128.579,24449.093298594336,30550.40027,30552.037269999997
2026-07-07 05:00:00+02:00,20111.362909852243,24603.56581,5311.109665073093,5933.587,25422.472574925338,30537.15281,30547.10181
2026-07-07 05:15:00+02:00,20184.342803886015,24852.74689,5343.431208140992,5856.459,25527.774012027006,30709.205889999997,30760.897889999997
2026-07-07 05:30:00+02:00,20163.12170454022,24976.7603,5368.6648264972755,5894.0,25531.786531037495,30870.7603,31148.9353
2026-07-07 05:45:00+02:00,20131.82483046756,25082.14623,5339.62369595852,5985.652,25471.44852642608,31067.79823,31908.84123
2026-07-07 06:00:00+02:00,20173.725159405036,25591.15597,5342.72934842448,5482.443,25516.454507829516,31073.59897,32637.35497
2026-07-07 06:15:00+02:00,20107.811661051383,25102.9342,5314.03074329258,5179.56,25421.842404343963,30282.4942,32701.6662
2026-07-07 06:30:00+02:00,20063.531015837038,24545.99683,5300.927761058989,5056.471,25364.458776896026,29602.46783,33005.485830000005
2026-07-07 06:45:00+02:00,20019.168299642075,24062.47012,5252.139363693183,4932.111,25271.307663335258,28994.581120000003,33556.093120000005
2026-07-07 07:00:00+02:00,19712.645279835746,23882.14828,5300.776896758848,5048.758,25013.422176594595,28930.906280000003,34768.54028
2026-07-07 07:15:00+02:00,19599.929043854398,23811.97891,5292.25939506376,5401.651,24892.188438918158,29213.629910000003,36471.47491
2026-07-07 07:30:00+02:00,19445.19386523873,23663.08464,5271.471805581168,5752.011,24716.665670819897,29415.09564,38232.52464
2026-07-07 07:45:00+02:00,19334.6359679721,23672.37928,5266.001847459562,5977.662,24600.637815431663,29650.04128,40147.14628
2026-07-07 08:00:00+02:00,19461.546368146737,23875.42291,5358.277535567576,5620.145,24819.823903714314,29495.56791,41746.04891
2026-07-07 08:15:00+02:00,19416.07842924791,23985.99829,5376.122157228197,5775.402,24792.20058647611,29761.40029,43701.98929
2026-07-07 08:30:00+02:00,19418.21086438232,23849.03478,5300.413246232184,5821.069,24718.624110614503,29670.10378,45476.25278
2026-07-07 08:45:00+02:00,19435.31653651681,23865.69088,5283.129108644419,6006.193,24718.445645161228,29871.88388,47783.24288
2026-07-07 09:00:00+02:00,19878.32904317863,24012.43679,4890.369043491965,5800.396,24768.698086670596,29812.83279,49926.58679
2026-07-07 09:15:00+02:00,19907.021259510846,24266.33207,4866.029316833838,6450.193,24773.050576344685,30716.52507,53129.11407
2026-07-07 09:30:00+02:00,19914.71524730359,24307.05711,4844.560993881269,6471.264,24759.27624118486,30778.32111,54967.03311
2026-07-07 09:45:00+02:00,19894.13621437407,24486.29604,4824.304591946636,6606.69,24718.440806320705,31092.98604,57225.26104
2026-07-07 10:00:00+02:00,20494.689700740964,24858.65151,3766.3807993400337,6874.129,24261.070500080998,31732.78051,59737.00751
2026-07-07 10:15:00+02:00,20467.196686613446,25292.3164,3776.7503099962937,7201.891,24243.94699660974,32494.2074,62081.2244
2026-07-07 10:30:00+02:00,20447.897055723897,25575.55799,3784.340618970686,7529.486,24232.237674694585,33105.04399,64193.95499
2026-07-07 10:45:00+02:00,20464.716094201314,25658.33938,3765.806625525867,7448.401,24230.52271972718,33106.74038,65402.18638
2026-07-07 11:00:00+02:00,19862.68246437203,25483.45133,3188.6528740387375,6848.71,23051.335338410765,32332.16133,65610.29833
2026-07-07 11:15:00+02:00,19881.090091600465,24896.32539,3197.843085352804,6585.404,23078.93317695327,31481.72939,65938.07239
2026-07-07 11:30:00+02:00,19917.76565651406,24780.23403,3190.26449947768,6372.713,23108.030155991743,31152.94703,66420.65603
2026-07-07 11:45:00+02:00,19917.99411901778,25075.24009,3185.230836235769,6437.382,23103.22495525355,31512.622089999997,67496.67409
2026-07-07 12:00:00+02:00,18677.397376586672,23131.73943,2879.395732260078,5826.101,21556.793108846752,28957.84043,64363.76443
2026-07-07 12:15:00+02:00,18699.41265541261,23193.14489,2887.5487657874855,5729.951,21586.961421200096,28923.09589,64792.62689
2026-07-07 12:30:00+02:00,18708.145140993718,23165.46821,2894.9863973872593,5658.107,21603.131538380978,28823.57521,64590.335210000005
2026-07-07 12:45:00+02:00,18746.763997936032,23526.81615,2891.3329446010034,5395.852,21638.096942537035,28922.66815,65017.79115
2026-07-07 13:00:00+02:00,18003.39875378466,23676.68394,2918.4728408731144,5437.598,20921.871594657772,29114.28194,64752.04894
2026-07-07 13:15:00+02:00,17941.032789735746,24473.73449,2916.0277010231976,5594.558,20857.060490758944,30068.29249,65679.99449
2026-07-07 13:30:00+02:00,17932.086617072415,24904.24335,2897.2000875369795,5730.749,20829.286704609396,30634.99235,66006.93235
2026-07-07 13:45:00+02:00,18006.250311812964,24570.48205,2889.963912721934,5517.263,20896.2142245349,30087.74505,64844.85705
2026-07-07 14:00:00+02:00,15611.26769600619,25086.0898,2710.1876966754153,5413.149,18321.455392681608,30499.238800000003,64159.90180000001
2026-07-07 14:15:00+02:00,15631.729107665142,26441.11879,2712.299539254197,5356.422,18344.028646919338,31797.54079,64694.20479
2026-07-07 14:30:00+02:00,15626.452830985323,27117.92984,2709.548995044244,5373.978,18336.001826029566,32491.90784,64311.50484
2026-07-07 14:45:00+02:00,15632.692268227274,27683.66495,2709.922808956404,5368.115,18342.615077183676,33051.77995,63320.85395
2026-07-07 15:00:00+02:00,17335.305152745826,30971.42327,2603.6838145038896,5551.022,19938.988967249716,36522.44527,65888.49027
2026-07-07 15:15:00+02:00,17429.705703107913,32482.25379,2626.5650407433413,5805.558,20056.270743851255,38287.81179,66468.98479
2026-07-07 15:30:00+02:00,17499.689543307322,32471.12291,2647.645492121943,5676.139,20147.335035429263,38147.26191,65080.75791
2026-07-07 15:45:00+02:00,17569.8888838304,32869.344,2665.1461747218764,5608.786,20235.035058552276,38478.13,63901.515
2026-07-07 16:00:00+02:00,21351.165956636556,34455.02103,2864.424337249925,5674.108,24215.590293886482,40129.12903,63987.052030000006
2026-07-07 16:15:00+02:00,21585.352241564666,36310.26433,2881.8269892570825,5364.609,24467.17923082175,41674.87333,63985.75033
2026-07-07 16:30:00+02:00,22601.2394084327,36801.17072,2922.3650036170625,5084.053,25523.60441204976,41885.22372,62719.16072
2026-07-07 16:45:00+02:00,22877.804027689916,37342.90209,2964.043689794455,4669.996,25841.847717484372,42012.89809,61307.76509
2026-07-07 17:00:00+02:00,26686.393040501058,37180.90957,3455.084907044592,4454.76,30141.47794754565,41635.669570000005,59328.66657
2026-07-07 17:15:00+02:00,26857.78779074077,37244.80623,3515.1231914900154,4221.137,30372.910982230787,41465.94323,57456.86723
2026-07-07 17:30:00+02:00,27311.392002018616,37437.35276,3565.9256825923253,4383.512,30877.31768461094,41820.86476,56100.92676
2026-07-07 17:45:00+02:00,27394.124135494214,38110.53209,3581.801172772476,3823.134,30975.92530826669,41933.66609,54640.36609
2026-07-07 18:00:00+02:00,31597.41249120653,38148.5031,3628.6539928362936,3004.35,35226.06648404282,41152.8531,52544.7391
2026-07-07 18:15:00+02:00,31668.149107523204,38298.35731,3582.892388983041,2841.647,35251.041496506245,41140.00431,51286.871309999995
2026-07-07 18:30:00+02:00,31687.626643887837,37963.95267,3567.532010606034,2553.422,35255.15865449387,40517.37467,49394.375669999994
2026-07-07 18:45:00+02:00,31629.457910546873,37542.44472,3533.14275586246,2558.48,35162.60066640933,40100.92472,47726.631720000005
2026-07-07 19:00:00+02:00,32356.672274988156,37250.71231,3390.8897988785916,3006.584,35747.56207386675,40257.296310000005,46656.85831
2026-07-07 19:15:00+02:00,32284.18358102155,37265.89124,3369.230848515994,3315.579,35653.414429537544,40581.470239999995,45804.449239999994
2026-07-07 19:30:00+02:00,32176.77222627635,36725.13461,3325.322064490399,3171.233,35502.09429076675,39896.36761,44089.43761
2026-07-07 19:45:00+02:00,32052.459151579806,35696.25942,3288.669355984186,3057.163,35341.12850756399,38753.42242,42027.18742
2026-07-07 20:00:00+02:00,31810.965028469764,35035.94862,3615.666222953929,3090.884,35426.63125142369,38126.83262,40594.10562
2026-07-07 20:15:00+02:00,31667.69619450086,34280.07745,3620.5920731673796,3057.244,35288.288267668235,37337.32145,39082.32345
2026-07-07 20:30:00+02:00,31556.999294498783,33338.89504,3603.9633667886287,3091.379,35160.96266128741,36430.27404,37605.70004
2026-07-07 20:45:00+02:00,31445.119484122883,32585.93531,3577.546074893456,3065.113,35022.665559016335,35651.04831,36329.47031
2026-07-07 21:00:00+02:00,30188.58333479597,31719.75883,3665.428106060183,3316.913,33854.01144085616,35036.67183,35361.43283
2026-07-07 21:15:00+02:00,30249.852127593007,31419.01329,3653.1001015935726,3406.717,33902.95222918658,34825.73029,34959.85229
2026-07-07 21:30:00+02:00,30258.384968011058,31149.62243,3634.4024310386562,3596.415,33892.78739904972,34746.03743,34784.99243
2026-07-07 21:45:00+02:00,30157.476618486155,30174.9963,3623.755103117179,3568.366,33781.23172160333,33743.3623,33749.967300000004
2026-07-07 22:00:00+02:00,28641.65042818747,28298.4491,4287.001068980204,4300.408,32928.65149716767,32598.8571,32601.1641
2026-07-07 22:15:00+02:00,28681.833945806102,27905.29869,4288.858806701003,4414.919,32970.69275250711,32320.21769,32320.567689999996
2026-07-07 22:30:00+02:00,28691.869606753236,27592.41881,4299.702938856756,4273.196,32991.57254560999,31865.61481,31865.82781
2026-07-07 22:45:00+02:00,28702.758799085845,27118.72511,4298.471991886945,4225.461,33001.23079097279,31344.18611,31344.38611
2026-07-07 23:00:00+02:00,26652.292395604058,26667.62355,4453.077393770056,4646.758,31105.369789374112,31314.38155,31314.58155
2026-07-07 23:15:00+02:00,26668.731199910635,26316.46497,4446.356618928089,4591.78,31115.087818838725,30908.24497,30908.41297
2026-07-07 23:30:00+02:00,26635.968465613565,25800.12475,4434.216001503693,4309.461,31070.18446711726,30109.58575,30109.74275
2026-07-07 23:45:00+02:00,26590.517730152533,25277.97401,4437.335206822263,4345.558,31027.852936974796,29623.532010000003,29623.67301
2026-07-08 00:00:00+02:00,25675.960833185625,24764.55168,4652.604427419012,5228.4,30328.565260604635,29992.95168,29993.09568
2026-07-08 00:15:00+02:00,25673.56222895774,24499.42274,4692.742370254641,5269.828,30366.30459921238,29769.250740000003,29769.393740000003
2026-07-08 00:30:00+02:00,25675.952836713244,24035.63761,4733.780675910822,5103.906,30409.733512624065,29139.54361,29139.68561
2026-07-08 00:45:00+02:00,25694.56038195869,23336.98152,4780.883382421968,5042.448,30475.44376438066,28379.42952,28379.55852
2026-07-08 01:00:00+02:00,22761.550107032213,23095.69068,4359.091918441501,5276.398,27120.642025473713,28372.08868,28372.20968
2026-07-08 01:15:00+02:00,22793.831391908265,22842.17681,4364.698497387917,5173.275,27158.52988929618,28015.45181,28015.56781
2026-07-08 01:30:00+02:00,22790.66915806669,22044.58635,4367.543891085903,5050.264,27158.21304915259,27094.85035,27094.95635
2026-07-08 01:45:00+02:00,22775.848143193143,21368.54575,4407.111794641009,4958.466,27182.95993783415,26327.01175,26327.12875
2026-07-08 02:00:00+02:00,21446.41822389704,20692.17148,3985.877816492084,4858.701,25432.296040389123,25550.87248,25550.987480000003
2026-07-08 02:15:00+02:00,21466.30334779871,20112.52317,4023.209237384493,4822.062,25489.5125851832,24934.58517,24934.68917
2026-07-08 02:30:00+02:00,21425.48987373646,19850.31463,4051.38121382754,4817.757,25476.871087564,24668.07163,24668.17663
2026-07-08 02:45:00+02:00,21429.824394378094,19244.18049,4031.7965347000036,4704.364,25461.620929078097,23948.54449,23948.65849
2026-07-08 03:00:00+02:00,20663.80283866988,18763.94856,4209.856282863955,4721.049,24873.659121533834,23484.99756,23485.10156
2026-07-08 03:15:00+02:00,20637.54850986104,18788.76907,4192.165656065085,4630.697,24829.714165926125,23419.46607,23419.55307
2026-07-08 03:30:00+02:00,20602.011986554833,18487.19803,4185.214886155625,4671.806,24787.22687271046,23159.00403,23159.08903
2026-07-08 03:45:00+02:00,20560.82013293563,18210.90813,4172.844322221044,4705.628,24733.664455156675,22916.53613,22916.62013
2026-07-08 04:00:00+02:00,19440.997258392694,17685.51363,4086.3310011294598,4902.58,23527.328259522154,22588.093630000003,22588.187630000004
2026-07-08 04:15:00+02:00,19461.733504239433,17316.57767,4103.900496482441,4952.752,23565.634000721875,22269.32967,22269.41367
2026-07-08 04:30:00+02:00,19521.306181090597,16819.70628,4117.745492397776,4969.437,23639.05167348837,21789.143279999997,21789.550279999996
2026-07-08 04:45:00+02:00,19564.73803724541,16632.28909,4103.030725415072,4933.339,23667.768762660482,21565.62809,21572.32909
2026-07-08 05:00:00+02:00,18900.274340330798,16494.20967,4023.0729878657344,4937.922,22923.34732819653,21432.13167,21476.76167
2026-07-08 05:15:00+02:00,18970.834487387885,16478.6726,4053.4805703295738,4849.408,23024.31505771746,21328.0806,21530.5746
2026-07-08 05:30:00+02:00,18950.227740172693,16177.83431,4078.296392239643,4739.708,23028.524132412334,20917.54231,21356.46431
2026-07-08 05:45:00+02:00,18922.1058830068,15829.86574,4051.7036827673314,4635.111,22973.809565774132,20464.97674,21261.01974
2026-07-08 06:00:00+02:00,17929.634301139744,15494.30168,3987.546757076091,4393.973,21917.181058215836,19888.27468,21228.07368
2026-07-08 06:15:00+02:00,17851.164703610604,14946.60624,3951.1255000915553,4357.395,21802.29020370216,19304.00124,21349.14824
2026-07-08 06:30:00+02:00,17795.704214832567,14513.90252,3943.573865362169,4352.473,21739.278080194737,18866.37552,21766.30552
2026-07-08 06:45:00+02:00,17739.149558418907,14096.52677,3903.8135490092386,4278.877,21642.963107428146,18375.40377,22316.93577
2026-07-08 07:00:00+02:00,16590.449789828028,13909.76683,3429.589566814399,4032.178,20020.039356642428,17941.94483,23067.26883
2026-07-08 07:15:00+02:00,16491.042613472815,13914.3677,3435.5699022378376,3909.218,19926.61251571065,17823.5857,24301.4107
2026-07-08 07:30:00+02:00,16332.912203727672,13854.79637,3429.7055255195396,3635.124,19762.617729247213,17489.92037,25494.42837
2026-07-08 07:45:00+02:00,16227.842605718346,14280.98499,3436.447367871492,3407.735,19664.28997358984,17688.71999,27257.016990000004
2026-07-08 08:00:00+02:00,16285.009873042944,14188.90991,2962.74362795672,3609.988,19247.753500999665,17798.89791,28982.57791
2026-07-08 08:15:00+02:00,16237.963449984218,14608.90602,2987.102049272564,3438.051,19225.06549925678,18046.95702,30861.30302
2026-07-08 08:30:00+02:00,16124.830544125141,14856.36161,2969.6332737482126,3236.786,19094.463817873355,18093.14761,32522.32461
2026-07-08 08:45:00+02:00,16170.604519977873,15099.52257,2959.166358378304,3116.117,19129.770878356176,18215.63957,34258.22857
2026-07-08 09:00:00+02:00,16815.55353072314,14957.75081,2406.182777785173,2317.213,19221.736308508313,17274.96381,35113.56581
2026-07-08 09:15:00+02:00,16856.351132380903,14986.77926,2389.04935507605,2213.144,19245.400487456955,17199.92326,36889.19226
2026-07-08 09:30:00+02:00,16886.7978398043,15078.47811,2366.923568324599,2193.317,19253.7214081289,17271.79511,38495.33711
2026-07-08 09:45:00+02:00,16891.49293806457,14957.8393,2346.462593351122,2086.344,19237.955531415693,17044.1833,39720.5363
2026-07-08 10:00:00+02:00,16282.56232387142,14783.63257,2173.676788966398,946.222,18456.23911283782,15729.85457,39818.691569999995
2026-07-08 10:15:00+02:00,16278.220042026556,14797.05508,2187.665336039561,688.835,18465.885378066116,15485.89008,41006.92308
2026-07-08 10:30:00+02:00,16282.487808638063,14570.80208,2203.813459304315,688.34,18486.301267942377,15259.14208,42133.18208
2026-07-08 10:45:00+02:00,16320.117126880425,14326.93849,2181.883740135107,568.349,18502.000867015533,14895.28749,43318.10749
2026-07-08 11:00:00+02:00,16257.148855098978,14049.48222,2199.3991161424665,408.597,18456.547971241445,14458.07922,44181.38522
2026-07-08 11:15:00+02:00,16273.627083228523,13838.65158,2214.4176337667095,385.029,18488.04471699523,14223.68058,45362.63558
2026-07-08 11:30:00+02:00,16327.320057212211,14144.87563,2203.1277421925197,375.097,18530.44779940473,14519.97263,46860.94863
2026-07-08 11:45:00+02:00,16334.930192737356,14497.60647,2181.663303177965,358.969,18516.59349591532,14856.57547,48186.59547
2026-07-08 12:00:00+02:00,16626.018411238394,14574.70156,2174.4602874278808,234.243,18800.478698666273,14808.94456,48981.418560000006
2026-07-08 12:15:00+02:00,16660.486189034313,14590.95236,2188.1609772332163,251.993,18848.64716626753,14842.94536,49914.217359999995
2026-07-08 12:30:00+02:00,16694.35353002286,14304.13893,2188.304405942986,283.564,18882.657935965846,14587.70293,51113.49893
2026-07-08 12:45:00+02:00,16754.28396035613,14142.09041,2186.1780857875824,235.187,18940.46204614371,14377.27741,51864.81141
2026-07-08 13:00:00+02:00,17031.987082971624,14347.14795,2318.8446902611245,184.634,19350.83177323275,14531.78195,52800.448950000005
2026-07-08 13:15:00+02:00,17001.15749271292,14429.50218,2317.3852745042236,216.19,19318.542767217143,14645.69218,53313.14118
2026-07-08 13:30:00+02:00,17029.7955746843,14413.07407,2300.0772475659955,226.945,19329.872822250294,14640.01907,53913.86807
2026-07-08 13:45:00+02:00,17118.893189862112,14674.57569,2284.1109794651793,242.175,19403.00416932729,14916.75069,54429.20069
2026-07-08 14:00:00+02:00,17598.76149097768,15405.28137,2245.3998327861686,540.207,19844.16132376385,15945.48837,55460.30337
2026-07-08 14:15:00+02:00,17654.668078257197,15944.74518,2248.406722495753,577.532,19903.07480075295,16522.27718,55941.089179999995
2026-07-08 14:30:00+02:00,17648.55238545443,16148.0904,2240.0543118508967,612.599,19888.606697305328,16760.6894,56135.361399999994
2026-07-08 14:45:00+02:00,17638.1470172576,15912.84193,2242.0584013243842,644.419,19880.205418581987,16557.26093,56014.65592999999
2026-07-08 15:00:00+02:00,18106.846654213547,16050.09202,2090.9404047065595,830.72,20197.787058920105,16880.81202,56076.41802
2026-07-08 15:15:00+02:00,18129.067740432474,16303.14812,2121.2097675050995,872.403,20250.277507937575,17175.55112,55611.51312
2026-07-08 15:30:00+02:00,18249.47158590952,17013.04621,2150.8000261050365,864.315,20400.271612014556,17877.36121,55776.64721
2026-07-08 15:45:00+02:00,18310.561121815506,17565.2374,2163.40774153031,902.936,20473.968863345817,18468.173400000003,55722.59240000001
2026-07-08 16:00:00+02:00,18121.407937293156,17582.33556,2077.1787380282344,847.585,20198.58667532139,18429.92056,54612.30356
2026-07-08 16:15:00+02:00,18354.96234823673,17821.00669,2096.875388880039,827.45,20451.83773711677,18648.45669,53318.63969
2026-07-08 16:30:00+02:00,18880.737447328527,18159.44053,2143.653449649145,803.025,21024.39089697767,18962.46553,52456.05753
2026-07-08 16:45:00+02:00,19087.447527706634,18521.97439,2178.553422404619,579.969,21266.000950111254,19101.94339,51883.23739
2026-07-08 17:00:00+02:00,18657.70868222909,18939.7822,2317.625237924009,1146.732,20975.3339201531,20086.5142,51400.5352
2026-07-08 17:15:00+02:00,18826.949190418,19417.64644,2347.262035512999,1189.37,21174.211225930998,20607.01644,49700.59244
2026-07-08 17:30:00+02:00,19429.888579657993,19986.70667,2386.4532937983827,1172.897,21816.341873456375,21159.60367,48073.47667
2026-07-08 17:45:00+02:00,19499.59512868455,20847.25238,2386.324388906394,1369.876,21885.91951759094,22217.12838,47030.25838
2026-07-08 18:00:00+02:00,20182.782643633313,21080.17517,2318.3730541450645,2902.057,22501.155697778377,23982.23217,46114.48717
2026-07-08 18:15:00+02:00,20253.763588863778,21494.83274,2267.2720593172453,3050.37,22521.035648181023,24545.20274,43957.13074
2026-07-08 18:30:00+02:00,20297.472073764216,21611.77576,2258.163028552549,3061.15,22555.635102316766,24672.92576,41785.995760000005
2026-07-08 18:45:00+02:00,20259.03845023454,21425.73081,2231.081590543758,3077.879,22490.1200407783,24503.60981,39130.65781
2026-07-08 19:00:00+02:00,19438.88962366288,21030.85384,2424.809711296535,3133.655,21863.699334959412,24164.50884,36399.68184
2026-07-08 19:15:00+02:00,19376.84189935969,20276.56602,2409.046115319547,3192.67,21785.888014679236,23469.236019999997,33326.96802
2026-07-08 19:30:00+02:00,19245.626845196006,19650.90452,2363.603852063273,3212.738,21609.230697259278,22863.64252,30736.741520000003
2026-07-08 19:45:00+02:00,19120.443397853567,19004.991,2316.2894065993632,3222.502,21436.73280445293,22227.493,28355.052000000003
2026-07-08 20:00:00+02:00,17769.64475395229,17940.71497,2283.2829814381435,3141.289,20052.927735390433,21082.00397,25643.192970000004
2026-07-08 20:15:00+02:00,17677.91151978459,16923.96006,2279.0250817846204,3041.825,19956.93660156921,19965.78506,23307.56306
2026-07-08 20:30:00+02:00,17560.036537496715,15766.73793,2250.7968621881223,3004.563,19810.833399684838,18771.30093,21034.16393
2026-07-08 20:45:00+02:00,17451.485474478224,14664.05293,2213.2566760353834,3032.57,19664.742150513608,17696.62293,19014.08293
2026-07-08 21:00:00+02:00,15902.654990566403,14095.45387,2067.683978426924,3063.629,17970.33896899333,17159.08287,17745.526869999998
2026-07-08 21:15:00+02:00,15968.392987132062,14357.45684,2058.4222562398213,3110.308,18026.815243371882,17467.76484,17667.01484
2026-07-08 21:30:00+02:00,15977.6099538815,14230.75559,2042.357475411612,3147.249,18019.967429293112,17378.00459,17428.118590000002
2026-07-08 21:45:00+02:00,15885.449857069858,13646.64213,2035.1154006528773,3201.311,17920.565257722734,16847.95313,16856.207130000003
2026-07-08 22:00:00+02:00,12902.481693517842,13627.35693,1972.0197660582605,3712.022,14874.501459576102,17339.37893,17341.83993
2026-07-08 22:15:00+02:00,12959.425787506636,13926.45602,1975.0443213365743,3917.543,14934.47010884321,17843.99902,17844.42402
2026-07-08 22:30:00+02:00,12973.686879800372,14144.55064,1991.2394608312452,3862.998,14964.926340631617,18007.54864,18007.81164
2026-07-08 22:45:00+02:00,12989.613628779869,14237.09869,1994.7378889315255,3732.07,14984.351517711395,17969.168690000002,17969.389690000004
2026-07-08 23:00:00+02:00,13208.266425643404,14462.05988,2582.1878975218797,3493.019,15790.454323165282,17955.07888,17955.28788
2026-07-08 23:15:00+02:00,13238.147388140915,14495.0844,2574.7705133241493,3480.331,15812.917901465064,17975.415399999998,17975.608399999997
2026-07-08 23:30:00+02:00,13213.26122840457,14380.15033,2558.640190599253,3275.378,15771.901419003823,17655.52833,17655.69233
2026-07-08 23:45:00+02:00,13175.706461548689,14453.54697,2560.679485915377,2976.665,15736.385947464067,17430.21197,17430.35397
2026-07-09 00:00:00+02:00,12490.356653271629,14429.37831,2518.927208884575,2762.006,15009.283862156204,17191.38431,17191.53631
2026-07-09 00:15:00+02:00,12487.56292926708,14248.18211,2563.3464332244075,2536.676,15050.909362491488,16784.85811,16784.99611
2026-07-09 00:30:00+02:00,12484.029873384068,13938.65186,2602.035360340836,2374.396,15086.065233724905,16313.04786,16313.16086
2026-07-09 00:45:00+02:00,12487.749098647424,13831.68419,2645.4200250433173,2349.262,15133.16912369074,16180.94619,16181.05019
2026-07-09 01:00:00+02:00,12272.869737067345,13666.85228,2623.7632464654184,2449.467,14896.632983532763,16116.31928,16116.41728
2026-07-09 01:15:00+02:00,12288.986398951976,13495.8953,2625.788383207991,2527.039,14914.774782159968,16022.9343,16023.0283
2026-07-09 01:30:00+02:00,12270.113186966668,13119.14817,2625.413101421098,2489.569,14895.526288387766,15608.71717,15608.81017
2026-07-09 01:45:00+02:00,12240.177077766035,12716.43929,2661.1645492758157,2474.48,14901.341627041851,15190.91929,15191.00529
2026-07-09 02:00:00+02:00,11827.362721113715,12325.84571,2584.7364827924507,2747.152,14412.099203906166,15072.99771,15073.08571
2026-07-09 02:15:00+02:00,11833.742277158204,12075.70147,2625.085354650238,2856.335,14458.827631808443,14932.03647,14932.12747
2026-07-09 02:30:00+02:00,11789.419770898876,11815.91883,2659.027047187199,2985.779,14448.446818086075,14801.69783,14801.790830000002
2026-07-09 02:45:00+02:00,11778.94350444968,11467.34916,2641.5119675484075,3030.385,14420.455471998088,14497.73416,14497.82516
2026-07-09 03:00:00+02:00,11374.34893928368,11159.86012,2994.1873592439515,2938.794,14368.536298527632,14098.65412,14098.75812
2026-07-09 03:15:00+02:00,11346.499777189149,10890.71395,2970.1571903971094,2787.659,14316.656967586257,13678.37295,13678.46895
2026-07-09 03:30:00+02:00,11299.618020211023,10633.08223,2962.6556154828636,2712.264,14262.273635693886,13345.34623,13345.431229999998
2026-07-09 03:45:00+02:00,11247.389974545316,10380.98104,2948.3929273546346,2584.889,14195.782901899951,12965.870040000002,12965.94704
2026-07-09 04:00:00+02:00,9953.091848051123,9984.00916,2804.485675546062,2492.602,12757.577523597185,12476.61116,12476.67816
2026-07-09 04:15:00+02:00,9954.35587602132,9645.82029,2823.375367487991,2468.542,12777.731243509312,12114.36229,12114.429289999998
2026-07-09 04:30:00+02:00,9990.521856295263,9334.33829,2838.4332065351036,2507.297,12828.955062830366,11841.63529,11842.08729
2026-07-09 04:45:00+02:00,10018.879191829945,9340.14041,2821.462528665654,2383.153,12840.341720495599,11723.29341,11728.30041
2026-07-09 05:00:00+02:00,9480.107204039925,9129.78641,2596.9641956119094,2434.795,12077.071399651835,11564.58141,11603.24541
2026-07-09 05:15:00+02:00,9535.341862698073,9113.08962,2621.141637871103,2546.62,12156.483500569175,11659.70962,11806.585620000002
2026-07-09 05:30:00+02:00,9501.458392762328,8812.3122,2634.6046754983468,2503.167,12136.063068260675,11315.4792,11742.3752
2026-07-09 05:45:00+02:00,9459.928777713501,8309.37759,2599.039212753901,2393.718,12058.967990467403,10703.09559,11731.45559
2026-07-09 06:00:00+02:00,7846.180869667112,7854.61332,2641.520838723418,2307.646,10487.70170839053,10162.25932,11965.941320000002
2026-07-09 06:15:00+02:00,7751.541790004688,7542.38633,2606.915981333677,2328.13,10358.457771338364,9870.51633,12643.69033
2026-07-09 06:30:00+02:00,7683.07014030749,7093.44813,2603.8275236469985,2341.209,10286.897663954489,9434.65713,13353.71013
2026-07-09 06:45:00+02:00,7614.457249298615,6713.46145,2564.7471735901577,2272.909,10179.204422888773,8986.37045,14318.67545
2026-07-09 07:00:00+02:00,6747.215557532665,6331.68206,1944.1136141675292,2359.797,8691.329171700194,8691.47906,15687.12906
2026-07-09 07:15:00+02:00,6655.934780293832,6012.35397,1945.1720783928754,2298.448,8601.106858686708,8310.80197,17103.34397
2026-07-09 07:30:00+02:00,6490.685306516421,5824.21161,1932.3039288350333,2226.649,8422.989235351455,8050.86061,18774.27661
2026-07-09 07:45:00+02:00,6409.120862981213,5679.17701,1932.4888531603779,2136.937,8341.609716141591,7816.11401,20563.36101
2026-07-09 08:00:00+02:00,4530.188452390376,5602.80835,1842.6805625584707,1945.905,6372.869014948847,7548.71335,22429.646350000003
2026-07-09 08:15:00+02:00,4499.749041705246,5579.89392,1860.702391062076,1817.996,6360.451432767322,7397.88992,24479.07192
2026-07-09 08:30:00+02:00,4545.396791718158,5310.17272,1846.4498879188443,1730.545,6391.846679637002,7040.71772,26400.70272
2026-07-09 08:45:00+02:00,4598.886988821371,5190.27275,1847.2119165520207,1679.279,6446.098905373392,6869.5517500000005,28364.08175
2026-07-09 09:00:00+02:00,3963.021676736661,5129.35906,1797.4766189666723,1598.452,5760.4982957033335,6727.81106,30246.14306
2026-07-09 09:15:00+02:00,4010.287166011108,5120.51844,1798.4052163425397,1547.528,5808.692382353648,6668.04644,31868.585440000003
2026-07-09 09:30:00+02:00,4040.3039849669613,5119.35276,1779.3436943163138,1524.322,5819.647679283275,6643.67476,33534.59876
2026-07-09 09:45:00+02:00,4047.3552241663238,5168.82827,1763.7051609378975,1601.494,5811.0603851042215,6770.32227,35369.11827
2026-07-09 10:00:00+02:00,4311.478383062926,5233.84749,1769.8743195044608,1383.159,6081.352702567387,6617.00649,36432.47449
2026-07-09 10:15:00+02:00,4320.653227662731,5308.70939,1797.6564706013473,1290.099,6118.309698264078,6598.80839,37864.56539
2026-07-09 10:30:00+02:00,4335.404706493938,5385.3042,1826.638941358361,1187.413,6162.043647852299,6572.717199999999,39343.5252
2026-07-09 10:45:00+02:00,4375.430740721573,5388.13173,1806.997578400816,1097.577,6182.428319122389,6485.70873,40736.26873
2026-07-09 11:00:00+02:00,5016.880026888072,5439.9648,1821.6618978308184,1153.893,6838.541924718891,6593.8578,42334.6288
2026-07-09 11:15:00+02:00,5030.529085062598,5456.33546,1832.5023250202316,1127.935,6863.031410082829,6584.27046,43749.44946
2026-07-09 11:30:00+02:00,5079.01026001099,5389.69297,1820.16396193156,1144.325,6899.1742219425505,6534.01797,45103.44197
2026-07-09 11:45:00+02:00,5097.72563866662,5328.52019,1808.3099578751985,1129.187,6906.035596541818,6457.70719,46488.76919
2026-07-09 12:00:00+02:00,4210.237109449285,5369.18018,1524.881141655519,902.633,5735.118251104804,6271.81318,47609.41218
2026-07-09 12:15:00+02:00,4245.3406682435025,5439.98616,1540.8172640560433,977.273,5786.157932299546,6417.2591600000005,48958.30616
2026-07-09 12:30:00+02:00,4279.226082033071,5397.5203,1541.6588351165556,1103.093,5820.884917149627,6500.6133,50078.991299999994
2026-07-09 12:45:00+02:00,4347.912850324832,5306.05312,1531.9978579635708,1221.753,5879.910708288403,6527.806119999999,51158.35812
2026-07-09 13:00:00+02:00,4136.595439160353,5292.57052,1437.4835955503665,1270.695,5574.0790347107195,6563.26552,52042.60352
2026-07-09 13:15:00+02:00,4128.238811567827,5298.78385,1441.02117049812,1304.58,5569.259982065947,6603.36385,52789.05085
2026-07-09 13:30:00+02:00,4166.739081881375,5388.69652,1430.5982271277428,1371.235,5597.337309009117,6759.93152,53542.059519999995
2026-07-09 13:45:00+02:00,4240.681988877355,5517.77667,1416.6218193032728,1445.394,5657.303808180628,6963.17067,54181.70167
2026-07-09 14:00:00+02:00,4304.645673668843,5562.52079,1181.3756460967463,1433.861,5486.021319765589,6996.3817899999995,54516.22279
2026-07-09 14:15:00+02:00,4391.896483574504,5402.21112,1188.9497832010575,1366.423,5580.846266775561,6768.63412,54268.21412
2026-07-09 14:30:00+02:00,4396.053191794524,5484.69272,1181.690132393358,1365.15,5577.743324187882,6849.842720000001,54144.26372
2026-07-09 14:45:00+02:00,4394.849752124036,5523.72074,1183.4542656285494,1422.889,5578.304017752585,6946.60974,53814.80774
2026-07-09 15:00:00+02:00,4533.305338825568,5579.06976,1118.2380066939086,1338.467,5651.543345519476,6917.536760000001,53585.97776
2026-07-09 15:15:00+02:00,4587.772158885981,5930.34058,1154.5841821151423,1451.712,5742.356341001124,7382.05258,53417.70058
2026-07-09 15:30:00+02:00,4673.456237909999,6093.75564,1178.3354637330474,1470.358,5851.7917016430465,7564.11364,52734.21564
2026-07-09 15:45:00+02:00,4738.222040915266,6200.12742,1186.7487289410465,1454.899,5924.9707698563125,7655.02642,51525.36142
2026-07-09 16:00:00+02:00,4703.463204807962,6352.51771,1194.658786161493,1578.054,5898.1219909694555,7930.57171,50496.48671
2026-07-09 16:15:00+02:00,4919.736915545161,6527.70767,1207.6247727060838,1602.059,6127.361688251244,8129.76667,49332.08867
2026-07-09 16:30:00+02:00,5013.641481396826,6625.16523,1233.1015849095315,1559.923,6246.743066306357,8185.088229999999,47562.05323
2026-07-09 16:45:00+02:00,5214.308409255025,6639.69419,1257.5665030080745,1484.429,6471.8749122631,8124.12319,45410.56119
2026-07-09 17:00:00+02:00,4855.630948743121,6962.22762,1287.1777282023518,1534.895,6142.808676945473,8497.12262,43640.479620000006
2026-07-09 17:15:00+02:00,4993.533527470122,7126.52695,1309.5720055641946,1518.298,6303.105533034317,8644.82495,41339.00395
2026-07-09 17:30:00+02:00,5162.87850064107,7140.2603,1343.0471173941687,1502.242,6505.925618035239,8642.5023,38882.3553
2026-07-09 17:45:00+02:00,5243.918875540507,7044.3646,1325.7906114395405,1485.288,6569.709486980048,8529.6526,35931.4516
2026-07-09 18:00:00+02:00,4775.112906585764,7000.18938,1288.288765215781,1475.661,6063.401671801545,8475.85038,33252.085380000004
2026-07-09 18:15:00+02:00,4844.677740876666,6939.38522,1236.4456940547293,1416.2,6081.1234349313945,8355.58522,30508.82422
2026-07-09 18:30:00+02:00,4874.111836650776,6914.91147,1221.5014051468106,1431.88,6095.613241797587,8346.79147,27571.08347
2026-07-09 18:45:00+02:00,4817.642336880053,6816.47887,1196.6492246084524,1406.127,6014.291561488506,8222.60587,24560.59787
2026-07-09 19:00:00+02:00,4297.167205200306,6670.94027,1403.8811210254557,1328.097,5701.048326225762,7999.03727,21538.43327
2026-07-09 19:15:00+02:00,4227.523212094944,6570.37854,1396.7046513764924,1220.116,5624.227863471437,7790.49454,18697.39854
2026-07-09 19:30:00+02:00,4107.612427262238,6491.4889,1344.1795291567146,1112.611,5451.791956418952,7604.0999,16111.9879
2026-07-09 19:45:00+02:00,3953.9249926350544,6330.01772,1295.0332950914635,1026.983,5248.958287726518,7357.00072,13813.98672
2026-07-09 20:00:00+02:00,4196.911442928199,6114.45055,1298.1736442710426,982.231,5495.085087199242,7096.681549999999,11806.24355
2026-07-09 20:15:00+02:00,4062.3539845315986,5913.70811,1284.5853312471993,918.711,5346.939315778798,6832.41911,10114.24911
2026-07-09 20:30:00+02:00,3900.9107862479814,5629.33329,1260.3645546732835,862.87,5161.275340921265,6492.2032899999995,8633.24629
2026-07-09 20:45:00+02:00,3762.064906652831,5420.4035,1224.3122268095642,802.879,4986.377133462395,6223.2825,7451.6305
2026-07-09 21:00:00+02:00,3729.324140938306,5428.39281,1290.4747947155308,743.236,5019.798935653836,6171.62881,6725.99981
2026-07-09 21:15:00+02:00,3763.3272811397514,5542.63002,1286.72175284932,691.921,5050.049033989071,6234.55102,6425.87402
2026-07-09 21:30:00+02:00,3740.3060834517314,5639.27378,1276.8900316590584,659.638,5017.19611511079,6298.91178,6345.0197800000005
2026-07-09 21:45:00+02:00,3611.049589448426,5504.56222,1268.6013737181097,626.869,4879.650963166536,6131.4312199999995,6138.130219999999
2026-07-09 22:00:00+02:00,4772.242525903351,5497.6015,1326.6720317231184,586.813,6098.914557626469,6084.4145,6087.6875
2026-07-09 22:15:00+02:00,4801.6329660432075,5694.63522,1322.9836203048621,570.067,6124.616586348069,6264.70222,6265.10222
2026-07-09 22:30:00+02:00,4787.6756968499885,5874.18091,1325.6175339244933,538.093,6113.293230774481,6412.27391,6412.52991
2026-07-09 22:45:00+02:00,4766.436248560783,6033.19843,1318.0616383540998,523.151,6084.497886914883,6556.34943,6556.57143
2026-07-09 23:00:00+02:00,5279.290155635379,6183.27768,1142.811019732919,552.405,6422.101175368298,6735.68268,6735.8816799999995
2026-07-09 23:15:00+02:00,5289.295144898153,6380.94093,1133.3403375288158,556.247,6422.635482426969,6937.18793,6937.37193
2026-07-09 23:30:00+02:00,5250.5585051907565,6472.83911,1115.371977034436,587.897,6365.9304822251925,7060.73611,7060.91611
2026-07-09 23:45:00+02:00,5201.2028531785445,6542.54397,1125.3448350949996,612.066,6326.547688273544,7154.6099699999995,7154.790969999999
2026-07-10 00:00:00+02:00,5131.774499656505,6509.94189,1049.2623954961355,659.57,6181.036895152641,7169.51189,7169.674889999999
2026-07-10 00:15:00+02:00,5118.43596594856,6495.57847,1080.5722480690783,714.126,6199.008214017638,7209.704470000001,7209.84547
2026-07-10 00:30:00+02:00,5103.417432513245,6371.65338,1104.2651089393178,749.479,6207.682541452563,7121.13238,7121.25838
2026-07-10 00:45:00+02:00,5093.734650729648,6282.1941,1149.2173681716781,758.824,6242.952018901326,7041.018099999999,7041.134099999999
2026-07-10 01:00:00+02:00,4933.187729196067,6160.45269,839.6430008484958,730.574,5772.830730044563,6891.02669,6891.13969
2026-07-10 01:15:00+02:00,4933.483735179942,6151.66279,834.8714950709723,727.71,5768.355230250914,6879.37279,6879.47779
2026-07-10 01:30:00+02:00,4901.326443177897,6140.35928,821.7578475172865,715.625,5723.084290695184,6855.98428,6856.085279999999
2026-07-10 01:45:00+02:00,4860.764912956686,6074.45354,846.3776872300608,723.202,5707.142600186747,6797.655540000001,6797.75254
2026-07-10 02:00:00+02:00,4804.247512903325,5950.68331,877.9892380030915,705.885,5682.236750906416,6656.568310000001,6656.66531
2026-07-10 02:15:00+02:00,4798.039520010485,5873.32459,906.8004001510615,646.704,5704.839920161547,6520.02859,6520.11559
2026-07-10 02:30:00+02:00,4764.8330657543665,5715.56457,932.9511553393843,577.201,5697.784221093751,6292.76557,6292.8545699999995
2026-07-10 02:45:00+02:00,4756.1077798580245,5589.06582,914.8879532502699,459.979,5670.995733108294,6049.04482,6049.13582
2026-07-10 03:00:00+02:00,4192.207312583982,5434.46161,882.3441293063703,356.177,5074.551441890352,5790.63861,5790.71961
2026-07-10 03:15:00+02:00,4156.993516614917,5278.81533,851.6588341502312,287.989,5008.652350765148,5566.80433,5566.88433
2026-07-10 03:30:00+02:00,4105.566477362495,5063.97484,843.3756274942351,287.237,4948.94210485673,5351.21184,5351.28684
2026-07-10 03:45:00+02:00,4054.879242008505,4907.91963,826.4575951884037,289.86,4881.336837196909,5197.77963,5197.86763
2026-07-10 04:00:00+02:00,4067.4844879798843,4790.9359,591.15915963594,287.695,4658.643647615824,5078.6309,5078.7139
2026-07-10 04:15:00+02:00,4051.406712293921,4665.64756,600.1190879181195,311.719,4651.525800212041,4977.36656,4977.439560000001
2026-07-10 04:30:00+02:00,4067.9567415079946,4536.04943,610.3800238839639,299.233,4678.336765391959,4835.28243,4835.76543
2026-07-10 04:45:00+02:00,4094.780260461182,4485.32434,593.9577311983812,265.394,4688.737991659564,4750.71834,4754.58234
2026-07-10 05:00:00+02:00,4174.666506333095,4384.65478,483.27698427516515,212.874,4657.94349060826,4597.52878,4628.65478
2026-07-10 05:15:00+02:00,4209.912134012601,4444.85475,508.97903468831873,169.364,4718.89116870092,4614.21875,4736.16175
2026-07-10 05:30:00+02:00,4162.434464911468,4475.49281,514.861060106384,158.022,4677.295525017852,4633.51481,5060.18581
2026-07-10 05:45:00+02:00,4113.942493685381,4363.21472,489.93853184601517,143.007,4603.8810255313965,4506.22172,5587.8597199999995
2026-07-10 06:00:00+02:00,3828.893019805887,4182.63944,353.8878975189878,144.895,4182.780917324875,4327.53444,6293.169440000001
2026-07-10 06:15:00+02:00,3726.817812457223,3913.24627,329.18682106213987,146.598,4056.004633519363,4059.84427,7087.78227
2026-07-10 06:30:00+02:00,3646.9827311783515,3618.28348,332.5828984351539,151.36,3979.5656296135053,3769.64348,8091.555480000001
2026-07-10 06:45:00+02:00,3564.713951392698,3205.95164,295.7807746123828,137.712,3860.494726005081,3343.66364,9250.83064
2026-07-10 07:00:00+02:00,3204.6057078611193,2787.78342,217.711812148633,119.272,3422.317520009752,2907.05542,10690.04542
2026-07-10 07:15:00+02:00,3113.263754202413,2327.83266,217.9585879803511,120.937,3331.2223421827644,2448.76966,12439.43366
2026-07-10 07:30:00+02:00,2962.3860031275026,1882.17992,211.79022031385793,142.084,3174.1762234413604,2024.26392,14551.00492
2026-07-10 07:45:00+02:00,2873.164633191962,1557.21999,216.09800391054557,114.759,3089.2626371025076,1671.97899,17053.25199
2026-07-10 08:00:00+02:00,2060.877910400807,1396.75724,144.4862113693355,92.27,2205.364121770143,1489.02724,19735.20224
2026-07-10 08:15:00+02:00,2028.4087901473686,1210.77564,159.86927280036818,82.59,2188.2780629477365,1293.36564,22432.03164
2026-07-10 08:30:00+02:00,2008.73477120636,1114.70857,168.21451283824138,59.74,2176.9492840446014,1174.44857,25412.29857
2026-07-10 08:45:00+02:00,2056.937943377139,1050.23732,170.916982023549,52.197,2227.854925400688,1102.4343199999998,28319.28032
2026-07-10 09:00:00+02:00,1597.167875009774,1060.12756,184.7161321031801,52.979,1781.8840071129541,1113.10656,31223.62456
2026-07-10 09:15:00+02:00,1631.3371252791328,1091.98184,189.2441073310657,38.759,1820.5812326101984,1130.74084,33908.65184
2026-07-10 09:30:00+02:00,1658.7637965927731,1141.13112,174.55409735626577,35.233,1833.317893949039,1176.36412,36296.17712
2026-07-10 09:45:00+02:00,1648.5313123561987,1238.11786,152.0374566343328,27.56,1800.5687689905315,1265.67786,38799.16986
2026-07-10 10:00:00+02:00,1508.6861024190077,1327.12028,161.32827730036442,15.203,1670.014379719372,1342.32328,41351.44628
2026-07-10 10:15:00+02:00,1508.9769818214909,1434.70148,182.63943334650992,14.88,1691.616415168001,1449.58148,44119.76648
2026-07-10 10:30:00+02:00,1511.4216708596064,1517.25158,210.9172818134077,18.501,1722.338952673014,1535.75258,46814.90058
2026-07-10 10:45:00+02:00,1541.0830408711895,1590.2209,194.51111293069957,25.317,1735.594153801889,1615.5379,49247.979900000006
2026-07-10 11:00:00+02:00,1856.6866933155245,1683.41409,201.0445076674671,21.926,2057.7312009829916,1705.34009,51518.20009
2026-07-10 11:15:00+02:00,1864.498804598005,1800.94139,204.67220119527244,41.857,2069.1710057932773,1842.79839,53513.573390000005
2026-07-10 11:30:00+02:00,1924.3996512210322,1878.75699,196.77307624408206,68.547,2121.1727274651143,1947.30399,55079.05899
2026-07-10 11:45:00+02:00,1959.0644928248294,1956.11764,198.53129068488482,92.161,2157.5957835097142,2048.27864,56714.230639999994
2026-07-10 12:00:00+02:00,1958.6644474310363,2067.50438,186.71578392928853,111.758,2145.3802313603246,2179.2623799999997,57748.79638
2026-07-10 12:15:00+02:00,1999.3831318605141,2191.75019,203.31085986728718,137.924,2202.6939917278014,2329.67419,58813.75619
2026-07-10 12:30:00+02:00,2024.0599339860878,2324.79904,199.28237040236812,139.504,2223.342304388456,2464.30304,59549.92104
2026-07-10 12:45:00+02:00,2088.2627811179445,2402.39908,165.31842703136027,127.034,2253.581208149305,2529.43308,60053.85108
2026-07-10 13:00:00+02:00,1946.5436062350566,2567.48397,154.6949872162359,91.849,2101.2385934512927,2659.3329700000004,60251.54797
2026-07-10 13:15:00+02:00,1954.1905785535612,2651.03509,152.60428603629475,69.331,2106.794864589856,2720.36609,60239.43709000001
2026-07-10 13:30:00+02:00,1980.869675713692,2789.60571,187.00911577616205,61.752,2167.878791489854,2851.35771,60058.29771
2026-07-10 13:45:00+02:00,2045.5114492318385,2891.94287,190.942490900942,76.023,2236.4539401327806,2967.96587,59750.65087
2026-07-10 14:00:00+02:00,1955.418305738093,3013.66185,112.30050903268774,67.844,2067.7188147707807,3081.50585,59400.06385
2026-07-10 14:15:00+02:00,2068.2349062423477,3154.83775,113.84855333474144,52.94,2182.0834595770893,3207.77775,58683.34575
2026-07-10 14:30:00+02:00,2115.107242535244,3265.91255,104.11643604805651,40.733,2219.2236785833006,3306.64555,57963.63955
2026-07-10 14:45:00+02:00,2119.2034784111615,3368.0269,102.15422704313413,38.872,2221.3577054542957,3406.8988999999997,57005.5839
2026-07-10 15:00:00+02:00,2984.4005510378083,3529.96656,117.5175072673412,48.762,3101.9180583051493,3578.72856,55855.93456
2026-07-10 15:15:00+02:00,3042.8702725179,3682.81926,158.29631754004652,67.671,3201.1665900579465,3750.49026,54546.16626
2026-07-10 15:30:00+02:00,3146.150287459993,3786.97131,187.93437435243843,81.161,3334.084661812431,3868.13231,53190.94831
2026-07-10 15:45:00+02:00,3223.683911366729,3870.33255,194.53578573652294,94.5,3418.2196971032517,3964.83255,51598.72655
2026-07-10 16:00:00+02:00,3794.8768572601366,4101.5003,163.0908065258332,123.497,3957.9676637859698,4224.9973,50393.7453
2026-07-10 16:15:00+02:00,4010.2399358181697,4254.74912,165.73618860822825,134.583,4175.976124426398,4389.33212,48572.61012
2026-07-10 16:30:00+02:00,4050.8791001655013,4357.49121,186.21199730029863,126.974,4237.0910974658,4484.46521,46531.388210000005
2026-07-10 16:45:00+02:00,4210.924667310882,4482.19045,203.86006200180168,99.284,4414.784729312683,4581.47445,44021.32545
2026-07-10 17:00:00+02:00,4486.498932241999,4589.18024,320.07388833925415,105.394,4806.572820581253,4694.57424,41535.99524
2026-07-10 17:15:00+02:00,4647.567294243249,4612.66964,362.2034550289611,115.493,5009.77074927221,4728.1626400000005,38849.30564
2026-07-10 17:30:00+02:00,4798.34200437901,4731.95517,394.40443243889837,113.436,5192.746436817909,4845.39117,36117.57317
2026-07-10 17:45:00+02:00,4910.485905382209,4928.60155,387.5257801608278,96.914,5298.011685543037,5025.51555,33369.58055
2026-07-10 18:00:00+02:00,5306.673868037286,5065.73707,415.62135117120886,95.718,5722.295219208495,5161.45507,30614.12907
2026-07-10 18:15:00+02:00,5409.657463456099,5198.46026,383.9637121784326,95.336,5793.621175634532,5293.79626,27838.47026
2026-07-10 18:30:00+02:00,5475.25169229252,5332.81733,379.7548804254371,82.182,5855.006572717957,5414.99933,24903.98633
2026-07-10 18:45:00+02:00,5433.883251247251,5437.13675,355.4205221783075,85.934,5789.303773425559,5523.07075,21938.58375
2026-07-10 19:00:00+02:00,5391.527540726526,5574.10079,424.1353008136986,98.29,5815.662841540225,5672.39079,19221.09979
2026-07-10 19:15:00+02:00,5310.983613209228,5624.15653,420.6906024155874,139.011,5731.674215624816,5763.167530000001,16667.25853
2026-07-10 19:30:00+02:00,5217.161592283801,5783.9745,368.4226320373315,171.082,5585.584224321133,5955.056500000001,14466.4515
2026-07-10 19:45:00+02:00,5059.2775831583585,5969.32307,309.96035475707595,201.789,5369.2379379154345,6171.11207,12643.00207
2026-07-10 20:00:00+02:00,5566.768649720899,6070.30746,394.3597481684199,213.367,5961.128397889319,6283.67446,11033.75246
2026-07-10 20:15:00+02:00,5404.0641700535625,6222.33765,387.4187606891083,198.86,5791.482930742671,6421.19765,9785.94465
2026-07-10 20:30:00+02:00,5221.297035775833,6296.44092,373.6945123808662,166.55,5594.9915481566995,6462.99092,8669.64892
2026-07-10 20:45:00+02:00,5060.853665542179,6371.43182,345.3743551207894,156.28,5406.228020662968,6527.7118199999995,7811.12782
2026-07-10 21:00:00+02:00,6898.922561315749,6756.98804,284.3828759161674,162.223,7183.305437231916,6919.21104,7530.80504
2026-07-10 21:15:00+02:00,6936.298879596112,7372.14394,273.3549060655184,149.388,7209.6537856616305,7521.53194,7744.29994
2026-07-10 21:30:00+02:00,6906.344647599298,7704.0023,253.28707038229973,123.544,7159.631717981598,7827.5463,7878.8623
2026-07-10 21:45:00+02:00,6759.241435879836,7775.9356,239.8547427831836,113.643,6999.09617866302,7889.5786,7893.7956
2026-07-10 22:00:00+02:00,7915.23389004774,8001.86267,195.17090554784198,128.804,8110.404795595582,8130.66667,8131.659670000001
2026-07-10 22:15:00+02:00,7952.66886405281,8393.20739,193.60466264650472,156.753,8146.273526699315,8549.96039,8550.34639
2026-07-10 22:30:00+02:00,7955.528271552537,8849.92516,200.31939489628843,188.886,8155.847666448825,9038.81116,9039.06116
2026-07-10 22:45:00+02:00,7924.7365288861565,9307.61377,188.73827295989372,221.942,8113.4748018460505,9529.55577,9529.78577
2026-07-10 23:00:00+02:00,8286.12026299442,9601.98015,460.1229983555563,253.583,8746.243261349977,9855.56315,9855.77315
2026-07-10 23:15:00+02:00,8293.635079607064,9567.50457,456.74125420635966,307.058,8750.376333813423,9874.562569999998,9874.738569999998
2026-07-10 23:30:00+02:00,8253.676590744833,9558.07971,439.81845425679757,362.204,8693.495045001631,9920.28371,9920.46271
2026-07-10 23:45:00+02:00,8209.83819960484,9517.93597,445.89993961304305,440.64,8655.738139217883,9958.57597,9958.73697
2026-07-11 00:00:00+02:00,7774.271150290404,9521.29117,516.9897456658131,526.846,8291.260895956217,10048.13717,10048.27417
2026-07-11 00:15:00+02:00,7752.123895306167,9298.17823,544.1834419579957,582.542,8296.307337264163,9880.72023,9880.85423
2026-07-11 00:30:00+02:00,7724.508054929088,8961.36351,577.6638684797108,590.369,8302.171923408798,9551.73251,9551.86051
2026-07-11 00:45:00+02:00,7706.837056429908,8711.12712,616.0048944647233,599.403,8322.841950894632,9310.53012,9310.64212
2026-07-11 01:00:00+02:00,6814.99590583037,8400.29886,486.83313851585785,605.921,7301.829044346228,9006.219860000001,9006.347860000002
2026-07-11 01:15:00+02:00,6808.976605003162,8025.16223,486.5747337004465,544.591,7295.551338703609,8569.75323,8569.86523
2026-07-11 01:30:00+02:00,6775.031593340701,7672.03969,474.08689186283607,484.533,7249.118485203537,8156.57269,8156.68069
2026-07-11 01:45:00+02:00,6733.300916729001,7212.58911,492.8744978644115,401.701,7226.175414593413,7614.29011,7614.39711
2026-07-11 02:00:00+02:00,5089.778610558347,6741.40636,450.8853555349487,327.857,5540.663966093296,7069.26336,7069.37136
2026-07-11 02:15:00+02:00,5084.430706168354,6342.15483,488.39776931595725,273.379,5572.828475484312,6615.53383,6615.637830000001
2026-07-11 02:30:00+02:00,5050.117852663516,5882.39353,514.2244413925869,216.548,5564.342294056103,6098.94153,6099.03953
2026-07-11 02:45:00+02:00,5037.589606865667,5461.81944,497.6968757021231,150.966,5535.28648256779,5612.785440000001,5612.87344
2026-07-11 03:00:00+02:00,3866.6023340714464,5121.0058,455.1323366234854,112.272,4321.734670694932,5233.2778,5233.3517999999995
2026-07-11 03:15:00+02:00,3827.367903546136,4848.33587,419.61746960069496,89.132,4246.985373146831,4937.4678699999995,4937.542869999999
2026-07-11 03:30:00+02:00,3776.9098752818372,4587.84439,409.0584806170508,57.357,4185.968355898888,4645.20139,4645.270390000001
2026-07-11 03:45:00+02:00,3729.7755797008044,4347.64779,395.56367538086187,56.855,4125.339255081666,4404.50279,4404.576789999999
2026-07-11 04:00:00+02:00,3652.258324385214,4047.82025,361.75593203013216,53.151,4014.014256415346,4100.9712500000005,4101.044250000001
2026-07-11 04:15:00+02:00,3639.3939434911927,3790.93665,373.22431975644366,60.631,4012.618263247636,3851.56765,3851.63965
2026-07-11 04:30:00+02:00,3656.6354797447366,3578.19192,382.67542719697974,63.612,4039.3109069417164,3641.80392,3642.266920000001
2026-07-11 04:45:00+02:00,3686.6990509944376,3477.58613,369.62311747130184,61.545,4056.322168465739,3539.13113,3543.06613
2026-07-11 05:00:00+02:00,3385.5087008452138,3396.76485,342.0427655014371,55.793,3727.551466346651,3452.55785,3483.39985
2026-07-11 05:15:00+02:00,3431.3915521944887,3334.29614,370.1774947922438,39.051,3801.5690469867322,3373.34714,3516.87814
2026-07-11 05:30:00+02:00,3403.204911777694,3390.18406,374.51962944866443,30.511,3777.7245412263587,3420.69506,3902.46606
2026-07-11 05:45:00+02:00,3364.9845256850244,3297.41389,348.38003049407797,39.112,3713.3645561791022,3336.52589,4527.71089
2026-07-11 06:00:00+02:00,3502.791618388387,3188.75116,299.5537529325735,31.233,3802.3453713209606,3219.98416,5386.95816
2026-07-11 06:15:00+02:00,3408.3311215309977,3055.0816,276.25609691582616,18.503,3684.587218446824,3073.5846,6402.4416
2026-07-11 06:30:00+02:00,3339.984350745295,2935.61343,284.03761852140144,9.202,3624.0219692666965,2944.81543,7689.345429999999
2026-07-11 06:45:00+02:00,3269.5516984218816,2827.0526,256.6699869847505,13.669,3526.221685406632,2840.7216,9260.1266
2026-07-11 07:00:00+02:00,2640.194570267301,2737.74974,186.40479066159523,16.149,2826.599360928896,2753.89874,11202.08574
2026-07-11 07:15:00+02:00,2552.009155111185,2519.42918,181.80843795073784,14.665,2733.8175930619227,2534.09418,13417.50018
2026-07-11 07:30:00+02:00,2373.5808244704403,2195.55346,174.9902551056268,9.613,2548.571079576067,2205.16646,15923.18946
2026-07-11 07:45:00+02:00,2294.259761462613,1832.26208,181.11190670388046,3.193,2475.3716681664932,1835.45508,18695.08408
2026-07-11 08:00:00+02:00,1566.5954856457918,1554.38948,167.7907454916584,5.344,1734.38623113745,1559.73348,21711.67348
2026-07-11 08:15:00+02:00,1514.6299174992125,1301.39275,169.27061655718077,2.55,1683.9005340563933,1303.94275,24834.06675
2026-07-11 08:30:00+02:00,1532.122161806929,1066.43819,174.446897447048,1.597,1706.569059253977,1068.03519,27862.41819
2026-07-11 08:45:00+02:00,1566.3830433890444,932.72425,177.74634765210172,2.314,1744.1293910411462,935.03825,31017.03725
2026-07-11 09:00:00+02:00,1396.646976812265,896.73488,308.6562209410285,17.098,1705.3031977532935,913.83288,33845.57688
2026-07-11 09:15:00+02:00,1434.1424830935227,916.13419,310.2545252556877,31.382,1744.3970083492104,947.51619,36773.01719
2026-07-11 09:30:00+02:00,1455.14047778552,970.68048,293.6939633315692,16.781,1748.8344411170892,987.46148,39522.18248
2026-07-11 09:45:00+02:00,1435.9359084668158,1100.18964,276.1962072543224,19.127,1712.1321157211382,1119.31664,41927.590639999995
2026-07-11 10:00:00+02:00,1221.515530568489,1266.48712,309.52561035592686,21.392,1531.041140924416,1287.87912,44551.88512
2026-07-11 10:15:00+02:00,1213.3693605542012,1503.88692,334.18207961189916,30.429,1547.5514401661003,1534.31592,46992.32792
2026-07-11 10:30:00+02:00,1202.54822235043,1737.47942,359.8704814146179,40.067,1562.418703765048,1777.54642,49334.41442
2026-07-11 10:45:00+02:00,1225.0751111826955,1901.82509,344.3644632198186,39.038,1569.4395744025142,1940.86309,51193.16309
2026-07-11 11:00:00+02:00,1652.8810142422585,1962.6292,363.3746203118008,27.562,2016.2556345540593,1990.1912,52523.4702
2026-07-11 11:15:00+02:00,1657.7363231844176,2098.23441,367.770446725999,46.767,2025.5067699104166,2145.00141,54018.67841
2026-07-11 11:30:00+02:00,1708.1034020371471,2202.65626,362.3026191152615,61.302,2070.406021152409,2263.9582600000003,55156.57126
2026-07-11 11:45:00+02:00,1735.6551757746338,2241.60895,366.6832191632692,44.399,2102.338394937903,2286.0079499999997,55858.97595
2026-07-11 12:00:00+02:00,1826.7486009751476,2415.35723,284.3885864367219,48.857,2111.1371874118695,2464.21423,56091.81623
2026-07-11 12:15:00+02:00,1871.0933172327016,2409.69647,303.07503231149735,48.989,2174.168349544199,2458.68547,56252.59447
2026-07-11 12:30:00+02:00,1901.2013180843237,2434.95931,299.55421693428127,48.448,2200.755535018605,2483.40731,56252.12931
2026-07-11 12:45:00+02:00,1956.1815033008802,2469.68435,269.6485218472602,65.397,2225.8300251481405,2535.08135,56228.53835
2026-07-11 13:00:00+02:00,2328.8149595893315,2590.36473,275.3950453054429,56.734,2604.2100048947746,2647.0987299999997,56746.37773
2026-07-11 13:15:00+02:00,2347.1441445298046,2669.24768,266.3293459394162,71.883,2613.473490469221,2741.13068,56543.48268
2026-07-11 13:30:00+02:00,2361.8107874843326,2720.65775,311.2727763441013,85.192,2673.083563828434,2805.84975,56039.61375
2026-07-11 13:45:00+02:00,2420.4878914734554,2733.00569,321.4838865536143,97.536,2741.97177802707,2830.54169,55896.43169
2026-07-11 14:00:00+02:00,2731.1291151894557,2826.50939,293.0109599753487,115.088,3024.1400751648043,2941.5973900000004,55649.62939
2026-07-11 14:15:00+02:00,2839.1388218734455,2873.86019,298.79108749880083,118.971,3137.9299093722466,2992.83119,55037.707189999994
2026-07-11 14:30:00+02:00,2903.3037821180537,2949.17898,293.66739429356244,106.589,3196.9711764116164,3055.76798,54325.73398
2026-07-11 14:45:00+02:00,2922.89119695443,3066.62157,297.22176598670757,98.717,3220.1129629411375,3165.33857,53498.12657
2026-07-11 15:00:00+02:00,3445.113705959342,3148.66034,369.5082483211786,110.337,3814.6219542805206,3258.99734,52254.39434
2026-07-11 15:15:00+02:00,3522.7984040478345,3259.82921,426.7363587131674,138.138,3949.5347627610017,3397.96721,51271.70121
2026-07-11 15:30:00+02:00,3622.171042059332,3427.56933,458.8847679465947,147.083,4081.055810005927,3574.65233,50190.21633
2026-07-11 15:45:00+02:00,3706.4050884112717,3503.15859,471.56801515162647,129.005,4177.973103562898,3632.16359,48052.19859
2026-07-11 16:00:00+02:00,5067.914244132446,3784.24925,570.7629096888262,133.218,5638.6771538212715,3917.46725,47521.13325
2026-07-11 16:15:00+02:00,5308.364202803158,4160.24686,592.7727833993418,175.655,5901.1369862025,4335.90186,46168.10786
2026-07-11 16:30:00+02:00,5382.945821006607,4307.93599,623.3318011621018,229.193,6006.277622168709,4537.12899,44882.28699
2026-07-11 16:45:00+02:00,5575.392829071874,5028.96409,643.8139967442447,267.354,6219.206825816119,5296.318090000001,44042.26009
2026-07-11 17:00:00+02:00,6337.375325411902,5538.34817,1110.8935299127224,330.724,7448.268855324624,5869.07217,42249.47717
2026-07-11 17:15:00+02:00,6534.37057645622,5815.7973,1135.089579479509,455.841,7669.460155935729,6271.6383000000005,40421.0743
2026-07-11 17:30:00+02:00,6700.134977991279,6125.22974,1168.0719450192453,518.02,7868.206923010524,6643.249739999999,38112.04474
2026-07-11 17:45:00+02:00,6806.178178420503,6454.43518,1164.5544923268012,574.091,7970.732670747304,7028.526180000001,35807.25918
2026-07-11 18:00:00+02:00,6954.093631685594,6753.71634,1263.3227226059241,666.657,8217.416354291518,7420.37334,33338.19134
2026-07-11 18:15:00+02:00,7057.426855819716,6990.40255,1234.193043640487,784.879,8291.619899460204,7775.28155,30900.18755
2026-07-11 18:30:00+02:00,7131.667035675358,7105.83806,1232.332468362904,900.91,8363.999504038262,8006.74806,27967.95706
2026-07-11 18:45:00+02:00,7093.416987448313,7412.56244,1209.7216420384582,851.87,8303.138629486772,8264.43244,24985.48644
2026-07-11 19:00:00+02:00,7299.165796720517,7678.42763,1621.4573756186394,756.928,8920.623172339157,8435.35563,22120.40863
2026-07-11 19:15:00+02:00,7231.712969795758,7935.35055,1613.9335634903705,775.521,8845.646533286128,8710.87155,19611.71355
2026-07-11 19:30:00+02:00,7113.369860250719,8057.85889,1560.0191203950708,824.66,8673.38898064579,8882.518890000001,17269.69689
2026-07-11 19:45:00+02:00,6958.832057133707,8090.23084,1503.785422419732,855.906,8462.617479553439,8946.13684,15261.84984
2026-07-11 20:00:00+02:00,8280.766795766614,7955.94346,1826.0294982455307,835.056,10106.796294012145,8790.99946,13424.52046
2026-07-11 20:15:00+02:00,8111.387017155108,7800.78219,1818.4497797777021,776.437,9929.83679693281,8577.21919,11846.94719
2026-07-11 20:30:00+02:00,7927.859188159331,7560.65542,1805.4687996657171,818.392,9733.327987825049,8379.04742,10518.04842
2026-07-11 20:45:00+02:00,7769.154717237689,7413.05547,1773.8627998507318,912.138,9543.017517088421,8325.19347,9564.47447
2026-07-11 21:00:00+02:00,9663.972375697545,7628.76999,2199.8622655048944,1086.673,11863.83464120244,8715.44299,9293.56599
2026-07-11 21:15:00+02:00,9701.294976517293,8280.66692,2181.372010875174,1224.946,11882.666987392466,9505.61292,9701.67292
2026-07-11 21:30:00+02:00,9672.809773848914,8700.04908,2154.7814546907484,1342.889,11827.591228539663,10042.93808,10084.57508
2026-07-11 21:45:00+02:00,9535.677861384826,8649.47919,2134.514940091375,1347.178,11670.192801476202,9996.65719,9999.85419
2026-07-11 22:00:00+02:00,10593.307322783998,8882.77373,2805.411819943755,1469.811,13398.719142727752,10352.58473,10353.52973
2026-07-11 22:15:00+02:00,10643.951614989886,9360.80347,2813.8587119824206,1548.377,13457.810326972307,10909.18047,10909.50347
2026-07-11 22:30:00+02:00,10657.256040297118,9497.1221,2821.3766078825656,1646.091,13478.632648179682,11143.2131,11143.4461
2026-07-11 22:45:00+02:00,10636.121258373581,9701.67259,2808.4711579479035,1684.197,13444.592416321484,11385.86959,11386.08159
2026-07-11 23:00:00+02:00,10840.699273939996,9882.92138,2642.4842728807835,1744.092,13483.18354682078,11627.01338,11627.21838
2026-07-11 23:15:00+02:00,10855.04803767357,9905.20563,2644.1917262837605,1886.386,13499.239763957332,11791.59163,11791.77763
2026-07-11 23:30:00+02:00,10818.759469428314,9779.57056,2629.268207097285,1955.826,13448.027676525599,11735.39656,11735.58556
2026-07-11 23:45:00+02:00,10773.840760618528,9638.17072,2635.4930884808273,2086.235,13409.333849099356,11724.40572,11724.57472
2026-07-12 00:00:00+02:00,9757.228382570569,9423.69151,2672.279701553002,2173.095,12429.50808412357,11596.78651,11596.93451
2026-07-12 00:15:00+02:00,9731.293204191146,9246.52354,2702.1636185173625,2221.997,12433.45682270851,11468.52054,11468.65054
2026-07-12 00:30:00+02:00,9697.773389208764,9053.49923,2735.058687904502,2297.851,12432.832077113266,11351.35023,11351.46523
2026-07-12 00:45:00+02:00,9671.40791065314,8851.91381,2773.4765125053555,2383.768,12444.884423158495,11235.68181,11235.79081
2026-07-12 01:00:00+02:00,8568.172897810375,8616.57105,2732.450014044648,2580.366,11300.622911855022,11196.93705,11197.05705
2026-07-12 01:15:00+02:00,8546.074409345041,8589.78578,2731.816440386471,2644.619,11277.890849731513,11234.40478,11234.52678
2026-07-12 01:30:00+02:00,8497.841471753296,8580.53246,2720.2502181947098,2643.176,11218.091689948005,11223.70846,11223.81646
2026-07-12 01:45:00+02:00,8440.70030406698,8641.67617,2736.2115744734365,2756.373,11176.911878540417,11398.04917,11398.14417
2026-07-12 02:00:00+02:00,7555.837364799753,8705.90417,2912.468385812792,2837.836,10468.305750612544,11543.74017,11543.84217
2026-07-12 02:15:00+02:00,7535.986181688211,8593.41626,2945.239036209465,2925.076,10481.225217897676,11518.49226,11518.596259999998
2026-07-12 02:30:00+02:00,7485.676176788049,8503.57636,2967.4329878518224,2805.871,10453.10916463987,11309.447359999998,11309.535359999998
2026-07-12 02:45:00+02:00,7460.236790959344,8474.52508,2949.780676584654,2728.44,10410.017467543998,11202.96508,11203.05508
2026-07-12 03:00:00+02:00,6806.201081490248,8488.43994,2966.8613931422324,2589.741,9773.06247463248,11078.18094,11078.25694
2026-07-12 03:15:00+02:00,6757.4234610443345,8512.53651,2935.4057429398244,2338.861,9692.829203984158,10851.39751,10851.47251
2026-07-12 03:30:00+02:00,6698.791056895462,8470.6376,2924.224225053461,2210.233,9623.015281948923,10680.8706,10680.9426
2026-07-12 03:45:00+02:00,6643.80783000296,8364.54745,2910.2623510362178,2167.948,9554.070181039178,10532.49545,10532.57745
2026-07-12 04:00:00+02:00,6692.512498583725,8353.28396,2906.40710526397,2211.376,9598.919603847695,10564.65996,10564.74696
2026-07-12 04:15:00+02:00,6670.579590455748,8412.22291,2921.451756173326,2238.652,9592.031346629074,10650.87491,10650.94791
2026-07-12 04:30:00+02:00,6671.994448646233,8638.52424,2933.058042275594,2319.85,9605.052490921826,10958.37424,10958.47424
2026-07-12 04:45:00+02:00,6692.426654141009,8766.56413,2920.6453965686924,2464.213,9613.072050709701,11230.77713,11232.07913
2026-07-12 05:00:00+02:00,7198.774163685115,8774.44357,3152.5140387187594,2531.195,10351.288202403874,11305.63857,11320.17357
2026-07-12 05:15:00+02:00,7241.047177898185,9095.33636,3177.7452533673445,2555.972,10418.792431265529,11651.30836,11741.28836
2026-07-12 05:30:00+02:00,7217.0202376421885,9258.28498,3183.1415977846427,2607.167,10400.161835426832,11865.45198,12224.21798
2026-07-12 05:45:00+02:00,7178.420909839707,9235.61763,3158.7071616881963,2490.288,10337.128071527903,11725.90563,12753.93963
2026-07-12 06:00:00+02:00,7890.716095325652,9183.26859,3130.5409001739,2496.223,11021.256995499552,11679.49159,13622.54259
2026-07-12 06:15:00+02:00,7801.927431938365,9073.22264,3106.7795527727335,2523.567,10908.706984711098,11596.78964,14673.017639999998
2026-07-12 06:30:00+02:00,7738.719105608282,8784.83441,3113.657527514139,2560.611,10852.376633122421,11345.44541,15766.50341
2026-07-12 06:45:00+02:00,7673.598354296638,8502.90007,3085.6999632074294,2643.864,10759.298317504068,11146.76407,17208.31607
2026-07-12 07:00:00+02:00,6827.927141739834,7917.27546,3293.97251248629,2607.123,10121.899654226123,10524.39846,18596.26046
2026-07-12 07:15:00+02:00,6753.277314247197,7089.46809,3290.8886011697614,2608.81,10044.165915416957,9698.27809,20148.17509
2026-07-12 07:30:00+02:00,6606.603898186954,6318.20687,3285.455909374251,2665.848,9892.059807561205,8984.05487,22312.210870000003
2026-07-12 07:45:00+02:00,6491.130226883619,5570.09383,3292.0452751800763,2710.737,9783.175502063696,8280.830829999999,24785.68983
2026-07-12 08:00:00+02:00,4623.185282737122,4861.4793,3090.3998676454453,2748.08,7713.585150382567,7609.5593,27493.8723
2026-07-12 08:15:00+02:00,4536.719515110445,4290.14457,3095.127399184999,2827.48,7631.846914295444,7117.62457,30461.80957
2026-07-12 08:30:00+02:00,4535.570294999304,3915.52501,3099.664910969369,2915.981,7635.235205968673,6831.50601,33499.17101
2026-07-12 08:45:00+02:00,4565.725544453098,3695.31672,3100.5707282498215,2863.774,7666.29627270292,6559.09072,36455.00472
2026-07-12 09:00:00+02:00,3882.949543858719,3535.35092,2889.102508310511,2779.592,6772.052052169231,6314.9429199999995,38840.38992
2026-07-12 09:15:00+02:00,3918.8931431397873,3587.70434,2887.0762970207797,2727.758,6805.969440160567,6315.46234,41482.72534
2026-07-12 09:30:00+02:00,3937.810942033679,3685.11852,2869.062700097913,2742.576,6806.873642131592,6427.69452,44059.94352
2026-07-12 09:45:00+02:00,3916.168480554657,3718.61799,2851.813972835011,2736.232,6767.982453389668,6454.849990000001,46354.40799
2026-07-12 10:00:00+02:00,3839.202024337862,3696.70471,3048.409226185473,2300.498,6887.611250523335,5997.20271,46732.51571
2026-07-12 10:15:00+02:00,3828.813424957023,3900.49684,3071.2963573532415,2179.965,6900.109782310265,6080.46184,48288.77184
2026-07-12 10:30:00+02:00,3814.0227846163098,4059.41073,3094.090899997324,2105.647,6908.113684613634,6165.05773,49989.67673
2026-07-12 10:45:00+02:00,3827.5962722576205,4111.10783,3077.4284669468584,1817.091,6905.0247392044785,5928.198829999999,50616.38183
2026-07-12 11:00:00+02:00,3914.258534627789,4099.50636,2818.2996639078674,2084.066,6732.558198535657,6183.57236,51916.21936
2026-07-12 11:15:00+02:00,3910.7623668238975,4139.00814,2821.0368982633463,1716.59,6731.799265087244,5855.59814,52135.273140000005
2026-07-12 11:30:00+02:00,3948.5625117170853,4436.47232,2814.340983801662,1891.822,6762.903495518747,6328.29432,53591.82032
2026-07-12 11:45:00+02:00,3967.798770308047,4479.47102,2818.762540827329,1742.357,6786.561311135376,6221.82802,53921.83102
2026-07-12 12:00:00+02:00,5087.647238820763,4455.99574,2685.1929003121763,1666.061,7772.840139132939,6122.05674,54300.51574
2026-07-12 12:15:00+02:00,5136.587914739485,4514.98872,2702.3744078724835,1607.427,7838.962322611969,6122.41572,54696.05072
2026-07-12 12:30:00+02:00,5183.172548768383,4768.29958,2697.28291015002,1605.398,7880.455458918404,6373.69758,55075.17158
2026-07-12 12:45:00+02:00,5223.525984147252,4861.48782,2666.1643708216566,1558.284,7889.690354968909,6419.77182,55086.89082
2026-07-12 13:00:00+02:00,5388.753072952979,4996.98303,2316.550294273817,1883.531,7705.303367226796,6880.51403,55928.23303
2026-07-12 13:15:00+02:00,5407.838057521109,5210.5103,2305.0046910501146,1891.949,7712.842748571224,7102.4593,55757.8793
2026-07-12 13:30:00+02:00,5427.174826518901,5209.2406,2344.8201759761623,1786.535,7771.995002495063,6995.7756,55301.2816
2026-07-12 13:45:00+02:00,5478.604114100604,5140.39116,2354.9658164980287,1749.371,7833.569930598633,6889.76216,54865.316159999995
2026-07-12 14:00:00+02:00,5738.08194946098,5252.67218,2561.3829668756393,1835.912,8299.46491633662,7088.58418,55038.16718
2026-07-12 14:15:00+02:00,5822.04868557333,5477.07575,2564.7530185394226,1700.916,8386.801704112753,7177.99175,54567.72775
2026-07-12 14:30:00+02:00,5862.481495500286,5501.13337,2558.402127068173,1540.087,8420.883622568459,7041.220369999999,54096.38437
2026-07-12 14:45:00+02:00,5858.156404128018,5686.45311,2559.6476236756503,1557.066,8417.804027803668,7243.51911,53846.71911
2026-07-12 15:00:00+02:00,7320.452543135763,5613.86919,2293.856775939312,1500.739,9614.309319075075,7114.608190000001,52311.64219
2026-07-12 15:15:00+02:00,7415.355156338867,5610.48094,2350.062512784494,1415.197,9765.417669123362,7025.6779400000005,50947.996940000005
2026-07-12 15:30:00+02:00,7571.156551180088,5632.83407,2380.9036186760754,1426.442,9952.060169856164,7059.27607,49876.74007
2026-07-12 15:45:00+02:00,7647.768043783156,5774.89814,2394.79229686151,1347.01,10042.560340644666,7121.9081400000005,48626.34214
2026-07-12 16:00:00+02:00,7896.357238384453,6169.32593,2241.707417533312,1557.839,10138.064655917766,7727.16493,48662.24193
2026-07-12 16:15:00+02:00,8148.008489498815,6445.41735,2257.346121009013,1372.996,10405.354610507828,7818.41335,46884.57435
2026-07-12 16:30:00+02:00,8367.900411779667,6479.04479,2273.9243930085313,1439.999,10641.824804788197,7919.04379,45082.58279
2026-07-12 16:45:00+02:00,8524.27967835317,6102.11877,2286.5944495568556,1520.732,10810.874127910025,7622.85077,43013.80377
2026-07-12 17:00:00+02:00,8738.40315899057,6668.94885,2582.995966180341,1922.597,11321.39912517091,8591.54585,42700.95985
2026-07-12 17:15:00+02:00,8869.836276101918,7124.87002,2595.035011610799,2245.159,11464.871287712716,9370.02902,41153.26402
2026-07-12 17:30:00+02:00,9100.55255071386,7211.18814,2631.139164763314,2220.288,11731.691715477173,9431.47614,38739.47214
2026-07-12 17:45:00+02:00,9212.917148654346,7732.38796,2622.5120076540566,2357.391,11835.429156308403,10089.77896,37401.45896
2026-07-12 18:00:00+02:00,8617.57435241224,7944.25345,2518.1323534217768,2766.37,11135.706705834018,10710.62345,35370.45445
2026-07-12 18:15:00+02:00,8728.48463476528,8716.79253,2492.6049305825763,2889.011,11221.089565347856,11605.80353,33608.614530000006
2026-07-12 18:30:00+02:00,8804.0493173566,8882.39708,2492.2848338830254,2867.2,11296.334151239625,11749.59708,31018.71208
2026-07-12 18:45:00+02:00,8779.714935888023,8891.57927,2475.462796890453,2862.942,11255.177732778477,11754.52127,28055.18227
2026-07-12 19:00:00+02:00,7809.602285199284,8788.65498,2748.64809152145,2794.85,10558.250376720734,11583.50498,24970.38198
2026-07-12 19:15:00+02:00,7754.664055093949,8654.30423,2737.9894031946183,2794.993,10492.653458288567,11449.29723,22112.14323
2026-07-12 19:30:00+02:00,7679.496456474015,8464.30034,2690.020972936874,2819.231,10369.51742941089,11283.53134,19554.91834
2026-07-12 19:45:00+02:00,7542.520447713199,8315.0768,2638.800341193509,2839.213,10181.320788906709,11154.2898,17382.4638
2026-07-12 20:00:00+02:00,7660.983162501237,8258.91497,2636.6567476970467,2815.8,10297.639910198282,11074.71497,15643.36697
2026-07-12 20:15:00+02:00,7509.2946073492385,8010.24968,2622.6414809371554,2847.798,10131.936088286395,10858.04768,14091.90568
2026-07-12 20:30:00+02:00,7345.788397987186,7772.51069,2606.180503405884,2903.99,9951.96890139307,10676.50069,12772.18769
2026-07-12 20:45:00+02:00,7195.733358646931,7658.59243,2577.792060062905,2977.824,9773.525418709836,10636.41643,11809.38243
2026-07-12 21:00:00+02:00,8228.606626446224,8012.13155,2627.071102347084,3119.088,10855.677728793307,11131.21955,11651.58555
2026-07-12 21:15:00+02:00,8277.8396764326,8612.0069,2614.200071147147,3214.273,10892.039747579747,11826.2799,11997.4219
2026-07-12 21:30:00+02:00,8261.037628860462,8804.00606,2601.215441706499,3273.405,10862.253070566961,12077.41106,12114.27606
2026-07-12 21:45:00+02:00,8133.810035590824,8761.91152,2588.4062073088885,3381.36,10722.216242899713,12143.27152,12146.39852
2026-07-12 22:00:00+02:00,8705.608135014712,8915.97839,2517.470101253962,3458.615,11223.078236268675,12374.59339,12375.47539
2026-07-12 22:15:00+02:00,8760.247515109662,9241.93012,2524.563349653523,3538.071,11284.810864763185,12780.00112,12780.26812
2026-07-12 22:30:00+02:00,8776.260409653803,9365.38554,2526.1423818488192,3566.527,11302.402791502624,12931.91254,12932.12854
2026-07-12 22:45:00+02:00,8766.539558651155,9497.78305,2505.585684314431,3563.58,11272.125242965587,13061.36305,13061.57205
2026-07-12 23:00:00+02:00,10223.861329183188,9581.94583,3048.439482948026,3570.453,13272.300812131214,13152.39883,13152.59283
2026-07-12 23:15:00+02:00,10226.92108283721,9508.25354,3048.0099347444016,3584.767,13274.931017581612,13093.02054,13093.18054
2026-07-12 23:30:00+02:00,10175.88161054393,9435.94066,3027.661040713533,3581.589,13203.542651257463,13017.52966,13017.67566
2026-07-12 23:45:00+02:00,10112.45752244813,9174.74801,3026.825490005621,3560.257,13139.28301245375,12735.00501,12735.145009999998
2026-07-13 00:00:00+02:00,10009.390262576951,8787.37922,3162.0060631883143,3572.282,13171.396325765265,12359.661220000002,12359.78422
2026-07-13 00:15:00+02:00,9965.331118468295,8438.4883,3188.2947526946614,3490.304,13153.625871162956,11928.7923,11928.9133
2026-07-13 00:30:00+02:00,9914.849288239948,8160.03956,3223.019370140296,3410.054,13137.868658380245,11570.09356,11570.203560000002
2026-07-13 00:45:00+02:00,9876.271964292939,7827.08806,3263.7667104811844,3242.683,13140.038674774123,11069.77106,11069.875059999998
2026-07-13 01:00:00+02:00,8891.467349477687,7531.90574,3051.4654395273833,3121.744,11942.93278900507,10653.64974,10653.75274
2026-07-13 01:15:00+02:00,8858.647349125136,7310.40993,3054.627694316068,2994.886,11913.275043441205,10305.29593,10305.39893
2026-07-13 01:30:00+02:00,8798.494216512032,7132.12068,3041.8997669985597,2894.033,11840.393983510592,10026.15368,10026.25268
2026-07-13 01:45:00+02:00,8737.269173812767,6979.37512,3051.3692608173624,2769.923,11788.63843463013,9749.29812,9749.40212
2026-07-13 02:00:00+02:00,7677.730276590556,6801.43242,2870.3126600302267,2650.337,10548.042936620783,9451.76942,9451.86242
2026-07-13 02:15:00+02:00,7646.612046805826,6631.5062,2897.57925443977,2605.761,10544.191301245595,9237.2672,9237.3532
2026-07-13 02:30:00+02:00,7585.034823819607,6456.77583,2913.028188341591,2613.03,10498.063012161198,9069.80583,9069.88883
2026-07-13 02:45:00+02:00,7551.110795586138,6349.76604,2892.5659299100066,2584.798,10443.676725496145,8934.564040000001,8934.64304
2026-07-13 03:00:00+02:00,6923.798782140704,6282.01898,2727.060547249853,2655.425,9650.859329390558,8937.44398,8937.53698
2026-07-13 03:15:00+02:00,6870.903817693837,6234.21059,2692.3117511819337,2747.447,9563.21556887577,8981.657589999999,8981.747589999999
2026-07-13 03:30:00+02:00,6803.630661021928,6157.99814,2682.1480088441244,2792.11,9485.778669866053,8950.10814,8950.183140000001
2026-07-13 03:45:00+02:00,6743.655192768745,6045.70216,2670.892608106926,2738.414,9414.54780087567,8784.11616,8784.18816
2026-07-13 04:00:00+02:00,6114.125231843007,5934.7602,2234.8203580888244,2796.108,8348.94558993183,8730.8682,8730.9442
2026-07-13 04:15:00+02:00,6093.085944567369,5886.67933,2249.0852074950008,2822.241,8342.171152062368,8708.92033,8708.995330000002
2026-07-13 04:30:00+02:00,6098.758793642113,5797.48215,2259.1723909608,2860.705,8357.931184602912,8658.18715,8658.30615
2026-07-13 04:45:00+02:00,6122.697787454932,5730.31285,2253.676250849153,2839.492,8376.374038304086,8569.80485,8571.566850000001
2026-07-13 05:00:00+02:00,4539.0121990972175,5551.16645,2131.568542745628,2714.757,6670.580741842845,8265.92345,8285.18045
2026-07-13 05:15:00+02:00,4591.717819102345,5485.89395,2164.9794003417287,2589.857,6756.697219444073,8075.75095,8189.59395
2026-07-13 05:30:00+02:00,4575.225642296085,5468.05738,2178.7358942760034,2477.58,6753.961536572089,7945.63738,8374.06138
2026-07-13 05:45:00+02:00,4534.948594973401,5352.65624,2162.689580732716,2378.793,6697.638175706117,7731.44924,8830.21824
2026-07-13 06:00:00+02:00,3612.518429190662,5170.1432,1783.6502862083087,2258.827,5396.168715398971,7428.970200000001,9416.5272
2026-07-13 06:15:00+02:00,3525.7645400221477,4894.43087,1765.7524839347195,2193.775,5291.517023956867,7088.20587,10198.74887
2026-07-13 06:30:00+02:00,3459.0972282568537,4657.32167,1776.816542981604,2070.053,5235.913771238458,6727.37467,11203.26367
2026-07-13 06:45:00+02:00,3385.912419016336,4360.38749,1755.8307774716682,1931.558,5141.743196488004,6291.94549,12451.99849
2026-07-13 07:00:00+02:00,2992.455699984669,3987.01505,1224.5198510878934,1873.709,4216.975551072563,5860.72405,13989.37705
2026-07-13 07:15:00+02:00,2903.3436203549168,3631.56194,1222.2664326886238,1759.604,4125.610053043541,5391.16594,15820.80894
2026-07-13 07:30:00+02:00,2715.5712099894754,3142.95439,1213.8845714615898,1624.261,3929.4557814510654,4767.215389999999,17817.323389999998
2026-07-13 07:45:00+02:00,2623.6284402499396,2584.49947,1217.764600264486,1506.387,3841.3930405144256,4090.88647,20074.45547
2026-07-13 08:00:00+02:00,1653.1178367833422,2104.32736,1081.612606429197,1420.252,2734.7304432125393,3524.57936,22763.88836
2026-07-13 08:15:00+02:00,1598.1020337177342,1729.0644,1092.3326184860175,1290.195,2690.4346522037517,3019.2594,25606.7904
2026-07-13 08:30:00+02:00,1584.9511649302447,1445.66276,1099.9846549178765,1138.415,2684.9358198481214,2584.07776,28371.30076
2026-07-13 08:45:00+02:00,1612.1213033391778,1310.9605,1103.8760303116565,1005.661,2715.997333650834,2316.6214999999997,31157.0895
2026-07-13 09:00:00+02:00,1518.5162570543268,1266.05396,886.7406121707857,919.08,2405.2568692251125,2185.13396,33727.09596
2026-07-13 09:15:00+02:00,1550.0476531148408,1276.11847,891.9737257231918,840.378,2442.0213788380324,2116.49647,36200.40147
2026-07-13 09:30:00+02:00,1571.8310701133885,1311.83746,875.1623874099795,771.276,2446.993457523368,2083.11346,38940.22146
2026-07-13 09:45:00+02:00,1554.148434434417,1443.83092,855.2505373462589,717.485,2409.3989717806758,2161.31592,41696.38292
2026-07-13 10:00:00+02:00,1729.1587941532748,1589.80829,623.5286822547994,669.039,2352.687476408074,2258.8472899999997,44118.562289999994
2026-07-13 10:15:00+02:00,1726.3484691744786,1751.54967,646.7915755861513,668.765,2373.14004476063,2420.31467,46465.98867
2026-07-13 10:30:00+02:00,1717.7372692898393,1833.11245,669.9990386546004,682.34,2387.73630794444,2515.45245,48630.62545
2026-07-13 10:45:00+02:00,1733.832628692464,1906.71617,653.8820471354692,739.92,2387.714675827933,2646.63617,50564.55317
2026-07-13 11:00:00+02:00,2207.9508080567257,2045.02332,400.52265963491584,750.901,2608.4734676916414,2795.92432,52435.20932
2026-07-13 11:15:00+02:00,2206.1586471888477,2150.46427,405.0914307508431,751.894,2611.2500779396905,2902.3582699999997,54003.03427
2026-07-13 11:30:00+02:00,2242.155116463865,2306.56746,398.295678161736,710.658,2640.450794625601,3017.22546,55330.86446
2026-07-13 11:45:00+02:00,2258.0989614145633,2455.77739,400.44822454827477,632.217,2658.547185962838,3087.9943900000003,56463.58339
2026-07-13 12:00:00+02:00,2823.7967544803087,2702.44385,361.58146677871713,586.22,3185.378221259026,3288.66385,57570.03085
2026-07-13 12:15:00+02:00,2864.6425702653514,2921.872,371.70444327505174,539.571,3236.347013540403,3461.443,58219.251
2026-07-13 12:30:00+02:00,2893.217584844629,3092.80296,360.5730543688069,516.175,3253.790639213436,3608.97796,58591.106960000005
2026-07-13 12:45:00+02:00,2919.1359567376394,3167.72038,318.61482178748446,529.281,3237.7507785251237,3697.00138,58818.87638
2026-07-13 13:00:00+02:00,3104.48269575385,3283.55781,331.687301067009,560.537,3436.1699968208586,3844.09481,58855.231810000005
2026-07-13 13:15:00+02:00,3111.5066774224506,3305.45308,325.29348270163376,563.062,3436.8001601240844,3868.51508,58450.999079999994
2026-07-13 13:30:00+02:00,3107.9400685204537,3331.08274,358.46431901769125,653.793,3466.404387538145,3984.87574,57726.43974
2026-07-13 13:45:00+02:00,3134.747664079868,3401.08279,366.8635642558693,748.152,3501.6112283357375,4149.23479,57200.88979
2026-07-13 14:00:00+02:00,3328.491421024911,3293.94145,307.96548335215834,847.552,3636.456904377069,4141.49345,56193.09045
2026-07-13 14:15:00+02:00,3398.3273181825,3455.55546,303.17275836674276,922.878,3701.500076549243,4378.43346,55623.04646
2026-07-13 14:30:00+02:00,3434.035798255051,3772.3982,287.0265544039795,915.081,3721.0623526590302,4687.4792,54723.084200000005
2026-07-13 14:45:00+02:00,3419.0708124369166,4267.34628,277.12756710860793,905.068,3696.1983795455244,5172.41428,53892.400279999994
2026-07-13 15:00:00+02:00,4055.283151606442,4593.79042,528.3401163472419,931.865,4583.623267953684,5525.65542,52612.00142
2026-07-13 15:15:00+02:00,4143.4364917990115,4747.72517,575.6144512223148,882.958,4719.050943021326,5630.683169999999,50951.93117
2026-07-13 15:30:00+02:00,4266.55690945485,4889.54051,600.9856107488853,796.81,4867.542520203735,5686.35051,48954.62251
2026-07-13 15:45:00+02:00,4342.0000567729085,5195.52318,620.2412968159798,720.083,4962.241353588888,5915.60618,47041.70518
2026-07-13 16:00:00+02:00,4791.212939819514,5694.09933,792.3995008483815,729.258,5583.6124406678955,6423.35733,45441.18333
2026-07-13 16:15:00+02:00,4980.738327381177,6149.91516,796.186034434036,708.172,5776.924361815213,6858.087159999999,43547.77416
2026-07-13 16:30:00+02:00,5051.974294985173,6467.32891,833.0102478710608,687.433,5884.984542856234,7154.76191,41536.46891
2026-07-13 16:45:00+02:00,5208.926876413316,7054.93006,847.0937353695624,693.329,6056.020611782878,7748.259059999999,39926.17406
2026-07-13 17:00:00+02:00,5328.284321474072,7748.22542,1579.7982342715063,774.559,6908.082555745579,8522.78442,38501.32542
2026-07-13 17:15:00+02:00,5467.582032030351,8269.74754,1599.4821781978249,902.186,7067.064210228176,9171.93354,36612.45754
2026-07-13 17:30:00+02:00,5692.358914904761,8384.47681,1637.1224573144364,1063.856,7329.4813722191975,9448.33281,34373.291809999995
2026-07-13 17:45:00+02:00,5816.415914267994,8340.75211,1637.3781429539636,1267.368,7453.794057221958,9608.12011,32111.05911
2026-07-13 18:00:00+02:00,7866.087874059096,8378.13738,2317.4588167037023,1551.766,10183.546690762798,9929.90338,29824.42538
2026-07-13 18:15:00+02:00,7973.140975594071,8741.42049,2304.9047676434525,1703.874,10278.045743237524,10445.29449,27878.42349
2026-07-13 18:30:00+02:00,8036.895262417444,9189.01934,2314.912854265151,1719.956,10351.808116682596,10908.97534,25981.70634
2026-07-13 18:45:00+02:00,8024.24597131206,9399.09088,2307.792493845476,1772.09,10332.038465157537,11171.18088,23966.12888
2026-07-13 19:00:00+02:00,8767.94965437638,9837.54838,2967.5036550400964,1917.482,11735.453309416476,11755.03038,22530.64238
2026-07-13 19:15:00+02:00,8727.460567049953,9768.43201,2972.040257909114,2021.554,11699.500824959068,11789.98601,20587.69901
2026-07-13 19:30:00+02:00,8665.850474428364,9792.85101,2933.262051097677,2245.475,11599.112525526041,12038.32601,19017.140010000003
2026-07-13 19:45:00+02:00,8555.074552530219,9987.92207,2888.498831369871,2376.745,11443.57338390009,12364.66707,17737.34807
2026-07-13 20:00:00+02:00,11761.809617764475,10435.25682,3322.0187460101315,2489.199,15083.828363774606,12924.45582,16928.19782
2026-07-13 20:15:00+02:00,11637.56199950315,10483.20014,3302.224116158869,2415.742,14939.78611566202,12898.94214,15791.18214
2026-07-13 20:30:00+02:00,11487.64189306971,10790.48782,3282.335957138429,2447.06,14769.977850208139,13237.54782,15133.64482
2026-07-13 20:45:00+02:00,11345.690640356,11197.17715,3255.508953083807,2433.451,14601.199593439807,13630.62815,14684.82015
2026-07-13 21:00:00+02:00,14105.383054137257,12058.09102,3598.9990054070336,2450.346,17704.382059544292,14508.43702,14958.74702
2026-07-13 21:15:00+02:00,14185.180229525435,13060.1872,3593.3678080439686,2401.085,17778.548037569402,15461.2722,15606.2762
2026-07-13 21:30:00+02:00,14186.316297278998,13700.67748,3586.203321459177,2506.824,17772.519618738173,16207.50148,16236.97948
2026-07-13 21:45:00+02:00,14068.377366834207,13694.60916,3574.5366639548597,2549.894,17642.914030789067,16244.50316,16247.66016
2026-07-13 22:00:00+02:00,16138.846191106324,14050.50783,3743.176787080165,2538.059,19882.02297818649,16588.56683,16589.36383
2026-07-13 22:15:00+02:00,16199.816394389398,14705.42735,3751.963716952004,2593.217,19951.780111341403,17298.64435,17298.90235
2026-07-13 22:30:00+02:00,16218.534586236643,15126.76619,3752.0952882576216,2529.25,19970.629874494265,17656.016190000002,17656.22419
2026-07-13 22:45:00+02:00,16210.948680338812,15087.89124,3726.5297275103603,2365.585,19937.478407849172,17453.47624,17453.67524
2026-07-13 23:00:00+02:00,18962.851447652516,15238.12221,2922.1876730580793,2184.564,21885.039120710597,17422.68621,17422.87521
2026-07-13 23:15:00+02:00,18969.651542834305,15437.48866,2926.425655090915,1985.635,21896.07719792522,17423.12366,17423.291660000003
2026-07-13 23:30:00+02:00,18921.837588184804,15655.50298,2910.6225433693953,1862.072,21832.4601315542,17517.574979999998,17517.74198
2026-07-13 23:45:00+02:00,18853.831702541513,15679.60712,2908.9127235311566,1814.737,21762.74442607267,17494.34412,17494.50012
2026-07-14 00:00:00+02:00,16930.347682819574,15289.94865,2726.055319142488,1852.904,19656.403001962062,17142.85265,17142.99765
2026-07-14 00:15:00+02:00,16879.04734484756,15152.67502,2745.305469770511,1835.553,19624.352814618072,16988.228020000002,16988.355020000003
2026-07-14 00:30:00+02:00,16825.560721933376,15106.55102,2772.0710264110453,1697.734,19597.63174834442,16804.28502,16804.403019999998
2026-07-14 00:45:00+02:00,16800.780676603983,14713.00079,2800.781052937936,1612.509,19601.561729541918,16325.50979,16325.62779
2026-07-14 01:00:00+02:00,15901.805179076622,14164.77355,2517.118411103309,1597.827,18418.923590179933,15762.60055,15762.72255
2026-07-14 01:15:00+02:00,15864.783223896462,13752.17116,2507.1647560283927,1589.535,18371.947979924855,15341.70616,15341.81416
2026-07-14 01:30:00+02:00,15803.5122763113,13524.10077,2486.9657729862884,1605.623,18290.478049297588,15129.72377,15129.81477
2026-07-14 01:45:00+02:00,15738.09525804646,13131.98205,2489.683834308313,1591.197,18227.779092354773,14723.17905,14723.27305
2026-07-14 02:00:00+02:00,14987.541144731062,13269.60556,2040.7180173763475,1586.581,17028.25916210741,14856.18656,14856.26956
2026-07-14 02:15:00+02:00,14950.680716430454,13404.07283,2055.057994836033,1611.079,17005.738711266487,15015.15183,15015.24383
2026-07-14 02:30:00+02:00,14883.942882923917,13376.96917,2056.080448246245,1614.338,16940.023331170163,14991.30717,14991.39517
2026-07-14 02:45:00+02:00,14838.684685242328,13275.03848,2036.709132561273,1565.149,16875.3938178036,14840.18748,14840.265479999998
2026-07-14 03:00:00+02:00,13761.976012520372,13299.56487,1677.379674221413,1542.742,15439.355686741785,14842.30687,14842.37987
2026-07-14 03:15:00+02:00,13706.341307055194,12978.72412,1651.3036015706948,1516.392,15357.644908625889,14495.11612,14495.18512
2026-07-14 03:30:00+02:00,13633.882161586433,12634.73989,1645.141164307666,1521.801,15279.023325894099,14156.54089,14156.60889
2026-07-14 03:45:00+02:00,13569.590265985,12466.61735,1630.9690224908616,1594.572,15200.55928847586,14061.18935,14061.25435
2026-07-14 04:00:00+02:00,12149.866388792025,12482.1393,1546.0074203262868,1639.937,13695.873809118311,14122.0763,14122.1493
2026-07-14 04:15:00+02:00,12128.026397474463,12519.59338,1555.6378214689844,1695.777,13683.664218943448,14215.37038,14215.44638
2026-07-14 04:30:00+02:00,12127.814255392668,12439.72935,1566.3234463812537,1664.833,13694.137701773921,14104.56235,14104.67435
2026-07-14 04:45:00+02:00,12134.248314866949,12309.68572,1564.707732776257,1580.016,13698.956047643205,13889.70172,13891.760719999998
2026-07-14 05:00:00+02:00,11301.910052479112,12075.85509,1467.9434344014842,1607.073,12769.853486880596,13682.92809,13705.69109
2026-07-14 05:15:00+02:00,11349.283559549414,12026.1011,1497.9375521761915,1551.968,12847.221111725607,13578.0691,13705.4881
2026-07-14 05:30:00+02:00,11342.74611098733,12162.82531,1510.7487455431472,1575.0,12853.494856530477,13737.82531,14092.15431
2026-07-14 05:45:00+02:00,11308.12255820843,12253.06756,1494.4019967202516,1629.606,12802.524554928681,13882.67356,14884.26256
2026-07-14 06:00:00+02:00,9679.009901541174,12119.92959,1393.1911252339771,1600.303,11072.201026775152,13720.23259,15531.82259
2026-07-14 06:15:00+02:00,9604.706122081298,11607.54111,1370.1105976238296,1476.092,10974.816719705126,13083.63311,15792.44111
2026-07-14 06:30:00+02:00,9541.305774950972,11418.17696,1371.1670798187706,1368.098,10912.472854769741,12786.27496,16568.93796
2026-07-14 06:45:00+02:00,9462.02305392719,10704.51245,1344.691170873763,1320.486,10806.714224800953,12024.99845,17111.68945
2026-07-14 07:00:00+02:00,7658.215794033188,9824.69369,1079.376138684393,1367.652,8737.591932717582,11192.34569,17775.47369
2026-07-14 07:15:00+02:00,7562.608394798825,9244.42026,1069.1410601954701,1430.34,8631.749454994295,10674.76026,18889.91926
2026-07-14 07:30:00+02:00,7391.989596941349,8343.89843,1058.9462007631423,1383.129,8450.935797704491,9727.027429999998,19845.68543
2026-07-14 07:45:00+02:00,7273.144699123381,7487.19296,1054.475971433737,1334.629,8327.620670557117,8821.821960000001,20925.84296
2026-07-14 08:00:00+02:00,5225.830949509966,6788.60251,757.6348130266954,1310.683,5983.465762536661,8099.28551,22314.95051
2026-07-14 08:15:00+02:00,5141.28913658793,6237.51996,764.0815271158316,1243.45,5905.370663703762,7480.969959999999,23905.72396
2026-07-14 08:30:00+02:00,5066.039936607201,5630.23249,751.0229728255118,1210.56,5817.062909432712,6840.79249,25379.12149
2026-07-14 08:45:00+02:00,5067.39575110552,5286.11848,741.0616740854308,1126.774,5808.457425190951,6412.89248,27363.99448
2026-07-14 09:00:00+02:00,4661.319215776081,5123.63609,780.4837349462946,1105.227,5441.802950722376,6228.86309,29525.45909
2026-07-14 09:15:00+02:00,4665.283901681945,4910.70645,786.5354082357683,1078.826,5451.819309917713,5989.53245,31293.702449999997
2026-07-14 09:30:00+02:00,4691.736683180629,4681.58074,775.5948337415871,979.946,5467.331516922217,5661.52674,32835.28074
2026-07-14 09:45:00+02:00,4666.879833440036,4614.29482,749.7322658472616,888.791,5416.6120992872975,5503.08582,34918.28382
2026-07-14 10:00:00+02:00,4653.787299273984,4718.52249,730.1940970333026,808.368,5383.981396307287,5526.890490000001,37110.34649
2026-07-14 10:15:00+02:00,4668.876367080713,4863.11913,751.7847844408359,731.779,5420.661151521549,5594.89813,39446.06113
2026-07-14 10:30:00+02:00,4670.86727853591,5026.08656,776.535083009618,670.947,5447.402361545528,5697.03356,41519.17556
2026-07-14 10:45:00+02:00,4690.827256857334,5054.66854,780.3899339923943,651.854,5471.2171908497285,5706.52254,43220.19054
2026-07-14 11:00:00+02:00,4787.287777396995,5089.03286,772.7964287725052,629.673,5560.0842061695,5718.70586,44765.85186
2026-07-14 11:15:00+02:00,4793.390567804063,5134.34974,758.4924068033333,603.92,5551.882974607396,5738.26974,46210.53874
2026-07-14 11:30:00+02:00,4853.028735427653,5258.52857,768.1199567179054,528.036,5621.148692145559,5786.5645700000005,47813.81857
2026-07-14 11:45:00+02:00,4878.751480024646,5436.3486,770.3455815740317,478.58,5649.097061598678,5914.9286,49045.3096
2026-07-14 12:00:00+02:00,5227.748853589645,5560.6119,764.7854660444552,480.885,5992.5343196341,6041.4969,50350.4719
2026-07-14 12:15:00+02:00,5283.69053117729,5806.92151,771.3993144646005,516.02,6055.08984564189,6322.941510000001,51712.359509999995
2026-07-14 12:30:00+02:00,5340.655832091163,5943.53445,763.1862974948035,573.518,6103.842129585966,6517.05245,53027.78745
2026-07-14 12:45:00+02:00,5385.942215793681,5895.98788,721.3039127999818,654.641,6107.246128593662,6550.628879999999,53546.12388
2026-07-14 13:00:00+02:00,5645.3913804828935,6061.11574,830.5216203321409,724.373,6475.913000815034,6785.488740000001,54426.78874
2026-07-14 13:15:00+02:00,5669.0150514294955,6165.44206,826.1308123109786,773.52,6495.145863740474,6938.96206,55009.88406
2026-07-14 13:30:00+02:00,5668.945849115371,6186.29205,856.4042329615606,789.892,6525.350082076931,6976.18405,55214.46205
2026-07-14 13:45:00+02:00,5704.677382246345,6341.99876,859.0299171451243,840.823,6563.707299391469,7182.821760000001,54979.23276
2026-07-14 14:00:00+02:00,5886.607969535053,6667.70855,910.9359480371803,943.506,6797.543917572233,7611.214550000001,54784.11155
2026-07-14 14:15:00+02:00,5941.331157436646,6856.88383,902.1314974668891,1038.746,6843.462654903536,7895.62983,54045.723829999995
2026-07-14 14:30:00+02:00,5966.2103928683255,7094.96018,882.7318822529487,1167.551,6848.942275121274,8262.51118,54083.39518
2026-07-14 14:45:00+02:00,5957.371321249562,7473.75463,872.2141751467441,1231.253,6829.585496396307,8705.00763,53443.09863
2026-07-14 15:00:00+02:00,7071.796757007521,7551.88554,922.2111772404002,1327.432,7994.007934247921,8879.31754,52890.07854
2026-07-14 15:15:00+02:00,7156.757106438635,7771.20846,989.7151112824305,1438.566,8146.472217721065,9209.77446,51521.55546
2026-07-14 15:30:00+02:00,7258.303399564025,8243.78469,1013.4617513196555,1576.62,8271.76515088368,9820.40469,51014.09569
2026-07-14 15:45:00+02:00,7334.409719506288,8559.45449,1031.5980389793617,1658.997,8366.00775848565,10218.45149,50310.43449
2026-07-14 16:00:00+02:00,8388.356145167805,8913.24677,1263.2893915346006,1735.038,9651.645536702406,10648.28477,49425.79577
2026-07-14 16:15:00+02:00,8524.753137348,9130.56544,1262.2489465545798,1886.809,9787.00208390258,11017.37444,48185.52944
2026-07-14 16:30:00+02:00,8790.369220281074,9399.05035,1279.7653335321247,1906.419,10070.1345538132,11305.46935,46367.08035
2026-07-14 16:45:00+02:00,8869.902634688224,9700.63286,1289.2891117862214,1857.902,10159.191746474446,11558.53486,44164.70386
2026-07-14 17:00:00+02:00,10676.951517641186,10225.65226,1673.2196065298285,1838.538,12350.171124171015,12064.19026,42243.54526
2026-07-14 17:15:00+02:00,10799.815731211449,10792.54203,1688.7986567755788,1774.162,12488.614387987029,12566.70403,40275.58703
2026-07-14 17:30:00+02:00,10972.961250080853,10993.40339,1721.4171038113943,1733.769,12694.378353892247,12727.17239,37857.54539
2026-07-14 17:45:00+02:00,11091.570960150713,11157.00384,1715.9727031845882,1754.322,12807.543663335302,12911.32584,35345.68684
2026-07-14 18:00:00+02:00,11216.192268635365,11148.88098,2119.1094211373475,1737.055,13335.301689772712,12885.93598,32752.02698
2026-07-14 18:15:00+02:00,11324.165406965418,11207.40798,2106.3191555211415,1748.194,13430.48456248656,12955.60198,30231.40398
2026-07-14 18:30:00+02:00,11346.00808571291,11086.80854,2111.3149771691005,1791.417,13457.323062882011,12878.22554,27752.09254
2026-07-14 18:45:00+02:00,11310.560572764132,11216.30121,2102.346153921124,1746.726,13412.906726685256,12963.02721,25477.46021
2026-07-14 19:00:00+02:00,10426.506955734967,11061.37908,2179.7136701349423,1776.317,12606.22062586991,12837.696080000002,23373.13808
2026-07-14 19:15:00+02:00,10374.363693909518,10900.2552,2187.101702248196,1883.964,12561.465396157713,12784.2192,21458.5602
2026-07-14 19:30:00+02:00,10335.612782638105,10927.11335,2155.7721034131023,1950.031,12491.384886051208,12877.14435,19815.48435
2026-07-14 19:45:00+02:00,10241.786504291784,10959.03939,2121.2698389438046,1982.78,12363.056343235588,12941.81939,18280.83139
2026-07-14 20:00:00+02:00,7811.709016040397,10812.71994,2198.4185380587874,1950.708,10010.127554099185,12763.42794,16678.49794
2026-07-14 20:15:00+02:00,7716.819277077289,10432.69482,2180.2744877676855,1976.87,9897.093764844974,12409.56482,15164.33282
2026-07-14 20:30:00+02:00,7593.284187560615,9865.40289,2166.002022993611,2003.775,9759.286210554226,11869.17789,13683.92889
2026-07-14 20:45:00+02:00,7485.736981270889,9258.96479,2144.1324987601292,2083.004,9629.869480031019,11341.96879,12379.857789999998
2026-07-14 21:00:00+02:00,9805.939054465325,9323.40364,2078.7211774200046,2189.286,11884.66023188533,11512.68964,11988.99664
2026-07-14 21:15:00+02:00,9904.272214502103,9615.34876,2074.0463778206954,2153.38,11978.3185923228,11768.728760000002,11925.86776
2026-07-14 21:30:00+02:00,9940.628388737403,9663.26296,2067.0597128334684,2117.751,12007.688101570871,11781.01396,11816.83896
2026-07-14 21:45:00+02:00,9842.84311712447,9580.98862,2061.2597721596935,2097.27,11904.102889284164,11678.25862,11682.14162
2026-07-14 22:00:00+02:00,11672.928904520024,9602.56587,2006.4610195774917,2115.486,13679.389924097515,11718.05187,11719.21187
2026-07-14 22:15:00+02:00,11746.958639394546,9709.90793,2015.286484573498,2067.224,13762.245123968045,11777.13193,11777.37993
2026-07-14 22:30:00+02:00,11775.602842619126,9947.65354,2014.5518164557488,2034.214,13790.154659074875,11981.86754,11982.05854
2026-07-14 22:45:00+02:00,11784.748632193596,10036.18661,1996.796755101936,1991.838,13781.545387295531,12028.02461,12028.18761
2026-07-14 23:00:00+02:00,10250.032257823275,10182.3756,2121.0567123743763,1931.242,12371.088970197652,12113.6176,12113.7816
2026-07-14 23:15:00+02:00,10260.445769248134,10231.0925,2121.3145945277247,1809.031,12381.760363775858,12040.123500000002,12040.275500000002
2026-07-14 23:30:00+02:00,10230.98580117787,10254.47317,2106.380597474801,1702.386,12337.366398652672,11956.85917,11956.99417
2026-07-14 23:45:00+02:00,10167.728643051121,10429.86865,2102.7753230906787,1641.488,12270.5039661418,12071.35665,12071.49965
2026-07-15 00:00:00+02:00,8494.528806004651,10525.27298,1587.182737046299,1555.486,10081.711543050951,12080.75898,12080.89798
2026-07-15 00:15:00+02:00,8436.200336467089,10489.07062,1591.8496732572632,1520.144,10028.050009724353,12009.21462,12009.33462
2026-07-15 00:30:00+02:00,8380.182196426164,10393.93086,1608.3617729813345,1502.863,9988.543969407498,11896.79386,11896.90186
2026-07-15 00:45:00+02:00,8346.059965651293,10389.65792,1633.61655415632,1472.273,9979.676519807614,11861.93092,11862.02992
2026-07-15 01:00:00+02:00,8216.844415227673,10323.54327,1673.971186389915,1395.078,9890.815601617589,11718.62127,11718.71927
2026-07-15 01:15:00+02:00,8164.867518448903,10191.71236,1664.0134410205249,1315.984,9828.880959469428,11507.69636,11507.79436
2026-07-15 01:30:00+02:00,8103.190826690152,10027.55638,1645.3508396966565,1207.342,9748.541666386809,11234.89838,11235.00038
2026-07-15 01:45:00+02:00,8026.749413326394,9916.79379,1647.3271109814168,1164.351,9674.07652430781,11081.14479,11081.25079
2026-07-15 02:00:00+02:00,8138.134148389534,9845.00239,1303.389473903059,1220.157,9441.523622292592,11065.15939,11065.26139
2026-07-15 02:15:00+02:00,8109.3011620185225,9567.55211,1309.8607621680708,1306.767,9419.161924186594,10874.31911,10874.39711
2026-07-15 02:30:00+02:00,8035.892806993574,9194.07901,1307.082353689642,1348.412,9342.975160683216,10542.49101,10542.57401
2026-07-15 02:45:00+02:00,7988.588895287832,8944.72806,1288.821535265202,1254.003,9277.410430553035,10198.73106,10198.81706
2026-07-15 03:00:00+02:00,7575.325103046606,8734.78267,1179.5523296733782,1212.862,8754.877432719984,9947.64467,9947.72267
2026-07-15 03:15:00+02:00,7533.026198519762,8612.29759,1149.7453000930348,1279.71,8682.771498612798,9892.00759,9892.08359
2026-07-15 03:30:00+02:00,7458.41432757343,8407.30027,1141.8564196762188,1301.207,8600.270747249648,9708.50727,9708.58827
2026-07-15 03:45:00+02:00,7386.36157710291,8329.32509,1130.7850984122845,1324.23,8517.146675515194,9653.55509,9653.63009
2026-07-15 04:00:00+02:00,7411.0737342059465,8081.76381,931.3988322146397,1351.149,8342.472566420587,9432.91281,9432.98681
2026-07-15 04:15:00+02:00,7390.938399118223,7913.1838,950.1094019999441,1357.328,8341.047801118168,9270.5118,9270.5948
2026-07-15 04:30:00+02:00,7391.941686902701,7771.69309,957.3084130790576,1249.457,8349.250099981758,9021.15009,9021.289089999998
2026-07-15 04:45:00+02:00,7404.396789679468,7729.31181,956.7655241558818,1193.058,8361.16231383535,8922.36981,8923.98781
2026-07-15 05:00:00+02:00,7411.754557465736,7695.5464,771.7704560555716,1154.845,8183.525013521307,8850.3914,8863.6684
2026-07-15 05:15:00+02:00,7454.342174287931,8064.36753,798.937376632156,1156.15,8253.279550920088,9220.51753,9294.08053
2026-07-15 05:30:00+02:00,7448.471965539684,8337.02629,810.5380521968351,1089.761,8259.010017736518,9426.78729,9704.52729
2026-07-15 05:45:00+02:00,7418.618500017545,8310.95898,792.3494637926115,966.52,8210.967963810155,9277.47898,10214.25098
2026-07-15 06:00:00+02:00,7576.710281158156,7963.13018,605.619631928302,863.727,8182.329913086458,8826.85718,10627.00518
2026-07-15 06:15:00+02:00,7496.048601428252,7617.56699,580.57885817668,793.092,8076.6274596049325,8410.65899,11255.63499
2026-07-15 06:30:00+02:00,7437.8333310674925,7367.01498,582.4385315050662,735.279,8020.271862572558,8102.29398,12171.16598
2026-07-15 06:45:00+02:00,7338.113608342377,7070.93574,555.6548441883226,758.775,7893.7684525306995,7829.71074,13391.566739999998
2026-07-15 07:00:00+02:00,5666.442821454565,6585.56088,321.77951289646273,718.302,5988.222334351028,7303.86288,14652.22588
2026-07-15 07:15:00+02:00,5553.918842890474,5914.20327,307.9976984298388,697.983,5861.916541320313,6612.18627,15950.53627
2026-07-15 07:30:00+02:00,5370.604955777972,4980.38694,297.29693374530694,647.335,5667.901889523278,5627.72194,17201.01094
2026-07-15 07:45:00+02:00,5250.224922817555,4102.09773,291.3610016445015,530.313,5541.585924462057,4632.4107300000005,18676.81473
2026-07-15 08:00:00+02:00,3763.2346781450647,3468.84273,278.03628368794944,421.877,4041.270961833014,3890.71973,20579.31073
2026-07-15 08:15:00+02:00,3680.9019486057264,2982.74472,282.07875861690485,383.632,3962.9807072226313,3366.37672,22751.60472
2026-07-15 08:30:00+02:00,3562.614808324208,2565.71046,266.91540087551635,361.642,3829.530209199724,2927.3524599999996,25002.382459999997
2026-07-15 08:45:00+02:00,3559.8904051034374,2379.2631,258.38581230761434,303.905,3818.2762174110517,2683.1681,27415.8731
2026-07-15 09:00:00+02:00,2953.1231826145136,2358.75355,258.05519791354084,255.203,3211.1783805280543,2613.95655,30054.41555
2026-07-15 09:15:00+02:00,2947.962414997339,2459.82594,272.9004895911497,238.241,3220.8629045884886,2698.06694,32396.77194
2026-07-15 09:30:00+02:00,2975.7648708823867,2640.29957,261.2636210272878,221.636,3237.0284919096744,2861.93557,35018.69657
2026-07-15 09:45:00+02:00,2956.6297820886184,2991.58029,244.92325016353712,203.687,3201.5530322521554,3195.26729,37493.73029000001
2026-07-15 10:00:00+02:00,2972.890080985112,3382.84215,254.43284530445868,190.306,3227.3229262895707,3573.14815,40061.95315
2026-07-15 10:15:00+02:00,2983.2967161148404,3820.78026,275.41112768003984,192.993,3258.7078437948803,4013.77326,42801.74926
2026-07-15 10:30:00+02:00,2981.1372942494945,4192.25744,307.6804855223955,186.681,3288.81777977189,4378.93844,45069.09144
2026-07-15 10:45:00+02:00,3015.266674840555,4523.24385,319.3665464491757,185.498,3334.6332212897305,4708.741849999999,46854.70585
2026-07-15 11:00:00+02:00,3174.5949228788436,4879.52898,354.387440015268,226.362,3528.9823628941117,5105.89098,48711.199980000005
2026-07-15 11:15:00+02:00,3175.6963008509197,5263.71547,340.7782746885856,279.403,3516.474575539505,5543.11847,50259.42347
2026-07-15 11:30:00+02:00,3242.0391798717455,5387.78237,346.9523521134919,320.183,3588.9915319852375,5707.96537,51569.77837
2026-07-15 11:45:00+02:00,3265.4439638277954,5517.58416,350.20437191178877,350.143,3615.648335739584,5867.72716,52716.39616
2026-07-15 12:00:00+02:00,3823.592703138265,5572.04375,431.8433850628722,369.458,4255.436088201137,5941.501749999999,53336.852750000005
2026-07-15 12:15:00+02:00,3888.5284124680115,5543.41251,444.58451977146296,354.337,4333.1129322394745,5897.74951,54080.70551
2026-07-15 12:30:00+02:00,3969.7775392712824,5625.90831,437.2650498059815,402.643,4407.042589077264,6028.55131,54521.93331
2026-07-15 12:45:00+02:00,4042.793390250155,5697.91431,404.59895211406115,398.903,4447.392342364216,6096.81731,54980.70231
2026-07-15 13:00:00+02:00,4697.975237443921,5638.16634,523.7174759655364,412.075,5221.692713409458,6050.24134,54864.52434
2026-07-15 13:15:00+02:00,4745.4723581038115,5795.44096,532.110402113764,441.768,5277.582760217576,6237.20896,55188.87496
2026-07-15 13:30:00+02:00,4769.843156182012,5866.19261,566.2859092504359,525.408,5336.1290654324475,6391.60061,54723.79161
2026-07-15 13:45:00+02:00,4810.9902189234235,5981.66807,571.3851526236894,595.061,5382.375371547113,6576.729069999999,54429.21807
2026-07-15 14:00:00+02:00,5687.512620418395,6099.7652,762.1099445656387,671.937,6449.622564984034,6771.7022,53856.3102
2026-07-15 14:15:00+02:00,5738.286261200476,6189.04523,760.9731754876046,678.081,6499.25943668808,6867.12623,52884.926230000005
2026-07-15 14:30:00+02:00,5765.426837257294,6420.89068,739.5457828023103,819.458,6504.972620059604,7240.34868,52200.665680000006
2026-07-15 14:45:00+02:00,5785.325812909272,6621.87701,729.7749002656911,969.253,6515.100713174963,7591.13001,51347.14601
2026-07-15 15:00:00+02:00,6142.253151436398,6803.74582,937.1963744250961,1054.81,7079.449525861494,7858.55582,50476.80582
2026-07-15 15:15:00+02:00,6201.4511841142385,6962.51496,988.1597753153692,1162.211,7189.610959429608,8124.725960000001,49617.572960000005
2026-07-15 15:30:00+02:00,6325.119323121575,7059.7824,1009.936212502445,1246.536,7335.05553562402,8306.3184,48269.7224
2026-07-15 15:45:00+02:00,6404.596939902263,7208.05374,1017.7028960776111,1335.418,7422.299835979875,8543.47174,46637.56674
2026-07-15 16:00:00+02:00,5790.2437717201965,7377.86391,1236.036389485123,1404.267,7026.280161205319,8782.13091,45509.52391
2026-07-15 16:15:00+02:00,5908.398003355307,7553.28162,1232.1641069464574,1619.307,7140.562110301765,9172.58862,43891.35762
2026-07-15 16:30:00+02:00,5986.652250928257,7843.55309,1242.417959219753,1689.644,7229.070210148009,9533.19709,42159.26809
2026-07-15 16:45:00+02:00,6072.615804368076,8017.11121,1253.3063507776142,1738.948,7325.92215514569,9756.05921,40172.55421
2026-07-15 17:00:00+02:00,6357.267085428672,8264.18382,1354.7474603148164,1749.577,7712.014545743488,10013.76082,38338.46382
2026-07-15 17:15:00+02:00,6474.666536259272,8415.12427,1380.4154787787386,1837.225,7855.0820150380105,10252.34927,36586.18227
2026-07-15 17:30:00+02:00,6563.201770081925,8688.26152,1397.7532731505776,1908.98,7960.955043232503,10597.24152,34515.752519999995
2026-07-15 17:45:00+02:00,6680.34132051828,8645.1458,1405.3997535398125,1935.514,8085.741074058093,10580.6598,32065.330799999996
2026-07-15 18:00:00+02:00,6476.265438728129,8833.86608,1435.6994763629602,2115.412,7911.964915091089,10949.27808,30342.75508
2026-07-15 18:15:00+02:00,6526.656628658835,8838.74412,1429.631117547628,2289.246,7956.2877462064625,11127.99012,28202.270119999997
2026-07-15 18:30:00+02:00,6527.353495942672,8946.9868,1435.039022166434,2271.245,7962.392518109106,11218.2318,26018.8968
2026-07-15 18:45:00+02:00,6473.618433790038,8893.35376,1435.8411089514964,2325.975,7909.459542741534,11219.32876,23610.10776
2026-07-15 19:00:00+02:00,6292.68629046584,8769.65834,1846.8002566651921,2405.48,8139.486547131032,11175.13834,21424.08734
2026-07-15 19:15:00+02:00,6272.232862720781,8609.06892,1861.4457330483874,2485.02,8133.678595769168,11094.08892,19457.31492
2026-07-15 19:30:00+02:00,6266.486025390086,8411.55635,1848.661420989553,2535.495,8115.147446379639,10947.051350000002,17535.898350000003
2026-07-15 19:45:00+02:00,6192.489913804195,8052.89957,1818.6437979108023,2501.609,8011.133711714997,10554.50857,15573.99757
2026-07-15 20:00:00+02:00,5543.728397069652,7761.922,1645.5411503913215,2494.471,7189.269547460974,10256.393,13933.085
2026-07-15 20:15:00+02:00,5472.753505792784,7412.62197,1622.890041791649,2470.598,7095.643547584434,9883.21997,12475.84997
2026-07-15 20:30:00+02:00,5382.131703997069,7102.28512,1608.4808193317133,2496.033,6990.612523328782,9598.31812,11282.60612
2026-07-15 20:45:00+02:00,5306.291491897244,6914.70733,1588.2479413199244,2501.84,6894.539433217168,9416.54733,10359.46733
2026-07-15 21:00:00+02:00,6353.7870543336585,6990.31805,1239.1916323877645,2346.444,7592.9786867214225,9336.76205,9743.00105
2026-07-15 21:15:00+02:00,6481.835174621211,7490.62948,1226.8259183932491,2273.356,7708.66109301446,9763.98548,9887.60748
2026-07-15 21:30:00+02:00,6559.061742104626,7560.01588,1220.9015274654485,2174.826,7779.963269570075,9734.84188,9762.37188
2026-07-15 21:45:00+02:00,6492.048013015497,7585.58051,1220.673149075241,2045.164,7712.721162090738,9630.74451,9634.78651
2026-07-15 22:00:00+02:00,7684.321124919944,7934.61031,1159.0774247724196,1935.881,8843.398549692363,9870.49131,9871.37631
2026-07-15 22:15:00+02:00,7785.073605161437,8411.15796,1166.3294984364309,1930.104,8951.403103597868,10341.26196,10341.50896
2026-07-15 22:30:00+02:00,7835.96842732472,8621.69594,1163.4458636531185,1893.864,8999.414290977838,10515.55994,10515.760939999998
2026-07-15 22:45:00+02:00,7847.353580949417,8737.85862,1144.0406754134692,1796.308,8991.394256362886,10534.16662,10534.35262
2026-07-15 23:00:00+02:00,8749.983945941602,8740.4626,894.7876822198825,1732.023,9644.771628161485,10472.4856,10472.6666
2026-07-15 23:15:00+02:00,8768.182892171695,8640.90692,891.8263474161005,1672.34,9660.009239587796,10313.24692,10313.41192
2026-07-15 23:30:00+02:00,8756.831950009197,8619.08911,875.2331744968099,1577.668,9632.065124506007,10196.75711,10196.91611
2026-07-15 23:45:00+02:00,8705.088776236462,8509.60537,875.4997239006044,1388.882,9580.588500137066,9898.48737,9898.63437
2026-07-16 00:00:00+02:00,8764.40820514506,8224.93929,941.9370535347784,1281.609,9706.34525867984,9506.54829,9506.69829
2026-07-16 00:15:00+02:00,8711.759192678708,8061.14801,942.8132989772753,1271.301,9654.572491655983,9332.44901,9332.58101
2026-07-16 00:30:00+02:00,8662.116100048841,7877.48174,955.0396464979883,1246.368,9617.155746546829,9123.84974,9123.97274
2026-07-16 00:45:00+02:00,8630.269932810057,7655.74994,974.9281741926599,1199.71,9605.198107002718,8855.45994,8855.588940000001
2026-07-16 01:00:00+02:00,7119.11753412192,7425.82229,1069.0368959576688,1128.855,8188.154430079589,8554.67729,8554.80229
2026-07-16 01:15:00+02:00,7067.622174944746,6988.99884,1057.8973584439796,1032.173,8125.519533388726,8021.17184,8021.29484
2026-07-16 01:30:00+02:00,7010.058968217487,6659.77728,1035.702784099858,971.234,8045.761752317345,7631.011280000001,7631.12228
2026-07-16 01:45:00+02:00,6933.300338636715,6272.80701,1035.517608603858,920.276,7968.817947240574,7193.08301,7193.18801
2026-07-16 02:00:00+02:00,6376.8821236666045,5817.02942,771.675470622596,870.533,7148.5575942892,6687.56242,6687.66142
2026-07-16 02:15:00+02:00,6341.06694571479,5621.09228,780.3393169690255,838.745,7121.406262683815,6459.83728,6459.93928
2026-07-16 02:30:00+02:00,6263.026024685365,5339.51924,777.349601715008,786.401,7040.375626400373,6125.9202399999995,6126.016239999999
2026-07-16 02:45:00+02:00,6211.5636057853735,5005.05939,754.0716563801142,728.598,6965.635262165488,5733.65739,5733.75539
2026-07-16 03:00:00+02:00,5837.744986007559,4727.56223,632.6237456698478,764.598,6470.368731677408,5492.16023,5492.24923
2026-07-16 03:15:00+02:00,5794.366633082053,4563.26316,605.244181774576,797.861,6399.610814856629,5361.12416,5361.2101600000005
2026-07-16 03:30:00+02:00,5710.579581400977,4306.51363,596.2714119627627,809.204,6306.85099336374,5115.71763,5115.80163
2026-07-16 03:45:00+02:00,5631.301179949149,4140.38664,585.2296679069201,714.641,6216.530847856069,4855.027639999999,4855.112639999999
2026-07-16 04:00:00+02:00,5009.771627092866,3951.87068,599.0438633894319,658.435,5608.815490482298,4610.3056799999995,4610.384679999999
2026-07-16 04:15:00+02:00,4979.9014455441475,3936.59939,617.4324285094066,597.09,5597.333874053554,4533.68939,4533.764389999999
2026-07-16 04:30:00+02:00,4972.507844795072,3927.35641,621.3720616406716,517.201,5593.879906435744,4444.557409999999,4444.649409999999
2026-07-16 04:45:00+02:00,4977.81158067692,4026.30167,619.6479836363013,534.348,5597.459564313222,4560.64967,4561.64467
2026-07-16 05:00:00+02:00,4621.287028021242,3926.80862,639.4600945556589,554.146,5260.7471225769,4480.9546199999995,4493.34362
2026-07-16 05:15:00+02:00,4670.139108484061,3996.6631,667.151668185275,623.172,5337.290776669335,4619.8351,4697.1371
2026-07-16 05:30:00+02:00,4670.311926249599,4068.97514,675.8402598709806,649.402,5346.15218612058,4718.3771400000005,4983.60314
2026-07-16 05:45:00+02:00,4632.414658566117,4063.00943,653.3874289422309,633.109,5285.802087508348,4696.11843,5486.58143
2026-07-16 06:00:00+02:00,3725.231280505943,4004.79196,654.5616633056452,578.944,4379.792943811588,4583.73596,6181.01196
2026-07-16 06:15:00+02:00,3628.7998742731343,3919.71137,625.9099381263235,496.784,4254.709812399457,4416.49537,6994.68037
2026-07-16 06:30:00+02:00,3562.9278752826094,3910.75079,625.8052874643223,450.062,4188.733162746932,4360.81279,8162.488789999999
2026-07-16 06:45:00+02:00,3459.5233620824265,3753.9427,604.0117108189434,418.104,4063.53507290137,4172.0467,9442.2347
2026-07-16 07:00:00+02:00,2811.64726771843,3453.08183,437.09326528377403,409.139,3248.7405330022043,3862.22083,10814.67483
2026-07-16 07:15:00+02:00,2674.5881485902096,3135.89244,429.98858563129835,449.743,3104.576734221508,3585.63544,12445.02244
2026-07-16 07:30:00+02:00,2477.112023359474,2735.6058,417.3189772377686,505.792,2894.4310005972425,3241.3977999999997,14386.4278
2026-07-16 07:45:00+02:00,2331.8895950622646,2364.80177,414.6910474421352,587.178,2746.5806425043997,2951.97977,16668.70977
2026-07-16 08:00:00+02:00,2003.070342124911,2007.62197,500.0795389243215,668.389,2503.1498810492326,2676.01097,19056.87797
2026-07-16 08:15:00+02:00,1892.3638094183382,1645.59687,501.1960101280314,692.754,2393.5598195463695,2338.35087,21636.229870000003
2026-07-16 08:30:00+02:00,1829.1790884128457,1484.1807,486.79313742447664,639.811,2315.972225837322,2123.9917,24322.502699999997
2026-07-16 08:45:00+02:00,1804.86086833642,1253.92031,473.36262192451045,570.288,2278.2234902609307,1824.20831,27033.73231
2026-07-16 09:00:00+02:00,1385.0430269902217,1101.27305,414.5463108005261,535.502,1799.5893377907478,1636.77505,30012.63605
2026-07-16 09:15:00+02:00,1364.9155183742205,975.70268,427.98729987818575,519.834,1792.9028182524062,1495.53668,32872.30768
2026-07-16 09:30:00+02:00,1377.8228692727885,893.59914,417.3053442677869,499.848,1795.1282135405754,1393.44714,35366.35714
2026-07-16 09:45:00+02:00,1350.2256276163766,856.61707,399.8329516545567,517.408,1750.0585792709335,1374.02507,37933.99407
2026-07-16 10:00:00+02:00,1212.5937168800262,844.03718,331.6832067573009,482.149,1544.2769236373272,1326.18618,40155.26218
2026-07-16 10:15:00+02:00,1226.329271261382,857.95337,345.7935054152741,420.669,1572.122776676656,1278.62237,42160.63837
2026-07-16 10:30:00+02:00,1230.6065837965991,895.62753,373.95303221314214,393.612,1604.5596160097411,1289.23953,44088.98653
2026-07-16 10:45:00+02:00,1268.0835312561826,941.06486,387.29788730088023,360.326,1655.3814185570627,1301.39086,45794.09286
2026-07-16 11:00:00+02:00,999.1768892902985,981.09706,301.7372524321603,338.468,1300.9141417224587,1319.56506,47131.50406
2026-07-16 11:15:00+02:00,1000.3825422093188,1066.89793,286.71665432428404,321.231,1287.099196533603,1388.12893,48476.18093
2026-07-16 11:30:00+02:00,1081.023673624874,1105.43954,295.6749916940447,309.418,1376.6986653189188,1414.85754,49331.07754
2026-07-16 11:45:00+02:00,1116.8102523125492,1139.65859,302.19324773995857,274.979,1419.0035000525077,1414.63759,49948.066589999995
2026-07-16 12:00:00+02:00,1293.758049239218,1181.30085,313.44062992650197,214.356,1607.19867916572,1395.65685,49948.68285
2026-07-16 12:15:00+02:00,1370.5129562215477,1258.44228,327.83199453695966,166.86,1698.3449507585074,1425.30228,50225.12228
2026-07-16 12:30:00+02:00,1449.2186249615206,1308.00254,315.32027198050764,131.142,1764.5388969420283,1439.14454,50185.33454
2026-07-16 12:45:00+02:00,1519.2540603873613,1398.69664,281.8612424988738,94.762,1801.115302886235,1493.4586399999998,50093.872639999994
2026-07-16 13:00:00+02:00,1429.3894695988124,1465.74455,277.3723024296455,77.695,1706.761772028458,1543.4395499999998,50237.67055
2026-07-16 13:15:00+02:00,1495.4873477996798,1520.31909,287.3927844459716,72.749,1782.8801322456513,1593.06809,50036.81209
2026-07-16 13:30:00+02:00,1521.4374027090034,1629.45074,320.8438951115853,73.613,1842.2812978205889,1703.06374,49824.57274
2026-07-16 13:45:00+02:00,1570.1025479017069,1735.91677,338.3952986373642,81.745,1908.4978465390711,1817.66177,49523.03177
2026-07-16 14:00:00+02:00,1677.3964987580352,1724.94342,262.16004782249456,84.645,1939.5565465805298,1809.58842,49044.69742
2026-07-16 14:15:00+02:00,1724.2740730566743,1793.07806,265.732079701281,87.499,1990.0061527579553,1880.57706,48125.108060000006
2026-07-16 14:30:00+02:00,1754.247503948606,1748.18336,249.22008328085374,87.175,2003.4675872294597,1835.35836,46939.01536
2026-07-16 14:45:00+02:00,1796.3127904426299,1789.39806,246.28696429667806,77.738,2042.5997547393079,1867.13606,45885.83906
2026-07-16 15:00:00+02:00,1590.2924959666261,1953.7236,258.3197888991174,73.57,1848.6122848657435,2027.2936,44852.569599999995
2026-07-16 15:15:00+02:00,1655.837735491635,2159.90443,310.81703584045397,82.369,1966.6547713320888,2242.27343,43577.772430000005
2026-07-16 15:30:00+02:00,1789.4063490634046,2495.37247,340.168219635787,97.916,2129.574568699192,2593.28847,42462.45547
2026-07-16 15:45:00+02:00,1875.8001898390544,2525.07344,352.10447371799154,91.508,2227.9046635570458,2616.58144,40690.42344
2026-07-16 16:00:00+02:00,1760.9461244460817,2413.17505,321.0015557676605,76.29,2081.9476802137424,2489.46505,39081.77905
2026-07-16 16:15:00+02:00,1886.0678792840365,2473.31399,323.91166837373424,105.997,2209.9795476577706,2579.31099,37106.21299
2026-07-16 16:30:00+02:00,1941.9350781244884,2629.00652,332.05459332222466,138.417,2273.989671446713,2767.42352,34937.78252
2026-07-16 16:45:00+02:00,2028.451646499072,2674.82866,358.98184665176746,151.876,2387.4334931508392,2826.7046600000003,33066.02766
2026-07-16 17:00:00+02:00,2895.8665512911175,2598.92295,607.8023220246595,175.346,3503.668873315777,2774.26895,30864.76795
2026-07-16 17:15:00+02:00,3028.6332910545675,2757.76934,590.9553136008527,211.441,3619.58860465542,2969.2103399999996,28377.94234
2026-07-16 17:30:00+02:00,3140.6911656946254,2987.02746,617.0809277414999,250.836,3757.772093436125,3237.8634599999996,26151.73846
2026-07-16 17:45:00+02:00,3265.0157084807515,3029.52057,623.8360438443503,327.32,3888.851752325102,3356.8405700000003,23480.46357
2026-07-16 18:00:00+02:00,3257.5063927460947,3016.44689,634.8090118730064,342.977,3892.315404619101,3359.42389,21107.01889
2026-07-16 18:15:00+02:00,3319.685143057502,2986.23271,631.8954763339328,329.849,3951.580619391435,3316.0817100000004,18485.23371
2026-07-16 18:30:00+02:00,3333.428508512698,3134.33408,639.1505543041819,284.932,3972.5790628168797,3419.2660800000003,16291.45808
2026-07-16 18:45:00+02:00,3318.19373028969,2992.11945,641.7551884795822,235.934,3959.948918769272,3228.0534500000003,13930.26745
2026-07-16 19:00:00+02:00,3463.388634279582,3112.5008,684.7281029137905,221.731,4148.1167371933725,3334.2317999999996,12024.4098
2026-07-16 19:15:00+02:00,3452.1603544868385,3134.44528,693.4084006819062,205.419,4145.568755168744,3339.86428,10386.10128
2026-07-16 19:30:00+02:00,3468.461057661763,3189.68019,682.7259003094239,205.438,4151.1869579711865,3395.11819,8941.32119
2026-07-16 19:45:00+02:00,3441.302703040659,3460.02574,655.8063725271609,223.607,4097.10907556782,3683.63274,7816.51274
2026-07-16 20:00:00+02:00,4033.895344400285,3661.35768,664.4935050941621,276.685,4698.388849494447,3938.04268,7012.02968
2026-07-16 20:15:00+02:00,3974.250252829444,3679.5837,635.4518602753265,311.397,4609.70211310477,3990.9807,6115.6817
2026-07-16 20:30:00+02:00,3899.096864111407,3656.11313,622.0428524991354,344.791,4521.139716610543,4000.90413,5369.29913
2026-07-16 20:45:00+02:00,3828.6097894755712,3689.63488,610.874115800289,358.534,4439.48390527586,4048.16888,4803.01588
2026-07-16 21:00:00+02:00,4651.165881677174,4038.36094,605.2916303956337,374.526,5256.457512072808,4412.88694,4750.548940000001
2026-07-16 21:15:00+02:00,4803.061867703067,4484.98056,597.6490879193849,407.171,5400.710955622452,4892.15156,4995.1795600000005
2026-07-16 21:30:00+02:00,4896.153578630248,4656.27613,593.7900402512425,419.85,5489.943618881491,5076.126130000001,5095.198130000001
2026-07-16 21:45:00+02:00,4845.609955675816,4839.38725,595.865075861113,420.967,5441.475031536929,5260.354249999999,5263.62425
2026-07-16 22:00:00+02:00,6632.662087973521,5090.85797,510.6904213291519,454.533,7143.352509302673,5545.39097,5545.9139700000005
2026-07-16 22:15:00+02:00,6742.073644866446,5415.86942,517.546637055432,472.921,7259.620281921878,5888.79042,5889.04542
2026-07-16 22:30:00+02:00,6805.1511202348665,5806.58746,517.2673140967594,447.928,7322.418434331626,6254.51546,6254.715459999999
2026-07-16 22:45:00+02:00,6824.959181543224,6099.9017,498.532156321949,435.774,7323.491337865173,6535.675700000001,6535.864700000001
2026-07-16 23:00:00+02:00,6020.037827597194,6472.06706,463.077584163749,458.437,6483.115411760943,6930.50406,6930.69206
2026-07-16 23:15:00+02:00,6043.576510597838,6686.71271,454.7271610642536,464.576,6498.303671662092,7151.28871,7151.45471
2026-07-16 23:30:00+02:00,6036.635948725267,6785.93922,438.42119027073835,468.952,6475.057138996005,7254.89122,7255.035220000001
2026-07-16 23:45:00+02:00,6000.097991461473,6759.80752,439.4824003276132,525.611,6439.580391789086,7285.41852,7285.55952
2026-07-17 00:00:00+02:00,6083.119465187881,6542.37433,556.1025537053024,547.282,6639.222018893184,7089.65633,7089.78633
2026-07-17 00:15:00+02:00,6033.794393842936,6446.21966,558.5312450132199,540.594,6592.325638856156,6986.81366,6986.945659999999
2026-07-17 00:30:00+02:00,5991.419311684829,6363.38933,566.1198131743176,554.028,6557.539124859147,6917.41733,6917.54933
2026-07-17 00:45:00+02:00,5962.719630907615,6224.12331,581.1465525407948,620.675,6543.86618344841,6844.79831,6844.9073100000005
2026-07-17 01:00:00+02:00,5726.45364341045,6146.58689,528.0300984795242,702.904,6254.483741889974,6849.490889999999,6849.597889999999
2026-07-17 01:15:00+02:00,5675.890067081222,6188.64343,518.7850993073745,750.733,6194.675166388596,6939.37643,6939.485430000001
2026-07-17 01:30:00+02:00,5615.281042850285,6155.51625,499.0211116339255,783.102,6114.30215448421,6938.6182499999995,6938.72625
2026-07-17 01:45:00+02:00,5533.550926741258,6185.64333,497.7317090363582,811.532,6031.282635777617,6997.17533,6997.26933
2026-07-17 02:00:00+02:00,5333.700549998509,6089.04697,489.0370110041791,766.383,5822.737561002688,6855.42997,6855.52597
2026-07-17 02:15:00+02:00,5294.775980940542,6106.19443,498.88306998454266,754.63,5793.659050925085,6860.82443,6860.91443
2026-07-17 02:30:00+02:00,5211.035135039105,5897.79143,498.15084585533236,733.443,5709.185980894437,6631.23443,6631.32343
2026-07-17 02:45:00+02:00,5155.749734674875,5866.31338,475.6245858822696,773.892,5631.3743205571445,6640.205379999999,6640.28638
2026-07-17 03:00:00+02:00,4736.822822189764,5609.39586,489.73750431360753,891.763,5226.5603265033715,6501.15886,6501.24086
2026-07-17 03:15:00+02:00,4687.99649772127,5440.79884,466.1855471684562,1051.024,5154.182044889727,6491.822840000001,6491.900840000001
2026-07-17 03:30:00+02:00,4601.777901987385,5243.36582,459.7579845151536,1214.178,5061.535886502539,6457.54382,6457.60982
2026-07-17 03:45:00+02:00,4526.417468803591,5262.58639,448.2921211295637,1150.291,4974.709589933154,6412.877390000001,6412.936390000001
2026-07-17 04:00:00+02:00,4292.186558635784,5332.23045,445.7929768215382,1101.951,4737.9795354573225,6434.18145,6434.24245
2026-07-17 04:15:00+02:00,4264.137713202815,5229.296,465.3543228906164,1066.143,4729.492036093431,6295.439,6295.502
2026-07-17 04:30:00+02:00,4254.962574908487,5275.46538,470.3836279821438,1026.792,4725.346202890631,6302.257379999999,6302.356379999999
2026-07-17 04:45:00+02:00,4259.009056080059,5281.83257,473.75238497528153,1004.862,4732.761441055341,6286.69457,6289.33757
2026-07-17 05:00:00+02:00,4176.718996084497,5493.94735,425.54080937190355,941.776,4602.2598054564005,6435.72335,6453.31135
2026-07-17 05:15:00+02:00,4222.829955856764,5727.34412,456.71595349736447,889.184,4679.5459093541285,6616.52812,6706.64912
2026-07-17 05:30:00+02:00,4223.43760525724,5983.65939,468.46938834996627,741.46,4691.9069936072065,6725.11939,6979.92839
2026-07-17 05:45:00+02:00,4179.84499178655,6291.03875,448.30788086961957,632.965,4628.15287265617,6924.00375,7662.29075
2026-07-17 06:00:00+02:00,4783.142386312949,6425.69146,415.25521830716133,675.409,5198.3976046201105,7101.10046,8599.66046
2026-07-17 06:15:00+02:00,4690.1875548001035,6495.13032,388.3286879588542,682.137,5078.516242758958,7177.26732,9572.29732
2026-07-17 06:30:00+02:00,4628.529144298849,6438.52912,388.5362557679008,733.526,5017.06540006675,7172.05512,10628.64212
2026-07-17 06:45:00+02:00,4520.996743212865,6354.24684,362.6600457110553,675.888,4883.65678892392,7030.13484,11679.97284
2026-07-17 07:00:00+02:00,4256.570986829838,6127.94902,229.66393895556837,544.541,4486.234925785407,6672.49002,12744.11902
2026-07-17 07:15:00+02:00,4121.383262479438,5867.3748,224.68658821053887,491.456,4346.069850689976,6358.8308,13987.0038
2026-07-17 07:30:00+02:00,3894.003865798468,5280.51873,224.37568127624348,514.671,4118.379547074711,5795.18973,15048.69473
2026-07-17 07:45:00+02:00,3741.4452984908226,4669.95539,226.63954603880734,499.921,3968.0848445296297,5169.87639,16198.789390000002
2026-07-17 08:00:00+02:00,3140.9987731077194,4294.34614,348.9803119512858,454.199,3489.9790850590052,4748.545139999999,17657.48314
2026-07-17 08:15:00+02:00,3040.47692827352,3784.87522,348.25267821251515,418.727,3388.729606486035,4203.60222,18978.49122
2026-07-17 08:30:00+02:00,2956.015508210364,3214.403,343.16511857402804,383.744,3299.1806267843917,3598.147,20260.715
2026-07-17 08:45:00+02:00,2931.2728808371385,2826.75618,332.0106630752548,318.068,3263.2835439123933,3144.8241799999996,21986.14818
2026-07-17 09:00:00+02:00,2511.391122205433,2711.60633,394.9198989802719,236.42,2906.3110211857047,2948.02633,23859.36833
2026-07-17 09:15:00+02:00,2500.0095079649395,2623.15196,409.58187106462026,162.617,2909.59137902956,2785.7689600000003,25822.80696
2026-07-17 09:30:00+02:00,2520.34371148778,2529.58182,398.78902736581995,146.258,2919.1327388536,2675.8398199999997,27866.41182
2026-07-17 09:45:00+02:00,2505.0696757031337,2403.3298,381.5814790151923,120.304,2886.651154718326,2523.6338,30131.2228
2026-07-17 10:00:00+02:00,2355.7267717706454,2308.50707,434.5626389347169,125.098,2790.2894107053626,2433.60507,32517.45707
2026-07-17 10:15:00+02:00,2385.53297155414,2048.12414,447.6670612340313,126.257,2833.2000327881715,2174.38114,34715.05814
2026-07-17 10:30:00+02:00,2402.8100063203974,1846.42786,474.52962138381884,127.739,2877.339627704216,1974.16686,36740.55686
2026-07-17 10:45:00+02:00,2451.9821395300273,1743.0195,486.2740101420966,156.602,2938.2561496721237,1899.6215,38413.4925
2026-07-17 11:00:00+02:00,2687.4470338858887,1616.75216,644.5270822838246,179.377,3331.9741161697134,1796.12916,40139.32016
2026-07-17 11:15:00+02:00,2706.2464664331383,1494.25364,630.7042576701236,182.899,3336.950724103262,1677.1526399999998,41580.17064
2026-07-17 11:30:00+02:00,2794.680838627242,1366.65164,639.9857938168577,243.208,3434.6666324440994,1609.85964,42885.24564
2026-07-17 11:45:00+02:00,2837.108133116666,1286.92497,646.8074259526204,326.66,3483.9155590692862,1613.58497,44229.060970000006
2026-07-17 12:00:00+02:00,2819.0472165838487,1365.91019,804.4250771467217,384.681,3623.4722937305705,1750.59119,45286.74419
2026-07-17 12:15:00+02:00,2892.011525515436,1416.37418,816.5190998100584,402.183,3708.5306253254944,1818.55718,45976.105180000006
2026-07-17 12:30:00+02:00,2965.4022271962635,1545.40528,803.8203368628687,396.259,3769.2225640591323,1941.66428,46824.53328
2026-07-17 12:45:00+02:00,3030.0713328494007,1760.65116,771.3657532726556,422.384,3801.4370861220564,2183.03516,47492.82016
2026-07-17 13:00:00+02:00,3070.5687826609133,1951.48704,864.0088031062496,407.606,3934.577585767163,2359.0930399999997,47814.13904
2026-07-17 13:15:00+02:00,3130.853130594755,2186.00811,873.8274622790058,385.108,4004.680592873761,2571.1161100000004,47994.77111
2026-07-17 13:30:00+02:00,3148.5754998060956,2530.75224,907.3369977616694,384.206,4055.912497567765,2914.95824,48353.39224
2026-07-17 13:45:00+02:00,3193.1794801595574,2833.64019,925.7510618393338,359.973,4118.930541998891,3193.61319,48539.68618999999
2026-07-17 14:00:00+02:00,5008.370737201193,3198.62933,997.0642677350988,349.686,6005.435004936292,3548.3153300000004,48502.441329999994
2026-07-17 14:15:00+02:00,5046.883283705916,3512.66218,1001.1573905394662,330.814,6048.040674245382,3843.47618,48258.39318
2026-07-17 14:30:00+02:00,5091.4595005498795,3973.53989,988.7606859589424,358.785,6080.220186508822,4332.32489,47768.50289
2026-07-17 14:45:00+02:00,5138.377416009548,4379.55196,990.3880306626285,440.447,6128.765446672177,4819.99896,46529.984959999994
2026-07-17 15:00:00+02:00,8399.81221534747,5241.2645,1923.319153704354,559.097,10323.131369051825,5800.3615,46117.2205
2026-07-17 15:15:00+02:00,8467.94019273817,6075.53358,1961.5687795490048,663.747,10429.508972287174,6739.280580000001,45210.99058
2026-07-17 15:30:00+02:00,8532.54985165169,6803.75161,1996.244227393857,767.157,10528.794079045547,7570.90861,44060.28261
2026-07-17 15:45:00+02:00,8621.939078225216,7627.40258,2006.1420667196926,822.049,10628.081144944908,8449.45158,42777.76158
2026-07-17 16:00:00+02:00,10683.047748711197,7885.65233,3072.4264295109137,871.696,13755.47417822211,8757.34833,40677.26833
2026-07-17 16:15:00+02:00,10816.497660629411,8065.80499,3079.8438664893256,899.704,13896.341527118737,8965.50899,38864.65099
2026-07-17 16:30:00+02:00,11112.696177609803,7988.72843,3091.0808567833465,827.94,14203.77703439315,8816.66843,36850.82643
2026-07-17 16:45:00+02:00,11208.602908950903,8386.72849,3111.7860987801564,852.871,14320.389007731059,9239.59949,35094.16949
2026-07-17 17:00:00+02:00,13983.286042172738,9075.80153,3710.7072572101347,924.923,17693.993299382873,10000.72453,34128.57753
2026-07-17 17:15:00+02:00,14117.213490505814,9543.53256,3692.7878396005153,950.625,17810.00133010633,10494.15756,32760.22356
2026-07-17 17:30:00+02:00,14305.822115669645,10413.60085,3713.0532601001796,998.922,18018.875375769825,11412.52285,31562.21685
2026-07-17 17:45:00+02:00,14423.749581126822,11099.33978,3721.3728281305475,1014.052,18145.12240925737,12113.39178,30038.05378
2026-07-17 18:00:00+02:00,13848.023883294587,11519.81744,3897.173788559723,1022.339,17745.19767185431,12542.15644,28324.41444
2026-07-17 18:15:00+02:00,13905.367264449796,11507.74494,3897.1759828015574,1116.596,17802.543247251353,12624.34094,26486.647940000003
2026-07-17 18:30:00+02:00,13924.478976213695,11342.96072,3907.0532494394665,1308.424,17831.53222565316,12651.384719999998,24658.10572
2026-07-17 18:45:00+02:00,13918.303914441554,11328.73655,3911.9463425692798,1543.517,17830.250257010834,12872.25355,23153.63855
2026-07-17 19:00:00+02:00,13569.106522992332,10975.25769,3733.4054590730693,1889.122,17302.5119820654,12864.37969,21321.42869
2026-07-17 19:15:00+02:00,13556.502578744437,10606.79102,3743.452690147733,2065.567,17299.95526889217,12672.35802,19463.15402
2026-07-17 19:30:00+02:00,13569.82837382177,10147.47729,3734.6824980266197,2150.9,17304.51087184839,12298.37729,17678.98329
2026-07-17 19:45:00+02:00,13525.123193797024,9930.31701,3707.6092870325115,2287.098,17232.732480829534,12217.41501,16411.636010000002
2026-07-17 20:00:00+02:00,12657.448820906502,9760.44081,3213.691273384891,2271.746,15871.140094291393,12032.18681,15206.29581
2026-07-17 20:15:00+02:00,12583.753488734874,9740.42691,3184.658919606496,2386.355,15768.41240834137,12126.78191,14397.46191
2026-07-17 20:30:00+02:00,12500.118242046816,9559.07468,3173.478987435804,2539.744,15673.59722948262,12098.81868,13567.59868
2026-07-17 20:45:00+02:00,12422.528527881139,9329.00728,3163.5198832751494,2761.747,15586.048411156287,12090.75428,12914.09028
2026-07-17 21:00:00+02:00,10396.960279899115,9353.9406,3336.8285926395065,2866.352,13733.788872538622,12220.2926,12590.5966
2026-07-17 21:15:00+02:00,10555.931569151055,9693.36786,3328.692793387626,2880.356,13884.624362538681,12573.72386,12698.86286
2026-07-17 21:30:00+02:00,10647.137750625043,9455.99026,3323.5969347350238,3033.978,13970.734685360067,12489.96826,12514.120260000002
2026-07-17 21:45:00+02:00,10604.036973528036,9072.23435,3323.4189687283565,3080.824,13927.455942256393,12153.05835,12156.25235
2026-07-17 22:00:00+02:00,10266.786521762138,8831.96301,3360.128890979579,3139.959,13626.915412741717,11971.922009999998,11972.820009999998
2026-07-17 22:15:00+02:00,10386.649604487398,8974.54295,3366.2638817123916,3235.882,13752.91348619979,12210.42495,12210.637949999998
2026-07-17 22:30:00+02:00,10457.284271146513,9042.19316,3366.090802667574,3553.993,13823.375073814086,12596.18616,12596.37516
2026-07-17 22:45:00+02:00,10484.475447924367,9213.56849,3347.7664078236644,3917.368,13832.241855748032,13130.93649,13131.11249
2026-07-17 23:00:00+02:00,10937.32079751302,9366.38917,2826.2973823583075,4001.11,13763.618179871328,13367.49917,13367.672170000002
2026-07-17 23:15:00+02:00,10958.711398015244,9972.85131,2816.603299710172,4121.864,13775.314697725416,14094.71531,14094.87531
2026-07-17 23:30:00+02:00,10955.211528663684,10225.29077,2798.743008524865,4111.094,13753.954537188549,14336.38477,14336.52777
2026-07-17 23:45:00+02:00,10922.80075176588,10387.395,2794.725026636939,4131.239,13717.52577840282,14518.634,14518.768
2026-07-18 00:00:00+02:00,11942.423954155369,10400.71078,2871.379285652095,4235.87,14813.803239807465,14636.58078,14636.75378
2026-07-18 00:15:00+02:00,11901.327651669504,10503.73223,2875.4244249126627,4275.558,14776.752076582166,14779.29023,14779.44423
2026-07-18 00:30:00+02:00,11866.42504736159,10494.10398,2884.3140230020226,4368.54,14750.739070363612,14862.64398,14862.78998
2026-07-18 00:45:00+02:00,11841.575451048018,10586.79813,2901.903452533888,4389.599,14743.478903581907,14976.39713,14976.52313
2026-07-18 01:00:00+02:00,13291.942540087057,10630.33376,2729.7524228534658,4515.404,16021.694962940523,15145.73776,15145.86576
2026-07-18 01:15:00+02:00,13248.780000590692,10745.09401,2722.7668842342514,4598.553,15971.546884824944,15343.64701,15343.75801
2026-07-18 01:30:00+02:00,13194.162182403448,11103.00058,2704.9879672378474,4659.394,15899.150149641297,15762.39458,15762.49958
2026-07-18 01:45:00+02:00,13121.359016598068,11459.45923,2704.3829590245023,4694.251,15825.74197562257,16153.71023,16153.81723
2026-07-18 02:00:00+02:00,14189.440770933496,11589.43538,3291.4858311186804,4626.394,17480.926602052175,16215.82938,16215.92438
2026-07-18 02:15:00+02:00,14157.706981881354,11836.88796,3301.9140907491537,4489.181,17459.621072630507,16326.06896,16326.16296
2026-07-18 02:30:00+02:00,14074.562764218697,12030.39994,3301.9045464748447,4723.22,17376.46731069354,16753.61994,16753.70294
2026-07-18 02:45:00+02:00,14022.979738580825,12154.65351,3280.6751577189234,4911.837,17303.654896299748,17066.49051,17066.57751
2026-07-18 03:00:00+02:00,13927.440599573989,12323.60992,3655.8309491737455,5073.404,17583.271548747733,17397.01392,17397.090920000002
2026-07-18 03:15:00+02:00,13876.979457664982,12543.09062,3636.4708014092507,5364.219,17513.450259074234,17907.30962,17907.38562
2026-07-18 03:30:00+02:00,13791.374774786176,12608.97872,3633.7262637422714,5486.831,17425.101038528446,18095.809719999997,18095.88472
2026-07-18 03:45:00+02:00,13723.50346013887,12659.4634,3619.516894222029,5600.956,17343.0203543609,18260.4194,18260.4944
2026-07-18 04:00:00+02:00,15214.311260405068,12633.81667,4672.616768598463,5783.503,19886.92802900353,18417.31967,18417.39667
2026-07-18 04:15:00+02:00,15188.2505823252,12754.01641,4691.329852457954,6075.927,19879.580434783154,18829.94341,18830.01841
2026-07-18 04:30:00+02:00,15183.528641674076,12981.1535,4695.374781468313,6215.098,19878.90342314239,19196.2515,19196.3275
2026-07-18 04:45:00+02:00,15190.085870986333,13002.85798,4696.883143222316,6518.587,19886.969014208647,19521.44498,19521.72898
2026-07-18 05:00:00+02:00,14524.941184673784,13029.61715,5109.265750073894,6779.285,19634.20693474768,19808.90215,19812.93115
2026-07-18 05:15:00+02:00,14577.757604311717,13181.3692,5136.996572717128,6985.205,19714.754177028844,20166.5742,20207.8142
2026-07-18 05:30:00+02:00,14586.304568364232,13546.14498,5142.348614016829,7089.635,19728.653182381062,20635.77998,20803.93398
2026-07-18 05:45:00+02:00,14554.00140177271,13454.78484,5116.424167861058,7090.424,19670.425569633768,20545.20884,21096.63284
2026-07-18 06:00:00+02:00,14034.697158148441,13386.26517,5264.874635718088,6738.971,19299.57179386653,20125.23617,21368.50817
2026-07-18 06:15:00+02:00,13945.150467142435,13039.31537,5238.369562856878,6658.078,19183.520029999312,19697.39337,21811.51937
2026-07-18 06:30:00+02:00,13881.587686249459,12764.32652,5237.862740785808,6416.947,19119.450427035266,19181.27352,22378.46852
2026-07-18 06:45:00+02:00,13771.852145394017,12360.94232,5213.090428897794,6258.121,18984.94257429181,18619.06332,23126.56632
2026-07-18 07:00:00+02:00,13451.993666230894,12299.78615,4415.4579180230085,6440.8,17867.451584253904,18740.58615,24855.43515
2026-07-18 07:15:00+02:00,13310.715875564805,12198.68473,4406.606099925833,6526.896,17717.32197549064,18725.58073,26609.92873
2026-07-18 07:30:00+02:00,12991.204811260566,11860.68709,4396.845129160312,6440.462,17388.04994042088,18301.14909,28151.09909
2026-07-18 07:45:00+02:00,12826.364969314956,12005.79913,4396.452326669063,6076.359,17222.81729598402,18082.15813,30031.41713
2026-07-18 08:00:00+02:00,14015.499879371237,12213.6617,3769.0637119416615,6132.77,17784.563591312897,18346.4317,32583.9027
2026-07-18 08:15:00+02:00,13891.568502546916,12682.87634,3765.1830469081397,6065.746,17656.751549455053,18748.62234,35314.225340000005
2026-07-18 08:30:00+02:00,13777.922064115599,13108.74543,3761.522072585609,6124.11,17539.444136701208,19232.85543,38234.73643
2026-07-18 08:45:00+02:00,13747.884821700976,13312.65614,3747.4661719284913,5760.597,17495.35099362947,19073.25314,40401.60114
2026-07-18 09:00:00+02:00,14723.773182079449,13796.98235,3293.4853994785367,5104.418,18017.258581557984,18901.40035,42418.53835
2026-07-18 09:15:00+02:00,14708.425583464883,14144.3113,3332.2282126919463,4787.69,18040.65379615683,18932.0013,44777.6953
2026-07-18 09:30:00+02:00,14723.459078050997,14582.34212,3321.9206451665696,4845.793,18045.379723217568,19428.13512,47049.17712
2026-07-18 09:45:00+02:00,14705.46357886298,15179.39657,3304.4334327393713,5078.987,18009.897011602352,20258.38357,49845.98657
2026-07-18 10:00:00+02:00,14798.963270733308,15611.04369,3181.4063554113873,5577.019,17980.369626144697,21188.06269,52822.88969
2026-07-18 10:15:00+02:00,14823.893690246685,15984.32107,3191.1839844925,5670.34,18015.077674739186,21654.66107,55241.72607
2026-07-18 10:30:00+02:00,14839.403908486287,16390.58684,3212.6622018008384,5637.357,18052.066110287124,22027.94384,57605.92384
2026-07-18 10:45:00+02:00,14886.897542016648,16840.13817,3220.6177592279714,5699.903,18107.51530124462,22540.041169999997,59593.158169999995
2026-07-18 11:00:00+02:00,15010.279078259466,16603.41475,3263.144251859868,5021.402,18273.423330119334,21624.81675,59138.35075
2026-07-18 11:15:00+02:00,15028.20255778859,16016.26452,3248.578168458868,5089.302,18276.78072624746,21105.56652,59235.22852
2026-07-18 11:30:00+02:00,15108.149083707101,15582.34616,3253.4419212495595,5085.074,18361.59100495666,20667.42016,58811.704159999994
2026-07-18 11:45:00+02:00,15146.96177245288,15844.11436,3253.734928138161,5100.699,18400.69670059104,20944.81336,59761.70036
2026-07-18 12:00:00+02:00,16335.247095478984,16196.21368,3154.8329071505614,4794.098,19490.080002629547,20990.31168,60461.69168
2026-07-18 12:15:00+02:00,16400.79693090664,16510.2889,3158.2337137959353,4739.037,19559.030644702576,21249.3259,61205.4629
2026-07-18 12:30:00+02:00,16460.92828488834,16463.15726,3140.3901839934592,4540.966,19601.3184688818,21004.12326,61070.01526
2026-07-18 12:45:00+02:00,16518.19339745876,16763.80049,3105.3070307432636,4486.575,19623.500428202024,21250.37549,61445.08049000001
2026-07-18 13:00:00+02:00,17984.086620680544,15794.56349,3016.935819793993,4609.905,21001.02244047454,20404.46849,60751.74749
2026-07-18 13:15:00+02:00,18035.28140311608,15394.09476,3023.543107866985,4818.388,21058.824510983068,20212.48276,60261.01176
2026-07-18 13:30:00+02:00,18055.546499586853,15362.1955,3051.431211288012,4909.63,21106.977710874864,20271.8255,60282.8035
2026-07-18 13:45:00+02:00,18099.997898232003,15098.05316,3057.803853277511,4837.018,21157.801751509513,19935.07116,59604.90616
2026-07-18 14:00:00+02:00,19231.763011373303,14765.70091,3034.749739498781,4773.05,22266.512750872083,19538.75091,58913.54591
2026-07-18 14:15:00+02:00,19267.25715400147,14698.81058,3036.597612684438,4887.341,22303.85476668591,19586.15158,58439.08558
2026-07-18 14:30:00+02:00,19309.48747434224,15335.70868,3034.818124210002,5124.493,22344.305598552244,20460.20168,58324.60868
2026-07-18 14:45:00+02:00,19354.475133608623,15457.22655,3036.1920378450354,5200.356,22390.667171453657,20657.58255,57510.09555
2026-07-18 15:00:00+02:00,20407.815750948816,15753.96128,3277.6369465921553,5112.331,23685.45269754097,20866.29228,56401.59128
2026-07-18 15:15:00+02:00,20476.316091502285,15864.5999,3297.2352892547265,4927.409,23773.551380757013,20792.0089,55153.4979
2026-07-18 15:30:00+02:00,20660.167300312616,15755.06761,3319.346507085436,4734.628,23979.513807398052,20489.69561,53662.60861
2026-07-18 15:45:00+02:00,20746.163613314642,15980.25668,3322.2927478647684,4863.284,24068.45636117941,20843.54068,52426.54068
2026-07-18 16:00:00+02:00,20606.8717801309,16429.5025,3430.3702685038274,5175.462,24037.242048634726,21604.9645,51937.5885
2026-07-18 16:15:00+02:00,20993.28623760776,17152.06794,3430.844768772395,4814.337,24424.131006380157,21966.40494,51113.13394
2026-07-18 16:30:00+02:00,21754.32238927053,17134.69665,3435.700588187095,4955.347,25190.022977457622,22090.04365,50068.65165
2026-07-18 16:45:00+02:00,21849.685824671997,17411.50262,3456.1610000774845,5285.674,25305.846824749482,22697.17662,49516.59062
2026-07-18 17:00:00+02:00,21883.95960550544,17820.66518,3306.4446528369263,6747.284,25190.404258342365,24567.94918,50118.11418
2026-07-18 17:15:00+02:00,22127.962682635145,18632.08928,3285.7294757246555,7252.669,25413.6921583598,25884.75828,49712.38828
2026-07-18 17:30:00+02:00,22678.56819645169,19349.73136,3318.007921925145,7490.629,25996.576118376837,26840.36036,49407.42336
2026-07-18 17:45:00+02:00,22792.08751399635,20031.28184,3331.4002128744246,7381.081,26123.487726870775,27412.36284,48067.38884
2026-07-18 18:00:00+02:00,23500.31988738513,20461.27397,3416.2642410036433,7162.37,26916.58412838877,27623.643969999997,45841.65397
2026-07-18 18:15:00+02:00,23563.52227799018,20324.49144,3414.588957001905,7076.241,26978.111234992088,27400.73244,43336.26444
2026-07-18 18:30:00+02:00,23591.08247075163,19703.96212,3414.9712248229284,7066.218,27006.05369557456,26770.18012,40689.03212
2026-07-18 18:45:00+02:00,23591.636077624506,19262.076,3417.1036426367223,6934.006,27008.739720261226,26196.082,38098.102
2026-07-18 19:00:00+02:00,22367.3168865881,18842.81764,4372.566011146789,7241.595,26739.88289773489,26084.41264,36109.449640000006
2026-07-18 19:15:00+02:00,22357.471580563513,18405.1443,4385.805502912714,7203.639,26743.277083476227,25608.7833,33838.948300000004
2026-07-18 19:30:00+02:00,22370.317746390163,17699.52382,4395.624758514447,7262.627,26765.94250490461,24962.15082,31420.86582
2026-07-18 19:45:00+02:00,22344.126400352212,16856.37589,4376.696787721491,7091.363,26720.823188073704,23947.73889,28762.93189
2026-07-18 20:00:00+02:00,21763.077294473907,15940.18364,4747.759719963145,7379.663,26510.837014437053,23319.84664,26801.66164
2026-07-18 20:15:00+02:00,21646.87232142948,15140.31375,4726.686990470198,7274.672,26373.559311899677,22414.98575,24763.27175
2026-07-18 20:30:00+02:00,21561.51078799865,13925.91804,4722.609100291654,7087.181,26284.119888290305,21013.09904,22419.72104
2026-07-18 20:45:00+02:00,21486.89994566398,12946.6917,4723.692672602264,7150.01,26210.592618266244,20096.7017,20802.573699999997
2026-07-18 21:00:00+02:00,18780.0804676839,12477.3495,4783.385271568619,7273.667,23563.46573925252,19751.0165,20020.9095
2026-07-18 21:15:00+02:00,18951.44221690063,12328.39291,4781.438270271166,7252.609,23732.880487171795,19581.00191,19683.19591
2026-07-18 21:30:00+02:00,19044.31511377971,11343.34451,4782.078261896726,7247.783,23826.393375676438,18591.12751,18618.009510000004
2026-07-18 21:45:00+02:00,19010.679834049617,10691.51719,4784.478387017173,7141.249,23795.15822106679,17832.766190000002,17837.37019
2026-07-18 22:00:00+02:00,16917.863282056576,9897.11914,4931.110388036431,7726.129,21848.973670093008,17623.24814,17623.70114
2026-07-18 22:15:00+02:00,17045.53899355996,9649.73586,4947.43438646464,7555.255,21992.9733800246,17204.99086,17205.30886
2026-07-18 22:30:00+02:00,17127.8694259258,9055.39491,4954.850088491258,7484.056,22082.71951441706,16539.45091,16539.72991
2026-07-18 22:45:00+02:00,17166.62628934331,8832.08521,4944.671739565518,7887.342,22111.298028908826,16719.427209999998,16719.66121
2026-07-18 23:00:00+02:00,14921.993338601951,8763.9766,5224.029023191517,7454.363,20146.022361793468,16218.3396,16218.5596
2026-07-18 23:15:00+02:00,14943.94450869252,8682.54431,5216.056086892522,7866.802,20160.000595585043,16549.34631,16549.52731
2026-07-18 23:30:00+02:00,14939.787140783508,8638.94726,5198.753450825808,7810.109,20138.540591609315,16449.05626,16449.23226
2026-07-18 23:45:00+02:00,14910.123398271744,8686.92492,5197.353695118574,7711.024,20107.47709339032,16397.94892,16398.09892
2026-07-19 00:00:00+02:00,12022.84153718547,8922.7743,5411.160173328892,7547.675,17434.001710514363,16470.4493,16470.5833
2026-07-19 00:15:00+02:00,11989.098951283782,9002.44584,5421.560104902698,7405.554,17410.65905618648,16407.99984,16408.13784
2026-07-19 00:30:00+02:00,11955.720236205034,9149.7866,5432.558653346273,7302.921,17388.278889551308,16452.7076,16452.837600000003
2026-07-19 00:45:00+02:00,11934.16445569231,9097.09373,5449.86418012537,7209.617,17384.028635817678,16306.71073,16306.83173
2026-07-19 01:00:00+02:00,12280.59754709622,9047.70546,4859.685244853846,7150.39,17140.282791950067,16198.09546,16198.21246
2026-07-19 01:15:00+02:00,12240.157872078695,9161.63948,4855.324945981565,7183.191,17095.48281806026,16344.83048,16344.95048
2026-07-19 01:30:00+02:00,12197.231865976855,9198.59403,4842.005298890387,7015.625,17039.23716486724,16214.21903,16214.31703
2026-07-19 01:45:00+02:00,12137.56631029851,9289.89697,4842.630099324648,6802.72,16980.19640962316,16092.61697,16092.719969999998
2026-07-19 02:00:00+02:00,12247.74300659939,9338.56787,4749.44333283709,6929.947,16997.18633943648,16268.51487,16268.61487
2026-07-19 02:15:00+02:00,12221.625912840183,9457.88189,4757.304943722161,7036.873,16978.930856562343,16494.75489,16494.85189
2026-07-19 02:30:00+02:00,12144.662684566456,9422.30908,4763.50818593618,6865.32,16908.170870502636,16287.62908,16287.72308
2026-07-19 02:45:00+02:00,12096.746333372457,9582.30172,4743.8881811089805,6634.664,16840.634514481437,16216.96572,16217.05472
2026-07-19 03:00:00+02:00,12319.797733182739,9823.74896,4952.195113549076,6574.578,17271.992846731817,16398.326960000002,16398.40996
2026-07-19 03:15:00+02:00,12276.376658927267,9858.29999,4938.677418497996,6689.266,17215.054077425262,16547.56599,16547.64399
2026-07-19 03:30:00+02:00,12195.445172116608,9764.68379,4941.133313151296,6799.983,17136.578485267903,16564.66679,16564.74479
2026-07-19 03:45:00+02:00,12130.822551734795,9760.4992,4931.426012110432,6842.175,17062.248563845227,16602.6742,16602.753200000003
2026-07-19 04:00:00+02:00,12876.842649172288,10002.35963,5794.174624799857,7109.319,18671.017273972146,17111.678630000002,17111.756630000003
2026-07-19 04:15:00+02:00,12855.938147694687,10253.27862,5820.9560124644095,7224.775,18676.894160159096,17478.05362,17478.12562
2026-07-19 04:30:00+02:00,12861.145857198897,10453.2069,5828.458159006185,7389.375,18689.60401620508,17842.581899999997,17842.646899999996
2026-07-19 04:45:00+02:00,12871.75902112755,10774.76051,5839.704521778085,7480.866,18711.463542905636,18255.62651,18256.240510000003
2026-07-19 05:00:00+02:00,15003.889580470946,10971.17994,6016.9166292043265,7327.064,21020.806209675273,18298.24394,18306.46594
2026-07-19 05:15:00+02:00,15059.596057788769,11200.17476,6051.099778440033,7494.628,21110.695836228802,18694.80276,18756.795759999997
2026-07-19 05:30:00+02:00,15079.459822028972,11515.999,6061.740189874361,7701.37,21141.200011903333,19217.369,19414.814
2026-07-19 05:45:00+02:00,15046.676410845756,11704.07637,6038.726288294176,7762.942,21085.40269913993,19467.01837,20031.93337
2026-07-19 06:00:00+02:00,13882.55088519828,11665.24721,5583.686570947106,8156.899,19466.237456145383,19822.14621,20979.74921
2026-07-19 06:15:00+02:00,13786.533792293108,11581.80157,5556.334510379489,8361.816,19342.8683026726,19943.61757,21802.02157
2026-07-19 06:30:00+02:00,13716.061095896639,11529.87504,5548.626610056579,8271.378,19264.68770595322,19801.253040000003,22460.90604
2026-07-19 06:45:00+02:00,13598.760668900193,11508.84499,5520.664383340348,8110.932,19119.425052240542,19619.77699,23237.95799
2026-07-19 07:00:00+02:00,12135.742954443553,11258.38092,4911.61783699748,8088.555,17047.36079144103,19346.93592,24097.59092
2026-07-19 07:15:00+02:00,11996.114591352149,10977.75153,4906.236737679146,8009.125,16902.351329031295,18986.87653,24949.51953
2026-07-19 07:30:00+02:00,11788.176160980174,10497.56452,4906.742276836837,7876.965,16694.91843781701,18374.52952,25687.41352
2026-07-19 07:45:00+02:00,11634.109627657479,10301.51156,4897.656837873595,7708.815,16531.766465531073,18010.32656,26798.211560000003
2026-07-19 08:00:00+02:00,10825.780315977916,10372.91474,4365.840317831187,7603.136,15191.620633809103,17976.05074,28218.94774
2026-07-19 08:15:00+02:00,10735.059410408996,10579.8904,4362.419607450868,7510.51,15097.479017859863,18090.4004,29969.2024
2026-07-19 08:30:00+02:00,10662.882738829801,10810.58205,4298.656745129571,7438.154,14961.539483959372,18248.73605,31890.23005
2026-07-19 08:45:00+02:00,10620.753145395378,11065.44714,4285.346728048409,7534.246,14906.099873443787,18599.69314,33813.53714
2026-07-19 09:00:00+02:00,11825.914844977704,10970.02302,3556.0435198666933,7330.457,15381.958364844397,18300.480020000003,34803.40402
2026-07-19 09:15:00+02:00,11805.211503675506,11043.49899,3560.8192643953535,7031.847,15366.03076807086,18075.34599,36238.67599
2026-07-19 09:30:00+02:00,11813.613997242792,11310.6982,3550.3195024759207,6927.502,15363.933499718712,18238.2002,38202.799199999994
2026-07-19 09:45:00+02:00,11791.547519590207,11629.87748,3535.964986478812,6711.18,15327.512506069019,18341.05748,39891.49448
2026-07-19 10:00:00+02:00,11992.030321911965,11817.23479,3557.7067979546564,6295.968,15549.737119866622,18113.20279,40876.27979
2026-07-19 10:15:00+02:00,12007.329397127356,11847.47124,3565.0848116925026,5965.981,15572.414208819859,17813.45224,41883.63224
2026-07-19 10:30:00+02:00,12013.992956012042,12129.24579,3584.3684591517117,5686.133,15598.361415163754,17815.378790000002,43309.24979
2026-07-19 10:45:00+02:00,12053.697763691225,12134.45914,3591.248798225959,5523.303,15644.946561917184,17657.76214,44628.74314
2026-07-19 11:00:00+02:00,13676.321204851305,12461.83781,3138.6522230974797,4998.041,16814.973427948786,17459.878810000002,44931.32681
2026-07-19 11:15:00+02:00,13687.810137335762,12730.4128,3124.0939516103363,4878.078,16811.9040889461,17608.4908,46445.5878
2026-07-19 11:30:00+02:00,13755.209272159293,12975.4509,3128.34886329878,4679.878,16883.55813545807,17655.3289,47322.9179
2026-07-19 11:45:00+02:00,13789.031471285749,13003.99833,3129.2125902184657,4732.532,16918.244061504214,17736.53033,48779.654330000005
2026-07-19 12:00:00+02:00,14872.93118464206,12840.86115,2708.5525366355173,4768.643,17581.48372127758,17609.50415,49692.07115
2026-07-19 12:15:00+02:00,14931.202419398223,12677.85051,2710.9445295400546,4865.395,17642.14694893828,17543.24551,51302.68251
2026-07-19 12:30:00+02:00,14988.286151277413,12989.0812,2692.7897319384606,4982.682,17681.07588321587,17971.7632,52530.2012
2026-07-19 12:45:00+02:00,15048.871596115698,12693.0826,2659.8114253187487,4830.948,17708.683021434445,17524.0306,52801.8376
2026-07-19 13:00:00+02:00,15260.701071351983,12014.19156,2552.414040119558,3853.577,17813.11511147154,15867.76856,51465.60756
2026-07-19 13:15:00+02:00,15312.543631827164,11442.64348,2555.9165044427878,3394.825,17868.46013626995,14837.46848,50922.10148
2026-07-19 13:30:00+02:00,15344.528487701624,11132.87722,2581.771096556617,3016.354,17926.299584258242,14149.23122,50330.93022
2026-07-19 13:45:00+02:00,15395.714776314218,11911.01079,2588.969033800435,2565.063,17984.683810114653,14476.07379,50862.92179
2026-07-19 14:00:00+02:00,15543.01534733534,11288.9317,2490.785622886193,2485.525,18033.800970221535,13774.4567,49684.03569999999
2026-07-19 14:15:00+02:00,15593.048133311171,11294.6074,2491.508427152744,2282.435,18084.556560463916,13577.0424,49358.7254
2026-07-19 14:30:00+02:00,15650.948117150352,11236.55112,2491.7782934478605,2243.63,18142.726410598214,13480.18112,49323.002120000005
2026-07-19 14:45:00+02:00,15709.007674273933,10979.27256,2495.0564258445543,2351.514,18204.06410011849,13330.78656,48597.86956
2026-07-19 15:00:00+02:00,16012.29627068563,11201.31529,2522.704337755801,2271.474,18535.00060844143,13472.78929,48184.37129
2026-07-19 15:15:00+02:00,16105.172031162778,11711.68636,2586.4856923858233,2278.837,18691.6577235486,13990.52336,48655.74236
2026-07-19 15:30:00+02:00,16279.992530778281,12084.99017,2618.0390474672477,2094.627,18898.03157824553,14179.61717,48739.34017
2026-07-19 15:45:00+02:00,16390.80727212203,12066.56684,2622.5927944631003,2142.566,19013.40006658513,14209.132839999998,48140.92484
2026-07-19 16:00:00+02:00,16128.736915582695,13122.91208,2575.482709309356,2342.8,18704.21962489205,15465.71208,48644.08408
2026-07-19 16:15:00+02:00,16267.348969017574,13473.03265,2579.5403028737524,2333.844,18846.889271891327,15806.876649999998,47053.84165
2026-07-19 16:30:00+02:00,16833.288048498103,13105.42343,2597.60049978696,2060.331,19430.888548285064,15165.75443,45126.28943
2026-07-19 16:45:00+02:00,16963.431253325805,13047.67063,2620.4467232635793,2317.378,19583.877976589385,15365.04863,43954.73363
2026-07-19 17:00:00+02:00,16685.472884238166,13800.70613,2588.967599163547,2977.857,19274.440483401715,16778.563130000002,43832.79013
2026-07-19 17:15:00+02:00,16852.32020749876,14740.77732,2595.375724535084,3175.905,19447.695932033843,17916.68232,43008.65332
2026-07-19 17:30:00+02:00,17210.135405956524,15355.50669,2614.1260317784254,3024.124,19824.26143773495,18379.63069,41739.08968999999
2026-07-19 17:45:00+02:00,17345.930634100554,15782.17813,2629.4263856149496,3384.603,19975.357019715502,19166.78113,41201.28313
2026-07-19 18:00:00+02:00,17530.386912123155,16800.63798,2776.3783347433914,4887.138,20306.765246866547,21687.77598,42099.378979999994
2026-07-19 18:15:00+02:00,17597.887840717092,17586.09536,2777.2705488149413,4817.184,20375.158389532033,22403.27936,41198.933359999995
2026-07-19 18:30:00+02:00,17624.295970298343,18440.655,2782.362710281009,4995.013,20406.658680579352,23435.668,39995.289
2026-07-19 18:45:00+02:00,17627.102610405444,19458.73626,2790.451983207276,5058.003,20417.55459361272,24516.73926,38688.02326
2026-07-19 19:00:00+02:00,17589.590992456306,19861.96489,3249.826832019828,5091.969,20839.417824476135,24953.93389,36843.92989
2026-07-19 19:15:00+02:00,17568.465025678404,19481.82714,3267.896686429034,4889.481,20836.36171210744,24371.30814,34006.53614
2026-07-19 19:30:00+02:00,17570.59355346337,18291.80132,3280.4563860257517,4595.273,20851.049939489123,22887.07432,30445.29332
2026-07-19 19:45:00+02:00,17536.113899682456,17403.9276,3266.8010956286007,4471.613,20802.914995311057,21875.5406,27595.1786
2026-07-19 20:00:00+02:00,15951.479359350855,15822.60537,3361.1285045074046,4603.832,19312.60786385826,20426.43737,24501.83437
2026-07-19 20:15:00+02:00,15866.830491226323,14650.07093,3345.5481744542303,4420.23,19212.378665680553,19070.30093,21791.85993
2026-07-19 20:30:00+02:00,15773.021386125847,13723.98526,3346.2135998965623,4297.3,19119.23498602241,18021.28526,19704.62126
2026-07-19 20:45:00+02:00,15689.688531236226,12963.56301,3354.043560260814,4320.649,19043.73209149704,17284.21201,18146.79601
2026-07-19 21:00:00+02:00,13079.618600334941,12612.75955,3375.4554077314465,4271.706,16455.07400806639,16884.46555,17198.02155
2026-07-19 21:15:00+02:00,13252.398690218839,12198.895,3374.61917137892,4212.355,16627.01786159776,16411.25,16491.883
2026-07-19 21:30:00+02:00,13330.611068529839,11802.0997,3379.215606189749,4218.362,16709.82667471959,16020.4617,16031.3057
2026-07-19 21:45:00+02:00,13284.168931839486,11795.58673,3381.7168808024967,4359.696,16665.885812641984,16155.28273,16159.04973
2026-07-19 22:00:00+02:00,13087.873873888278,11524.23708,3187.0320006673155,4416.334,16274.905874555594,15940.571080000002,15941.16008
2026-07-19 22:15:00+02:00,13212.701644159533,11826.10068,3202.831265213386,3930.552,16415.53290937292,15756.65268,15756.92468
2026-07-19 22:30:00+02:00,13288.274096669624,12067.36787,3216.567554839902,3792.018,16504.841651509527,15859.38587,15859.61987
2026-07-19 22:45:00+02:00,13325.778370760667,12244.17762,3214.10951860601,3923.3,16539.887889366677,16167.47762,16167.692620000002
2026-07-19 23:00:00+02:00,13913.54451938787,12156.20272,3745.3149542137335,4078.377,17658.859473601602,16234.57972,16234.80072
2026-07-19 23:15:00+02:00,13945.027526775764,12380.98336,3740.201810905471,4254.235,17685.229337681234,16635.21836,16635.392359999998
2026-07-19 23:30:00+02:00,13940.334575895653,12723.93003,3721.276831911112,4316.219,17661.611407806766,17040.14903,17040.30703
2026-07-19 23:45:00+02:00,13907.406241508881,13269.91728,3718.619530721125,4557.052,17626.025772230005,17826.969279999998,17827.11728
2026-07-20 00:00:00+02:00,13935.6153975899,13569.35712,5149.940008364729,4895.061,19085.555405954627,18464.41812,18464.60612
2026-07-20 00:15:00+02:00,13897.283202502207,13974.29324,5154.233841363648,5181.984,19051.517043865853,19156.277240000003,19156.41524
2026-07-20 00:30:00+02:00,13857.898944377852,14098.62516,5157.290331636197,5427.214,19015.189276014047,19525.83916,19525.96316
2026-07-20 00:45:00+02:00,13812.861763947581,14242.79575,5165.839485770248,5686.644,18978.70124971783,19929.43975,19929.55375
2026-07-20 01:00:00+02:00,16644.61667763924,14473.34307,5558.103973571573,5781.9,22202.72065121081,20255.24307,20255.37507
2026-07-20 01:15:00+02:00,16592.575410708287,14793.57253,5551.278419372943,5817.451,22143.85383008123,20611.02353,20611.14653
2026-07-20 01:30:00+02:00,16540.489030457826,14954.20381,5532.514836175971,5679.976,22073.003866633797,20634.17981,20634.30081
2026-07-20 01:45:00+02:00,16475.0873973413,15118.32659,5532.180298528871,5657.076,22007.26769587017,20775.40259,20775.53159
2026-07-20 02:00:00+02:00,17161.777277971592,15147.80883,5043.880512833608,5498.302,22205.6577908052,20646.11083,20646.22283
2026-07-20 02:15:00+02:00,17126.51242363546,15474.91709,5059.832137981171,5427.461,22186.344561616632,20902.37809,20902.470090000003
2026-07-20 02:30:00+02:00,17046.88595595166,15678.40262,5063.969346250889,5305.253,22110.85530220255,20983.65562,20983.74362
2026-07-20 02:45:00+02:00,16996.829583827504,15754.15596,5034.451574643414,5268.774,22031.28115847092,21022.92996,21023.02096
2026-07-20 03:00:00+02:00,16976.713476293266,15661.38186,4875.537169383329,5350.21,21852.250645676595,21011.59186,21011.67186
2026-07-20 03:15:00+02:00,16927.473918899715,15665.56187,4867.57091154539,5269.767,21795.044830445106,20935.32887,20935.40387
2026-07-20 03:30:00+02:00,16850.538860560824,15644.82636,4874.0118173599485,4883.11,21724.55067792077,20527.93636,20528.01536
2026-07-20 03:45:00+02:00,16799.113666039473,15589.71568,4862.421388192996,4751.071,21661.53505423247,20340.786679999997,20340.869679999996
2026-07-20 04:00:00+02:00,15768.026149143538,15591.19017,5015.366330387941,4500.606,20783.392479531478,20091.79617,20091.87817
2026-07-20 04:15:00+02:00,15757.603200657013,15541.5886,5044.204289622855,4351.911,20801.80749027987,19893.4996,19893.5776
2026-07-20 04:30:00+02:00,15780.195293396182,15350.51432,5057.873418644473,4155.175,20838.068712040655,19505.68932,19505.77132
2026-07-20 04:45:00+02:00,15814.912356320243,15274.33769,5077.39980476218,4194.291,20892.312161082424,19468.62869,19468.87469
2026-07-20 05:00:00+02:00,16500.529448923866,15217.43335,5389.46404329012,4482.212,21889.993492213987,19699.64535,19702.29535
2026-07-20 05:15:00+02:00,16563.07006718802,15461.36431,5428.810882876963,4448.412,21991.88095006498,19909.77631,19937.50731
2026-07-20 05:30:00+02:00,16596.19088069161,15837.31546,5445.157551041171,4365.088,22041.348431732782,20202.40346,20322.284460000003
2026-07-20 05:45:00+02:00,16570.88520200495,15909.73397,5424.3551438247505,4274.5,21995.240345829698,20184.23397,20676.73697
2026-07-20 06:00:00+02:00,17915.573724305086,16011.74308,5786.71686936247,3731.169,23702.290593667556,19742.91208,20988.18208
2026-07-20 06:15:00+02:00,17823.081397963808,15684.9711,5767.679383913828,3659.391,23590.760781877638,19344.3621,21502.6671
2026-07-20 06:30:00+02:00,17757.432459365547,15525.96705,5759.280827614456,3627.018,23516.713286980004,19152.98505,22394.12005
2026-07-20 06:45:00+02:00,17643.070076168955,15335.76014,5740.138088796751,3646.949,23383.208164965705,18982.70914,23546.55614
2026-07-20 07:00:00+02:00,16695.616088171097,15014.04715,5445.20425224695,3935.284,22140.820340418046,18949.33115,25107.359150000004
2026-07-20 07:15:00+02:00,16551.935429535184,14681.02867,5440.645934959481,4415.859,21992.581364494665,19096.88767,27125.19467
2026-07-20 07:30:00+02:00,16344.236346173095,14542.26911,5439.282589335595,4294.718,21783.51893550869,18836.98711,29067.48411
2026-07-20 07:45:00+02:00,16199.663875787932,14239.94881,5427.174241315074,4204.218,21626.838117103005,18444.16681,31041.496809999997
2026-07-20 08:00:00+02:00,15358.941164594544,14122.21813,4814.325615505479,4210.183,20173.26678010002,18332.40113,33460.95513
2026-07-20 08:15:00+02:00,15288.119272319142,14335.08358,4809.5935575206295,4267.285,20097.712829839773,18602.36858,36231.246580000006
2026-07-20 08:30:00+02:00,15219.22170347352,14520.16203,4729.858676773048,4190.183,19949.080380246567,18710.34503,38891.06603
2026-07-20 08:45:00+02:00,15198.814439357016,14947.3309,4667.734434420654,4153.321,19866.54887377767,19100.6519,41745.0759
2026-07-20 09:00:00+02:00,14827.03493522258,15385.00582,4124.920119168466,3994.207,18951.955054391045,19379.21282,44515.96082
2026-07-20 09:15:00+02:00,14822.100832272852,15686.88715,4148.173743230833,3935.675,18970.274575503685,19622.56215,46931.69615
2026-07-20 09:30:00+02:00,14845.266779220463,16158.26018,4140.01483599176,4070.144,18985.281615212225,20228.40418,49730.61418
2026-07-20 09:45:00+02:00,14841.631206107453,16265.25417,4133.634088955527,4092.736,18975.265295062978,20357.99017,51826.95817
2026-07-20 10:00:00+02:00,14966.775722857947,16233.05572,3736.976088502346,4058.588,18703.751811360293,20291.64372,53149.37172
2026-07-20 10:15:00+02:00,14991.074220025122,15768.89654,3747.3869168904826,3978.979,18738.461136915605,19747.87554,53827.64754
2026-07-20 10:30:00+02:00,15006.63661796028,15764.18446,3763.733992639891,3861.324,18770.37061060017,19625.50846,54941.18646
2026-07-20 10:45:00+02:00,15052.053119149765,15426.60839,3766.873417648751,3858.393,18818.926536798517,19285.00139,55897.722389999995
2026-07-20 11:00:00+02:00,14241.776586526797,15274.93113,3881.004842767716,3800.494,18122.781429294515,19075.42513,56456.59413
2026-07-20 11:15:00+02:00,14232.355431929089,14964.82647,3866.03125979219,3937.534,18098.38669172128,18902.36047,56799.60247
2026-07-20 11:30:00+02:00,14284.457225971693,15081.21246,3863.4064035535885,3876.244,18147.86362952528,18957.45646,57248.98046
2026-07-20 11:45:00+02:00,14329.773202281665,14755.1458,3862.9896790070693,3793.214,18192.762881288734,18548.3598,57459.7828
2026-07-20 12:00:00+02:00,15131.153342610729,14987.33767,3704.4147855753163,3701.466,18835.568128186045,18688.80367,57886.80667
2026-07-20 12:15:00+02:00,15189.540168337577,14963.60565,3702.170302822469,3659.222,18891.710471160044,18622.82765,57964.95965
2026-07-20 12:30:00+02:00,15233.933338683371,15024.70877,3676.9211121565804,3776.191,18910.85445083995,18800.89977,58373.173769999994
2026-07-20 12:45:00+02:00,15298.143865099164,14969.72698,3644.2755993464925,3866.02,18942.41946444566,18835.74698,58416.44598
2026-07-20 13:00:00+02:00,14714.059438521082,14553.29703,3328.5568894379985,3865.943,18042.61632795908,18419.24003,57647.83603
2026-07-20 13:15:00+02:00,14752.862972160588,14133.23221,3336.1060531510475,3644.023,18088.969025311635,17777.25521,57088.249209999994
2026-07-20 13:30:00+02:00,14781.27431194869,13764.26649,3353.8353472882927,3246.582,18135.109659236983,17010.84849,56114.59649
2026-07-20 13:45:00+02:00,14817.783365556867,13324.72212,3353.4834648641577,3093.335,18171.266830421024,16418.05712,55193.88412
2026-07-20 14:00:00+02:00,15735.414175906124,13974.23746,3238.0670346819325,3300.387,18973.481210588056,17274.62446,56015.51646
2026-07-20 14:15:00+02:00,15786.254165601316,14182.05334,3239.233166247517,3134.713,19025.48733184883,17316.766340000002,55498.86034
2026-07-20 14:30:00+02:00,15863.66858375733,14716.36112,3240.377838931155,3121.641,19104.046422688483,17838.00212,55728.39412
2026-07-20 14:45:00+02:00,15920.952665002056,15112.10071,3242.5559184129215,3244.574,19163.50858341498,18356.67471,55666.62171
2026-07-20 15:00:00+02:00,16493.054711820685,14346.98289,3140.745750439559,3057.811,19633.800462260246,17404.79389,54098.36289
2026-07-20 15:15:00+02:00,16585.82082446719,13907.24784,3181.3799861026428,2989.414,19767.200810569833,16896.66184,53150.59284
2026-07-20 15:30:00+02:00,16739.090015664908,13534.40924,3201.122793320409,2696.076,19940.212808985318,16230.485240000002,51608.04424
2026-07-20 15:45:00+02:00,16858.30654758195,13328.62755,3245.16702165166,2694.421,20103.47356923361,16023.04855,50361.33155
2026-07-20 16:00:00+02:00,16837.932955818254,13779.57693,3555.0640293602905,2627.631,20392.996985178546,16407.20793,49879.27493
2026-07-20 16:15:00+02:00,17124.907595500466,13945.97943,3544.3943931508384,2631.166,20669.301988651307,16577.14543,48833.33243
2026-07-20 16:30:00+02:00,17590.037303030636,14030.44127,3546.141414780046,2856.397,21136.178717810682,16886.83827,47865.88027
2026-07-20 16:45:00+02:00,17716.341454081015,14179.21321,3573.515348817553,2818.214,21289.85680289857,16997.42721,46399.20221
2026-07-20 17:00:00+02:00,16830.63257381145,14672.07579,3667.32207130011,3059.425,20497.95464511156,17731.500790000002,45863.38179
2026-07-20 17:15:00+02:00,17026.00297993501,15139.47495,3681.666994826273,3091.858,20707.66997476128,18231.33295,44450.16795
2026-07-20 17:30:00+02:00,17206.226036701733,15469.47207,3752.3914882866607,3047.17,20958.617524988393,18516.64207,43209.71407
2026-07-20 17:45:00+02:00,17355.6636606165,15885.21748,3769.3801270029435,3105.753,21125.043787619445,18990.97048,41489.27948
2026-07-20 18:00:00+02:00,16571.135330850193,15271.41892,4128.19677659482,3079.293,20699.332107445014,18350.71192,38508.712920000005
2026-07-20 18:15:00+02:00,16636.12992980671,15060.97735,4132.122297922644,3056.141,20768.252227729354,18117.11835,36049.08735
2026-07-20 18:30:00+02:00,16646.232200918734,14973.52058,4140.105240496695,3035.356,20786.337441415428,18008.87658,33733.24358
2026-07-20 18:45:00+02:00,16632.99100486463,14639.46044,4146.157654329802,3042.169,20779.148659194434,17681.62944,30963.51044
2026-07-20 19:00:00+02:00,14894.91713328528,14381.21757,4849.003827850872,3122.82,19743.92096113615,17504.03757,28453.65257
2026-07-20 19:15:00+02:00,14863.905035111582,13376.49414,4866.901504836438,3248.5,19730.80653994802,16624.994140000003,25385.27914
2026-07-20 19:30:00+02:00,14844.810474714237,12832.1221,4878.235749425839,3589.267,19723.046224140075,16421.3891,23304.3971
2026-07-20 19:45:00+02:00,14781.761106407446,12460.92019,4859.983201182907,3780.063,19641.744307590354,16240.98319,21465.32919
2026-07-20 20:00:00+02:00,12107.20468050724,11868.39281,4796.513442380062,3739.271,16903.7181228873,15607.66381,19402.49881
2026-07-20 20:15:00+02:00,11907.299501667414,11157.71943,4780.937123897184,3683.605,16688.236625564597,14841.32443,17406.812429999998
2026-07-20 20:30:00+02:00,11760.321855384405,10262.27358,4778.209891385724,3522.185,16538.53174677013,13784.45858,15343.026579999998
2026-07-20 20:45:00+02:00,11631.034362297542,9784.57438,4788.372475066283,3509.675,16419.406837363826,13294.24938,14079.753380000002
2026-07-20 21:00:00+02:00,9882.764664867764,9715.81474,5174.771783322287,3880.223,15057.53644819005,13596.03774,13906.81574
2026-07-20 21:15:00+02:00,10012.776782218776,9795.76691,5173.121374966629,3946.286,15185.898157185406,13742.05291,13842.67491
2026-07-20 21:30:00+02:00,10022.60191037365,9195.92149,5178.376903257933,4011.914,15200.978813631584,13207.83549,13224.90649
2026-07-20 21:45:00+02:00,9932.58593415073,9011.16356,5179.6046308001805,3943.816,15112.19056495091,12954.97956,12957.40856
2026-07-20 22:00:00+02:00,8569.149696713674,9167.33258,5048.5562173266135,3789.05,13617.705914040287,12956.38258,12956.83658
2026-07-20 22:15:00+02:00,8652.235654912203,9496.5532,5059.936855845197,3601.116,13712.1725107574,13097.6692,13097.9192
2026-07-20 22:30:00+02:00,8686.852329256431,9790.40715,5074.247313823447,3370.288,13761.099643079879,13160.69515,13160.89215
2026-07-20 22:45:00+02:00,8696.406936783766,10176.46021,5087.877427989184,3329.736,13784.28436477295,13506.196209999998,13506.371209999998
2026-07-20 23:00:00+02:00,10303.458257364318,10454.94432,4497.205163540362,3288.65,14800.66342090468,13743.59432,13743.78632
2026-07-20 23:15:00+02:00,10317.472033376094,10616.09642,4507.47952335956,3085.088,14824.951556735654,13701.18442,13701.36742
2026-07-20 23:30:00+02:00,10298.915808721787,10617.65069,4490.606470032637,3006.916,14789.522278754424,13624.56669,13624.73769
2026-07-20 23:45:00+02:00,10257.497743134574,10638.02035,4487.293861732984,2867.323,14744.791604867558,13505.34335,13505.490350000002
2026-07-21 00:00:00+02:00,11900.359908080436,10603.05195,3883.118315603373,2721.652,15783.47822368381,13324.70395,13324.85495
2026-07-21 00:15:00+02:00,11874.818201962857,10547.57333,3889.342796560086,2498.426,15764.160998522942,13045.99933,13046.14633
2026-07-21 00:30:00+02:00,11835.392243805183,10518.31767,3897.935762914368,2199.39,15733.328006719552,12717.70767,12717.84267
2026-07-21 00:45:00+02:00,11773.98943383111,10437.90425,3887.223313578935,2009.363,15661.212747410045,12447.26725,12447.39325
2026-07-21 01:00:00+02:00,11885.27471177997,10222.36898,3892.5162517424988,1969.742,15777.790963522468,12192.11098,12192.24498
2026-07-21 01:15:00+02:00,11857.121974085208,10131.76154,3894.1656496280707,1844.895,15751.287623713279,11976.65654,11976.78554
2026-07-21 01:30:00+02:00,11799.850827766955,10040.11777,3908.5870124787225,1716.553,15708.437840245679,11756.67077,11756.78877
2026-07-21 01:45:00+02:00,11733.657214355704,9966.85968,3905.2922372314433,1574.54,15638.949451587148,11541.39968,11541.49968
2026-07-21 02:00:00+02:00,11943.7395674031,9961.30079,3532.75724077495,1411.399,15476.49680817805,11372.69979,11372.795789999998
2026-07-21 02:15:00+02:00,11917.559275086722,10018.63538,3528.3142791497685,1288.578,15445.87355423649,11307.21338,11307.32138
2026-07-21 02:30:00+02:00,11849.32613301028,9951.55068,3525.3559704635118,1260.09,15374.682103473791,11211.64068,11211.73568
2026-07-21 02:45:00+02:00,11796.781174557027,9753.79053,3527.0338386970197,1222.773,15323.815013254047,10976.56353,10976.65553
2026-07-21 03:00:00+02:00,11233.594445415589,9549.45746,3214.4361825856618,1189.411,14448.03062800125,10738.86846,10738.96146
2026-07-21 03:15:00+02:00,11224.009200737375,9325.39084,3231.8328368644984,1224.155,14455.842037601873,10549.54584,10549.63284
2026-07-21 03:30:00+02:00,11176.411107798303,9045.7705,3247.1845255284125,1273.579,14423.595633326717,10319.3495,10319.4325
2026-07-21 03:45:00+02:00,11151.624672291915,8911.2942,3246.8415383762217,1372.569,14398.466210668137,10283.8632,10283.9542
2026-07-21 04:00:00+02:00,9561.085181115976,8825.30021,3166.8532253968233,1429.094,12727.9384065128,10254.39421,10254.48321
2026-07-21 04:15:00+02:00,9570.658514503699,8635.65339,3190.446210614331,1483.98,12761.10472511803,10119.63339,10119.710389999998
2026-07-21 04:30:00+02:00,9614.8811457521,8522.53741,3196.1828217339416,1433.098,12811.063967486043,9955.63541,9955.70541
2026-07-21 04:45:00+02:00,9652.862060375612,8612.94264,3212.675948901278,1404.509,12865.53800927689,10017.45164,10017.58364
2026-07-21 05:00:00+02:00,9028.501280829856,8580.05312,3451.1559459134915,1420.167,12479.657226743348,10000.22012,10002.53612
2026-07-21 05:15:00+02:00,9087.469121217926,8664.77166,3485.45223493999,1464.532,12572.921356157916,10129.30366,10158.93666
2026-07-21 05:30:00+02:00,9109.701371420726,9018.66024,3501.6217322792436,1475.498,12611.32310369997,10494.15824,10669.52624
2026-07-21 05:45:00+02:00,9062.335675676619,8961.1416,3480.4241663147823,1455.751,12542.759841991401,10416.8926,11043.1886
2026-07-21 06:00:00+02:00,7635.626987783099,8513.69217,3393.642963747538,1487.78,11029.269951530638,10001.47217,11534.65017
2026-07-21 06:15:00+02:00,7525.119586376918,8221.03745,3378.295516779968,1539.045,10903.415103156885,9760.08245,12410.46745
2026-07-21 06:30:00+02:00,7448.511348677692,7849.22771,3368.3582860461674,1530.901,10816.869634723858,9380.12871,13360.007710000002
2026-07-21 06:45:00+02:00,7333.402113911074,7213.66149,3340.0237128030285,1520.551,10673.425826714101,8734.21249,14342.84549
2026-07-21 07:00:00+02:00,4757.1731491288665,6428.44087,3045.6999624526147,1445.244,7802.873111581481,7873.68487,15479.69587
2026-07-21 07:15:00+02:00,4618.06348667538,5493.91962,3050.031171964455,1454.122,7668.094658639835,6948.04162,16805.64862
2026-07-21 07:30:00+02:00,4438.733225598287,4591.72481,3045.190622238753,1525.368,7483.923847837041,6117.09281,18597.78381
2026-07-21 07:45:00+02:00,4290.394857152479,3784.16685,3019.474435467696,1470.027,7309.869292620175,5254.19385,20588.33085
2026-07-21 08:00:00+02:00,3412.360460109719,3225.8514,2471.8357257150187,1479.698,5884.196185824738,4705.5494,23118.4784
2026-07-21 08:15:00+02:00,3343.8529746463205,2813.02589,2462.4248355447603,1436.338,5806.277810191081,4249.36389,25994.34989
2026-07-21 08:30:00+02:00,3315.1153318388842,2572.1025,2481.4596001786595,1411.249,5796.574932017544,3983.3515,28938.8005
2026-07-21 08:45:00+02:00,3322.0682862232416,2501.72658,2471.6073463582156,1370.835,5793.675632581457,3872.56158,32158.53858
2026-07-21 09:00:00+02:00,3402.37490307533,2537.91887,2398.2555955491475,1245.571,5800.630498624478,3783.48987,35001.02487
2026-07-21 09:15:00+02:00,3430.487226507196,2618.91271,2394.1864211541406,1160.31,5824.673647661337,3779.22271,37821.71171
2026-07-21 09:30:00+02:00,3504.211554258781,2741.53458,2382.4918622732707,1111.195,5886.703416532051,3852.72958,40560.15258
2026-07-21 09:45:00+02:00,3528.804103464604,2896.5331,2374.1584980385596,1098.053,5902.962601503164,3994.5861,43081.7511
2026-07-21 10:00:00+02:00,3850.00167023022,3131.17192,1985.1077520442595,1132.743,5835.10942227448,4263.914919999999,45456.24292
2026-07-21 10:15:00+02:00,3893.3461272760696,3426.93845,1983.6144767419644,1209.834,5876.960604018034,4636.77245,47865.14945
2026-07-21 10:30:00+02:00,3925.506221713998,3713.67367,1989.5068574552859,1217.09,5915.013079169284,4930.76367,49896.46867
2026-07-21 10:45:00+02:00,3971.7735355981285,3974.93804,1986.6169753835422,1185.797,5958.390510981671,5160.73504,51593.57404
2026-07-21 11:00:00+02:00,4387.031762812524,4272.30475,1746.188786040298,1131.738,6133.220548852822,5404.0427500000005,52582.50475
2026-07-21 11:15:00+02:00,4390.312910780444,4529.89539,1733.705779750625,1097.949,6124.018690531069,5627.84439,53537.62839
2026-07-21 11:30:00+02:00,4452.967842760815,4729.58533,1732.8176105096545,1075.315,6185.78545327047,5804.90033,54047.47133
2026-07-21 11:45:00+02:00,4493.357174743056,4893.87805,1731.4339339367648,1042.533,6224.791108679821,5936.411050000001,54413.11605
2026-07-21 12:00:00+02:00,4577.275116946872,5002.67911,1686.7486855771622,897.464,6264.023802524034,5900.14311,54334.77411
2026-07-21 12:15:00+02:00,4626.183133139356,5065.30644,1689.7410783705097,820.638,6315.924211509866,5885.94444,54448.72844
2026-07-21 12:30:00+02:00,4678.39651364417,5271.24958,1673.128991255612,737.089,6351.525504899782,6008.33858,54491.87658
2026-07-21 12:45:00+02:00,4733.800399393515,5243.48366,1634.485184046841,665.033,6368.285583440356,5908.51666,54024.20466
2026-07-21 13:00:00+02:00,5798.465849320361,5408.51495,1639.099689580646,723.14,7437.565538901006,6131.65495,53783.77895000001
2026-07-21 13:15:00+02:00,5820.101815355324,5564.61297,1642.5204769754275,754.396,7462.622292330751,6319.00897,53735.607970000005
2026-07-21 13:30:00+02:00,5838.2118767703305,5516.85106,1650.00732999633,845.529,7488.21920676666,6362.3800599999995,53098.485060000006
2026-07-21 13:45:00+02:00,5900.620720974488,5416.19989,1632.5525556500131,890.432,7533.173276624501,6306.63189,52369.795889999994
2026-07-21 14:00:00+02:00,7224.796279069947,5480.32125,1753.0840055919027,868.505,8977.88028466185,6348.82625,51827.82325
2026-07-21 14:15:00+02:00,7279.382442695145,5622.12883,1747.4847651316322,902.068,9026.867207826777,6524.19683,51479.45983
2026-07-21 14:30:00+02:00,7352.165220548374,6088.77264,1746.7532675579903,925.689,9098.918488106365,7014.46164,51529.78364
2026-07-21 14:45:00+02:00,7399.887296412493,6269.22426,1754.2241783003078,857.546,9154.111474712801,7126.77026,50772.16026
2026-07-21 15:00:00+02:00,7274.049526813859,6730.99481,1974.5836089352213,943.256,9248.63313574908,7674.25081,50553.15781
2026-07-21 15:15:00+02:00,7384.46067137524,7254.60112,1991.946808778218,937.549,9376.407480153459,8192.15012,50261.95712
2026-07-21 15:30:00+02:00,7551.590291856284,7290.66146,2007.9238986582861,987.19,9559.51419051457,8277.85146,48576.34746
2026-07-21 15:45:00+02:00,7680.9758749728235,7525.20479,2009.4003365172775,1017.801,9690.3762114901,8543.00579,48609.68579
2026-07-21 16:00:00+02:00,8122.561352215972,8385.04174,2224.583236471448,1254.949,10347.14458868742,9639.99074,48572.41574
2026-07-21 16:15:00+02:00,8311.111034061323,8592.24946,2216.4344988422567,1355.715,10527.54553290358,9947.96446,46752.747460000006
2026-07-21 16:30:00+02:00,8596.949590299175,9116.13548,2202.2702604063966,1484.851,10799.219850705571,10600.98648,46021.09248
2026-07-21 16:45:00+02:00,8716.845854894482,9097.67317,2233.1209728753875,1781.07,10949.96682776987,10878.74317,44253.32317
2026-07-21 17:00:00+02:00,10040.98228058847,9635.02177,2658.8286408854337,1831.919,12699.810921473905,11466.94077,42831.88377
2026-07-21 17:15:00+02:00,10246.924046011569,10158.0327,2667.047170104919,2088.511,12913.971216116488,12246.5437,41027.7957
2026-07-21 17:30:00+02:00,10624.355922771889,10330.3631,2711.329343975148,2342.824,13335.685266747038,12673.1871,39223.0551
2026-07-21 17:45:00+02:00,10782.746078589404,10517.57336,2747.816801354354,2540.919,13530.562879943758,13058.49236,37371.81136
2026-07-21 18:00:00+02:00,10583.461227987778,10479.11299,3404.87204917451,2679.729,13988.333277162288,13158.84199,34973.711989999996
2026-07-21 18:15:00+02:00,10670.879637679893,10234.13108,3408.182565723409,2676.582,14079.062203403302,12910.71308,31976.45908
2026-07-21 18:30:00+02:00,10706.955498298006,9911.70951,3420.311630947479,2747.961,14127.267129245485,12659.67051,29013.49351
2026-07-21 18:45:00+02:00,10724.071486314953,9581.92398,3427.8954924736463,3004.184,14151.9669787886,12586.10798,26414.31798
2026-07-21 19:00:00+02:00,9656.226683339462,9262.05054,3606.3123995549176,2976.243,13262.53908289438,12238.29354,23625.45354
2026-07-21 19:15:00+02:00,9614.331835254392,9036.68298,3619.4063161422637,2934.823,13233.738151396656,11971.50598,21144.33398
2026-07-21 19:30:00+02:00,9560.538041127986,8729.92849,3624.8857839431344,2963.791,13185.42382507112,11693.71949,18846.72149
2026-07-21 19:45:00+02:00,9476.506305228013,8387.44298,3605.9029907587,3128.981,13082.409295986712,11516.42398,16888.59798
2026-07-21 20:00:00+02:00,8038.319355078198,7985.40743,3611.4732250623147,3247.194,11649.792580140513,11232.60143,15069.27843
2026-07-21 20:15:00+02:00,7888.998300432215,7539.2137,3592.919251204574,3248.765,11481.917551636789,10787.9787,13394.9617
2026-07-21 20:30:00+02:00,7714.437729634528,7079.0951,3587.179349256029,2906.099,11301.617078890558,9985.1941,11558.2511
2026-07-21 20:45:00+02:00,7561.786993828329,6997.54176,3598.0221009702677,2754.024,11159.809094798597,9751.56576,10545.35976
2026-07-21 21:00:00+02:00,6129.060237296899,7157.35228,3741.7092785508926,2994.083,9870.76951584779,10151.43528,10451.00628
2026-07-21 21:15:00+02:00,6238.737493634946,7350.61097,3740.9231708759007,3344.779,9979.660664510848,10695.38997,10774.56997
2026-07-21 21:30:00+02:00,6232.309724860049,7121.98582,3748.462361710599,3743.647,9980.772086570647,10865.63282,10876.91682
2026-07-21 21:45:00+02:00,6146.017602930802,6961.39095,3755.6353839843864,3461.075,9901.65298691519,10422.46595,10426.79495
2026-07-21 22:00:00+02:00,7139.574717792947,7006.02312,3805.1682926826666,3344.84,10944.743010475613,10350.86312,10351.25712
2026-07-21 22:15:00+02:00,7225.959196584753,7237.9399,3803.9502812878645,3474.761,11029.909477872618,10712.7009,10712.9709
2026-07-21 22:30:00+02:00,7262.249020998877,7325.86625,3814.9657282067574,3435.861,11077.214749205636,10761.72725,10761.99025
2026-07-21 22:45:00+02:00,7275.797048719719,7250.963,3833.174730932432,3224.917,11108.97177965215,10475.88,10476.116999999998
2026-07-21 23:00:00+02:00,7951.456501393666,7122.18246,4329.524014194228,3560.918,12280.980515587893,10683.10046,10683.32846
2026-07-21 23:15:00+02:00,7970.629109781468,7223.95732,4344.682875963511,3844.571,12315.311985744978,11068.52832,11068.73432
2026-07-21 23:30:00+02:00,7962.036468342803,7081.02665,4329.488709602622,4340.527,12291.525177945427,11421.55365,11421.73765
2026-07-21 23:45:00+02:00,7937.734798719582,6987.06593,4332.256799973589,4571.647,12269.99159869317,11558.71293,11558.86293
2026-07-22 00:00:00+02:00,7345.107654098837,6866.78471,4133.352128673825,4214.853,11478.459782772661,11081.63771,11081.78171
2026-07-22 00:15:00+02:00,7323.689534210227,6869.34047,4134.755933979715,3999.463,11458.445468189942,10868.80347,10868.94447
2026-07-22 00:30:00+02:00,7287.255899496178,6798.51257,4134.997940793289,4056.841,11422.253840289468,10855.35357,10855.47657
2026-07-22 00:45:00+02:00,7225.081977164866,7001.53902,4119.452909782768,3992.863,11344.534886947633,10994.40202,10994.52102
2026-07-22 01:00:00+02:00,7352.533496473424,6889.23168,4617.441767293446,3688.308,11969.97526376687,10577.53968,10577.68068
2026-07-22 01:15:00+02:00,7320.416780901562,6987.44943,4616.555093900032,4058.437,11936.971874801595,11045.88643,11046.016429999998
2026-07-22 01:30:00+02:00,7261.308307337661,7109.29215,4625.380468606477,4433.846,11886.688775944138,11543.13815,11543.25815
2026-07-22 01:45:00+02:00,7193.950685392394,7243.98833,4617.911563167365,4781.611,11811.862248559759,12025.59933,12025.71333
2026-07-22 02:00:00+02:00,7206.413840242097,7266.22978,5586.681467812829,5089.064,12793.095308054926,12355.29378,12355.40478
2026-07-22 02:15:00+02:00,7186.249154609815,7435.66999,5578.962804517124,5531.649,12765.21195912694,12967.31899,12967.43099
2026-07-22 02:30:00+02:00,7125.157456323077,7681.91336,5576.800913190355,5671.423,12701.958369513432,13353.33636,13353.45136
2026-07-22 02:45:00+02:00,7071.384652174472,7873.84152,5578.153128959946,5540.195,12649.537781134419,13414.03652,13414.14152
2026-07-22 03:00:00+02:00,7993.182666660968,8273.88699,5976.856900697596,5601.523,13970.039567358563,13875.40999,13875.50399
2026-07-22 03:15:00+02:00,7971.018647282136,8189.86445,5995.650400006433,5732.228,13966.66904728857,13922.09245,13922.18045
2026-07-22 03:30:00+02:00,7908.996223668513,8220.85971,6012.341476333097,5803.499,13921.33770000161,14024.35871,14024.43871
2026-07-22 03:45:00+02:00,7875.2771845467605,8599.03121,6015.204923172361,5813.044,13890.482107719123,14412.07521,14412.178209999998
2026-07-22 04:00:00+02:00,9921.505534572261,8664.18421,6799.3478943317095,5639.688,16720.85342890397,14303.87221,14303.97421
2026-07-22 04:15:00+02:00,9917.387465407111,8734.44278,6822.490124934582,5577.47,16739.877590341694,14311.91278,14311.997779999998
2026-07-22 04:30:00+02:00,9952.229645634361,8980.6407,6825.421810651919,6000.57,16777.65145628628,14981.2107,14981.2827
2026-07-22 04:45:00+02:00,9977.687161373946,9010.91675,6839.913506045148,6215.977,16817.600667419094,15226.89375,15227.03075
2026-07-22 05:00:00+02:00,10858.150413187223,9000.345,6867.62554221759,6405.05,17725.775955404813,15405.395,15408.445
2026-07-22 05:15:00+02:00,10915.15469516649,9487.99209,6902.369651997226,6522.6,17817.524347163715,16010.59209,16039.81009
2026-07-22 05:30:00+02:00,10947.285597284237,10218.113,6918.987230128403,6701.578,17866.272827412642,16919.691,17064.1
2026-07-22 05:45:00+02:00,10900.495916570737,10537.551,6898.922726213991,7192.588,17799.418642784727,17730.139,18241.007
2026-07-22 06:00:00+02:00,12592.479571891245,10771.14583,6764.879402374308,7431.343,19357.358974265553,18202.48883,19445.54683
2026-07-22 06:15:00+02:00,12478.602915606258,11076.6482,6749.354833244507,7630.074,19227.957748850764,18706.7222,20876.4332
2026-07-22 06:30:00+02:00,12386.660027752698,11390.56353,6739.0559313940685,7762.106,19125.715959146764,19152.66953,22450.19953
2026-07-22 06:45:00+02:00,12251.660297870567,11488.57991,6712.4253536089045,7679.659,18964.085651479472,19168.23891,23791.84091
2026-07-22 07:00:00+02:00,13159.570249574086,11377.90677,6623.177399200949,7447.097,19782.747648775035,18825.00377,25045.37877
2026-07-22 07:15:00+02:00,12993.14437035425,11264.3811,6624.554106381839,7401.842,19617.69847673609,18666.2231,26707.6971
2026-07-22 07:30:00+02:00,12784.43818881591,11185.99535,6619.784598269945,7211.147,19404.222787085855,18397.14235,28480.12635
2026-07-22 07:45:00+02:00,12618.202718235993,11302.27048,6595.3501769792565,7039.245,19213.55289521525,18341.51548,30534.65648
2026-07-22 08:00:00+02:00,12668.97084026634,11675.08838,6632.268135230347,6434.892,19301.238975496686,18109.98038,32713.02238
2026-07-22 08:15:00+02:00,12544.52298688017,11843.35617,6620.471752701925,6558.165,19164.994739582096,18401.52117,35395.05717
2026-07-22 08:30:00+02:00,12501.488708713894,12288.23451,6647.762755031852,6487.553,19149.251463745746,18775.78751,38228.820510000005
2026-07-22 08:45:00+02:00,12509.113236707093,12907.35855,6634.8632793326715,5861.444,19143.976516039766,18768.80255,40617.17655
2026-07-22 09:00:00+02:00,13324.668006505439,13636.18946,6390.422940176844,6169.196,19715.090946682285,19805.38546,43784.867459999994
2026-07-22 09:15:00+02:00,13369.481050358881,14372.41391,6368.941220156604,5845.059,19738.422270515486,20217.47291,46273.68291
2026-07-22 09:30:00+02:00,13465.566201509237,14780.85095,6360.939383081741,5736.605,19826.505584590977,20517.45595,48384.96695
2026-07-22 09:45:00+02:00,13514.664662398514,15518.06339,6355.922072436836,5929.506,19870.58673483535,21447.56939,50921.83839
2026-07-22 10:00:00+02:00,15525.040760745796,16016.70665,5317.78939707356,5142.186,20842.830157819357,21158.89265,52141.84865
2026-07-22 10:15:00+02:00,15563.967846070367,16365.73402,5310.940311649652,5214.976,20874.90815772002,21580.71002,53749.34602
2026-07-22 10:30:00+02:00,15605.940195523643,16598.96009,5308.495840263673,5173.732,20914.436035787316,21772.69209,54731.22908999999
2026-07-22 10:45:00+02:00,15648.64922259961,16804.3972,5301.854373025492,5077.645,20950.5035956251,21882.0422,55482.9572
2026-07-22 11:00:00+02:00,17891.265017160218,17035.51416,5089.360198337073,5132.282,22980.62521549729,22167.79616,56409.00816
2026-07-22 11:15:00+02:00,17901.900589839366,16766.2185,5078.067704468117,5302.557,22979.968294307484,22068.7755,56533.64750000001
2026-07-22 11:30:00+02:00,17968.143682632075,16836.98056,5071.878038996471,5483.685,23040.021721628545,22320.66556,57254.66256
2026-07-22 11:45:00+02:00,17991.684839321966,17061.82084,5069.635983440596,5385.122,23061.320822762562,22446.94284,58014.52984
2026-07-22 12:00:00+02:00,19859.158910976777,17533.36221,4928.021390288157,5365.923,24787.180301264932,22899.28521,58905.253209999995
2026-07-22 12:15:00+02:00,19907.27067105366,17851.44899,4932.507479157445,5329.762,24839.778150211103,23181.21099,59720.36999
2026-07-22 12:30:00+02:00,19957.278253707158,17723.77286,4920.773245578158,5376.998,24878.051499285317,23100.77086,59742.687860000005
2026-07-22 12:45:00+02:00,20008.838016131755,17536.41627,4885.153866308976,5120.43,24893.99188244073,22656.84627,59521.54327
2026-07-22 13:00:00+02:00,21317.514121114502,17824.11632,4512.219322479949,5609.147,25829.73344359445,23433.26332,60766.57432
2026-07-22 13:15:00+02:00,21338.394208977053,17945.68089,4507.838778935762,5686.838,25846.232987912816,23632.51889,60937.22589
2026-07-22 13:30:00+02:00,21354.95259827976,18128.39424,4502.396582817712,5524.986,25857.349181097474,23653.38024,60793.89624
2026-07-22 13:45:00+02:00,21412.998091992155,17778.56028,4480.4444588794195,5384.052,25893.442550871572,23162.61228,59850.12028
2026-07-22 14:00:00+02:00,21738.64144527234,18144.88326,4477.878667133602,5006.556,26216.520112405942,23151.43926,59941.84526
2026-07-22 14:15:00+02:00,21805.053411340246,17959.4667,4462.62380473742,5128.105,26267.677216077667,23087.5717,59449.1197
2026-07-22 14:30:00+02:00,21894.651648977368,17931.22178,4459.133881855089,5240.109,26353.785530832458,23171.33078,59276.823780000006
2026-07-22 14:45:00+02:00,21956.762503027727,18169.44684,4468.521490245197,5130.366,26425.283993272926,23299.81284,58822.35384
2026-07-22 15:00:00+02:00,22363.42446174632,18487.10666,3738.98984680823,5191.699,26102.41430855455,23678.80566,58928.81466
2026-07-22 15:15:00+02:00,22461.37474322796,18942.25791,3765.742722296996,5376.379,26227.117465524956,24318.63691,58867.78591
2026-07-22 15:30:00+02:00,22602.03761732583,19492.42456,3770.961561421502,5374.488,26372.999178747334,24866.91256,58287.35956
2026-07-22 15:45:00+02:00,22711.624922619183,19469.99251,3771.465365836805,5361.035,26483.090288455987,24831.02751,56883.22751
2026-07-22 16:00:00+02:00,22298.007340217308,19835.00449,4309.234811540411,4902.883,26607.242151757717,24737.88749,56075.47049
2026-07-22 16:15:00+02:00,22673.543498105126,20564.47025,4302.668161879808,5061.347,26976.211659984932,25625.81725,55606.23425
2026-07-22 16:30:00+02:00,23026.792400105955,20603.05292,4298.242574585459,5240.539,27325.034974691414,25843.59192,53951.41392
2026-07-22 16:45:00+02:00,23184.395169277228,21419.98942,4323.222086887258,5094.035,27507.617256164485,26514.02442,53141.94042
2026-07-22 17:00:00+02:00,23316.648231473824,22491.83743,4929.437504823951,3378.501,28246.085736297777,25870.33843,51180.40143
2026-07-22 17:15:00+02:00,23528.195247410014,23228.80981,4949.763088878087,3376.085,28477.958336288102,26604.89481,49973.59381
2026-07-22 17:30:00+02:00,23952.723955681362,24758.61131,4966.64963016589,3202.244,28919.37358584725,27960.85531,50108.11731
2026-07-22 17:45:00+02:00,24113.329165575666,25731.23392,4993.9790765807265,3240.198,29107.308242156392,28971.43192,48681.64292
2026-07-22 18:00:00+02:00,23102.10113625939,26066.43744,5363.358757648938,3714.1,28465.459893908326,29780.53744,47858.09344
2026-07-22 18:15:00+02:00,23181.96035266327,27142.21589,5361.324593507003,3642.426,28543.28494617027,30784.64189,46779.81389
2026-07-22 18:30:00+02:00,23215.224275657212,27243.30277,5372.74666362681,3349.456,28587.970939284023,30592.75877,44553.18777
2026-07-22 18:45:00+02:00,23215.235047773742,26785.85247,5381.322550699432,3348.075,28596.557598473173,30133.92747,41930.09047
2026-07-22 19:00:00+02:00,24042.022600429867,26459.5533,5531.673181593927,4468.261,29573.695782023795,30927.8143,40646.6813
2026-07-22 19:15:00+02:00,23962.852244621678,25495.28861,5543.802711676063,4645.579,29506.65495629774,30140.86761,37905.90161
2026-07-22 19:30:00+02:00,23844.077657204845,24642.61826,5555.589831761728,4428.235,29399.667488966574,29070.85326,34998.70826
2026-07-22 19:45:00+02:00,23748.561248374106,24134.90372,5541.857577778533,4042.961,29290.41882615264,28177.86472,32476.41772
2026-07-22 20:00:00+02:00,23094.61024596541,23086.32355,6009.063682588478,4787.653,29103.673928553886,27873.97655,30890.78155
2026-07-22 20:15:00+02:00,22811.794672366905,22223.8444,5987.767065978859,4874.463,28799.561738345765,27098.3074,29058.5934
2026-07-22 20:30:00+02:00,22573.548492491846,21593.22758,5974.067408751272,4852.715,28547.615901243116,26445.94258,27575.01158
2026-07-22 20:45:00+02:00,22411.48201886792,21133.48517,5984.266894669975,4703.167,28395.748913537893,25836.65217,26350.36317
2026-07-22 21:00:00+02:00,22360.314772569727,21398.93629,6524.312777243066,5202.161,28884.627549812794,26601.09729,26764.30829
2026-07-22 21:15:00+02:00,22463.642939489542,21139.25064,6523.13714582959,5005.162,28986.780085319133,26144.41264,26180.81864
2026-07-22 21:30:00+02:00,22434.208614993153,20533.84927,6528.368114725134,4834.672,28962.576729718287,25368.521269999997,25375.067269999996
2026-07-22 21:45:00+02:00,22345.692993449138,20403.52,6533.607193619655,4863.541,28879.300187068795,25267.061,25270.143
2026-07-22 22:00:00+02:00,21937.872636883534,19673.90799,6720.65536576345,4740.44,28658.528002646985,24414.34799,24414.69399
2026-07-22 22:15:00+02:00,22027.04420145498,19564.87775,6716.655930646113,4783.248,28743.700132101094,24348.12575,24348.38975
2026-07-22 22:30:00+02:00,22071.322357900048,19476.9976,6723.683531547111,4719.655,28795.00588944716,24196.6526,24196.876599999996
2026-07-22 22:45:00+02:00,22094.40854643389,19540.03913,6743.162667243806,4793.436,28837.571213677697,24333.47513,24333.67413
2026-07-22 23:00:00+02:00,21152.228159860886,19337.71985,6460.707080873328,4868.06,27612.935240734216,24205.779850000003,24205.966850000004
2026-07-22 23:15:00+02:00,21172.818427253387,19601.19991,6469.6712982676645,4772.938,27642.489725521053,24374.13791,24374.291909999996
2026-07-22 23:30:00+02:00,21166.263394844493,19446.76666,6452.89214168158,4508.933,27619.155536526072,23955.69966,23955.84466
2026-07-22 23:45:00+02:00,21142.824004977905,19490.2041,6449.303560696664,4491.508,27592.12756567457,23981.712099999997,23981.8421
2026-07-23 00:00:00+02:00,20348.556051143092,19649.74985,5554.17126756462,5526.937,25902.72731870771,25176.68685,25176.83285
2026-07-23 00:15:00+02:00,20327.786336985155,19728.45301,5550.262109249623,5948.011,25878.048446234778,25676.464010000003,25676.595010000005
2026-07-23 00:30:00+02:00,20291.46868263621,19884.18817,5554.263591383574,5705.95,25845.73227401978,25590.13817,25590.25717
2026-07-23 00:45:00+02:00,20235.65688485131,19929.10415,5541.206495939473,5617.943,25776.863380790783,25547.04715,25547.16115
2026-07-23 01:00:00+02:00,18943.60691552358,19818.99756,5380.087594968291,5903.007,24323.69451049187,25722.00456,25722.11156
2026-07-23 01:15:00+02:00,18914.055947851182,19798.91999,5391.077695709715,5896.986,24305.133643560897,25695.90599,25696.01099
2026-07-23 01:30:00+02:00,18861.21829188852,19652.96191,5409.192575912932,5784.893,24270.410867801453,25437.85491,25437.949910000003
2026-07-23 01:45:00+02:00,18798.428278486263,19309.95171,5411.700606253265,5714.138,24210.128884739526,25024.08971,25024.18671
2026-07-23 02:00:00+02:00,17092.936793794237,18979.95848,5287.846204045229,5985.295,22380.782997839466,24965.25348,24965.34248
2026-07-23 02:15:00+02:00,17075.17331734261,18793.70019,5293.364099322453,6175.15,22368.537416665065,24968.850189999997,24968.937189999997
2026-07-23 02:30:00+02:00,17018.72693779101,18208.02144,5297.215932752005,6403.033,22315.942870543015,24611.05444,24611.14144
2026-07-23 02:45:00+02:00,16968.12991878027,17818.02219,5294.213018602412,6163.311,22262.34293738268,23981.33319,23981.419189999997
2026-07-23 03:00:00+02:00,16517.446606894726,17323.94924,4946.895721195255,6097.758,21464.34232808998,23421.707240000003,23421.793240000003
2026-07-23 03:15:00+02:00,16493.129588975517,16735.44167,4967.919868002717,6143.608,21461.04945697823,22879.04967,22879.14467
2026-07-23 03:30:00+02:00,16431.918647461272,16022.50155,4984.805648101793,6113.555,21416.724295563065,22136.05655,22136.14755
2026-07-23 03:45:00+02:00,16409.007228049773,15565.53383,4987.579904553768,6002.461,21396.58713260354,21567.99483,21568.07083
2026-07-23 04:00:00+02:00,16048.629078641265,15316.96036,4744.780552806355,5742.967,20793.40963144762,21059.92736,21060.00136
2026-07-23 04:15:00+02:00,16047.185595019831,15044.71413,4768.225067645586,5594.802,20815.410662665417,20639.51613,20639.58913
2026-07-23 04:30:00+02:00,16087.005942338605,14686.40509,4784.850590793843,5628.518,20871.85653313245,20314.92309,20315.00009
2026-07-23 04:45:00+02:00,16111.655257673166,14448.54508,4807.025466914724,5942.671,20918.68072458789,20391.21608,20391.32208
2026-07-23 05:00:00+02:00,15199.54237838397,14226.84911,4713.617346506809,5853.364,19913.15972489078,20080.213109999997,20081.35911
2026-07-23 05:15:00+02:00,15268.012564845285,14335.96398,4754.848957270301,5810.556,20022.861522115585,20146.51998,20156.65698
2026-07-23 05:30:00+02:00,15322.908964976048,14470.06598,4779.584449920984,5919.231,20102.49341489703,20389.29698,20454.95898
2026-07-23 05:45:00+02:00,15289.5422234915,14432.52135,4773.810590630698,6057.238,20063.352814122198,20489.75935,20792.47435
2026-07-23 06:00:00+02:00,14994.275082276421,13959.42046,4423.351127797545,5713.779,19417.626210073966,19673.19946,20539.35546
2026-07-23 06:15:00+02:00,14898.25780883338,13592.77158,4416.146477088825,5402.889,19314.404285922203,18995.66058,20587.94758
2026-07-23 06:30:00+02:00,14825.469189435746,13411.18178,4411.5984223697,5471.822,19237.067611805447,18883.00378,21371.00678
2026-07-23 06:45:00+02:00,14706.755656257315,13118.72261,4381.407786768093,5634.354,19088.16344302541,18753.07661,22321.09761
2026-07-23 07:00:00+02:00,12686.626980657733,12861.20937,4170.849797075754,5296.783,16857.476777733486,18157.99237,22983.24937
2026-07-23 07:15:00+02:00,12532.241206439136,12479.91604,4172.781386093774,5255.111,16705.02259253291,17735.02704,23989.05004
2026-07-23 07:30:00+02:00,12338.875321515334,12081.94497,4162.755850040646,5230.26,16501.63117155598,17312.20497,25154.30597
2026-07-23 07:45:00+02:00,12185.387525219272,11690.70928,4134.872180986106,4997.35,16320.25970620538,16688.05928,26222.29428
2026-07-23 08:00:00+02:00,11070.934685844128,11340.71221,3404.82891924451,4359.168,14475.763605088638,15699.88021,27009.83421
2026-07-23 08:15:00+02:00,11031.253764050667,11349.0594,3392.9345917440646,4034.372,14424.188355794731,15383.4314,28441.1724
2026-07-23 08:30:00+02:00,10988.794084389834,11523.29066,3393.7025932275556,3873.299,14382.49667761739,15396.58966,30325.01066
2026-07-23 08:45:00+02:00,10998.658996733204,11412.34561,3374.8053958530377,3954.921,14373.464392586242,15367.26661,32040.78161
2026-07-23 09:00:00+02:00,10328.648284303255,11431.97949,2913.7894023422305,3682.673,13242.437686645486,15114.65249,33631.86549
2026-07-23 09:15:00+02:00,10378.403269585415,11564.39362,2893.3082499937145,3349.906,13271.71151957913,14914.299620000002,34883.34162000001
2026-07-23 09:30:00+02:00,10477.24901533691,11508.07237,2883.988113470634,3382.86,13361.237128807545,14890.93237,36370.57837
2026-07-23 09:45:00+02:00,10532.893128640893,11506.0771,2879.921938495133,3230.977,13412.815067136027,14737.0541,37374.8991
2026-07-23 10:00:00+02:00,9950.100032383258,11610.3699,2595.0851714848222,3106.792,12545.18520386808,14717.1619,38662.8469
2026-07-23 10:15:00+02:00,9996.736188879455,11498.48415,2589.091459816762,3079.034,12585.827648696217,14577.51815,39869.30715
2026-07-23 10:30:00+02:00,10047.034940715446,11647.59053,2586.2890228760302,2905.324,12633.323963591476,14552.91453,41334.81253
2026-07-23 10:45:00+02:00,10096.825469585294,11624.65301,2577.713639622817,2889.175,12674.539109208112,14513.82801,42974.834010000006
2026-07-23 11:00:00+02:00,10770.490337508083,11684.64988,1796.6346336508188,2788.824,12567.124971158903,14473.47388,44592.17988
2026-07-23 11:15:00+02:00,10788.538281081363,11883.45216,1784.6414002155616,2698.554,12573.179681296924,14582.00616,46694.12516
2026-07-23 11:30:00+02:00,10858.093179971409,12058.30846,1777.0696233415233,2580.72,12635.162803312933,14639.02846,48412.72346
2026-07-23 11:45:00+02:00,10887.615226609838,12137.17979,1772.0444514486935,2476.805,12659.659678058531,14613.98479,50497.54579
2026-07-23 12:00:00+02:00,9498.297980504787,12165.79506,1652.9851432498872,2516.461,11151.283123754674,14682.25606,52267.61106
2026-07-23 12:15:00+02:00,9548.397562300252,12364.31707,1655.143300414279,2564.607,11203.54086271453,14928.92407,53927.30607
2026-07-23 12:30:00+02:00,9598.046039175599,12601.62596,1641.7022956018811,2734.794,11239.74833477748,15336.41996,55813.77396
2026-07-23 12:45:00+02:00,9643.619402626842,12980.85317,1603.4948049899585,2737.176,11247.1142076168,15718.02917,57390.223170000005
2026-07-23 13:00:00+02:00,10547.524308414271,13183.2535,1487.8946357138257,2692.044,12035.418944128098,15875.2975,58399.9005
2026-07-23 13:15:00+02:00,10568.743671317756,12989.08574,1484.5188759334542,2596.102,12053.26254725121,15585.18774,58911.20374
2026-07-23 13:30:00+02:00,10583.249077816212,13105.18099,1481.6729944491371,2415.04,12064.922072265348,15520.220990000002,59554.88199
2026-07-23 13:45:00+02:00,10634.794482056206,13197.56716,1460.72046148161,2389.975,12095.514943537815,15587.54216,59723.404160000006
2026-07-23 14:00:00+02:00,10842.622214732453,12761.40704,1725.3557004309566,2435.375,12567.97791516341,15196.78204,59418.98504
2026-07-23 14:15:00+02:00,10909.003408461025,12752.43742,1710.9540854596062,2060.548,12619.957493920632,14812.98542,59171.33642000001
2026-07-23 14:30:00+02:00,11007.42550103778,12567.74863,1707.6250907333115,1940.893,12715.05059177109,14508.64163,58831.71863
2026-07-23 14:45:00+02:00,11071.51555396647,12685.57277,1713.1373326994656,1943.093,12784.652886665936,14628.66577,58410.69377
2026-07-23 15:00:00+02:00,12658.912965837017,12526.22033,1686.7298219979111,1940.541,14345.642787834928,14466.76133,57701.96033
2026-07-23 15:15:00+02:00,12764.886155644454,12610.65504,1703.547941291781,1968.202,14468.434096936235,14578.85704,57171.50004
2026-07-23 15:30:00+02:00,12912.930986346299,12582.8627,1711.9379066629883,1997.75,14624.868893009287,14580.6127,56023.0197
2026-07-23 15:45:00+02:00,13023.386147626485,12824.2439,1716.8696791108125,1922.699,14740.255826737297,14746.9429,55323.4789
2026-07-23 16:00:00+02:00,12557.841767635777,12683.90014,1780.427591206686,2066.532,14338.269358842463,14750.43214,54308.970140000005
2026-07-23 16:15:00+02:00,12766.2907318959,13356.33213,1782.0313986569806,2245.747,14548.32213055288,15602.07913,54076.01213
2026-07-23 16:30:00+02:00,13011.732091409072,13784.59665,1773.6439277315767,2282.166,14785.376019140649,16066.76265,52865.237649999995
2026-07-23 16:45:00+02:00,13187.206214877951,13838.8628,1801.8884700078813,2252.142,14989.094684885833,16091.0048,51243.1308
2026-07-23 17:00:00+02:00,12304.774772673718,14578.53619,1885.5217810479012,2288.024,14190.296553721619,16866.56019,50178.18819
2026-07-23 17:15:00+02:00,12556.90542681979,14877.29908,1913.7507885665177,2410.895,14470.656215386309,17288.19408,48466.47708
2026-07-23 17:30:00+02:00,12721.808511116713,14537.1859,1948.700422182379,2503.951,14670.508933299092,17041.1369,45809.5399
2026-07-23 17:45:00+02:00,12878.224826124904,14351.57576,1988.6801709173264,2537.229,14866.904997042231,16888.80476,43035.10476
2026-07-23 18:00:00+02:00,13360.532828064723,14370.49147,1958.4569750283006,2447.384,15318.989803093024,16817.87547,40278.53647
2026-07-23 18:15:00+02:00,13428.509553453066,14147.64343,1953.607139042553,2366.792,15382.11669249562,16514.43543,37100.64543
2026-07-23 18:30:00+02:00,13449.690238968731,13891.59293,1964.3820357697145,2219.65,15414.072274738446,16111.24293,33766.13793
2026-07-23 18:45:00+02:00,13441.295553028422,13937.15056,1978.7601404322834,2140.209,15420.055693460705,16077.35956,31065.38156
2026-07-23 19:00:00+02:00,10826.032307409596,13752.84835,1851.8401112036092,2168.301,12677.872418613206,15921.14935,28287.029349999997
2026-07-23 19:15:00+02:00,10739.66305097802,13293.73024,1864.789475722585,2258.596,12604.452526700607,15552.32624,25449.42924
2026-07-23 19:30:00+02:00,10601.390492543384,12460.52283,1880.8069452678435,2291.057,12482.197437811226,14751.57983,22451.34083
2026-07-23 19:45:00+02:00,10495.95760175603,11548.12986,1875.9192480772276,2277.75,12371.876849833257,13825.87986,19554.43286
2026-07-23 20:00:00+02:00,9109.647911727465,10667.51,2131.54501741055,2213.208,11241.192929138015,12880.718,16906.892
2026-07-23 20:15:00+02:00,8893.63629907465,9861.78391,2114.9236812068793,2111.248,11008.559980281529,11973.03191,14581.45991
2026-07-23 20:30:00+02:00,8686.693314777687,9159.0578,2095.671338101997,2121.34,10782.364652879685,11280.3978,12753.821800000002
2026-07-23 20:45:00+02:00,8522.02813782157,8836.16491,2102.462777694643,2153.704,10624.490915516213,10989.86891,11652.40191
2026-07-23 21:00:00+02:00,8091.314180275455,8938.50052,1950.709386236472,2162.486,10042.023566511927,11100.98652,11322.090519999998
2026-07-23 21:15:00+02:00,8184.525182129377,8650.72957,1958.852128956139,2100.357,10143.377311085516,10751.08657,10802.34557
2026-07-23 21:30:00+02:00,8139.812754182928,8011.30585,1973.8146884515584,2130.479,10113.627442634486,10141.78485,10148.33685
2026-07-23 21:45:00+02:00,8046.124760887784,7922.89393,1971.4787354674706,2182.047,10017.603496355254,10104.94093,10107.48593
2026-07-23 22:00:00+02:00,8761.341724258573,7942.50679,1490.8037855988505,2249.723,10252.145509857422,10192.22979,10192.61879
2026-07-23 22:15:00+02:00,8850.523611380399,8070.05744,1491.8380522997757,2167.773,10342.361663680174,10237.83044,10238.12744
2026-07-23 22:30:00+02:00,8895.691323611316,8035.52454,1498.3934491110886,2176.234,10394.084772722405,10211.75854,10211.98654
2026-07-23 22:45:00+02:00,8921.304184596103,8146.04872,1512.5047793448036,2277.802,10433.808963940906,10423.85072,10424.06172
2026-07-23 23:00:00+02:00,9041.311405608925,8120.54373,1501.7667134449584,2351.529,10543.078119053884,10472.07273,10472.29573
2026-07-23 23:15:00+02:00,9067.800008056158,8022.24068,1522.2193957720028,2409.103,10590.01940382816,10431.34368,10431.53768
2026-07-23 23:30:00+02:00,9064.506338667825,7783.21326,1522.204105703802,2477.744,10586.710444371627,10260.95726,10261.11426
2026-07-23 23:45:00+02:00,9048.446928607205,7625.68232,1524.938976077262,2692.066,10573.385904684466,10317.74832,10317.89432
2026-07-24 00:00:00+02:00,8328.458188873552,7382.76537,1264.540420959359,2784.901,9592.99860983291,10167.66637,10167.805369999998
2026-07-24 00:15:00+02:00,8318.710304717248,7183.56649,1274.3111158229322,2768.309,9593.021420540179,9951.87549,9951.99249
2026-07-24 00:30:00+02:00,8293.649250171673,7100.06499,1271.4402518242155,2539.778,9565.089501995888,9639.84299,9639.95999
2026-07-24 00:45:00+02:00,8247.01536170376,7096.86829,1257.0646505251298,2349.643,9504.08001222889,9446.51129,9446.62129
2026-07-24 01:00:00+02:00,7924.997437618682,7011.29687,1521.6942655080331,2222.006,9446.691703126715,9233.30287,9233.41187
2026-07-24 01:15:00+02:00,7903.08157286079,6819.15358,1531.7802290638465,2060.29,9434.861801924637,8879.44358,8879.557579999999
2026-07-24 01:30:00+02:00,7853.240551691486,6816.49107,1546.5781467580287,1895.171,9399.818698449515,8711.66207,8711.77507
2026-07-24 01:45:00+02:00,7791.928418466412,6751.0407,1547.7052540449786,1802.067,9339.63367251139,8553.1077,8553.218700000001
2026-07-24 02:00:00+02:00,7553.745428029073,6527.36337,1518.1860473465108,1610.165,9071.931475375584,8137.52837,8137.63337
2026-07-24 02:15:00+02:00,7536.241754328373,6337.44451,1529.6918232776786,1478.119,9065.93357760605,7815.56351,7815.66951
2026-07-24 02:30:00+02:00,7471.197065859095,6200.96738,1542.8295357082436,1414.27,9014.026601567339,7615.23738,7615.33438
2026-07-24 02:45:00+02:00,7415.473209415991,5991.45363,1534.4411745936327,1458.447,8949.914384009624,7449.90063,7449.99263
2026-07-24 03:00:00+02:00,6578.417528430992,5749.22279,1448.0281609585593,1615.282,8026.445689389551,7364.50479,7364.59079
2026-07-24 03:15:00+02:00,6542.736256008486,5606.52641,1472.3188532709673,1902.004,8015.055109279453,7508.53041,7508.612410000001
2026-07-24 03:30:00+02:00,6467.121498370145,5449.45554,1489.3845729689774,2048.821,7956.506071339122,7498.27654,7498.35954
2026-07-24 03:45:00+02:00,6435.004059888433,5262.41949,1488.7935052964654,2028.338,7923.797565184899,7290.75749,7290.84449
2026-07-24 04:00:00+02:00,5550.758347619391,5129.96283,1412.7339402557488,1942.497,6963.49228787514,7072.459830000001,7072.544830000001
2026-07-24 04:15:00+02:00,5544.848398151629,4982.6062,1431.9593426333115,2087.831,6976.8077407849405,7070.4372,7070.5172
2026-07-24 04:30:00+02:00,5574.460305642086,4877.11981,1450.2458709818438,2035.332,7024.706176623929,6912.4518100000005,6912.523810000001
2026-07-24 04:45:00+02:00,5593.286382639663,4800.9329,1480.5568761605311,1901.2,7073.843258800194,6702.1329,6702.256899999999
2026-07-24 05:00:00+02:00,4809.955867269707,4715.62369,1476.9069731687946,1785.254,6286.862840438502,6500.87769,6502.40369
2026-07-24 05:15:00+02:00,4880.423386472568,4527.64203,1515.9540707475792,1718.325,6396.377457220147,6245.96703,6263.57003
2026-07-24 05:30:00+02:00,4938.789870093509,4711.8072,1541.9998549570623,1652.51,6480.789725050572,6364.3172,6491.993200000001
2026-07-24 05:45:00+02:00,4906.617293103574,4721.66117,1539.3840789990588,1729.648,6446.0013721026335,6451.30917,6923.89617
2026-07-24 06:00:00+02:00,4527.384056927695,4439.74226,1527.855635469447,1844.319,6055.239692397143,6284.06126,7532.651260000001
2026-07-24 06:15:00+02:00,4425.534083195538,4291.58773,1512.9163247270528,1700.893,5938.450407922591,5992.48073,8272.988730000001
2026-07-24 06:30:00+02:00,4352.945992604451,4226.58299,1510.9377960202269,1543.35,5863.883788624678,5769.932989999999,9303.02299
2026-07-24 06:45:00+02:00,4232.424183162791,3960.3714,1483.6861196685688,1417.836,5716.11030283136,5378.2074,10400.5304
2026-07-24 07:00:00+02:00,3669.333527579605,3652.05695,1330.6079119430483,1253.635,4999.941439522653,4905.69195,11765.38495
2026-07-24 07:15:00+02:00,3511.5455863139614,3245.98188,1331.5356456689685,1171.064,4843.08123198293,4417.04588,13442.65188
2026-07-24 07:30:00+02:00,3307.394762207111,2870.80343,1320.6822591525636,1107.95,4628.077021359674,3978.75343,15495.90843
2026-07-24 07:45:00+02:00,3151.103363066115,2566.75122,1288.3273432321275,982.389,4439.4307062982425,3549.14022,17747.88122
2026-07-24 08:00:00+02:00,2557.7162890587297,2365.55672,1053.5399328908502,946.217,3611.25622194958,3311.77372,20386.36172
2026-07-24 08:15:00+02:00,2529.2974417701625,2120.02093,1034.0621475470837,869.935,3563.359589317246,2989.95593,23083.48093
2026-07-24 08:30:00+02:00,2475.5341771431004,2014.6289,1013.932182414446,794.401,3489.466359557546,2809.0299,25735.5429
2026-07-24 08:45:00+02:00,2503.420763813864,2088.5808,983.0837869286772,718.224,3486.504550742541,2806.8048000000003,28636.1808
2026-07-24 09:00:00+02:00,2752.1460313057155,2221.3651,960.1430373210355,702.399,3712.289068626751,2923.7641,31550.0951
2026-07-24 09:15:00+02:00,2820.8036553701495,2437.69863,940.4446109852483,730.777,3761.248266355398,3168.47563,34382.792629999996
2026-07-24 09:30:00+02:00,2926.514185835303,2688.99473,927.9425325965244,819.297,3854.4567184318275,3508.29173,36943.614729999994
2026-07-24 09:45:00+02:00,3000.529976483825,2968.27338,929.4220310027024,923.349,3929.9520074865277,3891.62238,39341.34838
2026-07-24 10:00:00+02:00,3413.4187918845278,3106.06518,923.5056776755039,1046.728,4336.924469560032,4152.793180000001,41490.54018
2026-07-24 10:15:00+02:00,3468.0166904270327,3211.65647,919.2319588695021,1140.277,4387.2486492965345,4351.93347,43683.48947
2026-07-24 10:30:00+02:00,3523.9586162855544,3402.93951,914.8623506562014,1178.28,4438.820966941756,4581.21951,45891.76051
2026-07-24 10:45:00+02:00,3577.5575014052574,3598.79897,902.8763461537964,1224.096,4480.433847559054,4822.894969999999,47868.429970000005
2026-07-24 11:00:00+02:00,3419.4650073933653,3796.79842,933.6702812910389,1169.557,4353.135288684404,4966.35542,49869.89242
2026-07-24 11:15:00+02:00,3429.603051282843,3810.61885,926.6627633629123,1180.602,4356.265814645755,4991.22085,51629.47885
2026-07-24 11:30:00+02:00,3498.2495012161776,3969.27185,923.2445831281252,1210.681,4421.494084344303,5179.95285,53570.69685
2026-07-24 11:45:00+02:00,3534.18996006929,3974.58815,914.6270114958261,1263.361,4448.816971565117,5237.94915,55178.55615
2026-07-24 12:00:00+02:00,3522.568258733789,3996.60159,882.7893263656365,1331.229,4405.357585099426,5327.8305900000005,56419.443589999995
2026-07-24 12:15:00+02:00,3578.794463168302,4011.47445,882.771539739033,1452.694,4461.566002907335,5464.16845,57824.332449999994
2026-07-24 12:30:00+02:00,3621.9284454101385,3921.10325,870.1691535348526,1545.336,4492.097598944991,5466.43925,58718.40525
2026-07-24 12:45:00+02:00,3660.1326266174533,3592.79924,826.0078799380015,1589.033,4486.1405065554545,5181.83224,59133.76123999999
2026-07-24 13:00:00+02:00,3193.4963209509256,3366.99496,1060.6740475478587,1729.545,4254.170368498784,5096.53996,59427.48296
2026-07-24 13:15:00+02:00,3215.36595413231,3239.92727,1058.7183530831692,1704.926,4274.084307215479,4944.85327,59686.95027
2026-07-24 13:30:00+02:00,3233.214422528874,3085.09848,1050.9537699335776,1715.693,4284.168192462452,4800.79148,59430.81448
2026-07-24 13:45:00+02:00,3273.0218693364286,2924.51021,1026.3089935639612,1643.288,4299.33086290039,4567.79821,59546.05321
2026-07-24 14:00:00+02:00,2497.7689042676147,2764.55942,1041.6446837847436,1849.34,3539.413588052358,4613.89942,59243.72542
2026-07-24 14:15:00+02:00,2558.073498203601,2650.53377,1030.844576817719,1934.889,3588.91807502132,4585.42277,58816.34977
2026-07-24 14:30:00+02:00,2653.6651283277456,2607.9818,1030.7101251998586,1933.217,3684.3752535276044,4541.1988,57963.8318
2026-07-24 14:45:00+02:00,2722.816787726113,2557.76388,1032.761664302656,2013.381,3755.578452028769,4571.14488,57176.59188
2026-07-24 15:00:00+02:00,2506.0984127074084,2637.69195,1422.6209186320816,2021.611,3928.71933133949,4659.30295,56406.593949999995
2026-07-24 15:15:00+02:00,2624.396415774955,2464.18057,1432.284457044397,2081.504,4056.680872819352,4545.684569999999,55016.99357
2026-07-24 15:30:00+02:00,2742.338647144246,2402.01323,1433.1894438687364,2059.161,4175.528091012982,4461.1742300000005,53420.73323
2026-07-24 15:45:00+02:00,2850.2642189790004,2458.48766,1433.1693828326734,1936.029,4283.433601811674,4394.516659999999,52020.85966
2026-07-24 16:00:00+02:00,2489.757450001085,2592.24389,1805.3566563618165,2133.599,4295.114106362902,4725.84289,50986.86989
2026-07-24 16:15:00+02:00,2631.656113485806,2813.57267,1813.3507129804443,2246.026,4445.0068264662505,5059.598669999999,49670.31167
2026-07-24 16:30:00+02:00,2662.6481086321414,2893.82105,1819.6040013907552,2267.209,4482.252110022897,5161.030049999999,47657.40705
2026-07-24 16:45:00+02:00,2785.8535086508655,2860.69839,1842.95780300183,2167.33,4628.811311652696,5028.0283899999995,44985.15939
2026-07-24 17:00:00+02:00,2285.6804488253347,2760.21551,2179.900903820479,2068.577,4465.581352645813,4828.79251,42224.72351
2026-07-24 17:15:00+02:00,2531.40246019037,2613.6395,2199.8888561770054,2050.544,4731.291316367376,4664.1835,39356.8275
2026-07-24 17:30:00+02:00,2751.3592348151865,2503.75534,2229.336661323575,2077.681,4980.695896138761,4581.43634,36183.53934
2026-07-24 17:45:00+02:00,2931.5749085328184,2353.70795,2259.240630725229,2080.059,5190.8155392580475,4433.76695,32918.97595
2026-07-24 18:00:00+02:00,2274.0601426480844,2293.4171,2467.65712461035,2060.004,4741.717267258435,4353.4211,29578.6271
2026-07-24 18:15:00+02:00,2368.16393390548,2191.69905,2460.7196149107967,2024.917,4828.883548816277,4216.6160500000005,26105.96805
2026-07-24 18:30:00+02:00,2390.917459300177,2052.03533,2462.861583035743,1950.651,4853.77904233592,4002.686330000001,22619.71133
2026-07-24 18:45:00+02:00,2370.347444229567,1864.39642,2475.8319929191875,1981.813,4846.179437148754,3846.20942,19187.20042
2026-07-24 19:00:00+02:00,1574.0454945416448,1765.32744,2667.497156688942,2017.31,4241.542651230587,3782.63744,16140.63844
2026-07-24 19:15:00+02:00,1459.8949611022433,1573.54174,2684.271193483222,2014.075,4144.166154585465,3587.61674,13251.08474
2026-07-24 19:30:00+02:00,1347.4113412698102,1426.64026,2692.3494301418273,1996.447,4039.7607714116375,3423.08726,10742.76726
2026-07-24 19:45:00+02:00,1225.1741759646695,1325.89522,2675.650314393485,2097.28,3900.8244903581544,3423.17522,8784.52022
2026-07-24 20:00:00+02:00,1128.4434004459365,1221.22785,2974.848870244543,2166.894,4103.292270690479,3388.1218499999995,7079.3628499999995
2026-07-24 20:15:00+02:00,928.2585059157053,1073.33697,2961.093486930648,2175.618,3889.3519928463534,3248.95497,5626.17597
2026-07-24 20:30:00+02:00,705.7569466597387,952.94079,2940.8257193703344,2268.599,3646.582666030073,3221.5397900000003,4559.84779
2026-07-24 20:45:00+02:00,529.7589043389321,926.07005,2941.589969087671,2332.458,3471.348873426603,3258.52805,3855.30105
2026-07-24 21:00:00+02:00,363.6114789364558,954.11753,2762.8326105139404,2334.669,3126.444089450396,3288.78653,3479.8885299999997
2026-07-24 21:15:00+02:00,446.4306053528745,955.69628,2766.962209993649,2350.048,3213.3928153465235,3305.74428,3347.8682799999997
2026-07-24 21:30:00+02:00,386.0357591948664,950.76238,2778.463942552566,2376.055,3164.4997017474325,3326.81738,3331.75838
2026-07-24 21:45:00+02:00,289.19080260142164,995.99295,2777.442699630399,2384.069,3066.633502231821,3380.06195,3381.45795
2026-07-24 22:00:00+02:00,390.2519947098243,1036.81563,2437.6148429888513,2395.791,2827.8668376986757,3432.60663,3432.91463
2026-07-24 22:15:00+02:00,474.1134159954472,1098.95083,2439.589010176025,2315.494,2913.7024261714723,3414.4448300000004,3414.6858300000004
2026-07-24 22:30:00+02:00,512.2987980858343,1172.35798,2443.848205766037,2209.889,2956.1470038518714,3382.24698,3382.4849799999997
2026-07-24 22:45:00+02:00,535.7447320911502,1319.91068,2459.7507383328193,2058.125,2995.4954704239694,3378.03568,3378.27068
2026-07-24 23:00:00+02:00,1299.520030670569,1448.33653,2447.1999457674783,1978.694,3746.7199764380475,3427.03053,3427.26353
2026-07-24 23:15:00+02:00,1331.797596400209,1524.58663,2462.286713382236,2023.707,3794.084309782445,3548.29363,3548.49363
2026-07-24 23:30:00+02:00,1325.2377527796875,1599.66714,2453.5747085906432,2142.918,3778.8124613703308,3742.58514,3742.77314
2026-07-24 23:45:00+02:00,1311.4606067042228,1735.15336,2455.3795618575687,2199.103,3766.8401685617914,3934.25636,3934.42836
2026-07-25 00:00:00+02:00,1878.0206938500687,1931.35199,2875.5414316394103,2294.345,4753.5621254894795,4225.6969899999995,4225.85099
2026-07-25 00:15:00+02:00,1862.9988148326386,2085.6809,2882.9797882770104,2419.355,4745.978603109649,4505.0359,4505.1739
2026-07-25 00:30:00+02:00,1836.2261349228795,2180.48044,2872.507980984747,2467.288,4708.734115907627,4647.76844,4647.8964399999995
2026-07-25 00:45:00+02:00,1790.0169541914577,2317.55675,2854.6408391360314,2428.305,4644.657793327489,4745.86175,4745.97775
2026-07-25 01:00:00+02:00,2729.6456026418314,2446.62445,3055.2888181623584,2449.526,5784.934420804189,4896.150449999999,4896.282449999999
2026-07-25 01:15:00+02:00,2702.2996810156806,2570.4113,3061.575778238698,2357.022,5763.875459254379,4927.433300000001,4927.546300000001
2026-07-25 01:30:00+02:00,2653.052875181022,2735.77509,3070.3525667882354,2226.467,5723.4054419692575,4962.24209,4962.36409
2026-07-25 01:45:00+02:00,2591.9205493637273,2953.42878,3068.624012856439,2178.811,5660.544562220166,5132.23978,5132.36878
2026-07-25 02:00:00+02:00,3013.0656557755274,3169.96038,2478.9225021725747,2124.052,5491.9881579481025,5294.01238,5294.1393800000005
2026-07-25 02:15:00+02:00,2990.52018518851,3297.12052,2489.115236572298,2018.995,5479.635421760808,5316.115519999999,5316.222519999999
2026-07-25 02:30:00+02:00,2924.3752085443016,3555.29919,2500.4491209032935,1919.196,5424.824329447595,5474.49519,5474.5971899999995
2026-07-25 02:45:00+02:00,2865.0256227068508,3770.46704,2490.8816831748277,1872.217,5355.907305881678,5642.68404,5642.78004
2026-07-25 03:00:00+02:00,3220.1878928190185,3916.54083,2010.532300304325,1730.425,5230.720193123343,5646.96583,5647.06283
2026-07-25 03:15:00+02:00,3179.93304261913,4086.36538,2040.3184400200464,1560.916,5220.251482639176,5647.28138,5647.37938
2026-07-25 03:30:00+02:00,3102.6446761680077,4222.95374,2059.798683976552,1422.826,5162.44336014456,5645.77974,5645.87374
2026-07-25 03:45:00+02:00,3065.569335280902,4338.11622,2059.3604249969317,1290.105,5124.929760277833,5628.221219999999,5628.31222
2026-07-25 04:00:00+02:00,3401.649063597484,4446.20145,1757.9804669393384,1160.08,5159.629530536822,5606.2814499999995,5606.370449999999
2026-07-25 04:15:00+02:00,3393.161192119035,4524.48369,1778.508613599258,1038.95,5171.669805718293,5563.43369,5563.5166899999995
2026-07-25 04:30:00+02:00,3421.59429813729,4711.56668,1796.8408376326731,997.499,5218.435135769963,5709.06568,5709.1406799999995
2026-07-25 04:45:00+02:00,3440.744212947944,5011.0672,1823.6332109167008,946.388,5264.377423864645,5957.4552,5957.8612
2026-07-25 05:00:00+02:00,3399.7690905127674,5122.0205,1777.0781573836377,939.48,5176.847247896405,6061.5005,6063.0755
2026-07-25 05:15:00+02:00,3465.239673062394,5197.72016,1813.5535745345983,975.581,5278.793247596992,6173.30116,6188.69816
2026-07-25 05:30:00+02:00,3530.3869903396503,5495.50428,1838.317632699127,1005.268,5368.704623038777,6500.77228,6613.68628
2026-07-25 05:45:00+02:00,3502.273240712331,5667.84607,1838.3662439529328,1056.496,5340.639484665264,6724.34207,7181.35607
2026-07-25 06:00:00+02:00,3490.1492169208736,5598.06278,1911.5414993673335,1145.758,5401.690716288207,6743.82078,8132.07078
2026-07-25 06:15:00+02:00,3387.942202104692,5456.83822,1888.529885341842,1335.113,5276.472087446534,6791.95122,9288.65322
2026-07-25 06:30:00+02:00,3316.5906121605926,5586.9623,1882.0893468845404,1497.908,5198.679959045133,7084.8703000000005,10932.8713
2026-07-25 06:45:00+02:00,3192.2908808374777,5553.55779,1849.6920255182422,1527.171,5041.98290635572,7080.72879,12670.41079
2026-07-25 07:00:00+02:00,2931.3000550527454,5385.29914,2596.6245027711416,1609.063,5527.924557823887,6994.36214,14685.03314
2026-07-25 07:15:00+02:00,2741.548867441781,5117.76905,2596.152578785436,1728.52,5337.701446227217,6846.289049999999,16977.28305
2026-07-25 07:30:00+02:00,2488.018447042427,4790.24881,2585.885140694212,1841.094,5073.903587736639,6631.34281,19579.49681
2026-07-25 07:45:00+02:00,2330.9804541513904,4401.25755,2552.94307914583,1930.121,4883.92353329722,6331.37855,22423.09155
2026-07-25 08:00:00+02:00,2604.9020543642023,3978.77706,3336.468288811686,2016.42,5941.370343175888,5995.19706,25381.882060000004
2026-07-25 08:15:00+02:00,2507.883498627968,3467.10969,3323.064651004908,2134.715,5830.948149632875,5601.8246899999995,28379.83769
2026-07-25 08:30:00+02:00,2483.618709150097,3012.53666,3317.330181117455,2225.471,5800.948890267552,5238.00766,31330.74866
2026-07-25 08:45:00+02:00,2510.143432757297,2701.51189,3289.1621847445235,2288.423,5799.305617501821,4989.93489,34495.60289
2026-07-25 09:00:00+02:00,2273.914632793971,2653.51402,3457.048105510852,2443.637,5730.962738304823,5097.15102,38029.616019999994
2026-07-25 09:15:00+02:00,2345.69428139218,2353.85873,3428.3624220689844,2415.723,5774.056703461165,4769.58173,40605.32173
2026-07-25 09:30:00+02:00,2446.1166921559766,2088.49857,3417.317177058634,2336.749,5863.43386921461,4425.2475699999995,42572.26357
2026-07-25 09:45:00+02:00,2518.581941953181,2211.58897,3414.6037563550653,2421.62,5933.185698308246,4633.20897,45308.33897
2026-07-25 10:00:00+02:00,3918.5339834454608,2351.69992,3685.163368030663,1514.419,7603.697351476124,3866.11892,45635.14492
2026-07-25 10:15:00+02:00,3968.136244530215,2542.31109,3680.4088918596863,1594.617,7648.545136389901,4136.92809,47234.713090000005
2026-07-25 10:30:00+02:00,4027.2994757911,2668.94396,3670.597901394296,1701.675,7697.897377185396,4370.61896,48799.62796
2026-07-25 10:45:00+02:00,4077.889704312296,2847.46032,3657.2458936693065,1513.063,7735.135597981603,4360.52332,50107.10332
2026-07-25 11:00:00+02:00,4869.720506564654,3040.78537,3474.1691913136065,1701.039,8343.889697878261,4741.82437,52053.18337
2026-07-25 11:15:00+02:00,4884.809840937428,3125.17431,3465.0030901003443,1711.521,8349.812931037772,4836.69531,53305.044310000005
2026-07-25 11:30:00+02:00,4955.779545502477,3221.18561,3457.8122690331434,1417.682,8413.59181453562,4638.86761,54058.07261
2026-07-25 11:45:00+02:00,4994.125643983483,3212.11717,3445.745251536945,1301.773,8439.870895520427,4513.89017,54755.02217
2026-07-25 12:00:00+02:00,5265.693064775716,3330.16996,3331.816699861343,1302.705,8597.50976463706,4632.87496,55159.08696
2026-07-25 12:15:00+02:00,5324.9450674510335,3447.76057,3332.591258555891,1419.869,8657.536326006924,4867.62957,56128.78757
2026-07-25 12:30:00+02:00,5371.328848781675,3656.28615,3325.1381168304993,1324.21,8696.466965612175,4980.49615,55960.41215
2026-07-25 12:45:00+02:00,5417.949425985688,3668.5632,3283.097064547448,1348.37,8701.046490533136,5016.9331999999995,55949.6732
2026-07-25 13:00:00+02:00,7237.34166873095,3860.49517,3229.513696469465,1417.675,10466.855365200416,5278.17017,55814.72517
2026-07-25 13:15:00+02:00,7251.141610454668,3943.50391,3225.3085529640043,1552.124,10476.450163418673,5495.62791,55862.74891
2026-07-25 13:30:00+02:00,7271.288609506684,4103.15493,3212.1777132944553,1614.719,10483.46632280114,5717.87393,55619.319930000005
2026-07-25 13:45:00+02:00,7311.514884936856,4218.87193,3186.849881187586,1715.973,10498.364766124443,5934.84493,55347.30393
2026-07-25 14:00:00+02:00,7357.280466347468,4466.20386,3177.369740552611,1802.504,10534.650206900078,6268.7078599999995,55836.22486
2026-07-25 14:15:00+02:00,7415.739270262302,4690.69188,3157.089553328441,1835.215,10572.828823590742,6525.9068800000005,55227.89888
2026-07-25 14:30:00+02:00,7503.750765898262,5077.16439,3153.9352343292976,1897.102,10657.68600022756,6974.26639,54957.27639
2026-07-25 14:45:00+02:00,7574.391781439919,5248.50033,3154.4191766162403,1926.926,10728.81095805616,7175.42633,54368.58833
2026-07-25 15:00:00+02:00,7761.258233491013,5305.27896,3357.554099873928,1964.479,11118.812333364942,7269.75796,52941.53996
2026-07-25 15:15:00+02:00,7880.614727455859,5334.20281,3381.004486771639,2052.957,11261.619214227498,7387.159809999999,52081.88781
2026-07-25 15:30:00+02:00,8015.561533536141,5477.2602,3383.463554912309,2513.517,11399.02508844845,7990.7772,50868.6102
2026-07-25 15:45:00+02:00,8144.576092780946,5560.82026,3382.500347837392,2749.589,11527.076440618337,8310.40926,49518.26626
2026-07-25 16:00:00+02:00,6658.889531063339,6019.54206,3467.6913626476517,2812.144,10126.58089371099,8831.68606,48190.21106
2026-07-25 16:15:00+02:00,6890.617245666426,6286.40321,3475.3043527733807,3311.064,10365.921598439807,9597.46721,46594.66221
2026-07-25 16:30:00+02:00,7033.21496885738,6504.69738,3477.226808266192,3568.932,10510.441777123571,10073.629379999998,44689.53338
2026-07-25 16:45:00+02:00,7199.191075272236,6943.75284,3499.2844378743707,3995.704,10698.475513146606,10939.45684,44328.69984
2026-07-25 17:00:00+02:00,7129.715539274123,8056.0804,4088.0739476525605,5318.616,11217.789486926684,13374.6964,46720.6864
2026-07-25 17:15:00+02:00,7373.513416166078,8512.72562,4131.959148959117,5438.126,11505.472565125194,13950.85162,44985.16262
2026-07-25 17:30:00+02:00,7691.791459829253,9311.79868,4167.312092092338,5583.405,11859.103551921591,14895.20368,43372.450679999994
2026-07-25 17:45:00+02:00,7862.828289569869,10177.87318,4196.922028465021,6000.645,12059.75031803489,16178.51818,42142.62118
2026-07-25 18:00:00+02:00,7780.507915002554,10106.29522,4329.352157223072,6256.403,12109.860072225627,16362.69822,39242.93822
2026-07-25 18:15:00+02:00,7866.376171314613,9895.75563,4319.140632443241,6261.687,12185.516803757855,16157.44263,35849.93363
2026-07-25 18:30:00+02:00,7879.923644949397,9585.4451,4313.525830735087,6254.059,12193.449475684483,15839.504100000002,32431.3531
2026-07-25 18:45:00+02:00,7859.32890322481,9124.40726,4319.6992369288455,6276.275,12179.028140153656,15400.68226,29072.74026
2026-07-25 19:00:00+02:00,7473.422323385606,8830.20967,4509.6017680453715,6318.108,11983.024091430978,15148.31767,26043.794670000003
2026-07-25 19:15:00+02:00,7347.523040818669,8947.81012,4526.2923149533,6327.444,11873.815355771969,15275.25412,23721.12812
2026-07-25 19:30:00+02:00,7206.0540239581305,8778.58132,4533.514707374015,6128.374,11739.568731332147,14906.95532,21292.29132
2026-07-25 19:45:00+02:00,7056.832759130715,8533.53894,4514.087921910389,5900.713,11570.920681041105,14434.25194,19064.83194
2026-07-25 20:00:00+02:00,6250.380836733008,8262.52343,4997.502200120314,5850.892,11247.883036853324,14113.41543,17310.90743
2026-07-25 20:15:00+02:00,6020.573191687146,7605.50409,4982.147394390575,5635.472,11002.720586077721,13240.97609,15289.63709
2026-07-25 20:30:00+02:00,5780.124440879315,7083.20279,4962.465223122694,5454.219,10742.58966400201,12537.42179,13677.97779
2026-07-25 20:45:00+02:00,5595.567584353105,7094.77662,4962.9631001296075,5327.106,10558.530684482714,12421.88262,12921.87762
2026-07-25 21:00:00+02:00,4826.872964525799,6858.6278,5057.101394704122,5126.528,9883.97435922992,11985.1558,12153.0508
2026-07-25 21:15:00+02:00,4897.547212891336,6474.78662,5059.462642005802,5108.772,9957.009854897138,11583.55862,11623.40562
2026-07-25 21:30:00+02:00,4819.408759400265,5805.12178,5070.646082817329,5102.671,9890.054842217594,10907.79278,10911.05678
2026-07-25 21:45:00+02:00,4720.957515906573,5864.30259,5071.405302560573,4670.559,9792.362818467145,10534.86159,10536.23659
2026-07-25 22:00:00+02:00,4578.6366298735475,5785.04809,5043.123392918407,4425.278,9621.760022791954,10210.32609,10210.64209
2026-07-25 22:15:00+02:00,4663.290887851267,5679.41495,5043.38592626695,4327.205,9706.676814118218,10006.61995,10006.88395
2026-07-25 22:30:00+02:00,4698.53332346029,5744.70665,5044.898101033125,4147.27,9743.431424493416,9891.97665,9892.21465
2026-07-25 22:45:00+02:00,4726.438168526766,5871.63509,5061.65653145645,3687.516,9788.094699983216,9559.15109,9559.352089999998
2026-07-25 23:00:00+02:00,5659.572519558966,5956.37612,4660.495312095747,3364.248,10320.067831654713,9320.62412,9320.86312
2026-07-25 23:15:00+02:00,5686.436741161891,6086.17471,4677.309437041937,2898.923,10363.746178203828,8985.09771,8985.29371
2026-07-25 23:30:00+02:00,5673.529862489865,6227.19657,4673.235402194441,2421.16,10346.765264684305,8648.35657,8648.52557
2026-07-25 23:45:00+02:00,5655.721328838265,6393.20141,4683.339234296068,2075.326,10339.060563134333,8468.527409999999,8468.69041
2026-07-26 00:00:00+02:00,7301.023176599856,6280.56517,3501.308144433555,1869.336,10802.33132103341,8149.90117,8150.04717
2026-07-26 00:15:00+02:00,7291.904674456912,5934.75968,3513.3812396596873,1745.611,10805.285914116599,7680.37068,7680.51568
2026-07-26 00:30:00+02:00,7272.240970795118,5543.33839,3505.544844913212,1682.986,10777.78581570833,7226.32439,7226.46239
2026-07-26 00:45:00+02:00,7233.021097741569,5225.18226,3488.882890963734,1655.941,10721.903988705304,6881.123259999999,6881.2352599999995
2026-07-26 01:00:00+02:00,7484.465175978635,4981.18273,3067.165059677506,1646.138,10551.630235656141,6627.32073,6627.429730000001
2026-07-26 01:15:00+02:00,7462.570890032008,4808.65861,3068.838383851551,1608.03,10531.409273883559,6416.68861,6416.78461
2026-07-26 01:30:00+02:00,7421.048311817563,4584.34793,3073.3049064701386,1561.615,10494.353218287702,6145.96293,6146.04893
2026-07-26 01:45:00+02:00,7369.196557095115,4451.95829,3070.9758453056916,1498.342,10440.172402400807,5950.300289999999,5950.385289999999
2026-07-26 02:00:00+02:00,7287.430114890481,4384.54477,2314.721962469806,1474.218,9602.152077360286,5858.76277,5858.84677
2026-07-26 02:15:00+02:00,7269.712491727155,4358.27044,2321.7637731768928,1350.379,9591.476264904048,5708.64944,5708.72644
2026-07-26 02:30:00+02:00,7212.3096239872175,4412.47011,2333.0851060106907,1266.791,9545.394729997908,5679.26111,5679.338110000001
2026-07-26 02:45:00+02:00,7160.600660992174,4606.1005,2322.5616762919103,1205.027,9483.162337284084,5811.1275,5811.211499999999
2026-07-26 03:00:00+02:00,8014.20774976009,4807.91394,1828.692751696915,1138.652,9842.900501457005,5946.56594,5946.647940000001
2026-07-26 03:15:00+02:00,7978.421497528171,5144.55641,1854.0189763208227,1250.309,9832.440473848994,6394.86541,6394.969410000001
2026-07-26 03:30:00+02:00,7907.509710205355,5369.114,1870.1031099622476,1287.446,9777.612820167602,6656.5599999999995,6656.663
2026-07-26 03:45:00+02:00,7874.26914038831,5560.22795,1864.2215461323326,1218.302,9738.490686520643,6778.52995,6778.61195
2026-07-26 04:00:00+02:00,7253.4185107544545,5940.93944,1669.4605651586735,1129.711,8922.879075913128,7070.65044,7070.74244
2026-07-26 04:15:00+02:00,7245.126171361746,6262.1408,1685.760808430999,1037.954,8930.886979792745,7300.0948,7300.1688
2026-07-26 04:30:00+02:00,7274.86089434188,6642.11805,1701.486351091167,1022.464,8976.347245433048,7664.58205,7664.65305
2026-07-26 04:45:00+02:00,7298.930746886584,7156.34022,1722.4699763214387,949.459,9021.400723208022,8105.79922,8105.87922
2026-07-26 05:00:00+02:00,7540.286541061503,7511.64949,1843.3266387687568,952.231,9383.61317983026,8463.88049,8464.76549
2026-07-26 05:15:00+02:00,7603.050682027624,7735.80705,1877.6140397676284,911.278,9480.664721795252,8647.08505,8653.510049999999
2026-07-26 05:30:00+02:00,7671.134886804649,8242.61306,1901.6094077656164,927.489,9572.744294570266,9170.10206,9234.23806
2026-07-26 05:45:00+02:00,7645.2665146248055,8583.76925,1899.350022566565,988.848,9544.61653719137,9572.61725,9863.17625
2026-07-26 06:00:00+02:00,8238.436823305976,8915.01691,1707.907999330179,1000.188,9946.344822636154,9915.20491,10720.06791
2026-07-26 06:15:00+02:00,8133.754731643211,9026.6931,1695.605169175005,1086.681,9829.359900818215,10113.3741,11653.6751
2026-07-26 06:30:00+02:00,8065.135455622369,9028.52347,1690.2461842110397,1168.454,9755.38163983341,10196.97747,12614.42347
2026-07-26 06:45:00+02:00,7940.6209630316225,8981.46139,1664.0779738873102,1186.017,9604.698936918932,10167.47839,13626.12039
2026-07-26 07:00:00+02:00,8700.06603956133,8883.32064,1644.4834263781395,1121.797,10344.54946593947,10005.11764,14724.61864
2026-07-26 07:15:00+02:00,8535.050996720121,8708.57934,1648.5962390873767,1163.006,10183.647235807499,9871.58534,16038.28534
2026-07-26 07:30:00+02:00,8309.255774721187,8447.20237,1636.355468134277,1196.453,9945.611242855464,9643.65537,17436.665370000002
2026-07-26 07:45:00+02:00,8134.842132456011,8215.29887,1607.5741192677765,1105.011,9742.416251723787,9320.30987,18975.17987
2026-07-26 08:00:00+02:00,7231.665418588246,7965.80903,1734.9346778494178,992.82,8966.600096437664,8958.62903,20666.85103
2026-07-26 08:15:00+02:00,7070.962444818625,7723.78256,1724.7732056856357,989.306,8795.73565050426,8713.08856,22589.95556
2026-07-26 08:30:00+02:00,7012.855162464272,7430.70063,1751.3998753909293,958.23,8764.255037855202,8388.93063,24547.290630000003
2026-07-26 08:45:00+02:00,7041.935920521237,7330.05406,1723.5169607177609,990.748,8765.452881238998,8320.80206,26753.918060000004
2026-07-26 09:00:00+02:00,7159.519699362454,7636.38391,2020.93280435346,1057.706,9180.452503715915,8694.089909999999,29047.12091
2026-07-26 09:15:00+02:00,7235.374736304522,7797.67181,1984.2612417348619,1078.399,9219.635978039383,8876.07081,31011.99781
2026-07-26 09:30:00+02:00,7339.156788845358,8202.57363,1975.637004888744,1105.906,9314.793793734103,9308.479630000002,33291.40963
2026-07-26 09:45:00+02:00,7417.247010525249,8929.47684,1976.001314578452,1136.548,9393.248325103701,10066.02484,35731.07184
2026-07-26 10:00:00+02:00,7794.849463309604,8743.73294,2038.3207878263747,1131.617,9833.17025113598,9875.34994,36909.57294
2026-07-26 10:15:00+02:00,7843.226884488332,9335.92582,2035.429470576727,1236.08,9878.656355065059,10572.00582,39265.38482
2026-07-26 10:30:00+02:00,7903.4529543605595,9047.55634,2026.3019796254973,1213.343,9929.754933986056,10260.89934,40224.83334
2026-07-26 10:45:00+02:00,7954.190706229125,9850.23607,2012.5020488770756,1229.474,9966.6927551062,11079.71007,42182.13107
2026-07-26 11:00:00+02:00,8280.531972226934,9523.39187,2289.4068964891294,1362.177,10569.938868716064,10885.56887,42443.04887
2026-07-26 11:15:00+02:00,8291.440601304615,9680.31989,2279.3257695983607,1364.096,10570.766370902977,11044.41589,43829.12589
2026-07-26 11:30:00+02:00,8359.943389738037,9629.82679,2271.833793591957,1341.579,10631.777183329994,10971.40579,44213.66779
2026-07-26 11:45:00+02:00,8394.443075194364,9596.58484,2260.803676773352,1508.525,10655.246751967716,11105.10984,44578.271839999994
2026-07-26 12:00:00+02:00,10435.198806724306,10182.49867,2331.6993181373123,2042.328,12766.898124861618,12224.82667,46055.72767
2026-07-26 12:15:00+02:00,10491.325211482505,10378.99308,2333.2640093442724,2388.257,12824.589220826776,12767.25008,46760.28208
2026-07-26 12:30:00+02:00,10529.909153929479,10402.45402,2327.3502717174492,2436.72,12857.259425646927,12839.17402,46681.45702
2026-07-26 12:45:00+02:00,10564.125295808928,10897.24469,2288.7161047841137,2581.125,12852.841400593043,13478.36969,46784.43069
2026-07-26 13:00:00+02:00,11027.378185415462,10962.63819,2196.0759553042762,2666.83,13223.45414071974,13629.46819,46897.99419
2026-07-26 13:15:00+02:00,11032.750640322998,11593.09968,2191.350929788763,2877.741,13224.101570111761,14470.84068,47617.50968
2026-07-26 13:30:00+02:00,11047.173132289994,12217.80621,2177.083958805617,3334.29,13224.257091095611,15552.09621,48001.20421
2026-07-26 13:45:00+02:00,11081.319106489713,12719.67268,2150.2166422554283,3657.289,13231.53574874514,16376.96168,47922.56268
2026-07-26 14:00:00+02:00,12982.92268732672,12884.49891,1961.810835121735,3897.727,14944.733522448454,16782.22591,47548.34691
2026-07-26 14:15:00+02:00,13037.885633086771,12748.64127,1943.5046037064928,4068.918,14981.390236793264,16817.55927,46789.90527
2026-07-26 14:30:00+02:00,13121.019147056875,13229.7716,1938.9932100024753,4086.506,15060.01235705935,17316.2776,46395.5196
2026-07-26 14:45:00+02:00,13188.044519193385,13816.81731,1940.4637888981035,4291.255,15128.508308091488,18108.07231,46194.87431
2026-07-26 15:00:00+02:00,14700.475625377434,14263.34001,2224.173233898233,4516.283,16924.648859275665,18779.62301,45914.297009999995
2026-07-26 15:15:00+02:00,14812.114011364756,14648.41576,2220.0987006984537,4603.044,17032.21271206321,19251.45976,45310.64576
2026-07-26 15:30:00+02:00,14938.345892991572,14677.18097,2209.832358915672,4479.328,17148.178251907244,19156.50897,44116.18797
2026-07-26 15:45:00+02:00,15062.940477501583,15062.32353,2203.701386754187,4173.99,17266.64186425577,19236.31353,43520.88953
2026-07-26 16:00:00+02:00,15952.955461630469,15053.30902,2577.6146559492486,3869.554,18530.57011757972,18922.86302,42684.55502
2026-07-26 16:15:00+02:00,16469.389757808898,15870.49158,2586.3949996656643,3947.245,19055.78475747456,19817.73658,42198.45758
2026-07-26 16:30:00+02:00,16708.787782853895,15842.2807,2604.5175576242095,4022.598,19313.305340478106,19864.8787,41291.8997
2026-07-26 16:45:00+02:00,16838.773276648615,16834.67908,2620.1258678610793,4291.051,19458.899144509694,21125.73008,41500.165080000006
2026-07-26 17:00:00+02:00,16696.56191282302,18517.76934,2617.051815339613,4279.425,19313.613728162632,22797.19434,42039.06333999999
2026-07-26 17:15:00+02:00,16974.44706435737,19479.43707,2642.3618084739874,4568.392,19616.808872831356,24047.82907,42151.57807
2026-07-26 17:30:00+02:00,17304.81059941312,20196.26223,2664.1070347952746,4415.082,19968.917634208392,24611.34423,41247.682230000006
2026-07-26 17:45:00+02:00,17465.556881966157,21498.02601,2694.222602568159,4444.811,20159.779484534316,25942.837010000003,40965.828010000005
2026-07-26 18:00:00+02:00,16785.763673528014,22117.74345,2344.56926814296,5042.035,19130.332941670975,27159.77845,40480.25945
2026-07-26 18:15:00+02:00,16863.26038176082,23766.37227,2332.5376535447726,4640.187,19195.798035305594,28406.55927,40093.49427
2026-07-26 18:30:00+02:00,16865.5671309226,24540.7768,2324.059333057929,4387.233,19189.62646398053,28928.0098,38937.6768
2026-07-26 18:45:00+02:00,16834.119056303225,24509.41486,2330.428438692808,4271.243,19164.547494996033,28780.65786,37288.06686
2026-07-26 19:00:00+02:00,16053.717974665973,24592.45727,1897.9907347586395,4621.089,17951.708709424613,29213.54627,36260.69727
2026-07-26 19:15:00+02:00,15916.489368670753,24329.27397,1913.8003932796717,4735.608,17830.289761950426,29064.88197,34612.45697
2026-07-26 19:30:00+02:00,15756.392725551683,24135.0873,1919.0673442161838,4850.398,17675.460069767865,28985.4853,33204.6773
2026-07-26 19:45:00+02:00,15597.423251635515,23267.57681,1902.7596435845605,4806.351,17500.182895220074,28073.927809999997,31220.387809999997
2026-07-26 20:00:00+02:00,16455.734458379877,22601.33634,2474.3024029021412,5051.209,18930.036861282017,27652.54534,29872.21234
2026-07-26 20:15:00+02:00,16178.819112375468,21966.35455,2458.8039135588656,5091.536,18637.623025934332,27057.89055,28469.62255
2026-07-26 20:30:00+02:00,15930.13079334703,21710.49614,2442.4096954152815,4957.584,18372.54048876231,26668.08014,27435.89014
2026-07-26 20:45:00+02:00,15725.741157261595,21630.5589,2444.439319553028,4827.572,18170.18047681462,26458.1309,26765.0459
2026-07-26 21:00:00+02:00,18091.252170135984,21789.43544,3268.7965666781333,4889.861,21360.04873681412,26679.29644,26762.032440000003
2026-07-26 21:15:00+02:00,18140.419083414356,21743.62798,3272.5998763411003,4967.625,21413.018959755456,26711.25298,26726.03598
2026-07-26 21:30:00+02:00,18044.828694393385,21326.65571,3285.186807017569,5294.305,21330.015501410955,26620.96071,26623.15871
2026-07-26 21:45:00+02:00,17939.567221689118,21457.30206,3284.3447518988564,5243.181,21223.911973587976,26700.48306,26701.24406
2026-07-26 22:00:00+02:00,18815.577975877364,21421.4928,4351.3192171308065,5340.191,23166.89719300817,26761.6838,26761.9288
2026-07-26 22:15:00+02:00,18896.011516714385,21815.08399,4348.560664552389,5229.856,23244.572181266776,27044.93999,27045.15099
2026-07-26 22:30:00+02:00,18930.193925813066,22362.2468,4347.352339633518,5117.25,23277.546265446585,27479.4968,27479.6888
2026-07-26 22:45:00+02:00,18959.344728776978,22884.9474,4358.925924218918,5285.391,23318.270652995896,28170.3384,28170.5204
2026-07-26 23:00:00+02:00,22554.769022059507,23788.84634,5407.28092471322,5504.871,27962.049946772728,29293.71734,29293.90734
2026-07-26 23:15:00+02:00,22586.051802503476,24698.96881,5425.412037514862,5775.922,28011.46384001834,30474.890809999997,30475.060809999995
2026-07-26 23:30:00+02:00,22580.912824425788,25232.71192,5424.201709929332,6080.394,28005.114534355118,31313.10592,31313.25792
2026-07-26 23:45:00+02:00,22570.333130406896,25436.30422,5435.781354001945,6146.582,28006.11448440884,31582.88622,31583.02722
2026-07-27 00:00:00+02:00,28482.633470807436,25715.52921,6303.04519952457,6020.235,34785.678670332,31735.76421,31735.88821
2026-07-27 00:15:00+02:00,28471.022211357336,26137.2068,6312.360004552423,6206.812,34783.38221590976,32344.0188,32344.136799999997
2026-07-27 00:30:00+02:00,28446.07821199179,26852.96946,6304.630442095255,6431.096,34750.708654087044,33284.06546,33284.18546
2026-07-27 00:45:00+02:00,28403.122231353336,27135.67113,6289.436053345864,6449.785,34692.558284699204,33585.45613,33585.57613
2026-07-27 01:00:00+02:00,30993.0814864023,26589.41534,6646.276425299697,6098.168,37639.357911702,32687.583339999997,32687.702339999996
2026-07-27 01:15:00+02:00,30973.439564552024,26064.53298,6648.126511448203,6341.206,37621.56607600023,32405.73898,32405.85998
2026-07-27 01:30:00+02:00,30930.798721595133,25854.98629,6651.489704131181,6388.962,37582.288425726314,32243.94829,32244.05329
2026-07-27 01:45:00+02:00,30878.227188756362,25547.079,6648.987639926556,6471.324,37527.21482868292,32018.403,32018.500000000004
2026-07-27 02:00:00+02:00,29128.03512005088,25301.15953,6696.920853909853,6375.114,35824.955973960736,31676.27353,31676.37553
2026-07-27 02:15:00+02:00,29110.164352121148,25260.97447,6698.9912184344785,6331.36,35809.155570555624,31592.33447,31592.430470000003
2026-07-27 02:30:00+02:00,29055.736673704454,25365.16682,6707.249151227583,6299.892,35762.98582493204,31665.05882,31665.14482
2026-07-27 02:45:00+02:00,29012.34330463272,25114.4407,6694.1399168493745,6238.362,35706.48322148209,31352.8027,31352.8807
2026-07-27 03:00:00+02:00,26989.402665722217,24656.59179,6739.692381733905,6110.865,33729.095047456125,30767.456789999997,30767.539789999995
2026-07-27 03:15:00+02:00,26966.03758592865,24359.46128,6766.782793509881,5976.181,33732.82037943853,30335.64228,30335.71928
2026-07-27 03:30:00+02:00,26905.705265477947,24098.85646,6782.3367998763115,5819.626,33688.04206535426,29918.48246,29918.55246
2026-07-27 03:45:00+02:00,26877.57986470075,23482.23498,6770.916519378729,5758.265,33648.49638407948,29240.49998,29240.56698
2026-07-27 04:00:00+02:00,26650.523690622274,23134.46629,6784.440781691418,5512.124,33434.964472313695,28646.59029,28646.66329
2026-07-27 04:15:00+02:00,26645.859125118244,22810.32403,6797.3970234465,5352.572,33443.256148564746,28162.89603,28162.96603
2026-07-27 04:30:00+02:00,26678.435371803833,22591.53901,6812.265550538135,5250.94,33490.700922341966,27842.47901,27842.54501
2026-07-27 04:45:00+02:00,26711.50723017861,22568.99662,6830.468651771708,4980.486,33541.97588195032,27549.48262,27549.54862
2026-07-27 05:00:00+02:00,25380.95435391245,22534.9711,6709.717199333383,5604.73,32090.671553245833,28139.7011,28140.123099999997
2026-07-27 05:15:00+02:00,25446.88009674347,22623.53943,6741.899872735133,5626.373,32188.7799694786,28249.91243,28252.35243
2026-07-27 05:30:00+02:00,25529.23682088118,22632.69823,6762.812502543979,5483.089,32292.049323425155,28115.78723,28142.827230000003
2026-07-27 05:45:00+02:00,25519.115131213417,22293.31944,6759.120308010823,5256.889,32278.23543922424,27550.20844,27709.453439999997
2026-07-27 06:00:00+02:00,24357.816515485276,22352.02511,6358.357975514497,5586.799,30716.174490999772,27938.82411,28490.58011
2026-07-27 06:15:00+02:00,24262.91052046705,21880.58951,6347.431102356374,5409.85,30610.341622823424,27290.439510000004,28469.362510000003
2026-07-27 06:30:00+02:00,24200.440659410564,21420.66079,6342.416910075776,5222.17,30542.85756948634,26642.83079,28627.88879
2026-07-27 06:45:00+02:00,24085.20133654868,20941.12445,6315.26697812113,4760.708,30400.468314669808,25701.83245,28643.577449999997
2026-07-27 07:00:00+02:00,20472.219852275448,20269.98216,5858.597255350769,4841.628,26330.817107626215,25111.61016,29223.49216
2026-07-27 07:15:00+02:00,20254.17310957413,19629.99239,5861.464635655366,4691.634,26115.6377452295,24321.62639,29824.29339
2026-07-27 07:30:00+02:00,20069.87908846797,18937.93328,5846.521987144205,4554.707,25916.401075612175,23492.64028,30696.56528
2026-07-27 07:45:00+02:00,19922.244642513717,18560.9009,5809.338162158616,4581.092,25731.582804672333,23141.9929,32097.8019
2026-07-27 08:00:00+02:00,19523.645112995066,18039.54674,4685.677836740922,4725.348,24209.322949735986,22764.894740000003,33376.112740000004
2026-07-27 08:15:00+02:00,19479.715793892698,17869.78064,4674.271465133897,4640.144,24153.987259026595,22509.92464,34989.90064
2026-07-27 08:30:00+02:00,19433.74936049562,17865.23389,4686.557030440437,4490.697,24120.306390936057,22355.93089,36577.93389
2026-07-27 08:45:00+02:00,19462.04453047555,17803.06114,4660.0888615100785,4278.474,24122.133391985626,22081.53514,38354.27114
2026-07-27 09:00:00+02:00,19949.97096509219,18045.67699,3822.711482473786,3720.934,23772.682447565978,21766.61099,40275.19099
2026-07-27 09:15:00+02:00,20019.716517520123,18355.6201,3787.4244371008776,3522.478,23807.140954621,21878.0981,42573.0081
2026-07-27 09:30:00+02:00,20117.5442426902,18341.02948,3780.2993081487966,3476.311,23897.843550838996,21817.340480000003,44906.28348
2026-07-27 09:45:00+02:00,20199.493962831602,18366.94498,3785.0957355759847,3346.184,23984.589698407588,21713.12898,46715.78998
2026-07-27 10:00:00+02:00,19291.091521530907,18488.37451,3378.7599895103335,2185.763,22669.85151104124,20674.13751,47831.66551
2026-07-27 10:15:00+02:00,19345.048757149547,18384.26183,3380.21668251545,2009.652,22725.265439664996,20393.91383,49344.69783
2026-07-27 10:30:00+02:00,19409.15080699825,18488.8062,3375.900424780411,2103.458,22785.05123177866,20592.2642,51184.99219999999
2026-07-27 10:45:00+02:00,19462.585280583848,18524.19855,3354.9052698721307,2186.867,22817.49055045598,20711.06555,52890.32255
2026-07-27 11:00:00+02:00,17976.237420800677,18527.10756,3014.572545036945,2726.146,20990.809965837623,21253.25356,54461.91256
2026-07-27 11:15:00+02:00,17987.729074457045,18815.93991,3005.2422461844208,3199.078,20992.971320641467,22015.01791,56228.98791
2026-07-27 11:30:00+02:00,18054.02666787366,18946.3406,2989.1595545092064,3367.473,21043.186222382865,22313.8136,57259.9996
2026-07-27 11:45:00+02:00,18086.400427484703,18639.74153,2973.953767246375,3541.402,21060.354194731077,22181.14353,57935.20353
2026-07-27 12:00:00+02:00,17654.65268326382,18548.32691,2592.1467397265224,4040.372,20246.79942299034,22588.69891,58956.62791
2026-07-27 12:15:00+02:00,17707.533831758647,18848.92825,2592.641649840524,4060.116,20300.17548159917,22909.04425,59449.10225
2026-07-27 12:30:00+02:00,17745.12101479475,19095.34755,2581.6658491206144,4091.271,20326.786863915364,23186.61855,60232.33755
2026-07-27 12:45:00+02:00,17774.46955319076,19281.67661,2540.772072707425,4094.848,20315.241625898187,23376.52461,60415.40661
2026-07-27 13:00:00+02:00,17281.163802240597,19407.97736,2663.818617756852,4017.827,19944.98241999745,23425.80436,60269.65436
2026-07-27 13:15:00+02:00,17284.55095221724,20169.84635,2661.075862739441,4027.447,19945.626814956682,24197.29335,60757.71635
2026-07-27 13:30:00+02:00,17297.67230262928,20400.95544,2644.7360491035583,4080.376,19942.408351732836,24481.33144,60880.917440000005
2026-07-27 13:45:00+02:00,17327.494531276716,20577.71344,2613.2922080140665,4132.723,19940.786739290783,24710.43644,61030.12044
2026-07-27 14:00:00+02:00,17544.08461359478,20820.6524,2698.4708020596963,4087.843,20242.555415654475,24908.4954,61045.7684
2026-07-27 14:15:00+02:00,17597.840237233166,20819.62093,2688.659517730388,4180.584,20286.499754963552,25000.20493,60517.17493
2026-07-27 14:30:00+02:00,17681.2600976311,20910.58245,2695.5820958612853,4264.858,20376.842193492386,25175.44045,60268.32645
2026-07-27 14:45:00+02:00,17757.016880381503,20967.4755,2708.052370669169,4294.861,20465.06925105067,25262.3365,59855.735499999995
2026-07-27 15:00:00+02:00,19370.839232720282,20553.0174,2804.9875639587153,4103.271,22175.826796678997,24656.2884,58881.8394
2026-07-27 15:15:00+02:00,19483.234226117303,20530.0904,2825.382404586376,4055.527,22308.61663070368,24585.617400000003,58291.841400000005
2026-07-27 15:30:00+02:00,19622.727246238173,21108.73207,2832.450590373777,3970.185,22455.17783661195,25078.91707,57551.73807
2026-07-27 15:45:00+02:00,19738.367923851136,20805.27932,2833.7350510258716,3946.065,22572.10297487701,24751.34432,56194.59332
2026-07-27 16:00:00+02:00,19403.18036215513,20992.44431,2567.3772725104614,3906.246,21970.55763466559,24898.69031,55573.16931
2026-07-27 16:15:00+02:00,19726.131232505682,21205.3894,2589.661297792016,3785.431,22315.7925302977,24990.8204,54519.917400000006
2026-07-27 16:30:00+02:00,20257.235472725402,21825.84277,2608.9559122977485,3703.89,22866.19138502315,25529.73277,53424.427769999995
2026-07-27 16:45:00+02:00,20427.044543365595,21638.93596,2630.0474768146305,3761.121,23057.092020180226,25400.05696,52034.293959999995
2026-07-27 17:00:00+02:00,21632.730537417727,22247.27804,2728.664930221854,3506.194,24361.39546763958,25753.47204,50732.499039999995
2026-07-27 17:15:00+02:00,21923.608464448986,22226.5908,2761.2122088901206,3437.778,24684.820673339105,25664.3688,49017.9078
2026-07-27 17:30:00+02:00,22167.504060752053,21882.40935,2787.943759082126,3497.244,24955.44781983418,25379.65335,46720.502349999995
2026-07-27 17:45:00+02:00,22349.434285732874,21153.94374,2830.220167993458,3547.609,25179.654453726333,24701.55274,44537.02074
2026-07-27 18:00:00+02:00,19978.823480735296,20425.3867,3753.4743519224176,4054.581,23732.297832657714,24479.9677,42428.9777
2026-07-27 18:15:00+02:00,20047.46675284755,19553.12172,3743.602153548375,4315.59,23791.068906395925,23868.71172,39766.636719999995
2026-07-27 18:30:00+02:00,20038.7599413386,18848.76402,3733.6311029710478,4218.64,23772.39104430965,23067.40402,36747.63802
2026-07-27 18:45:00+02:00,19991.50195200229,17867.59879,3736.59261719581,4146.118,23728.0945691981,22013.71679,33569.70879
2026-07-27 19:00:00+02:00,16579.202678703972,16785.60435,4130.443942962106,4259.797,20709.646621666077,21045.40135,30636.16735
2026-07-27 19:15:00+02:00,16442.279388910272,15677.88366,4144.964054820219,4258.747,20587.24344373049,19936.63066,27662.91166
2026-07-27 19:30:00+02:00,16250.143977398024,14844.78532,4141.990515010069,4209.376,20392.13449240809,19054.16132,25017.73432
2026-07-27 19:45:00+02:00,16076.161883251298,13742.81191,4118.435241115381,4192.149,20194.59712436668,17934.96091,22287.65791
2026-07-27 20:00:00+02:00,12986.959399133217,12659.38019,4482.927470975656,4790.559,17469.886870108872,17449.93919,20427.15219
2026-07-27 20:15:00+02:00,12638.50252828019,12132.52812,4459.5298402104345,4841.324,17098.032368490625,16973.85212,18853.35612
2026-07-27 20:30:00+02:00,12368.607652904178,11649.11735,4436.3830023643995,4836.398,16804.99065526858,16485.51535,17512.88835
2026-07-27 20:45:00+02:00,12166.984438734975,11511.72347,4432.983917176362,4924.704,16599.968355911336,16436.427470000002,16873.934470000004
2026-07-27 21:00:00+02:00,8543.4559034807,11454.84984,4591.209516546823,4956.266,13134.665420027522,16411.11584,16543.88184
2026-07-27 21:15:00+02:00,8556.607944914296,10887.54719,4593.460950122399,4951.511,13150.068895036695,15839.05819,15863.40919
2026-07-27 21:30:00+02:00,8416.910499932634,10402.05688,4605.724406652836,4984.249,13022.63490658547,15386.30588,15388.48288
2026-07-27 21:45:00+02:00,8295.057562945245,10435.60324,4592.227023226398,5050.722,12887.284586171643,15486.32524,15486.95124
2026-07-27 22:00:00+02:00,9056.732833236403,10378.68371,4715.951789570693,4898.805,13772.684622807097,15277.48871,15277.76871
2026-07-27 22:15:00+02:00,9109.258045786702,10565.38299,4710.728832532063,4873.796,13819.986878318767,15439.17899,15439.42399
2026-07-27 22:30:00+02:00,9126.849421786628,10810.9865,4703.22783383713,4975.675,13830.077255623757,15786.661500000002,15786.8985
2026-07-27 22:45:00+02:00,9144.416799879575,10954.68976,4699.822961720075,5156.029,13844.239761599649,16110.71876,16110.92976
2026-07-27 23:00:00+02:00,8233.21645785487,11068.0589,4421.045242601749,5197.976,12654.26170045662,16266.0349,16266.247899999998
2026-07-27 23:15:00+02:00,8259.207984658458,11157.03796,4427.451214326989,5239.466,12686.659198985448,16396.503960000002,16396.69796
2026-07-27 23:30:00+02:00,8249.92321224658,11329.7379,4419.235406285594,5109.541,12669.158618532174,16439.2789,16439.446900000003
2026-07-27 23:45:00+02:00,8240.154932724381,11630.25537,4426.283998229415,4909.958,12666.438930953796,16540.21337,16540.37537
2026-07-28 00:00:00+02:00,7829.938803768601,11690.43887,4045.747661438347,4940.559,11875.686465206949,16630.99787,16631.17687
2026-07-28 00:15:00+02:00,7826.7452752745,11729.50845,4062.9480232744922,4848.202,11889.693298548993,16577.71045,16577.86145
2026-07-28 00:30:00+02:00,7819.611443306188,11740.42037,4064.2549702076412,4631.783,11883.86641351383,16372.20337,16372.33537
2026-07-28 00:45:00+02:00,7784.139744579693,11913.79348,4049.943084234898,4518.468,11834.082828814591,16432.26148,16432.357480000002
2026-07-28 01:00:00+02:00,7971.587726552362,11921.00973,3607.0843876625004,4379.04,11578.672114214864,16300.04973,16300.15673
2026-07-28 01:15:00+02:00,7948.223853760507,11859.55333,3613.080512814897,4217.971,11561.304366575405,16077.52433,16077.62533
2026-07-28 01:30:00+02:00,7906.405839670027,11711.1453,3618.0709320220885,4114.669,11524.476771692116,15825.8143,15825.9103
2026-07-28 01:45:00+02:00,7854.28550687537,11482.3344,3620.802659809909,3999.209,11475.088166685278,15481.5434,15481.6444
2026-07-28 02:00:00+02:00,8608.252090974374,11242.26953,3571.5311369258125,3880.41,12179.783227900187,15122.67953,15122.77753
2026-07-28 02:15:00+02:00,8599.418976052306,11025.46113,3574.6514787906985,3836.453,12174.070454843004,14861.91413,14862.01113
2026-07-28 02:30:00+02:00,8557.943768796502,10813.68855,3579.8667740448427,3778.546,12137.810542841344,14592.23455,14592.317550000002
2026-07-28 02:45:00+02:00,8516.81180440635,10417.79306,3566.767067144685,3885.109,12083.578871551035,14302.90206,14302.99106
2026-07-28 03:00:00+02:00,7586.235179020908,10064.84802,3441.0950948144427,3869.204,11027.33027383535,13934.05202,13934.13602
2026-07-28 03:15:00+02:00,7564.04583029087,9806.21852,3462.9007973561293,3780.433,11026.946627647,13586.65152,13586.73452
2026-07-28 03:30:00+02:00,7509.686319069183,9511.3476,3476.0990572418627,3692.319,10985.785376311045,13203.6666,13203.7466
2026-07-28 03:45:00+02:00,7474.3590983031345,9169.35043,3466.673283721978,3560.517,10941.032382025112,12729.86743,12729.94143
2026-07-28 04:00:00+02:00,6784.961966956158,8827.95849,3193.767086234212,3375.881,9978.72905319037,12203.83949,12203.91849
2026-07-28 04:15:00+02:00,6780.091344195744,8637.80162,3203.112343699562,3281.373,9983.203687895306,11919.17462,11919.25162
2026-07-28 04:30:00+02:00,6813.559214374185,8534.60151,3217.654642962418,3171.289,10031.213857336603,11705.89051,11705.96951
2026-07-28 04:45:00+02:00,6853.441038303366,8509.73905,3228.330072056746,3190.605,10081.771110360112,11700.34405,11700.42205
2026-07-28 05:00:00+02:00,7496.037924315871,8436.92647,2856.1488473060026,3096.803,10352.186771621873,11533.72947,11534.71147
2026-07-28 05:15:00+02:00,7570.303771038887,8254.62328,2891.7670665325495,3045.079,10462.070837571437,11299.70228,11310.40128
2026-07-28 05:30:00+02:00,7659.948223124782,8283.12428,2909.9341443910535,3016.038,10569.882367515835,11299.16228,11369.44428
2026-07-28 05:45:00+02:00,7648.327104536154,8711.33567,2899.3791841293723,2998.664,10547.706288665526,11709.99967,12015.27467
2026-07-28 06:00:00+02:00,7140.0392044928185,8641.69335,2892.8708894518736,2968.067,10032.910093944693,11609.76035,12629.92235
2026-07-28 06:15:00+02:00,7041.496615048107,8230.61463,2878.1301172380213,2972.481,9919.626732286128,11203.09563,13266.16863
2026-07-28 06:30:00+02:00,6976.1202014482,8000.23178,2869.523146826609,3019.254,9845.643348274809,11019.48578,14384.659779999998
2026-07-28 06:45:00+02:00,6859.43275623984,7773.09227,2812.1002444629917,3034.059,9671.533000702831,10807.15127,15785.49627
2026-07-28 07:00:00+02:00,6261.466728477037,7256.83224,2677.769530001245,3101.984,8939.236258478282,10358.81624,17416.16024
2026-07-28 07:15:00+02:00,6108.0273557977835,6650.44445,2676.732246027297,3145.284,8784.75960182508,9795.72845,19190.86545
2026-07-28 07:30:00+02:00,5918.86573379396,5911.29627,2662.8680961435693,3079.089,8581.73382993753,8990.385269999999,21138.58627
2026-07-28 07:45:00+02:00,5738.9312664348845,5256.70808,2628.1325554522,2980.625,8367.063821887084,8237.33308,23395.65508
2026-07-28 08:00:00+02:00,3581.5567469513526,4737.11546,2674.400662266628,2782.162,6255.957409217981,7519.277459999999,25825.59946
2026-07-28 08:15:00+02:00,3539.1431477552082,4297.31759,2661.244771990478,2540.756,6200.387919745686,6838.07359,28302.67859
2026-07-28 08:30:00+02:00,3561.4840873206035,4044.73578,2650.6070008551114,2246.014,6212.091088175715,6290.74978,31047.18078
2026-07-28 08:45:00+02:00,3595.216222558385,4081.64141,2615.7472599898138,2053.658,6210.963482548199,6135.29941,34106.98141
2026-07-28 09:00:00+02:00,2837.6236597729785,4324.50458,2342.138393497157,2000.497,5179.762053270135,6325.00158,37473.10158
2026-07-28 09:15:00+02:00,2913.8430076918776,4711.79851,2298.8099491492153,2041.157,5212.652956841093,6752.95551,40865.06051
2026-07-28 09:30:00+02:00,3022.081373130838,5061.20546,2292.738030498432,2021.852,5314.81940362927,7083.05746,43865.53846
2026-07-28 09:45:00+02:00,3124.0833170926035,5340.58105,2298.703226420994,2010.226,5422.786543513597,7350.807049999999,46534.91205
2026-07-28 10:00:00+02:00,4555.865901178627,5470.3746,1882.0178889063377,1986.468,6437.883790084965,7456.8426,48481.9896
2026-07-28 10:15:00+02:00,4624.227559670614,5475.37859,1886.5355109757722,1993.094,6510.763070646386,7468.47259,50337.48859
2026-07-28 10:30:00+02:00,4679.695481805958,5093.82378,1882.2193561850163,1978.899,6561.914837990974,7072.72278,51880.41678
2026-07-28 10:45:00+02:00,4753.88665787188,4955.28859,1860.9188432531032,2021.181,6614.8055011249835,6976.469590000001,53270.97459
2026-07-28 11:00:00+02:00,5875.931062967891,4615.95834,2023.571104046422,2071.761,7899.502167014313,6687.71934,54391.58233999999
2026-07-28 11:15:00+02:00,5889.706119884475,4303.47208,2011.6777257921067,2104.944,7901.383845676582,6408.416079999999,55135.18308
2026-07-28 11:30:00+02:00,5949.941159221361,4263.17454,1994.504677307011,2214.065,7944.445836528372,6477.2395400000005,56640.43654
2026-07-28 11:45:00+02:00,5978.713788703035,4092.25824,1981.3067158292188,2305.878,7960.020504532254,6398.13624,57089.79524
2026-07-28 12:00:00+02:00,5919.827691429762,3512.58057,2614.8310272432254,2328.514,8534.658718672988,5841.09457,55276.61657
2026-07-28 12:15:00+02:00,5973.669579678296,3395.81306,2620.0598886282587,2315.987,8593.729468306556,5711.80006,55324.94706
2026-07-28 12:30:00+02:00,6008.24222293329,3755.85451,2603.439185623989,2396.226,8611.681408557279,6152.08051,55683.35951
2026-07-28 12:45:00+02:00,6048.33899655992,3580.97408,2576.6651341187335,2466.445,8625.004130678653,6047.41908,55679.72308
2026-07-28 13:00:00+02:00,6094.572117910072,3662.2062,2948.943308335371,2424.521,9043.515426245443,6086.7272,56153.5312
2026-07-28 13:15:00+02:00,6111.375808127191,3570.35057,2954.1540181686933,2413.226,9065.529826295884,5983.57657,56224.011569999995
2026-07-28 13:30:00+02:00,6135.337645486493,3412.61311,2951.8076919439713,2522.962,9087.145337430464,5935.57511,56068.51211
2026-07-28 13:45:00+02:00,6141.264805709279,3382.74008,2935.1667142335327,2656.976,9076.431519942813,6039.71608,56030.87508
2026-07-28 14:00:00+02:00,5762.6366992005605,3571.89307,3196.7698505326953,2686.082,8959.406549733256,6257.97507,56027.21607
2026-07-28 14:15:00+02:00,5806.246863892437,3566.25653,3194.0877291830793,2732.436,9000.334593075517,6298.69253,55454.82453
2026-07-28 14:30:00+02:00,5895.910532062057,3276.33509,3202.695977226403,2790.745,9098.60650928846,6067.0800899999995,55755.68609
2026-07-28 14:45:00+02:00,5999.383813885676,3097.98347,3220.195169619766,2871.172,9219.578983505442,5969.15547,55128.54647
2026-07-28 15:00:00+02:00,4539.270050587061,2998.91747,3601.7660851234355,3070.606,8141.036135710496,6069.52347,55051.48647
2026-07-28 15:15:00+02:00,4657.485818049722,2922.21312,3638.544511334652,3243.504,8296.030329384374,6165.717119999999,54175.56812
2026-07-28 15:30:00+02:00,4782.364216829477,2697.61664,3642.407482958926,3370.895,8424.771699788404,6068.511640000001,52832.92164
2026-07-28 15:45:00+02:00,4921.359223440218,2725.31597,3646.015818533446,3507.179,8567.375041973664,6232.49497,51365.77797
2026-07-28 16:00:00+02:00,3554.8155995211578,2871.82256,3633.2003106028524,3636.036,7188.01591012401,6507.858560000001,50977.60856
2026-07-28 16:15:00+02:00,3769.7976898234388,3298.90591,3657.7666476022177,3994.416,7427.564337425656,7293.321910000001,49888.47091
2026-07-28 16:30:00+02:00,3821.7979962991612,3607.93684,3668.6668895538146,3969.257,7490.464885852976,7577.19384,48960.17284
2026-07-28 16:45:00+02:00,4004.081815121321,3825.0598,3699.3318356065356,4255.731,7703.413650727856,8080.7908,46999.2188
2026-07-28 17:00:00+02:00,3213.8947908319446,3652.67304,3380.895994361495,4141.76,6594.79078519344,7794.43304,44473.89604000001
2026-07-28 17:15:00+02:00,3485.073899702744,3679.02509,3421.540642674337,4049.249,6906.614542377081,7728.27409,41942.39309
2026-07-28 17:30:00+02:00,3727.3464935653237,3547.61144,3458.804393510969,3912.565,7186.150887076293,7460.17644,38630.99844
2026-07-28 17:45:00+02:00,3942.9505754130787,3296.99608,3490.8223384402863,3908.553,7433.772913853365,7205.54908,35340.52708
2026-07-28 18:00:00+02:00,3856.2775747810947,3167.92972,3506.2989564059453,4036.187,7362.57653118704,7204.11672,32213.38972
2026-07-28 18:15:00+02:00,3968.052101663513,2967.30129,3487.6382440315588,4199.699,7455.690345695071,7167.00029,28901.33529
2026-07-28 18:30:00+02:00,3985.592531990392,2726.2834,3472.3489108344247,4244.009,7457.9414428248165,6970.2924,25358.3514
2026-07-28 18:45:00+02:00,3933.024454479471,2415.92678,3470.98245959166,4278.399,7404.006914071131,6694.32578,21836.56378
2026-07-28 19:00:00+02:00,3296.9820050595245,2107.86813,2884.5456451791483,4320.355,6181.527650238673,6428.223129999999,18558.83313
2026-07-28 19:15:00+02:00,3142.730018002179,1789.46415,2903.3835998321383,4358.76,6046.113617834317,6148.22415,15505.73215
2026-07-28 19:30:00+02:00,2949.919229080709,1538.55858,2905.8846325943177,4360.191,5855.803861675027,5898.74958,12839.56058
2026-07-28 19:45:00+02:00,2735.96790800727,1370.94492,2883.727836181155,4149.016,5619.695744188425,5519.9609199999995,10414.39792
2026-07-28 20:00:00+02:00,2870.500561343053,1284.18976,2522.834789756055,3859.157,5393.335351099108,5143.34676,8376.66776
2026-07-28 20:15:00+02:00,2576.650601210053,1211.70204,2502.397656498477,3670.014,5079.0482577085295,4881.71604,6864.57204
2026-07-28 20:30:00+02:00,2279.7595180354615,1196.08211,2475.060533106247,3604.671,4754.820051141709,4800.75311,5814.01711
2026-07-28 20:45:00+02:00,2067.5408588468968,1349.51958,2464.2155278788523,3423.069,4531.756386725749,4772.58858,5174.154579999999
2026-07-28 21:00:00+02:00,2843.4621093656096,1546.34305,1940.900902507217,3324.287,4784.363011872827,4870.63005,4979.06005
2026-07-28 21:15:00+02:00,2849.0351706783426,1708.3511,1949.0506094685468,3145.94,4798.085780146889,4854.2911,4874.739100000001
2026-07-28 21:30:00+02:00,2701.850795896983,1956.53445,1972.7182157074803,2893.93,4674.569011604463,4850.4644499999995,4854.044449999999
2026-07-28 21:45:00+02:00,2578.9740440631117,2337.04517,1949.7175908236495,2590.572,4528.691634886762,4927.6171699999995,4928.143169999999
2026-07-28 22:00:00+02:00,6055.327971072815,2756.48226,1619.1004247382914,2482.742,7674.428395811106,5239.224260000001,5239.488260000001
2026-07-28 22:15:00+02:00,6099.929078853731,3214.47234,1616.5725174853162,2400.137,7716.501596339047,5614.60934,5614.84734
2026-07-28 22:30:00+02:00,6106.381242263578,3675.73574,1603.9182708502542,2316.609,7710.299513113832,5992.3447400000005,5992.57074
2026-07-28 22:45:00+02:00,6109.746902582263,4023.03732,1607.4166878082951,2288.947,7717.163590390558,6311.98432,6312.192319999999
2026-07-28 23:00:00+02:00,7065.884683586987,4421.03165,1872.5789819670292,2234.587,8938.463665554016,6655.61865,6655.83965
2026-07-28 23:15:00+02:00,7106.380914919167,4919.40868,1884.5960976001052,2215.21,8990.977012519272,7134.61868,7134.81668
2026-07-28 23:30:00+02:00,7102.395988467809,5518.98635,1885.100236988592,2158.18,8987.496225456402,7677.16635,7677.335349999999
2026-07-28 23:45:00+02:00,7102.027083920137,6165.99109,1892.2302254213905,2044.814,8994.257309341527,8210.80509,8210.95809
2026-07-29 00:00:00+02:00,8385.457399974342,6926.73167,1939.0646806276393,2102.993,10324.522080601982,9029.72467,9029.89867
2026-07-29 00:15:00+02:00,8377.231026151587,7765.08778,1954.8188091550915,2116.445,10332.049835306678,9881.53278,9881.68078
2026-07-29 00:30:00+02:00,8353.456490872728,8208.29863,1948.004272850551,2075.821,10301.460763723278,10284.11963,10284.25163
2026-07-29 00:45:00+02:00,8312.69766481697,8674.61745,1923.28153471783,2006.758,10235.979199534799,10681.37545,10681.49645
2026-07-29 01:00:00+02:00,8529.538772670652,8984.54988,2332.857986341295,2004.643,10862.396759011946,10989.19288,10989.30288
2026-07-29 01:15:00+02:00,8501.685804872312,9356.38644,2336.969651200641,2073.774,10838.655456072953,11430.16044,11430.26244
2026-07-29 01:30:00+02:00,8459.141042899073,9682.84264,2326.8721345018416,2192.707,10786.013177400915,11875.54964,11875.64464
2026-07-29 01:45:00+02:00,8398.876719803156,10073.84985,2317.4076691030123,2210.386,10716.28438890617,12284.23585,12284.33085
2026-07-29 02:00:00+02:00,8237.563392088048,10350.18372,2547.507569344937,2185.467,10785.070961432986,12535.65072,12535.73872
2026-07-29 02:15:00+02:00,8188.653802114284,10453.4707,2538.7855459951343,2273.965,10727.43934810942,12727.4357,12727.5177
2026-07-29 02:30:00+02:00,8136.523742636687,10517.86761,2534.4126815497452,2395.859,10670.936424186431,12913.72661,12913.81461
2026-07-29 02:45:00+02:00,8062.695356795082,10664.47549,2525.213643023884,2449.181,10587.908999818967,13113.65649,13113.75149
2026-07-29 03:00:00+02:00,8110.97532638372,10714.70077,2610.257235548633,2411.69,10721.232561932353,13126.39077,13126.48877
2026-07-29 03:15:00+02:00,8088.290238773872,10828.59582,2624.4410197972384,2270.551,10712.731258571112,13099.14682,13099.24782
2026-07-29 03:30:00+02:00,8047.741935553014,10758.10146,2629.8013526961277,2123.372,10677.54328824914,12881.47346,12881.576459999998
2026-07-29 03:45:00+02:00,8017.3295875162285,10517.04859,2617.333717460967,2086.932,10634.663304977195,12603.98059,12604.07859
2026-07-29 04:00:00+02:00,7415.754971645364,10252.73571,2767.210575233795,2183.043,10182.965546879159,12435.77871,12435.86671
2026-07-29 04:15:00+02:00,7409.181470636989,10052.83985,2756.058126649665,2317.569,10165.239597286654,12370.40885,12370.48185
2026-07-29 04:30:00+02:00,7422.67795949531,9795.2848,2758.711316988352,2375.847,10181.389276483662,12171.1318,12171.2088
2026-07-29 04:45:00+02:00,7468.333723728761,9707.05806,2779.328817594789,2390.706,10247.662541323549,12097.76406,12097.84606
2026-07-29 05:00:00+02:00,7356.516938560336,9719.38822,2384.2868199493983,2424.873,9740.803758509734,12144.26122,12144.67522
2026-07-29 05:15:00+02:00,7442.858212941033,9691.90721,2389.5282381449,2456.396,9832.386451085933,12148.30321,12153.20921
2026-07-29 05:30:00+02:00,7563.311640537081,9713.70582,2384.3791519343613,2530.327,9947.690792471443,12244.03282,12288.69482
2026-07-29 05:45:00+02:00,7586.254460880768,10053.37011,2404.8908211754842,2577.893,9991.145282056252,12631.26311,12878.71511
2026-07-29 06:00:00+02:00,7261.033195471493,9961.6094,2107.9475533091013,2551.734,9368.980748780594,12513.3434,13403.3124
2026-07-29 06:15:00+02:00,7179.285075236445,9532.05346,2104.8156391661173,2499.766,9284.100714402563,12031.81946,13906.236459999998
2026-07-29 06:30:00+02:00,7104.087228922715,9445.23997,2090.1962285376608,2458.123,9194.283457460377,11903.36297,15032.57397
2026-07-29 06:45:00+02:00,6978.952751139336,9432.32448,2042.9102909984576,2454.743,9021.863042137793,11887.06748,16550.02348
2026-07-29 07:00:00+02:00,6688.774352938868,9156.44889,1663.157729519455,2175.84,8351.932082458323,11332.28889,17873.74289
2026-07-29 07:15:00+02:00,6537.937131210422,8687.75172,1658.5393924383577,2191.95,8196.47652364878,10879.70172,19759.17272
2026-07-29 07:30:00+02:00,6376.796905737743,7896.34022,1638.2795941724764,2250.769,8015.076499910219,10147.10922,21675.63422
2026-07-29 07:45:00+02:00,6140.030920229243,7184.53494,1601.490050990925,2281.298,7741.520971220168,9465.83294,24032.969940000003
2026-07-29 08:00:00+02:00,5353.9235892588895,6393.90394,1895.3579043924026,2299.416,7249.281493651292,8693.319940000001,26529.63994
2026-07-29 08:15:00+02:00,5261.169073650626,5395.41348,1882.3982080238861,2303.404,7143.567281674512,7698.81748,28848.86948
2026-07-29 08:30:00+02:00,5231.505419686393,4371.2464,1884.001855783608,2268.593,7115.507275470001,6639.8394,31261.9724
2026-07-29 08:45:00+02:00,5282.600803542115,3520.14026,1851.2378619465073,2170.928,7133.838665488622,5691.06826,33564.18726
2026-07-29 09:00:00+02:00,3197.0115802358487,2970.11551,1434.152026863537,2197.538,4631.163607099385,5167.65351,36180.14051
2026-07-29 09:15:00+02:00,3293.550713674416,2660.39818,1409.6528432297755,2118.324,4703.203556904191,4778.722180000001,39105.642179999995
2026-07-29 09:30:00+02:00,3404.9799100152504,2460.57961,1390.3293110078139,1934.041,4795.309221023064,4394.62061,41389.66861
2026-07-29 09:45:00+02:00,3511.8311057676874,2479.20299,1394.3048691223298,1780.62,4906.135974890018,4259.822990000001,44022.31499
2026-07-29 10:00:00+02:00,2411.855959217311,2601.83968,1306.0245658494437,1631.62,3717.8805250667547,4233.45968,46468.71668
2026-07-29 10:15:00+02:00,2480.613484449441,2770.35447,1307.4842950964583,1526.275,3788.0977795458994,4296.62947,48923.94647
2026-07-29 10:30:00+02:00,2534.040498419912,2993.0149,1297.9920915784226,1408.936,3832.0325899983345,4401.9509,51102.0019
2026-07-29 10:45:00+02:00,2605.9742041347768,3086.81116,1282.966356765504,1257.558,3888.9405609002806,4344.36916,52623.98716
2026-07-29 11:00:00+02:00,2241.81423894167,3050.7466,985.4634248417767,1175.647,3227.2776637834468,4226.393599999999,54205.6306
2026-07-29 11:15:00+02:00,2263.2096361481003,3038.78803,987.4256158763895,1100.567,3250.63525202449,4139.355030000001,55805.56403
2026-07-29 11:30:00+02:00,2321.8502267421,3158.63427,972.1276437850038,936.291,3293.9778705271037,4094.92527,57350.91727
2026-07-29 11:45:00+02:00,2344.9404894073045,3251.40515,966.4971530115812,834.821,3311.437642418886,4086.22615,58347.89315
2026-07-29 12:00:00+02:00,2870.860011707328,2979.9257,866.8105995229847,730.769,3737.6706112303127,3710.6947,57924.3387
2026-07-29 12:15:00+02:00,2930.111924592553,2832.74199,871.667414450665,597.76,3801.779339043218,3430.50199,57924.16099
2026-07-29 12:30:00+02:00,2953.5624744651386,2902.79184,862.7523733467738,487.41,3816.3148478119124,3390.2018399999997,58094.60384
2026-07-29 12:45:00+02:00,2997.178589593755,3073.59888,844.3966058948113,395.651,3841.5751954885664,3469.24988,58557.76888
2026-07-29 13:00:00+02:00,3228.799130942281,3207.21843,571.2458223455226,415.126,3800.0449532878038,3622.34443,57815.02243
2026-07-29 13:15:00+02:00,3264.8417055234063,3308.69607,582.2617808650539,404.623,3847.10348638846,3713.31907,58003.99107
2026-07-29 13:30:00+02:00,3295.204891606148,3265.5173,587.3407632232365,345.321,3882.5456548293846,3610.8383,57999.4993
2026-07-29 13:45:00+02:00,3309.933530088122,3317.41113,572.1028200006207,367.855,3882.036350088743,3685.26613,57957.91313
2026-07-29 14:00:00+02:00,3402.111229130756,3537.30097,549.16893098529,350.069,3951.280160116046,3887.36997,57935.88697
2026-07-29 14:15:00+02:00,3439.8389246618754,3654.84036,553.4563186821556,325.859,3993.295243344031,3980.69936,57545.23036
2026-07-29 14:30:00+02:00,3531.4040836340914,3660.78499,570.8265145357132,299.055,4102.230598169805,3959.83999,56806.11999
2026-07-29 14:45:00+02:00,3632.2558513958893,3825.6015,593.7777576921671,268.03,4226.033609088056,4093.6315,57072.7975
2026-07-29 15:00:00+02:00,2931.356616744375,4046.18341,480.64670769576605,184.892,3412.003324440141,4231.07541,56830.71341
2026-07-29 15:15:00+02:00,3045.516470608463,4137.49022,500.89185694150433,277.459,3546.408327549967,4414.9492199999995,55872.338220000005
2026-07-29 15:30:00+02:00,3158.871768274379,4145.96844,503.6540666934069,252.699,3662.525834967786,4398.667439999999,54181.75544
2026-07-29 15:45:00+02:00,3262.21251186692,4314.1386,496.9770993842174,214.601,3759.1896112511376,4528.7396,52455.0986
2026-07-29 16:00:00+02:00,2925.970434305629,4412.37221,402.01956461583717,264.316,3327.9899989214664,4676.68821,51093.42521
2026-07-29 16:15:00+02:00,3055.7841985075856,4632.73999,414.667343367874,335.387,3470.4515418754595,4968.12699,49297.332989999995
2026-07-29 16:30:00+02:00,3185.702996239016,4920.6019,424.66977859063616,338.3,3610.3727748296524,5258.9019,47484.035899999995
2026-07-29 16:45:00+02:00,3341.6777997341887,4886.33698,459.80521847527154,339.785,3801.48301820946,5226.12198,45054.01497999999
2026-07-29 17:00:00+02:00,3070.908319941252,4867.75524,535.584080350936,366.477,3606.492400292188,5234.23224,42384.70224
2026-07-29 17:15:00+02:00,3381.193529482061,4849.86409,574.0141737819042,390.186,3955.2077032639654,5240.05009,39344.38609
2026-07-29 17:30:00+02:00,3596.3379405644696,4819.77655,613.1527575171154,410.348,4209.490698081585,5230.1245499999995,36155.96555
2026-07-29 17:45:00+02:00,3784.613686659904,4712.1463,651.9932461204908,481.899,4436.606932780394,5194.045300000001,32857.0103
2026-07-29 18:00:00+02:00,3315.5703932949787,4533.74174,876.0759216989583,732.192,4191.646314993937,5265.93374,29774.98274
2026-07-29 18:15:00+02:00,3410.3062571846835,4393.15643,860.7187464278645,763.398,4271.025003612548,5156.55443,26505.83843
2026-07-29 18:30:00+02:00,3415.3661216037212,4014.40632,841.4894110761294,853.408,4256.8555326798505,4867.81432,22574.73932
2026-07-29 18:45:00+02:00,3345.054994384434,3814.52094,840.7786935116917,877.869,4185.833687896125,4692.38994,19436.05994
2026-07-29 19:00:00+02:00,3731.5802087259235,3735.75934,929.9960330756625,890.474,4661.576241801586,4626.23334,16423.40634
2026-07-29 19:15:00+02:00,3554.464362553309,3541.98397,949.1970700116718,864.61,4503.661432564981,4406.59397,13503.81097
2026-07-29 19:30:00+02:00,3342.0530917092,3324.70519,955.6291051064486,833.97,4297.682196815649,4158.67519,10923.04419
2026-07-29 19:45:00+02:00,3096.261551627311,3140.74513,941.3538240637945,827.395,4037.6153756911053,3968.14013,8788.368129999999
2026-07-29 20:00:00+02:00,3362.1495286057543,3142.20064,841.5207967519243,860.925,4203.670325357679,4003.12564,7258.74664
2026-07-29 20:15:00+02:00,3073.278328712944,3182.28542,825.7111447973551,849.049,3898.9894735102994,4031.33442,6038.243420000001
2026-07-29 20:30:00+02:00,2770.081117319061,3360.32842,798.7035388822926,833.468,3568.7846562013538,4193.79642,5229.48542
2026-07-29 20:45:00+02:00,2557.6147724586353,3827.46335,791.4768629686577,845.366,3349.091635427293,4672.82935,5073.55835
2026-07-29 21:00:00+02:00,5040.838358305962,4350.87938,831.7164479088622,898.798,5872.554806214825,5249.67738,5361.36938
2026-07-29 21:15:00+02:00,5026.906353204588,4801.32563,840.6137743917589,889.111,5867.520127596347,5690.43663,5712.75763
2026-07-29 21:30:00+02:00,4870.517489793652,5538.61228,864.8368730281323,926.726,5735.354362821785,6465.33828,6474.21328
2026-07-29 21:45:00+02:00,4757.400883075312,6336.55188,840.7233285846537,945.524,5598.124211659966,7282.07588,7282.719880000001
2026-07-29 22:00:00+02:00,6767.0692814867125,6926.85821,993.9082898103972,928.451,7760.9775712971095,7855.30921,7855.52821
2026-07-29 22:15:00+02:00,6811.049338054661,7496.94306,988.5484604209659,955.38,7799.597798475627,8452.323059999999,8452.562059999998
2026-07-29 22:30:00+02:00,6829.585821864446,7984.06954,978.3555817924117,1000.642,7807.941403656858,8984.71154,8984.94054
2026-07-29 22:45:00+02:00,6835.8115804189265,8361.82792,985.9673713025271,994.026,7821.778951721453,9355.85392,9356.04692
2026-07-29 23:00:00+02:00,7549.936181558696,8616.4054,982.5479183394916,1017.294,8532.484099898187,9633.6994,9633.8864
2026-07-29 23:15:00+02:00,7592.617945895202,8802.37967,998.1424899000731,1110.268,8590.760435795275,9912.64767,9912.82467
2026-07-29 23:30:00+02:00,7598.694468513288,8889.43368,994.6086459621164,1139.286,8593.303114475404,10028.71968,10028.88268
2026-07-29 23:45:00+02:00,7617.631477060685,8989.89897,995.2666399310122,1128.798,8612.898116991697,10118.69697,10118.84897
2026-07-30 00:00:00+02:00,8624.332772740001,8910.28045,1194.8897136943453,1119.62,9819.222486434346,10029.90045,10030.03945
2026-07-30 00:15:00+02:00,8647.076316152978,8771.93789,1208.858092087517,1128.852,9855.934408240495,9900.78989,9900.92389
2026-07-30 00:30:00+02:00,8645.016817614727,8649.00213,1201.6105944159715,1189.089,9846.627412030699,9838.09113,9838.20913
2026-07-30 00:45:00+02:00,8622.784382296722,8477.38337,1181.3326363899805,1282.904,9804.117018686702,9760.28737,9760.40337
2026-07-30 01:00:00+02:00,8764.488737626414,8233.48602,1289.0195996314499,1375.336,10053.508337257865,9608.82202,9608.92902
2026-07-30 01:15:00+02:00,8748.714198656988,8130.92732,1301.2361031553146,1506.743,10049.950301812303,9637.67032,9637.76832
2026-07-30 01:30:00+02:00,8719.776878517825,7982.1308,1300.9722219412886,1697.288,10020.749100459114,9679.4188,9679.5068
2026-07-30 01:45:00+02:00,8675.953657205553,7959.57822,1295.1685696140119,1940.405,9971.122226819565,9899.98322,9900.07822
2026-07-30 02:00:00+02:00,8024.11904791264,7884.51462,1418.0039999364153,2113.28,9442.123047849054,9997.79462,9997.88962
2026-07-30 02:15:00+02:00,7979.9670807262755,7783.41152,1413.4470708728338,2263.801,9393.414151599109,10047.21252,10047.29952
2026-07-30 02:30:00+02:00,7932.15381633228,7729.52775,1412.2146478451787,2434.192,9344.36846417746,10163.71975,10163.79975
2026-07-30 02:45:00+02:00,7864.974691824696,7683.054,1400.720461848321,2608.192,9265.695153673016,10291.246,10291.323
2026-07-30 03:00:00+02:00,7275.079717404698,7718.26881,1811.82216217539,2718.164,9086.901879580088,10436.43281,10436.51981
2026-07-30 03:15:00+02:00,7246.901198859518,7634.40181,1821.5393281908464,2802.637,9068.440527050365,10437.03881,10437.11181
2026-07-30 03:30:00+02:00,7198.858959379699,7530.57207,1821.6495169220436,2841.735,9020.508476301742,10372.30707,10372.37607
2026-07-30 03:45:00+02:00,7163.903356108222,7563.15866,1809.961852775933,2949.498,8973.865208884155,10512.65666,10512.73066
2026-07-30 04:00:00+02:00,7264.282745828925,7595.76776,2023.9650592049552,3115.153,9288.24780503388,10710.92076,10711.00476
2026-07-30 04:15:00+02:00,7244.5414215175,7699.1117,2017.1787913206886,3308.412,9261.720212838189,11007.5237,11007.5997
2026-07-30 04:30:00+02:00,7246.728046758222,7771.65593,2020.9525863758136,3499.508,9267.680633134036,11271.16393,11271.240929999998
2026-07-30 04:45:00+02:00,7274.13686267823,7968.57686,2039.401176789483,3794.386,9313.538039467712,11762.96286,11763.03986
2026-07-30 05:00:00+02:00,7609.209371235011,8239.10916,2348.384407222777,4057.725,9957.593778457787,12296.83416,12297.47816
2026-07-30 05:15:00+02:00,7689.655734002327,8483.09351,2356.7279795514983,4356.115,10046.383713553825,12839.20851,12846.83751
2026-07-30 05:30:00+02:00,7808.481823056058,8720.15698,2353.8489733974693,4519.184,10162.330796453527,13239.34098,13298.48498
2026-07-30 05:45:00+02:00,7839.949607270226,9274.48942,2372.328134502298,4636.469,10212.277741772523,13910.95842,14163.740419999998
2026-07-30 06:00:00+02:00,8232.890423157438,9640.79844,2368.2492461246793,4767.569,10601.139669282118,14408.367440000002,15278.977440000002
2026-07-30 06:15:00+02:00,8144.239126840668,9552.70513,2363.0222074110884,4843.615,10507.261334251756,14396.32013,16264.07013
2026-07-30 06:30:00+02:00,8069.877365232896,9639.59878,2347.1529873922873,4833.761,10417.030352625185,14473.35978,17583.02478
2026-07-30 06:45:00+02:00,7944.364042152803,9852.17664,2307.8311893163886,4367.03,10252.195231469192,14219.20664,18847.48764
2026-07-30 07:00:00+02:00,8364.426463049354,9930.7478,2855.8406896165297,4065.569,11220.267152665885,13996.3168,20502.476799999997
2026-07-30 07:15:00+02:00,8194.142245674926,9973.20175,2843.4991281823122,3951.478,11037.641373857237,13924.67975,22685.20075
2026-07-30 07:30:00+02:00,7983.482891479297,9963.54423,2822.4870929048484,3653.515,10805.969984384144,13617.05923,24935.797229999996
2026-07-30 07:45:00+02:00,7845.198031734764,9585.80799,2788.784510865654,3427.914,10633.982542600417,13013.72199,27253.36399
2026-07-30 08:00:00+02:00,7580.971388878077,9111.53786,3362.4509116355807,3589.715,10943.422300513657,12701.25286,30078.92086
2026-07-30 08:15:00+02:00,7441.507386600561,8433.02342,3349.963429111389,3642.788,10791.47081571195,12075.81142,32700.29342
2026-07-30 08:30:00+02:00,7341.815198897125,7529.74093,3327.1625940285408,3705.15,10668.977792925665,11234.89093,35103.94093
2026-07-30 08:45:00+02:00,7385.179154369576,6686.88169,3286.511296532052,3618.049,10671.690450901628,10304.93069,37306.57569
2026-07-30 09:00:00+02:00,5220.51727642415,5915.07797,3203.9057583413405,3540.226,8424.42303476549,9455.30397,39516.00297
2026-07-30 09:15:00+02:00,5324.469822517493,5216.43847,3173.494505326392,3418.212,8497.964327843885,8634.65047,41768.63447
2026-07-30 09:30:00+02:00,5439.7715400134775,4766.61469,3154.486838533654,3207.901,8594.258378547132,7974.51569,43919.47769
2026-07-30 09:45:00+02:00,5549.9574654715125,4439.12357,3158.2332662791505,2959.655,8708.190731750663,7398.77857,46062.47557
2026-07-30 10:00:00+02:00,4249.446660948309,4407.18911,2544.5276683888137,2614.603,6793.974329337123,7021.79211,48411.23011
2026-07-30 10:15:00+02:00,4315.6154255270185,4456.44135,2545.7519805505785,2643.025,6861.3674060775975,7099.466350000001,50914.89035
2026-07-30 10:30:00+02:00,4361.46016030578,4496.44047,2535.300802971998,2690.631,6896.7609632777785,7187.071469999999,53205.87847
2026-07-30 10:45:00+02:00,4434.005971865193,4762.29457,2520.684484769003,2571.422,6954.690456634196,7333.71657,55273.24557
2026-07-30 11:00:00+02:00,5866.432039629524,5429.47723,1679.796891350892,2494.304,7546.228930980416,7923.78123,57558.77923
2026-07-30 11:15:00+02:00,5883.919026095454,5885.49756,1683.1581147195132,2428.339,7567.077140814967,8313.83656,59330.87456
2026-07-30 11:30:00+02:00,5940.50339281676,6454.36053,1667.666755341532,2369.203,7608.170148158292,8823.56353,61043.79153
2026-07-30 11:45:00+02:00,5960.231492614622,6941.14227,1657.762989686717,2327.577,7617.994482301339,9268.71927,62331.86427
2026-07-30 12:00:00+02:00,6639.235120984242,7594.49635,1631.5550331976033,2322.128,8270.790154181845,9916.62435,63484.85035
2026-07-30 12:15:00+02:00,6699.625846948993,8280.03781,1641.212163558435,2337.171,8340.838010507428,10617.20881,64547.77981000001
2026-07-30 12:30:00+02:00,6737.145304410969,8911.73439,1640.5725245109154,2306.487,8377.717828921885,11218.22139,64929.64139
2026-07-30 12:45:00+02:00,6773.93857618303,9417.63618,1628.5312156714017,2205.954,8402.469791854432,11623.59018,64910.52118
2026-07-30 13:00:00+02:00,6339.9232370689715,10296.74921,1887.9784636971174,2257.142,8227.90170076609,12553.89121,65513.02921
2026-07-30 13:15:00+02:00,6372.584244171857,10660.60591,1900.7906124042122,2158.282,8273.374856576069,12818.88791,64944.304910000006
2026-07-30 13:30:00+02:00,6403.3386328281185,10989.12414,1909.1766192684122,2239.786,8312.515252096531,13228.91014,64522.16914
2026-07-30 13:45:00+02:00,6417.804500271401,11288.17621,1899.1254077631727,2366.44,8316.929908034574,13654.61621,63982.27921
2026-07-30 14:00:00+02:00,7681.899513488929,11933.80258,2529.8969296720834,2515.18,10211.796443161013,14448.98258,63883.171579999995
2026-07-30 14:15:00+02:00,7731.8359010289505,12276.77396,2533.767046593917,2662.289,10265.602947622867,14939.06296,63079.22896
2026-07-30 14:30:00+02:00,7817.0780920267125,12966.06181,2550.7813447540475,2667.337,10367.85943678076,15633.39881,62028.40681
2026-07-30 14:45:00+02:00,7907.544093158764,13646.93102,2577.5554000929906,2773.676,10485.099493251753,16420.60702,60923.52502
2026-07-30 15:00:00+02:00,11395.2331886096,14561.75849,3472.56010739375,2713.81,14867.79329600335,17275.56849,59731.46849
2026-07-30 15:15:00+02:00,11503.87955025571,15555.35692,3505.261707723003,2550.922,15009.141257978712,18106.27892,58361.96192
2026-07-30 15:30:00+02:00,11612.468527852225,16465.25218,3511.5609794747697,2489.348,15124.029507326995,18954.60018,56928.07318
2026-07-30 15:45:00+02:00,11754.547856878622,16991.02419,3511.485512011142,2377.834,15266.033368889764,19368.85819,54928.88119
2026-07-30 16:00:00+02:00,12902.369209385299,16514.98362,3387.634650023995,2212.055,16290.003859409295,18727.03862,51904.30062
2026-07-30 16:15:00+02:00,13095.472859884452,16170.16078,3410.045421878936,2142.816,16505.518281763387,18312.97678,48769.51878
2026-07-30 16:30:00+02:00,13360.480462530633,15564.48725,3419.6642285442426,2087.707,16780.144691074875,17652.19425,45458.555250000005
2026-07-30 16:45:00+02:00,13561.117294119898,15054.58505,3459.295009072761,1915.521,17020.412303192657,16970.10605,42433.80805
2026-07-30 17:00:00+02:00,13789.863327934267,15005.66916,3808.7592278174034,1726.802,17598.62255575167,16732.47116,39963.11516
2026-07-30 17:15:00+02:00,14125.267717410403,15006.08813,3848.767856561978,1532.242,17974.035573972382,16538.33013,37524.19713
2026-07-30 17:30:00+02:00,14416.57533451353,15177.98894,3864.328719317542,1262.376,18280.904053831073,16440.36494,35047.93394
2026-07-30 17:45:00+02:00,14595.762818621723,15274.41818,3902.212164579367,1151.624,18497.97498320109,16426.04218,32614.87418
2026-07-30 18:00:00+02:00,15661.371505383238,15385.65013,3701.32987338396,1013.187,19362.701378767197,16398.83713,30247.56913
2026-07-30 18:15:00+02:00,15743.114394385484,15659.2537,3689.975082998579,927.812,19433.089477384063,16587.0657,28324.1497
2026-07-30 18:30:00+02:00,15738.262448245354,15225.03225,3669.977222102865,897.159,19408.23967034822,16122.19125,26037.704250000003
2026-07-30 18:45:00+02:00,15658.473204742904,14788.05538,3669.5427204074385,873.527,19328.015925150343,15661.58238,23899.35238
2026-07-30 19:00:00+02:00,16033.342581776527,15011.88696,3288.0230429047156,652.924,19321.365624681242,15664.81096,22330.070959999997
2026-07-30 19:15:00+02:00,15851.17495566461,14422.77245,3305.606877959648,618.719,19156.781833624256,15041.49145,20242.40245
2026-07-30 19:30:00+02:00,15589.097486150959,13812.67859,3310.6634849727593,648.954,18899.760971123716,14461.63259,18460.25059
2026-07-30 19:45:00+02:00,15346.10491245169,13210.31398,3290.9828847442714,681.17,18637.087797195964,13891.48398,16801.94798
2026-07-30 20:00:00+02:00,12347.471685243294,12801.74303,3348.2594114451663,1024.991,15695.73109668846,13826.73403,15789.44803
2026-07-30 20:15:00+02:00,11925.20987819192,12348.27404,3328.334424516696,1110.926,15253.544302708615,13459.20004,14668.43704
2026-07-30 20:30:00+02:00,11631.734270440375,12119.15711,3298.324268220155,1199.633,14930.058538660529,13318.79011,13976.42111
2026-07-30 20:45:00+02:00,11431.017635758639,11706.36746,3285.1338420659026,1229.866,14716.151477824542,12936.23346,13215.71546
2026-07-30 21:00:00+02:00,8426.58622506711,11499.65475,3708.2722053309744,1349.934,12134.858430398086,12849.58875,12951.10575
2026-07-30 21:15:00+02:00,8416.239155689675,11368.98322,3704.649856285271,1738.813,12120.889011974945,13107.79622,13129.52422
2026-07-30 21:30:00+02:00,8269.586071599571,11525.93908,3722.534971247831,2036.667,11992.121042847402,13562.60608,13568.65508
2026-07-30 21:45:00+02:00,8171.569498976718,11101.56765,3690.7036330139663,2048.605,11862.273131990685,13150.17265,13150.64565
2026-07-30 22:00:00+02:00,6033.384438403562,9479.04718,2797.32509929205,2007.559,8830.709537695611,11486.60618,11486.843179999998
2026-07-30 22:15:00+02:00,6088.756474666857,8594.37005,2792.260707348634,1790.153,8881.01718201549,10384.52305,10384.74305
2026-07-30 22:30:00+02:00,6122.211935555446,7914.83336,2780.4992546008325,1653.568,8902.711190156278,9568.40136,9568.60236
2026-07-30 22:45:00+02:00,6138.99711014148,7228.50649,2788.296890695008,1656.261,8927.29400083649,8884.76749,8884.96349
2026-07-30 23:00:00+02:00,4862.716436446939,6759.33302,2479.0310660329624,1515.234,7341.747502479901,8274.56702,8274.76502
2026-07-30 23:15:00+02:00,4919.7546723918,6536.63337,2494.4020823382552,1199.572,7414.156754730056,7736.20537,7736.37037
2026-07-30 23:30:00+02:00,4943.685780685498,6062.18462,2490.4780261079777,1011.993,7434.1638067934755,7074.17762,7074.32962
2026-07-30 23:45:00+02:00,4983.63147082413,5625.43156,2489.300481116294,879.015,7472.9319519404235,6504.44656,6504.58756
2026-07-31 00:00:00+02:00,2798.799607267569,5263.28018,1192.9597573431088,672.973,3991.759364610678,5936.25318,5936.39218
2026-07-31 00:15:00+02:00,2818.881824433325,4896.13192,1208.2296763960776,551.987,4027.1115008294028,5448.11892,5448.24692
2026-07-31 00:30:00+02:00,2816.469534913159,4733.02365,1203.1683123649498,509.0,4019.637847278109,5242.02365,5242.14565
2026-07-31 00:45:00+02:00,2793.8441592493027,4755.33043,1187.2246689615263,769.336,3981.068828210829,5524.66643,5524.77843
2026-07-31 01:00:00+02:00,2043.058523393871,4614.3417,774.8530849369467,676.515,2817.9116083308177,5290.8567,5290.9597
2026-07-31 01:15:00+02:00,2023.1277659707064,4050.25577,790.9410324651918,700.027,2814.0687984358983,4750.28277,4750.38477
2026-07-31 01:30:00+02:00,1990.2568539634365,3429.72684,796.1089771319548,637.26,2786.3658310953915,4066.98684,4067.08084
2026-07-31 01:45:00+02:00,1945.9076030355473,3032.93855,797.8543082497537,570.576,2743.761911285301,3603.51455,3603.61055
2026-07-31 02:00:00+02:00,1713.0346376151551,2974.38725,704.5906686135887,436.977,2417.6253062287437,3411.36425,3411.45725
2026-07-31 02:15:00+02:00,1664.7997295261166,2962.45655,705.4322135332606,404.417,2370.231943059377,3366.87355,3366.96955
2026-07-31 02:30:00+02:00,1615.052365398663,2686.31121,710.0470012591702,419.208,2325.0993666578333,3105.51921,3105.61021
2026-07-31 02:45:00+02:00,1548.6800470586818,2383.40732,702.7839346405462,441.647,2251.463981699228,2825.0543199999997,2825.1383199999996
2026-07-31 03:00:00+02:00,1798.2090198336648,2269.79866,685.0000744976508,339.589,2483.2090943313156,2609.38766,2609.47566
2026-07-31 03:15:00+02:00,1767.795649284924,2188.74145,696.3029213970112,289.89,2464.098570681935,2478.63145,2478.7244499999997
2026-07-31 03:30:00+02:00,1719.0518027315889,2162.57679,697.0072112166304,318.619,2416.059013948219,2481.19579,2481.2767900000003
2026-07-31 03:45:00+02:00,1684.0826442752411,2296.43475,688.0360620391403,369.31,2372.1187063143816,2665.74475,2665.82375
2026-07-31 04:00:00+02:00,1587.4983409902452,2370.54937,615.2054854669178,415.631,2202.703826457163,2786.18037,2786.25037
2026-07-31 04:15:00+02:00,1569.7377636568328,2302.41943,614.1521529261111,399.505,2183.889916582944,2701.92443,2701.99343
2026-07-31 04:30:00+02:00,1571.9242305081093,2275.07802,623.067882250174,240.9,2194.9921127582834,2515.97802,2516.04002
2026-07-31 04:45:00+02:00,1602.3865701877016,2250.65289,648.031174921515,215.257,2250.4177451092164,2465.90989,2465.97289
2026-07-31 05:00:00+02:00,1318.8040410229075,2181.50828,650.9365197767554,244.226,1969.740560799663,2425.73428,2425.85728
2026-07-31 05:15:00+02:00,1400.7792869275431,2095.05369,667.4795674864697,321.647,2068.2588544140126,2416.70069,2419.4026900000003
2026-07-31 05:30:00+02:00,1518.805141675834,2032.83941,669.6728724358618,458.804,2188.4780141116958,2491.64341,2529.06441
2026-07-31 05:45:00+02:00,1562.1925331400114,2044.32495,689.7573144694393,593.776,2251.9498476094504,2638.10095,2864.16495
2026-07-31 06:00:00+02:00,1891.2923014529217,1982.72136,659.3063143247809,673.98,2550.5986157777024,2656.70136,3419.58236
2026-07-31 06:15:00+02:00,1802.1413154207357,1872.62205,655.118107460425,792.322,2457.259422881161,2664.94405,4276.11205
2026-07-31 06:30:00+02:00,1733.2843369426562,1876.29841,638.6720545017049,1038.166,2371.956391444361,2914.46441,5603.87341
2026-07-31 06:45:00+02:00,1619.709011547608,1871.74064,581.736266714019,1245.458,2201.445278261627,3117.19864,7112.00064
2026-07-31 07:00:00+02:00,1367.5766126399299,1856.44957,557.0915058666793,1392.567,1924.668118506609,3249.01657,8840.32057
2026-07-31 07:15:00+02:00,1229.5820983557544,1744.8676,551.8123465459034,1400.07,1781.3944449016578,3144.9376,10622.9436
2026-07-31 07:30:00+02:00,1069.6068994054285,1666.25512,525.9715796533129,1270.198,1595.5784790587413,2936.45312,12511.93712
2026-07-31 07:45:00+02:00,942.2739864671215,1638.99415,487.0538988595507,1224.877,1429.3278853266722,2863.87115,14633.91315
2026-07-31 08:00:00+02:00,1098.3688255807763,1606.09626,561.5597880539572,1209.822,1659.9286136347334,2815.91826,16971.39126
2026-07-31 08:15:00+02:00,1001.1028875920549,1543.48311,551.1816037331071,1271.11,1552.284491325162,2814.59311,19393.32311
2026-07-31 08:30:00+02:00,894.4524738613405,1462.73892,521.7716197431346,1376.219,1416.224093604475,2838.95792,22106.52492
2026-07-31 08:45:00+02:00,913.547280817456,1359.15901,479.87990749117864,1397.506,1393.4271883086346,2756.66501,24810.16901
2026-07-31 09:00:00+02:00,1003.2978372109626,1278.69675,676.0514005949183,1305.177,1679.3492378058809,2583.8737499999997,27342.49975
2026-07-31 09:15:00+02:00,1095.4524164247205,1121.62092,632.6887958556915,1258.969,1728.141212280412,2380.5899200000003,29796.71392
2026-07-31 09:30:00+02:00,1201.343798075835,1085.47544,608.873944758249,1330.995,1810.2177428340838,2416.47044,32369.16244
2026-07-31 09:45:00+02:00,1308.555828518027,1085.91417,607.4390922473572,1212.128,1915.9949207653842,2298.0421699999997,34660.34417
2026-07-31 10:00:00+02:00,1305.9506490877532,1092.76341,675.4740237965507,1180.934,1981.4246728843038,2273.69741,37107.30941
2026-07-31 10:15:00+02:00,1375.0032238436215,1070.74142,672.7962467666251,1072.761,2047.7994706102468,2143.50242,39202.53742
2026-07-31 10:30:00+02:00,1428.25893540543,1018.35698,657.530317015512,1133.422,2085.789252420942,2151.77898,41412.58698
2026-07-31 10:45:00+02:00,1503.9812640839073,973.79417,635.3923680655118,998.803,2139.373632149419,1972.59717,43077.82517
2026-07-31 11:00:00+02:00,1406.1477910583105,1008.35889,533.9822703008455,1024.421,1940.1300613591561,2032.77989,44701.51489
2026-07-31 11:15:00+02:00,1424.175373289865,1086.59024,534.7884765373442,1068.694,1958.9638498272093,2155.28424,46670.84124
2026-07-31 11:30:00+02:00,1483.2726236528308,1153.59377,515.2271997324474,1089.535,1998.4998233852782,2243.1287700000003,48159.998770000006
2026-07-31 11:45:00+02:00,1507.0646712188495,1233.69948,503.0241655036311,1016.791,2010.0888367224807,2250.49048,49137.74648
2026-07-31 12:00:00+02:00,1671.04701622309,1399.52878,383.0650642299477,924.958,2054.112080453038,2324.48678,49819.69378
2026-07-31 12:15:00+02:00,1725.937394760445,1664.98229,386.830481533696,877.557,2112.767876294141,2542.5392899999997,50580.08829
2026-07-31 12:30:00+02:00,1764.015319994757,1916.14593,381.99796129336414,851.608,2146.013281288121,2767.75393,50921.01893
2026-07-31 12:45:00+02:00,1803.7659282144123,2203.54434,365.68996938385453,787.992,2169.455897598267,2991.5363399999997,50866.20034
2026-07-31 13:00:00+02:00,1641.394834021746,2590.4626,452.49193366492125,795.717,2093.886767686667,3386.1796,51034.9886
2026-07-31 13:15:00+02:00,1674.5180904228596,2820.48406,461.184326156002,833.69,2135.7024165788616,3654.17406,50510.03806
2026-07-31 13:30:00+02:00,1704.1635299476604,3069.56243,465.1467950329868,913.376,2169.3103249806472,3982.93843,50030.91543
2026-07-31 13:45:00+02:00,1718.9511334328606,3334.05855,459.9811491332635,852.614,2178.9322825661243,4186.67255,49323.48155
2026-07-31 14:00:00+02:00,2905.0023458089977,3715.53094,439.15364419996234,741.344,3344.15599000896,4456.87494,48507.37894
2026-07-31 14:15:00+02:00,2957.159221472575,3913.82158,444.23361917520293,694.924,3401.392840647778,4608.74558,47682.23058
2026-07-31 14:30:00+02:00,3036.751288266985,4277.33094,460.7310156395657,662.888,3497.4823039065504,4940.21894,46692.41194
2026-07-31 14:45:00+02:00,3124.3625370904483,4712.9818,487.2033141504902,611.739,3611.5658512409386,5324.720799999999,45505.874800000005
2026-07-31 15:00:00+02:00,4936.482839336033,4944.58025,973.3972229679613,577.629,5909.880062303994,5522.20925,43763.24625
2026-07-31 15:15:00+02:00,5040.457980655674,5115.6329,1008.8723252438975,494.299,6049.330305899572,5609.9319,41616.0509
2026-07-31 15:30:00+02:00,5128.116296782918,5036.82415,1015.2780696105472,403.025,6143.394366393465,5439.84915,39554.38715
2026-07-31 15:45:00+02:00,5231.304526208275,5137.78124,1014.8437265042083,324.405,6246.148252712484,5462.18624,37508.66024
2026-07-31 16:00:00+02:00,5763.381560252632,5048.36665,1008.5832292560239,291.134,6771.9647895086555,5339.50065,35464.00365
2026-07-31 16:15:00+02:00,5943.16362133055,5090.83932,1035.0028493862385,292.125,6978.166470716788,5382.96432,33467.33532
2026-07-31 16:30:00+02:00,5952.15098687995,5352.13057,1046.1716841250866,269.547,6998.322671005037,5621.67757,31716.67357
2026-07-31 16:45:00+02:00,6109.592790350632,5512.94284,1083.6155742473309,260.902,7193.208364597963,5773.84484,29803.18284
2026-07-31 17:00:00+02:00,8937.785399261851,5679.29945,959.8241605909859,232.188,9897.609559852837,5911.4874500000005,28099.57145
2026-07-31 17:15:00+02:00,9140.520397244016,5843.16861,990.92022884248,206.987,10131.440626086496,6050.15561,26014.237609999996
2026-07-31 17:30:00+02:00,9311.62244448677,6045.84791,1015.9092610621634,197.081,10327.531705548932,6242.9289100000005,24066.22591
2026-07-31 17:45:00+02:00,9504.986467560762,6231.13543,1053.0438325414475,197.025,10558.03030010221,6428.16043,22137.81043
2026-07-31 18:00:00+02:00,10285.243838455077,6317.67671,879.104945218392,195.059,11164.34878367347,6512.73571,20214.08871
2026-07-31 18:15:00+02:00,10356.730979835418,6372.1614,868.4869075110632,184.895,11225.217887346482,6557.0564,18320.0074
2026-07-31 18:30:00+02:00,10339.247073120874,6437.28653,848.2453068863394,182.021,11187.492380007214,6619.30753,16709.30153
2026-07-31 18:45:00+02:00,10253.52565932445,6384.50787,842.038431367472,174.661,11095.564090691922,6559.16887,15088.08687
2026-07-31 19:00:00+02:00,8662.113682134555,6353.175,888.3858793521697,176.358,9550.499561486726,6529.533,13492.011
2026-07-31 19:15:00+02:00,8465.324370917826,6456.77986,904.2674086060142,222.897,9369.59177952384,6679.67686,12135.37686
2026-07-31 19:30:00+02:00,8244.305355440029,6542.09374,907.6755814227101,227.137,9151.98093686274,6769.23074,10890.42474
2026-07-31 19:45:00+02:00,7993.441906998289,6713.56197,890.3205649660194,224.305,8883.762471964308,6937.86697,9942.61597
2026-07-31 20:00:00+02:00,6581.8012365664945,6634.50696,1178.128363480864,260.877,7759.929600047359,6895.38396,8968.838960000001
2026-07-31 20:15:00+02:00,6302.132777370796,6421.68231,1155.1998605110439,269.504,7457.33263788184,6691.18631,8006.00531
2026-07-31 20:30:00+02:00,6011.8977032886605,6297.03743,1124.9439576371476,199.722,7136.841660925808,6496.75943,7187.73343
2026-07-31 20:45:00+02:00,5836.358950879047,6260.08619,1112.5005659985222,192.961,6948.85951687757,6453.04719,6733.09419
2026-07-31 21:00:00+02:00,6038.310793853192,6043.8975,634.167403224156,189.575,6672.478197077348,6233.4725,6322.5525
2026-07-31 21:15:00+02:00,6046.078264538493,5376.46791,639.3495697934935,162.698,6685.427834331987,5539.165910000001,5558.4689100000005
2026-07-31 21:30:00+02:00,5928.186485788995,4884.64608,660.5269193672635,144.73,6588.713405156259,5029.37608,5034.79208
2026-07-31 21:45:00+02:00,5855.387228958839,4734.6442,632.5695995586507,148.504,6487.95682851749,4883.1482,4883.4601999999995
2026-07-31 22:00:00+02:00,5479.66471170009,4371.02358,486.8234757985124,156.722,5966.488187498602,4527.74558,4528.01758
2026-07-31 22:15:00+02:00,5557.081388381401,4256.29538,479.8779087775161,144.469,6036.959297158917,4400.76438,4401.017379999999
2026-07-31 22:30:00+02:00,5611.129885424319,4346.98659,470.45475159758917,134.199,6081.584637021908,4481.18559,4481.3795900000005
2026-07-31 22:45:00+02:00,5646.724638190895,4430.42628,480.33459457311164,131.086,6127.059232764007,4561.51228,4561.67428
2026-07-31 23:00:00+02:00,5016.95588594066,4823.48542,3308.514187790562,122.331,8325.470073731221,4945.81642,4945.98442
2026-07-31 23:15:00+02:00,5077.92868370346,4904.79389,3325.978181835233,110.923,8403.906865538693,5015.71689,5015.87089
2026-07-31 23:30:00+02:00,5104.055743005958,4632.2499,3321.9394172695934,111.41,8425.995160275552,4743.6599,4743.800899999999
2026-07-31 23:45:00+02:00,5143.1638479578105,4592.06115,3317.7052254436085,122.943,8460.86907340142,4715.004150000001,4715.139150000001
